t,obj_temp,amb_temp,temp_ema,dTdt,planned_speed,plasma_power,standoff_mm,action,next_speed,next_power,next_standoff_mm,predicted_temp,reason
1768694162.908533,36.498345,24.0,36.498345,0.0,60.0,80.0,10.0,safe,60.0,80.0,10.0,36.498345,Selected lowest-risk action
1768694163.113584,36.15902317565441,24.0,36.39654845269632,-0.49644515007570117,60.0,80.0,10.0,safe,60.0,80.0,10.0,36.39654845269632,Selected lowest-risk action
1768694163.3177118,35.831636701040935,24.0,36.22707492719971,-0.8302325063416399,60.0,80.0,10.0,safe,60.0,80.0,10.0,36.22707492719971,Selected lowest-risk action
1768694163.522769,35.5128253985304,24.0,36.012800068598914,-1.0449519302206682,60.0,80.0,10.0,safe,60.0,80.0,10.0,36.012800068598914,Selected lowest-risk action
1768694163.7278101,35.20384577368432,24.0,35.77011378012453,-1.1835978517488284,60.0,80.0,10.0,safe,60.0,80.0,10.0,35.77011378012453,Selected lowest-risk action
1768694163.93286,34.90435275841457,24.0,35.51038547361154,-1.2666599323993395,60.0,80.0,10.0,safe,60.0,80.0,10.0,35.51038547361154,Selected lowest-risk action
1768694164.135372,34.61766635648997,24.0,35.24256973847507,-1.3224683029794666,60.0,80.0,10.0,safe,60.0,80.0,10.0,35.24256973847507,Selected lowest-risk action
1768694164.3404238,34.3362002406017,24.0,34.970658889113054,-1.3260586746381013,60.0,80.0,10.0,safe,60.0,80.0,10.0,34.970658889113054,Selected lowest-risk action
1768694164.5440798,34.06524738202291,24.0,34.69903543698601,-1.333736830290828,60.0,80.0,10.0,safe,60.0,80.0,10.0,34.69903543698601,Selected lowest-risk action
1768694164.749123,33.80078823184463,24.0,34.42956127544359,-1.3142304121258666,60.0,80.0,10.0,safe,60.0,80.0,10.0,34.42956127544359,Selected lowest-risk action
1768694164.950932,33.54850291115531,24.0,34.165243766157104,-1.309741397546384,60.0,80.0,10.0,safe,60.0,80.0,10.0,34.165243766157104,Selected lowest-risk action
1768694165.152052,33.30469019686249,24.0,33.90707769536872,-1.283642598815971,60.0,80.0,10.0,safe,60.0,80.0,10.0,33.90707769536872,Selected lowest-risk action
1768694165.3530738,33.06835027057582,24.0,33.65545946793085,-1.2516955380444723,60.0,80.0,10.0,safe,60.0,80.0,10.0,33.65545946793085,Selected lowest-risk action
1768694165.556059,32.83689523798529,24.0,33.40989019894718,-1.2097899379658028,60.0,80.0,10.0,safe,60.0,80.0,10.0,33.40989019894718,Selected lowest-risk action
1768694165.7585979,32.612981202050506,24.0,33.170817499878176,-1.1803787807040838,60.0,80.0,10.0,safe,60.0,80.0,10.0,33.170817499878176,Selected lowest-risk action
1768694165.963639,32.39318713117678,24.0,32.937528389267754,-1.137767163899899,60.0,80.0,10.0,safe,60.0,80.0,10.0,32.937528389267754,Selected lowest-risk action
1768694166.168691,32.18014344815069,24.0,32.71031290693263,-1.1080876767864047,60.0,80.0,10.0,safe,60.0,80.0,10.0,32.71031290693263,Selected lowest-risk action
1768694166.372978,31.974421030570532,24.0,32.489545344023995,-1.0806733005360787,60.0,80.0,10.0,safe,60.0,80.0,10.0,32.489545344023995,Selected lowest-risk action
1768694166.5753531,31.776871239142476,24.0,32.27574311255954,-1.0564647219034984,60.0,80.0,10.0,safe,60.0,80.0,10.0,32.27574311255954,Selected lowest-risk action
1768694166.780133,31.58303968627351,24.0,32.06793208467373,-1.0148020634381134,60.0,80.0,10.0,safe,60.0,80.0,10.0,32.06793208467373,Selected lowest-risk action
1768694166.98518,31.394917100730904,24.0,31.86602758949088,-0.9846747397627308,60.0,80.0,10.0,safe,60.0,80.0,10.0,31.86602758949088,Selected lowest-risk action
1768694167.187904,31.21464838246466,24.0,31.670613827383015,-0.9639400437782899,60.0,80.0,10.0,safe,60.0,80.0,10.0,31.670613827383015,Selected lowest-risk action
1768694167.3930051,31.03781085141402,24.0,31.480772934592313,-0.9255959742212069,60.0,80.0,10.0,safe,60.0,80.0,10.0,31.480772934592313,Selected lowest-risk action
1768694167.598104,30.866415347798622,24.0,31.296465658554204,-0.8986264934556495,60.0,80.0,10.0,safe,60.0,80.0,10.0,31.296465658554204,Selected lowest-risk action
1768694167.80208,30.701202545361927,24.0,31.11788672459652,-0.8754902909102138,60.0,80.0,10.0,safe,60.0,80.0,10.0,31.11788672459652,Selected lowest-risk action
1768694168.007195,30.54015020862812,24.0,30.944565769805997,-0.844993722022408,60.0,80.0,10.0,safe,60.0,80.0,10.0,30.944565769805997,Selected lowest-risk action
1768694168.2076259,30.387617800548483,24.0,30.777481379028742,-0.8336260314114535,60.0,80.0,10.0,safe,60.0,80.0,10.0,30.777481379028742,Selected lowest-risk action
1768694168.41266,30.236275555210053,24.0,30.615119631883132,-0.791877119102091,60.0,80.0,10.0,safe,60.0,80.0,10.0,30.615119631883132,Selected lowest-risk action
1768694168.61771,30.08957363352688,24.0,30.457455832376255,-0.768903304749758,60.0,80.0,10.0,safe,60.0,80.0,10.0,30.457455832376255,Selected lowest-risk action
1768694168.820844,29.948712989086932,24.0,30.30483297938946,-0.7513414155714183,60.0,80.0,10.0,safe,60.0,80.0,10.0,30.30483297938946,Selected lowest-risk action
1768694169.025953,29.81081558089814,24.0,30.15662775984206,-0.7225676750497354,60.0,80.0,10.0,safe,60.0,80.0,10.0,30.15662775984206,Selected lowest-risk action
1768694169.226078,29.680409674350635,24.0,30.01376233419463,-0.7138810274840669,60.0,80.0,10.0,safe,60.0,80.0,10.0,30.01376233419463,Selected lowest-risk action
1768694169.431116,29.550814370112658,24.0,29.874877944970038,-0.6773590327145687,60.0,80.0,10.0,safe,60.0,80.0,10.0,29.874877944970038,Selected lowest-risk action
1768694169.635443,29.42563774316837,24.0,29.740105884429536,-0.6595904974314982,60.0,80.0,10.0,safe,60.0,80.0,10.0,29.740105884429536,Selected lowest-risk action
1768694169.840482,29.303876916042398,24.0,29.609237193913394,-0.6382623548325977,60.0,80.0,10.0,safe,60.0,80.0,10.0,29.609237193913394,Selected lowest-risk action
1768694170.040569,29.188709943491638,24.0,29.483079018786867,-0.6305163788608694,60.0,80.0,10.0,safe,60.0,80.0,10.0,29.483079018786867,Selected lowest-risk action
1768694170.24563,29.07422307900073,24.0,29.360422236851022,-0.5981479000993418,60.0,80.0,10.0,safe,60.0,80.0,10.0,29.360422236851022,Selected lowest-risk action
1768694170.450689,28.96325889358771,24.0,29.241273233872025,-0.5810472744289114,60.0,80.0,10.0,safe,60.0,80.0,10.0,29.241273233872025,Selected lowest-risk action
1768694170.6547031,28.85625517038021,24.0,29.125767814824478,-0.56616400563845,60.0,80.0,10.0,safe,60.0,80.0,10.0,29.125767814824478,Selected lowest-risk action
1768694170.859745,28.752005118752866,24.0,29.01363900600299,-0.5468580656868348,60.0,80.0,10.0,safe,60.0,80.0,10.0,29.01363900600299,Selected lowest-risk action
1768694171.064839,28.650934001805393,24.0,28.904827504743707,-0.5305448974778869,60.0,80.0,10.0,safe,60.0,80.0,10.0,28.904827504743707,Selected lowest-risk action
1768694171.268786,28.553521273540404,24.0,28.799435635382714,-0.5167608967195965,60.0,80.0,10.0,safe,60.0,80.0,10.0,28.799435635382714,Selected lowest-risk action
1768694171.470963,28.459907600862216,24.0,28.697577225026563,-0.5038079816678045,60.0,80.0,10.0,safe,60.0,80.0,10.0,28.697577225026563,Selected lowest-risk action
1768694171.6710641,28.370065070699333,24.0,28.59932357872839,-0.4910199296818221,60.0,80.0,10.0,safe,60.0,80.0,10.0,28.59932357872839,Selected lowest-risk action
1768694171.876111,28.28076504394566,24.0,28.503756018293572,-0.46607661020966124,60.0,80.0,10.0,safe,60.0,80.0,10.0,28.503756018293572,Selected lowest-risk action
1768694172.079385,28.194959681452637,24.0,28.41111711724129,-0.4557341113980445,60.0,80.0,10.0,safe,60.0,80.0,10.0,28.41111711724129,Selected lowest-risk action
1768694172.2804081,28.11269229035355,24.0,28.321589669174966,-0.44535900233217124,60.0,80.0,10.0,safe,60.0,80.0,10.0,28.321589669174966,Selected lowest-risk action
1768694172.4847639,28.031582910199674,24.0,28.234587641482378,-0.42573816429145145,60.0,80.0,10.0,safe,60.0,80.0,10.0,28.234587641482378,Selected lowest-risk action
1768694172.689811,27.952693694539242,24.0,28.150019457399434,-0.41243290672630767,60.0,80.0,10.0,safe,60.0,80.0,10.0,28.150019457399434,Selected lowest-risk action
1768694172.894851,27.876233455463687,24.0,28.067883656818708,-0.40058432199877014,60.0,80.0,10.0,safe,60.0,80.0,10.0,28.067883656818708,Selected lowest-risk action
1768694173.09635,27.803404666023834,24.0,27.988539959580244,-0.39376722976576717,60.0,80.0,10.0,safe,60.0,80.0,10.0,27.988539959580244,Selected lowest-risk action
1768694173.3010628,27.73165019763282,24.0,27.911473030996014,-0.37646352882569784,60.0,80.0,10.0,safe,60.0,80.0,10.0,27.911473030996014,Selected lowest-risk action
1768694173.502146,27.663332763859515,24.0,27.837030950855063,-0.3702053991960102,60.0,80.0,10.0,safe,60.0,80.0,10.0,27.837030950855063,Selected lowest-risk action
1768694173.707249,27.595751683299863,24.0,27.764647170588503,-0.35291442988100213,60.0,80.0,10.0,safe,60.0,80.0,10.0,27.764647170588503,Selected lowest-risk action
1768694173.912292,27.530268561699362,24.0,27.69433358792176,-0.34292102681406766,60.0,80.0,10.0,safe,60.0,80.0,10.0,27.69433358792176,Selected lowest-risk action
1768694174.116823,27.46695799194754,24.0,27.626120909129494,-0.33350784973057934,60.0,80.0,10.0,safe,60.0,80.0,10.0,27.626120909129494,Selected lowest-risk action
1768694174.318645,27.406402845972465,24.0,27.560205490182383,-0.32660168404783024,60.0,80.0,10.0,safe,60.0,80.0,10.0,27.560205490182383,Selected lowest-risk action
1768694174.5237,27.346739678620015,24.0,27.49616574671367,-0.3123052057695671,60.0,80.0,10.0,safe,60.0,80.0,10.0,27.49616574671367,Selected lowest-risk action
1768694174.725744,27.289760786063454,24.0,27.434244258518603,-0.30647524836450696,60.0,80.0,10.0,safe,60.0,80.0,10.0,27.434244258518603,Selected lowest-risk action
1768694174.926456,27.234873265447455,24.0,27.374432960597257,-0.29799567631255275,60.0,80.0,10.0,safe,60.0,80.0,10.0,27.374432960597257,Selected lowest-risk action
1768694175.1315,27.180489487055237,24.0,27.316249918534652,-0.28375876994914573,60.0,80.0,10.0,safe,60.0,80.0,10.0,27.316249918534652,Selected lowest-risk action
1768694175.336549,27.127776828978902,24.0,27.259707991667927,-0.2757483158009432,60.0,80.0,10.0,safe,60.0,80.0,10.0,27.259707991667927,Selected lowest-risk action
1768694175.541595,27.07668624515346,24.0,27.204801467713587,-0.26777669608184085,60.0,80.0,10.0,safe,60.0,80.0,10.0,27.204801467713587,Selected lowest-risk action
1768694175.746639,27.027167048834308,24.0,27.1515111420498,-0.25989698586531274,60.0,80.0,10.0,safe,60.0,80.0,10.0,27.1515111420498,Selected lowest-risk action
1768694175.95169,26.97917012771775,24.0,27.09980883775018,-0.2521437013056297,60.0,80.0,10.0,safe,60.0,80.0,10.0,27.09980883775018,Selected lowest-risk action
1768694176.152204,26.93367850032394,24.0,27.049969736522307,-0.24855661851838773,60.0,80.0,10.0,safe,60.0,80.0,10.0,27.049969736522307,Selected lowest-risk action
1768694176.3572512,26.88855751527015,24.0,27.00154607014666,-0.23615871257286894,60.0,80.0,10.0,safe,60.0,80.0,10.0,27.00154607014666,Selected lowest-risk action
1768694176.5612988,26.845037180855947,24.0,26.954593403359446,-0.2301063497020173,60.0,80.0,10.0,safe,60.0,80.0,10.0,26.954593403359446,Selected lowest-risk action
1768694176.7622242,26.803494842706595,24.0,26.90926383516359,-0.22560402733239432,60.0,80.0,10.0,safe,60.0,80.0,10.0,26.90926383516359,Selected lowest-risk action
1768694176.966513,26.762529909330237,24.0,26.865243657413583,-0.21548021602121611,60.0,80.0,10.0,safe,60.0,80.0,10.0,26.865243657413583,Selected lowest-risk action
1768694177.168881,26.723189036630583,24.0,26.822627271178682,-0.21058854072852748,60.0,80.0,10.0,safe,60.0,80.0,10.0,26.822627271178682,Selected lowest-risk action
1768694177.3723361,26.68484694151484,24.0,26.78129317227953,-0.2031606806903033,60.0,80.0,10.0,safe,60.0,80.0,10.0,26.78129317227953,Selected lowest-risk action
1768694177.5766861,26.647506497353838,24.0,26.74115716980182,-0.19640814057568748,60.0,80.0,10.0,safe,60.0,80.0,10.0,26.74115716980182,Selected lowest-risk action
1768694177.776844,26.61205350656614,24.0,26.702426070831116,-0.19350274303052967,60.0,80.0,10.0,safe,60.0,80.0,10.0,26.702426070831116,Selected lowest-risk action
1768694177.981885,26.576825787882143,24.0,26.66474598594642,-0.1837685996253678,60.0,80.0,10.0,safe,60.0,80.0,10.0,26.66474598594642,Selected lowest-risk action
1768694178.18329,26.543287040156063,24.0,26.628308302209312,-0.18091742998469515,60.0,80.0,10.0,safe,60.0,80.0,10.0,26.628308302209312,Selected lowest-risk action
1768694178.386104,26.51053416350625,24.0,26.59297606059839,-0.1742099845740074,60.0,80.0,10.0,safe,60.0,80.0,10.0,26.59297606059839,Selected lowest-risk action
1768694178.5903208,26.47855766027638,24.0,26.558650540501784,-0.16808379019863479,60.0,80.0,10.0,safe,60.0,80.0,10.0,26.558650540501784,Selected lowest-risk action
1768694178.792193,26.447916666161078,24.0,26.52543037819957,-0.16456043502913845,60.0,80.0,10.0,safe,60.0,80.0,10.0,26.52543037819957,Selected lowest-risk action
1768694178.995776,26.417952073794204,24.0,26.493186886877957,-0.15838007589300582,60.0,80.0,10.0,safe,60.0,80.0,10.0,26.493186886877957,Selected lowest-risk action
1768694179.200819,26.388693764597438,24.0,26.4618389501938,-0.15288463805326583,60.0,80.0,10.0,safe,60.0,80.0,10.0,26.4618389501938,Selected lowest-risk action
1768694179.405427,26.360395486697655,24.0,26.431405911144957,-0.1487382920930202,60.0,80.0,10.0,safe,60.0,80.0,10.0,26.431405911144957,Selected lowest-risk action
1768694179.610493,26.332904769831092,24.0,26.401855568750797,-0.14410164212349066,60.0,80.0,10.0,safe,60.0,80.0,10.0,26.401855568750797,Selected lowest-risk action
1768694179.815524,26.306263930790568,24.0,26.373178077362724,-0.13986894417429802,60.0,80.0,10.0,safe,60.0,80.0,10.0,26.373178077362724,Selected lowest-risk action
1768694180.020569,26.280440649549302,24.0,26.345356849018696,-0.13568353485353052,60.0,80.0,10.0,safe,60.0,80.0,10.0,26.345356849018696,Selected lowest-risk action
1768694180.22244,26.25579879244508,24.0,26.31848943204661,-0.13309206299654944,60.0,80.0,10.0,safe,60.0,80.0,10.0,26.31848943204661,Selected lowest-risk action
1768694180.424632,26.23186535396779,24.0,26.292502208622963,-0.12852741290918804,60.0,80.0,10.0,safe,60.0,80.0,10.0,26.292502208622963,Selected lowest-risk action
1768694180.627522,26.20857768898272,24.0,26.26732485273089,-0.1240936759268036,60.0,80.0,10.0,safe,60.0,80.0,10.0,26.26732485273089,Selected lowest-risk action
1768694180.827672,26.186303770003075,24.0,26.243018527912547,-0.12144053581445789,60.0,80.0,10.0,safe,60.0,80.0,10.0,26.243018527912547,Selected lowest-risk action
1768694181.032448,26.164199103629493,24.0,26.219372700627627,-0.11547164543714797,60.0,80.0,10.0,safe,60.0,80.0,10.0,26.219372700627627,Selected lowest-risk action
1768694181.233231,26.143191104057127,24.0,26.196518221656476,-0.11382675497285615,60.0,80.0,10.0,safe,60.0,80.0,10.0,26.196518221656476,Selected lowest-risk action
1768694181.43682,26.122531143610022,24.0,26.174322098242538,-0.10902419824428823,60.0,80.0,10.0,safe,60.0,80.0,10.0,26.174322098242538,Selected lowest-risk action
1768694181.641866,26.102358885352444,24.0,26.15273313437551,-0.10528842475896921,60.0,80.0,10.0,safe,60.0,80.0,10.0,26.15273313437551,Selected lowest-risk action
1768694181.8469179,26.082806309926955,24.0,26.13175508704094,-0.10230603784381646,60.0,80.0,10.0,safe,60.0,80.0,10.0,26.13175508704094,Selected lowest-risk action
1768694182.051498,26.063898826355235,24.0,26.111398208835226,-0.09950567690288906,60.0,80.0,10.0,safe,60.0,80.0,10.0,26.111398208835226,Selected lowest-risk action
1768694182.2565491,26.045529480314126,24.0,26.091637590278896,-0.09636920011730406,60.0,80.0,10.0,safe,60.0,80.0,10.0,26.091637590278896,Selected lowest-risk action
1768694182.4615989,26.02772508735032,24.0,26.07246383940032,-0.09350779788988356,60.0,80.0,10.0,safe,60.0,80.0,10.0,26.07246383940032,Selected lowest-risk action
1768694182.6666439,26.010468755047697,24.0,26.053865314094534,-0.09070460963646759,60.0,80.0,10.0,safe,60.0,80.0,10.0,26.053865314094534,Selected lowest-risk action
1768694182.871685,25.99374342422674,24.0,26.035828747134197,-0.08796558734892083,60.0,80.0,10.0,safe,60.0,80.0,10.0,26.035828747134197,Selected lowest-risk action
1768694183.074642,25.977697494129988,24.0,26.018389371232935,-0.08592649287020036,60.0,80.0,10.0,safe,60.0,80.0,10.0,26.018389371232935,Selected lowest-risk action
1768694183.278858,25.962043301769363,24.0,26.001485550393863,-0.0827742221772666,60.0,80.0,10.0,safe,60.0,80.0,10.0,26.001485550393863,Selected lowest-risk action
1768694183.483906,25.946806932699285,24.0,25.985081965085485,-0.07999872501932682,60.0,80.0,10.0,safe,60.0,80.0,10.0,25.985081965085485,Selected lowest-risk action
1768694183.686823,25.93219261504374,24.0,25.969215160072956,-0.07819362554270516,60.0,80.0,10.0,safe,60.0,80.0,10.0,25.969215160072956,Selected lowest-risk action
1768694183.887336,25.918191022327886,24.0,25.953907918749437,-0.07634034612093095,60.0,80.0,10.0,safe,60.0,80.0,10.0,25.953907918749437,Selected lowest-risk action
1768694184.089649,25.904488574327477,24.0,25.939082115422845,-0.07328153534560164,60.0,80.0,10.0,safe,60.0,80.0,10.0,25.939082115422845,Selected lowest-risk action
1768694184.290878,25.89127319835987,24.0,25.924739440303952,-0.07127535452156676,60.0,80.0,10.0,safe,60.0,80.0,10.0,25.924739440303952,Selected lowest-risk action
1768694184.4959161,25.878214244232378,24.0,25.910781881482478,-0.06807301090608239,60.0,80.0,10.0,safe,60.0,80.0,10.0,25.910781881482478,Selected lowest-risk action
1768694184.699391,25.865653238952444,24.0,25.897243288723466,-0.066536963873635,60.0,80.0,10.0,safe,60.0,80.0,10.0,25.897243288723466,Selected lowest-risk action
1768694184.904114,25.85340092977418,24.0,25.884090581038677,-0.06424632304239983,60.0,80.0,10.0,safe,60.0,80.0,10.0,25.884090581038677,Selected lowest-risk action
1768694185.104419,25.841781264978657,24.0,25.87139778622067,-0.06336734362886086,60.0,80.0,10.0,safe,60.0,80.0,10.0,25.87139778622067,Selected lowest-risk action
1768694185.309522,25.830240632955732,24.0,25.859050640241186,-0.060199757016832924,60.0,80.0,10.0,safe,60.0,80.0,10.0,25.859050640241186,Selected lowest-risk action
1768694185.514626,25.819055133610846,24.0,25.847051988252083,-0.05850029936275999,60.0,80.0,10.0,safe,60.0,80.0,10.0,25.847051988252083,Selected lowest-risk action
1768694185.718945,25.808255184721304,24.0,25.83541294719285,-0.056965045078165015,60.0,80.0,10.0,safe,60.0,80.0,10.0,25.83541294719285,Selected lowest-risk action
1768694185.923978,25.797749594789792,24.0,25.82411394147193,-0.055108212824949564,60.0,80.0,10.0,safe,60.0,80.0,10.0,25.82411394147193,Selected lowest-risk action
1768694186.1290848,25.787563517699056,24.0,25.813148814340064,-0.05346059026094836,60.0,80.0,10.0,safe,60.0,80.0,10.0,25.813148814340064,Selected lowest-risk action
1768694186.334135,25.777693544683554,24.0,25.80251223344311,-0.05187305030378217,60.0,80.0,10.0,safe,60.0,80.0,10.0,25.80251223344311,Selected lowest-risk action
1768694186.535445,25.768301569707884,24.0,25.79224903432254,-0.05098208351250277,60.0,80.0,10.0,safe,60.0,80.0,10.0,25.79224903432254,Selected lowest-risk action
1768694186.735617,25.75924478596168,24.0,25.782347759814282,-0.04946384662259142,60.0,80.0,10.0,safe,60.0,80.0,10.0,25.782347759814282,Selected lowest-risk action
1768694186.940664,25.750245950850093,24.0,25.772717217125024,-0.04696745895344054,60.0,80.0,10.0,safe,60.0,80.0,10.0,25.772717217125024,Selected lowest-risk action
1768694187.145708,25.74152401491344,24.0,25.76335925646155,-0.04563878602708775,60.0,80.0,10.0,safe,60.0,80.0,10.0,25.76335925646155,Selected lowest-risk action
1768694187.3509738,25.733061174864805,24.0,25.754269831982523,-0.04428125012349776,60.0,80.0,10.0,safe,60.0,80.0,10.0,25.754269831982523,Selected lowest-risk action
1768694187.5522969,25.725016472334865,24.0,25.74549382408822,-0.04359167349403684,60.0,80.0,10.0,safe,60.0,80.0,10.0,25.74549382408822,Selected lowest-risk action
1768694187.752598,25.71725432554826,24.0,25.737021974526233,-0.04229555697164727,60.0,80.0,10.0,safe,60.0,80.0,10.0,25.737021974526233,Selected lowest-risk action
1768694187.953294,25.709710525787408,24.0,25.728828539904583,-0.040825103479913825,60.0,80.0,10.0,safe,60.0,80.0,10.0,25.728828539904583,Selected lowest-risk action
1768694188.154123,25.702388960373852,24.0,25.720896666045363,-0.039495654066686654,60.0,80.0,10.0,safe,60.0,80.0,10.0,25.720896666045363,Selected lowest-risk action
1768694188.359166,25.695138968264306,24.0,25.71316935671104,-0.03768631652835,60.0,80.0,10.0,safe,60.0,80.0,10.0,25.71316935671104,Selected lowest-risk action
1768694188.561635,25.688200221566962,24.0,25.705678616167816,-0.036996954869501456,60.0,80.0,10.0,safe,60.0,80.0,10.0,25.705678616167816,Selected lowest-risk action
1768694188.7666738,25.68138676797323,24.0,25.698391061709437,-0.035542321542565786,60.0,80.0,10.0,safe,60.0,80.0,10.0,25.698391061709437,Selected lowest-risk action
1768694188.971724,25.674782522406584,24.0,25.691308499918577,-0.034540618608197224,60.0,80.0,10.0,safe,60.0,80.0,10.0,25.691308499918577,Selected lowest-risk action
1768694189.174881,25.66844045787739,24.0,25.684448087306222,-0.03376902772396887,60.0,80.0,10.0,safe,60.0,80.0,10.0,25.684448087306222,Selected lowest-risk action
1768694189.378506,25.66227753073893,24.0,25.677796920336032,-0.03266380922732704,60.0,80.0,10.0,safe,60.0,80.0,10.0,25.677796920336032,Selected lowest-risk action
1768694189.583562,25.65626090391286,24.0,25.67133611540908,-0.03150752202832557,60.0,80.0,10.0,safe,60.0,80.0,10.0,25.67133611540908,Selected lowest-risk action
1768694189.788606,25.650429601788215,24.0,25.665064161322817,-0.03058832803517435,60.0,80.0,10.0,safe,60.0,80.0,10.0,25.665064161322817,Selected lowest-risk action
1768694189.988731,25.644913275329735,24.0,25.65901889552489,-0.030207452500705893,60.0,80.0,10.0,safe,60.0,80.0,10.0,25.65901889552489,Selected lowest-risk action
1768694190.189308,25.639550417400898,24.0,25.65317835208769,-0.029118706711348506,60.0,80.0,10.0,safe,60.0,80.0,10.0,25.65317835208769,Selected lowest-risk action
1768694190.3910341,25.63431914631887,24.0,25.647520590357043,-0.028046737514664428,60.0,80.0,10.0,safe,60.0,80.0,10.0,25.647520590357043,Selected lowest-risk action
1768694190.596076,25.629162779241494,24.0,25.642013247022376,-0.026859601512971308,60.0,80.0,10.0,safe,60.0,80.0,10.0,25.642013247022376,Selected lowest-risk action
1768694190.801131,25.624164706471195,24.0,25.63665868485702,-0.026112809769047462,60.0,80.0,10.0,safe,60.0,80.0,10.0,25.63665868485702,Selected lowest-risk action
1768694191.001536,25.619430194416104,24.0,25.631490137724747,-0.025790525009058332,60.0,80.0,10.0,safe,60.0,80.0,10.0,25.631490137724747,Selected lowest-risk action
1768694191.204076,25.61478909295747,24.0,25.626479824294563,-0.02473738269656517,60.0,80.0,10.0,safe,60.0,80.0,10.0,25.626479824294563,Selected lowest-risk action
1768694191.4042282,25.610342018261463,24.0,25.62163848248463,-0.024188306738621483,60.0,80.0,10.0,safe,60.0,80.0,10.0,25.62163848248463,Selected lowest-risk action
1768694191.606773,25.605976911208526,24.0,25.616940011101796,-0.023197208487132838,60.0,80.0,10.0,safe,60.0,80.0,10.0,25.616940011101796,Selected lowest-risk action
1768694191.8103511,25.60172285609072,24.0,25.612374864598472,-0.022424531443910035,60.0,80.0,10.0,safe,60.0,80.0,10.0,25.612374864598472,Selected lowest-risk action
1768694192.014375,25.59758966826301,24.0,25.607939305697833,-0.0217403953536996,60.0,80.0,10.0,safe,60.0,80.0,10.0,25.607939305697833,Selected lowest-risk action
1768694192.219425,25.593562785477538,24.0,25.603626349631746,-0.021033680773513558,60.0,80.0,10.0,safe,60.0,80.0,10.0,25.603626349631746,Selected lowest-risk action
1768694192.424463,25.589660027861694,24.0,25.59943645310073,-0.020434724717938897,60.0,80.0,10.0,safe,60.0,80.0,10.0,25.59943645310073,Selected lowest-risk action
1768694192.629507,25.585877169674202,24.0,25.59536866807277,-0.019838592741669988,60.0,80.0,10.0,safe,60.0,80.0,10.0,25.59536866807277,Selected lowest-risk action
1768694192.834553,25.582210625254113,24.0,25.59142125522717,-0.019251358376724464,60.0,80.0,10.0,safe,60.0,80.0,10.0,25.59142125522717,Selected lowest-risk action
1768694193.035702,25.578724355534153,24.0,25.587612185319266,-0.018936560249156374,60.0,80.0,10.0,safe,60.0,80.0,10.0,25.587612185319266,Selected lowest-risk action
1768694193.2407548,25.575277689212438,24.0,25.583911836487214,-0.018045829573106978,60.0,80.0,10.0,safe,60.0,80.0,10.0,25.583911836487214,Selected lowest-risk action
1768694193.445798,25.57193723342406,24.0,25.580319455568265,-0.01752012778629142,60.0,80.0,10.0,safe,60.0,80.0,10.0,25.580319455568265,Selected lowest-risk action
1768694193.649778,25.568716251558257,24.0,25.576838494365262,-0.01706521095991696,60.0,80.0,10.0,safe,60.0,80.0,10.0,25.576838494365262,Selected lowest-risk action
1768694193.8548212,25.565577571066747,24.0,25.573460217375704,-0.01647591863668653,60.0,80.0,10.0,safe,60.0,80.0,10.0,25.573460217375704,Selected lowest-risk action
1768694194.059936,25.562534339208877,24.0,25.570182453925653,-0.015980137891049725,60.0,80.0,10.0,safe,60.0,80.0,10.0,25.570182453925653,Selected lowest-risk action
1768694194.264992,25.559585589964986,24.0,25.56700339473745,-0.015503374352594709,60.0,80.0,10.0,safe,60.0,80.0,10.0,25.56700339473745,Selected lowest-risk action
1768694194.469027,25.556741795770556,24.0,25.563924915047384,-0.015087994856148703,60.0,80.0,10.0,safe,60.0,80.0,10.0,25.563924915047384,Selected lowest-risk action
1768694194.6740649,25.553971484052767,24.0,25.560938885748996,-0.014563308953633829,60.0,80.0,10.0,safe,60.0,80.0,10.0,25.560938885748996,Selected lowest-risk action
1768694194.879175,25.55128542255376,24.0,25.558042846790425,-0.0141194379922344,60.0,80.0,10.0,safe,60.0,80.0,10.0,25.558042846790425,Selected lowest-risk action
1768694195.08422,25.54868282482634,24.0,25.555234840201198,-0.01369458800334014,60.0,80.0,10.0,safe,60.0,80.0,10.0,25.555234840201198,Selected lowest-risk action
1768694195.2890828,25.546162512516077,24.0,25.552513141895663,-0.01328546650152425,60.0,80.0,10.0,safe,60.0,80.0,10.0,25.552513141895663,Selected lowest-risk action
1768694195.4915211,25.543748555596682,24.0,25.54988376600597,-0.01298852629132014,60.0,80.0,10.0,safe,60.0,80.0,10.0,25.54988376600597,Selected lowest-risk action
1768694195.6965692,25.541377731548256,24.0,25.547331955668653,-0.012444936252573,60.0,80.0,10.0,safe,60.0,80.0,10.0,25.547331955668653,Selected lowest-risk action
1768694195.901681,25.53907912206398,24.0,25.54485610558725,-0.01207073791594936,60.0,80.0,10.0,safe,60.0,80.0,10.0,25.54485610558725,Selected lowest-risk action
1768694196.102633,25.536896394378633,24.0,25.542468192224664,-0.011883000577025828,60.0,80.0,10.0,safe,60.0,80.0,10.0,25.542468192224664,Selected lowest-risk action
1768694196.304103,25.53477401796447,24.0,25.540159939946605,-0.01145705784540634,60.0,80.0,10.0,safe,60.0,80.0,10.0,25.540159939946605,Selected lowest-risk action
1768694196.509155,25.532679186706996,24.0,25.537915713974723,-0.010944660224532644,60.0,80.0,10.0,safe,60.0,80.0,10.0,25.537915713974723,Selected lowest-risk action
1768694196.7141938,25.530648915301374,24.0,25.535735674372717,-0.010632327888944667,60.0,80.0,10.0,safe,60.0,80.0,10.0,25.535735674372717,Selected lowest-risk action
1768694196.919062,25.52868273869448,24.0,25.533619793669246,-0.010328015578282303,60.0,80.0,10.0,safe,60.0,80.0,10.0,25.533619793669246,Selected lowest-risk action
1768694197.124105,25.526775352626785,24.0,25.531566461356505,-0.010014150870578319,60.0,80.0,10.0,safe,60.0,80.0,10.0,25.531566461356505,Selected lowest-risk action
1768694197.3263922,25.524951454938453,24.0,25.529581959431088,-0.009810318961056455,60.0,80.0,10.0,safe,60.0,80.0,10.0,25.529581959431088,Selected lowest-risk action
1768694197.531432,25.523158846098042,24.0,25.527655025431173,-0.009397856257482627,60.0,80.0,10.0,safe,60.0,80.0,10.0,25.527655025431173,Selected lowest-risk action
1768694197.7364879,25.521421245533624,24.0,25.525784891461907,-0.009120115511732163,60.0,80.0,10.0,safe,60.0,80.0,10.0,25.525784891461907,Selected lowest-risk action
1768694197.9415302,25.51973720605375,24.0,25.523970585839457,-0.008848442843063043,60.0,80.0,10.0,safe,60.0,80.0,10.0,25.523970585839457,Selected lowest-risk action
1768694198.146572,25.518104945943872,24.0,25.52221089387078,-0.008582109774543422,60.0,80.0,10.0,safe,60.0,80.0,10.0,25.52221089387078,Selected lowest-risk action
1768694198.351616,25.516522871764856,24.0,25.520504487239002,-0.008322156984635905,60.0,80.0,10.0,safe,60.0,80.0,10.0,25.520504487239002,Selected lowest-risk action
1768694198.555632,25.514997150673594,24.0,25.51885228626938,-0.008098380910843521,60.0,80.0,10.0,safe,60.0,80.0,10.0,25.51885228626938,Selected lowest-risk action
1768694198.760681,25.51351063278632,24.0,25.517249790224458,-0.0078151934988791,60.0,80.0,10.0,safe,60.0,80.0,10.0,25.517249790224458,Selected lowest-risk action
1768694198.9657228,25.51206987981549,24.0,25.515695817101765,-0.007578808202253673,60.0,80.0,10.0,safe,60.0,80.0,10.0,25.515695817101765,Selected lowest-risk action
1768694199.1707678,25.510673437632835,24.0,25.514189103261085,-0.007348211135331693,60.0,80.0,10.0,safe,60.0,80.0,10.0,25.514189103261085,Selected lowest-risk action
1768694199.375865,25.509319589390703,24.0,25.512728249099972,-0.007122740690241905,60.0,80.0,10.0,safe,60.0,80.0,10.0,25.512728249099972,Selected lowest-risk action
1768694199.576373,25.508036756904936,24.0,25.51132080144146,-0.00701940487410765,60.0,80.0,10.0,safe,60.0,80.0,10.0,25.51132080144146,Selected lowest-risk action
1768694199.7814221,25.50676431788602,24.0,25.50995385637483,-0.006666430042341197,60.0,80.0,10.0,safe,60.0,80.0,10.0,25.50995385637483,Selected lowest-risk action
1768694199.985766,25.5055352476082,24.0,25.508628273744836,-0.006487021663444772,60.0,80.0,10.0,safe,60.0,80.0,10.0,25.508628273744836,Selected lowest-risk action
1768694200.1908119,25.504339776469845,24.0,25.507341724562338,-0.006274443629373559,60.0,80.0,10.0,safe,60.0,80.0,10.0,25.507341724562338,Selected lowest-risk action
1768694200.391565,25.50320534566227,24.0,25.506100810892313,-0.006181289244717746,60.0,80.0,10.0,safe,60.0,80.0,10.0,25.506100810892313,Selected lowest-risk action
1768694200.596609,25.502081529503386,24.0,25.504895026475634,-0.005880612129780544,60.0,80.0,10.0,safe,60.0,80.0,10.0,25.504895026475634,Selected lowest-risk action
1768694200.8016572,25.50099227210268,24.0,25.503724200163745,-0.005710008538335235,60.0,80.0,10.0,safe,60.0,80.0,10.0,25.503724200163745,Selected lowest-risk action
1768694201.004677,25.49994694903663,24.0,25.502591024825605,-0.005581598532355716,60.0,80.0,10.0,safe,60.0,80.0,10.0,25.502591024825605,Selected lowest-risk action
1768694201.20476,25.498948132090387,24.0,25.501498157005038,-0.005462071869196609,60.0,80.0,10.0,safe,60.0,80.0,10.0,25.501498157005038,Selected lowest-risk action
1768694201.4080079,25.49796396048157,24.0,25.500437898048,-0.005216583069160598,60.0,80.0,10.0,safe,60.0,80.0,10.0,25.500437898048,Selected lowest-risk action
1768694201.613036,25.497001428025847,24.0,25.49940695704135,-0.005028292328557675,60.0,80.0,10.0,safe,60.0,80.0,10.0,25.49940695704135,Selected lowest-risk action
1768694201.8143969,25.496085195866872,24.0,25.498410428689006,-0.004948965513009317,60.0,80.0,10.0,safe,60.0,80.0,10.0,25.498410428689006,Selected lowest-risk action
1768694202.018765,25.495183365517484,24.0,25.497442309737547,-0.004737133059932774,60.0,80.0,10.0,safe,60.0,80.0,10.0,25.497442309737547,Selected lowest-risk action
1768694202.2196,25.494324292880137,24.0,25.49650690468032,-0.004657580132493283,60.0,80.0,10.0,safe,60.0,80.0,10.0,25.49650690468032,Selected lowest-risk action
1768694202.4246972,25.49347341466482,24.0,25.495596857675668,-0.004437149855621159,60.0,80.0,10.0,safe,60.0,80.0,10.0,25.495596857675668,Selected lowest-risk action
1768694202.627168,25.492659276232004,24.0,25.494715583242566,-0.004352600585777402,60.0,80.0,10.0,safe,60.0,80.0,10.0,25.494715583242566,Selected lowest-risk action
1768694202.8322072,25.491859855054425,24.0,25.493858864786123,-0.004178314167066223,60.0,80.0,10.0,safe,60.0,80.0,10.0,25.493858864786123,Selected lowest-risk action
1768694203.035796,25.49109049589035,24.0,25.49302835411739,-0.004079354945897143,60.0,80.0,10.0,safe,60.0,80.0,10.0,25.49302835411739,Selected lowest-risk action
1768694203.2408278,25.49033934288317,24.0,25.49222165074712,-0.003934526682141641,60.0,80.0,10.0,safe,60.0,80.0,10.0,25.49222165074712,Selected lowest-risk action
1768694203.4459252,25.48961106379387,24.0,25.491438474661145,-0.003818556183798452,60.0,80.0,10.0,safe,60.0,80.0,10.0,25.491438474661145,Selected lowest-risk action
1768694203.650969,25.488905375324226,24.0,25.490678544860067,-0.003706182913315826,60.0,80.0,10.0,safe,60.0,80.0,10.0,25.490678544860067,Selected lowest-risk action
1768694203.8516932,25.488235796138113,24.0,25.48994572024348,-0.003650904528401284,60.0,80.0,10.0,safe,60.0,80.0,10.0,25.48994572024348,Selected lowest-risk action
1768694204.056731,25.487572425319645,24.0,25.489233731766326,-0.00347247368597844,60.0,80.0,10.0,safe,60.0,80.0,10.0,25.489233731766326,Selected lowest-risk action
1768694204.2590919,25.48693784845049,24.0,25.48854496677157,-0.0034036471577627357,60.0,80.0,10.0,safe,60.0,80.0,10.0,25.48854496677157,Selected lowest-risk action
1768694204.462393,25.486319675864497,24.0,25.487877379499448,-0.003283735170242915,60.0,80.0,10.0,safe,60.0,80.0,10.0,25.487877379499448,Selected lowest-risk action
1768694204.666427,25.48571819680149,24.0,25.48722962469006,-0.0031747418589354224,60.0,80.0,10.0,safe,60.0,80.0,10.0,25.48722962469006,Selected lowest-risk action
1768694204.86914,25.485138891708953,24.0,25.486602404795725,-0.003094127436585957,60.0,80.0,10.0,safe,60.0,80.0,10.0,25.486602404795725,Selected lowest-risk action
1768694205.0741801,25.484570763319525,24.0,25.485992912352863,-0.002972550719205343,60.0,80.0,10.0,safe,60.0,80.0,10.0,25.485992912352863,Selected lowest-risk action
1768694205.2792299,25.484020077448964,24.0,25.485401061881692,-0.002886374950303177,60.0,80.0,10.0,safe,60.0,80.0,10.0,25.485401061881692,Selected lowest-risk action
1768694205.4834251,25.483488556053583,24.0,25.48482731013326,-0.0028098191193035504,60.0,80.0,10.0,safe,60.0,80.0,10.0,25.48482731013326,Selected lowest-risk action
1768694205.686992,25.482974895741304,24.0,25.48427158581567,-0.002729936050017708,60.0,80.0,10.0,safe,60.0,80.0,10.0,25.48427158581567,Selected lowest-risk action
1768694205.888727,25.482481407520435,24.0,25.483734532327098,-0.0026621728315343453,60.0,80.0,10.0,safe,60.0,80.0,10.0,25.483734532327098,Selected lowest-risk action
1768694206.093774,25.481994993001063,24.0,25.483212670529287,-0.00254508217853492,60.0,80.0,10.0,safe,60.0,80.0,10.0,25.483212670529287,Selected lowest-risk action
1768694206.294731,25.481532940499417,24.0,25.482708751520324,-0.0025075984251154734,60.0,80.0,10.0,safe,60.0,80.0,10.0,25.482708751520324,Selected lowest-risk action
1768694206.498834,25.481077804446766,24.0,25.482219467398256,-0.002397241289061103,60.0,80.0,10.0,safe,60.0,80.0,10.0,25.482219467398256,Selected lowest-risk action
1768694206.703156,25.480636125295725,24.0,25.481744464767495,-0.002324773636781906,60.0,80.0,10.0,safe,60.0,80.0,10.0,25.481744464767495,Selected lowest-risk action
1768694206.905004,25.480213169639455,24.0,25.48128507622908,-0.0022759129143228203,60.0,80.0,10.0,safe,60.0,80.0,10.0,25.48128507622908,Selected lowest-risk action
1768694207.1100469,25.479796529078527,24.0,25.480838512083913,-0.002177906564484064,60.0,80.0,10.0,safe,60.0,80.0,10.0,25.480838512083913,Selected lowest-risk action
1768694207.315091,25.479392697212692,24.0,25.480404767622545,-0.002115372288332247,60.0,80.0,10.0,safe,60.0,80.0,10.0,25.480404767622545,Selected lowest-risk action
1768694207.5192242,25.479003027184362,24.0,25.47998424549109,-0.002060037185432816,60.0,80.0,10.0,safe,60.0,80.0,10.0,25.47998424549109,Selected lowest-risk action
1768694207.724272,25.47862359865019,24.0,25.47957605143882,-0.0019907258747168823,60.0,80.0,10.0,safe,60.0,80.0,10.0,25.47957605143882,Selected lowest-risk action
1768694207.9293141,25.478255846158156,24.0,25.47917998985462,-0.0019316108166847745,60.0,80.0,10.0,safe,60.0,80.0,10.0,25.47917998985462,Selected lowest-risk action
1768694208.134357,25.477899403589454,24.0,25.47879581397507,-0.0018736371449619505,60.0,80.0,10.0,safe,60.0,80.0,10.0,25.47879581397507,Selected lowest-risk action
1768694208.335847,25.477559909483933,24.0,25.478425042627727,-0.001840148318255525,60.0,80.0,10.0,safe,60.0,80.0,10.0,25.478425042627727,Selected lowest-risk action
1768694208.5408928,25.477224868762722,24.0,25.478064990468223,-0.0017559585044808223,60.0,80.0,10.0,safe,60.0,80.0,10.0,25.478064990468223,Selected lowest-risk action
1768694208.741774,25.47690672780416,24.0,25.477717511669002,-0.0017297722498124037,60.0,80.0,10.0,safe,60.0,80.0,10.0,25.477717511669002,Selected lowest-risk action
1768694208.94682,25.476591774996024,24.0,25.477379790667108,-0.0016470504335697187,60.0,80.0,10.0,safe,60.0,80.0,10.0,25.477379790667108,Selected lowest-risk action
1768694209.151875,25.476286496035137,24.0,25.477051802277515,-0.0015995142384019022,60.0,80.0,10.0,safe,60.0,80.0,10.0,25.477051802277515,Selected lowest-risk action
1768694209.354717,25.47599380022494,24.0,25.476734401661744,-0.0015647677514300693,60.0,80.0,10.0,safe,60.0,80.0,10.0,25.476734401661744,Selected lowest-risk action
1768694209.55984,25.475706818522028,24.0,25.476426126719826,-0.001502878860633955,60.0,80.0,10.0,safe,60.0,80.0,10.0,25.476426126719826,Selected lowest-risk action
1768694209.76488,25.475428778671457,24.0,25.476126922305312,-0.0014592491542010806,60.0,80.0,10.0,safe,60.0,80.0,10.0,25.476126922305312,Selected lowest-risk action
1768694209.969198,25.47516024128359,24.0,25.47583691799879,-0.0014193768557880875,60.0,80.0,10.0,safe,60.0,80.0,10.0,25.47583691799879,Selected lowest-risk action
1768694210.1713622,25.47490267589893,24.0,25.475556645368833,-0.0013863615180855558,60.0,80.0,10.0,safe,60.0,80.0,10.0,25.475556645368833,Selected lowest-risk action
1768694210.376458,25.474649300008608,24.0,25.475284441760763,-0.0013272024613553317,60.0,80.0,10.0,safe,60.0,80.0,10.0,25.475284441760763,Selected lowest-risk action
1768694210.5814998,25.47440378359452,24.0,25.47502024431089,-0.001288504782271635,60.0,80.0,10.0,safe,60.0,80.0,10.0,25.47502024431089,Selected lowest-risk action
1768694210.7858748,25.474166592570498,24.0,25.474764148788772,-0.0012530665994761997,60.0,80.0,10.0,safe,60.0,80.0,10.0,25.474764148788772,Selected lowest-risk action
1768694210.988768,25.473938340447692,24.0,25.474516406286444,-0.0012210484755323637,60.0,80.0,10.0,safe,60.0,80.0,10.0,25.474516406286444,Selected lowest-risk action
1768694211.193161,25.473715398142875,24.0,25.474276103843373,-0.0011756887411944299,60.0,80.0,10.0,safe,60.0,80.0,10.0,25.474276103843373,Selected lowest-risk action
1768694211.3949828,25.47350201099579,24.0,25.474043875989096,-0.0011506579052414448,60.0,80.0,10.0,safe,60.0,80.0,10.0,25.474043875989096,Selected lowest-risk action
1768694211.600029,25.473291777056858,24.0,25.473818246309424,-0.0011003847185647232,60.0,80.0,10.0,safe,60.0,80.0,10.0,25.473818246309424,Selected lowest-risk action
1768694211.805087,25.47308799717667,24.0,25.473599171569596,-0.0010683544914168606,60.0,80.0,10.0,safe,60.0,80.0,10.0,25.473599171569596,Selected lowest-risk action
1768694212.010137,25.472890493341236,24.0,25.473386568101084,-0.0010368372456152832,60.0,80.0,10.0,safe,60.0,80.0,10.0,25.473386568101084,Selected lowest-risk action
1768694212.2103848,25.472703545898934,24.0,25.47318166144044,-0.0010232656582584976,60.0,80.0,10.0,safe,60.0,80.0,10.0,25.47318166144044,Selected lowest-risk action
1768694212.411217,25.47252168621895,24.0,25.472983668873994,-0.0009858610168572096,60.0,80.0,10.0,safe,60.0,80.0,10.0,25.472983668873994,Selected lowest-risk action
1768694212.614897,25.472342803627818,24.0,25.47279140930014,-0.0009439293870681752,60.0,80.0,10.0,safe,60.0,80.0,10.0,25.47279140930014,Selected lowest-risk action
1768694212.8181949,25.47216971145579,24.0,25.472604899946834,-0.0009174191961314254,60.0,80.0,10.0,safe,60.0,80.0,10.0,25.472604899946834,Selected lowest-risk action
1768694213.021898,25.47200156370325,24.0,25.47242389907376,-0.0008885520901225705,60.0,80.0,10.0,safe,60.0,80.0,10.0,25.47242389907376,Selected lowest-risk action
1768694213.224426,25.471839493417715,24.0,25.472248577376945,-0.0008656664605443046,60.0,80.0,10.0,safe,60.0,80.0,10.0,25.472248577376945,Selected lowest-risk action
1768694213.428962,25.47168078997898,24.0,25.472078241157554,-0.0008327935020918996,60.0,80.0,10.0,safe,60.0,80.0,10.0,25.472078241157554,Selected lowest-risk action
1768694213.6340039,25.47152657400504,24.0,25.4719127410118,-0.0008071528675789032,60.0,80.0,10.0,safe,60.0,80.0,10.0,25.4719127410118,Selected lowest-risk action
1768694213.838175,25.471377735530705,24.0,25.47175223936747,-0.0007861131221393279,60.0,80.0,10.0,safe,60.0,80.0,10.0,25.47175223936747,Selected lowest-risk action
1768694214.043221,25.47123283837415,24.0,25.47159641906947,-0.0007599287220414393,60.0,80.0,10.0,safe,60.0,80.0,10.0,25.47159641906947,Selected lowest-risk action
1768694214.248333,25.47109235124266,24.0,25.471445198721426,-0.0007372575103677486,60.0,80.0,10.0,safe,60.0,80.0,10.0,25.471445198721426,Selected lowest-risk action
1768694214.4525812,25.47095676132446,24.0,25.47129866750233,-0.0007174174671876073,60.0,80.0,10.0,safe,60.0,80.0,10.0,25.47129866750233,Selected lowest-risk action
1768694214.657633,25.470824806748887,24.0,25.471156509276298,-0.0006932792466543807,60.0,80.0,10.0,safe,60.0,80.0,10.0,25.471156509276298,Selected lowest-risk action
1768694214.86273,25.470696883465326,24.0,25.471018621533005,-0.0006723051538509413,60.0,80.0,10.0,safe,60.0,80.0,10.0,25.471018621533005,Selected lowest-risk action
1768694215.067772,25.470572928833562,24.0,25.470884913723168,-0.0006520999823629814,60.0,80.0,10.0,safe,60.0,80.0,10.0,25.470884913723168,Selected lowest-risk action
1768694215.269257,25.470454870896358,24.0,25.470755900875123,-0.0006403094399518316,60.0,80.0,10.0,safe,60.0,80.0,10.0,25.470755900875123,Selected lowest-risk action
1768694215.474315,25.470338351280706,24.0,25.470630635996798,-0.0006108757727119052,60.0,80.0,10.0,safe,60.0,80.0,10.0,25.470630635996798,Selected lowest-risk action
1768694215.679363,25.470225420496288,24.0,25.470509071346644,-0.0005928592339378136,60.0,80.0,10.0,safe,60.0,80.0,10.0,25.470509071346644,Selected lowest-risk action
1768694215.8844612,25.470115936548392,24.0,25.470391130907167,-0.0005750438911049023,60.0,80.0,10.0,safe,60.0,80.0,10.0,25.470391130907167,Selected lowest-risk action
1768694216.085942,25.47001169164946,24.0,25.47027729912985,-0.000564975622105925,60.0,80.0,10.0,safe,60.0,80.0,10.0,25.47027729912985,Selected lowest-risk action
1768694216.290997,25.469908805014096,24.0,25.470166750895125,-0.0005391150451834535,60.0,80.0,10.0,safe,60.0,80.0,10.0,25.470166750895125,Selected lowest-risk action
1768694216.496042,25.469809087382863,24.0,25.470059451841447,-0.0005232951870204354,60.0,80.0,10.0,safe,60.0,80.0,10.0,25.470059451841447,Selected lowest-risk action
1768694216.701094,25.469712433932113,24.0,25.469955346468645,-0.00050770255399855,60.0,80.0,10.0,safe,60.0,80.0,10.0,25.469955346468645,Selected lowest-risk action
1768694216.906142,25.46961875418498,24.0,25.469854368783544,-0.0004924585638804694,60.0,80.0,10.0,safe,60.0,80.0,10.0,25.469854368783544,Selected lowest-risk action
1768694217.1111848,25.4695279589464,24.0,25.4697564458324,-0.0004775731334907096,60.0,80.0,10.0,safe,60.0,80.0,10.0,25.4697564458324,Selected lowest-risk action
1768694217.315283,25.469440360835918,24.0,25.469661620333454,-0.00046460717192362363,60.0,80.0,10.0,safe,60.0,80.0,10.0,25.469661620333454,Selected lowest-risk action
1768694217.5192802,25.469355487085462,24.0,25.469569780359052,-0.0004502022752879698,60.0,80.0,10.0,safe,60.0,80.0,10.0,25.469569780359052,Selected lowest-risk action
1768694217.724324,25.46927278771417,24.0,25.469480682565585,-0.00043453055702266164,60.0,80.0,10.0,safe,60.0,80.0,10.0,25.469480682565585,Selected lowest-risk action
1768694217.9293709,25.46919263153377,24.0,25.469394267256035,-0.0004214416938339876,60.0,80.0,10.0,safe,60.0,80.0,10.0,25.469394267256035,Selected lowest-risk action
1768694218.134422,25.469114938449863,24.0,25.469310468614182,-0.00040867182691089495,60.0,80.0,10.0,safe,60.0,80.0,10.0,25.469310468614182,Selected lowest-risk action
1768694218.336349,25.469040782905676,24.0,25.469229562901628,-0.0004006682312618907,60.0,80.0,10.0,safe,60.0,80.0,10.0,25.469229562901628,Selected lowest-risk action
1768694218.538635,25.468968745417165,24.0,25.46915131765629,-0.0003868050354219064,60.0,80.0,10.0,safe,60.0,80.0,10.0,25.46915131765629,Selected lowest-risk action
1768694218.743716,25.468897928118512,24.0,25.469075300794955,-0.0003706675241306741,60.0,80.0,10.0,safe,60.0,80.0,10.0,25.469075300794955,Selected lowest-risk action
1768694218.948812,25.468829285015747,24.0,25.46900149606119,-0.00035985456306107726,60.0,80.0,10.0,safe,60.0,80.0,10.0,25.46900149606119,Selected lowest-risk action
1768694219.152632,25.46876316697879,24.0,25.468929997336467,-0.0003507934853036987,60.0,80.0,10.0,safe,60.0,80.0,10.0,25.468929997336467,Selected lowest-risk action
1768694219.354068,25.468699820369803,24.0,25.468860944246465,-0.00034280404363922493,60.0,80.0,10.0,safe,60.0,80.0,10.0,25.468860944246465,Selected lowest-risk action
1768694219.559135,25.468637280702975,24.0,25.46879384518342,-0.0003272056910282863,60.0,80.0,10.0,safe,60.0,80.0,10.0,25.46879384518342,Selected lowest-risk action
1768694219.764184,25.468576669896606,24.0,25.468728692597374,-0.00031774148614831303,60.0,80.0,10.0,safe,60.0,80.0,10.0,25.468728692597374,Selected lowest-risk action
1768694219.968884,25.468518022907862,24.0,25.46866549169052,-0.00030874894467339124,60.0,80.0,10.0,safe,60.0,80.0,10.0,25.46866549169052,Selected lowest-risk action
1768694220.173929,25.468461081211007,24.0,25.468604168546666,-0.00029907165936353587,60.0,80.0,10.0,safe,60.0,80.0,10.0,25.468604168546666,Selected lowest-risk action
1768694220.3789718,25.46840589168981,24.0,25.468544685489608,-0.0002901006313277232,60.0,80.0,10.0,safe,60.0,80.0,10.0,25.468544685489608,Selected lowest-risk action
1768694220.579055,25.468353693032437,24.0,25.468487387752454,-0.0002863694762169645,60.0,80.0,10.0,safe,60.0,80.0,10.0,25.468487387752454,Selected lowest-risk action
1768694220.7792041,25.468303044823084,24.0,25.46843208487364,-0.0002763084623424956,60.0,80.0,10.0,safe,60.0,80.0,10.0,25.46843208487364,Selected lowest-risk action
1768694220.984313,25.46825269941068,24.0,25.46837826923475,-0.00026237595674875316,60.0,80.0,10.0,safe,60.0,80.0,10.0,25.46837826923475,Selected lowest-risk action
1768694221.186307,25.468204644059703,24.0,25.468326181682237,-0.0002578669039861495,60.0,80.0,10.0,safe,60.0,80.0,10.0,25.468326181682237,Selected lowest-risk action
1768694221.391354,25.46815734016199,24.0,25.468275529226162,-0.00024702835845782044,60.0,80.0,10.0,safe,60.0,80.0,10.0,25.468275529226162,Selected lowest-risk action
1768694221.592072,25.468112459428138,24.0,25.468226608286752,-0.00024372979722538866,60.0,80.0,10.0,safe,60.0,80.0,10.0,25.468226608286752,Selected lowest-risk action
1768694221.793825,25.46806870549554,24.0,25.468179237449387,-0.00023479631327125904,60.0,80.0,10.0,safe,60.0,80.0,10.0,25.468179237449387,Selected lowest-risk action
1768694221.998872,25.46802558314042,24.0,25.468133141156695,-0.00022480827973942193,60.0,80.0,10.0,safe,60.0,80.0,10.0,25.468133141156695,Selected lowest-risk action
1768694222.202662,25.467984043063904,24.0,25.468088411728857,-0.00021948789901562982,60.0,80.0,10.0,safe,60.0,80.0,10.0,25.468088411728857,Selected lowest-risk action
1768694222.406512,25.467943760792558,24.0,25.468045016447967,-0.00021287846118585928,60.0,80.0,10.0,safe,60.0,80.0,10.0,25.468045016447967,Selected lowest-risk action
1768694222.611632,25.46790446737225,24.0,25.468002851725252,-0.0002055611588253872,60.0,80.0,10.0,safe,60.0,80.0,10.0,25.468002851725252,Selected lowest-risk action
1768694222.816673,25.467866397179424,24.0,25.467961915361503,-0.00019964971583834722,60.0,80.0,10.0,safe,60.0,80.0,10.0,25.467961915361503,Selected lowest-risk action
1768694223.021722,25.467829496812936,24.0,25.46792218979693,-0.00019373689812630365,60.0,80.0,10.0,safe,60.0,80.0,10.0,25.46792218979693,Selected lowest-risk action
1768694223.226766,25.467793731939484,24.0,25.467883652439696,-0.0001879467401191285,60.0,80.0,10.0,safe,60.0,80.0,10.0,25.467883652439696,Selected lowest-risk action
1768694223.431825,25.467759064900644,24.0,25.46784627617798,-0.00018227093559990723,60.0,80.0,10.0,safe,60.0,80.0,10.0,25.46784627617798,Selected lowest-risk action
1768694223.636866,25.46772546694789,24.0,25.46781003340895,-0.0001767584968911069,60.0,80.0,10.0,safe,60.0,80.0,10.0,25.46781003340895,Selected lowest-risk action
1768694223.837205,25.46769364938985,24.0,25.467775118203217,-0.00017428076176645403,60.0,80.0,10.0,safe,60.0,80.0,10.0,25.467775118203217,Selected lowest-risk action
1768694224.0423,25.467662054734667,24.0,25.46774119916265,-0.00016538205148574438,60.0,80.0,10.0,safe,60.0,80.0,10.0,25.46774119916265,Selected lowest-risk action
1768694224.244939,25.46763179908849,24.0,25.467708379140397,-0.0001619629270778551,60.0,80.0,10.0,safe,60.0,80.0,10.0,25.467708379140397,Selected lowest-risk action
1768694224.449992,25.467602113580536,24.0,25.46767649947244,-0.00015547049235814368,60.0,80.0,10.0,safe,60.0,80.0,10.0,25.46767649947244,Selected lowest-risk action
1768694224.654646,25.46757339714067,24.0,25.46764556877291,-0.00015113656612121735,60.0,80.0,10.0,safe,60.0,80.0,10.0,25.46764556877291,Selected lowest-risk action
1768694224.859694,25.467545508638672,24.0,25.46761555073264,-0.00014639512667888156,60.0,80.0,10.0,safe,60.0,80.0,10.0,25.46761555073264,Selected lowest-risk action
1768694225.064746,25.467518477249236,24.0,25.467586428687618,-0.0001420228009057332,60.0,80.0,10.0,safe,60.0,80.0,10.0,25.467586428687618,Selected lowest-risk action
1768694225.269367,25.46749233251993,24.0,25.46755819983731,-0.00013795670895312107,60.0,80.0,10.0,safe,60.0,80.0,10.0,25.46755819983731,Selected lowest-risk action
1768694225.474422,25.46746693660151,24.0,25.46753082086657,-0.0001335201333909915,60.0,80.0,10.0,safe,60.0,80.0,10.0,25.46753082086657,Selected lowest-risk action
1768694225.679463,25.467442323244452,24.0,25.467504271579934,-0.00012948286187179091,60.0,80.0,10.0,safe,60.0,80.0,10.0,25.467504271579934,Selected lowest-risk action
1768694225.884514,25.467418466015978,24.0,25.467478529910743,-0.0001255377741612249,60.0,80.0,10.0,safe,60.0,80.0,10.0,25.467478529910743,Selected lowest-risk action
1768694226.0895581,25.467395343113054,24.0,25.467453573871435,-0.00012171063536367286,60.0,80.0,10.0,safe,60.0,80.0,10.0,25.467453573871435,Selected lowest-risk action
1768694226.294603,25.46737293149966,24.0,25.4674293811599,-0.00011798733608116406,60.0,80.0,10.0,safe,60.0,80.0,10.0,25.4674293811599,Selected lowest-risk action
1768694226.49874,25.467351305146536,24.0,25.46740595835589,-0.00011474069570057994,60.0,80.0,10.0,safe,60.0,80.0,10.0,25.46740595835589,Selected lowest-risk action
1768694226.702718,25.46733035748651,24.0,25.467383278095074,-0.00011118970652888513,60.0,80.0,10.0,safe,60.0,80.0,10.0,25.467383278095074,Selected lowest-risk action
1768694226.9077601,25.467309944918902,24.0,25.46736127814222,-0.00010729479604531718,60.0,80.0,10.0,safe,60.0,80.0,10.0,25.46736127814222,Selected lowest-risk action
1768694227.112801,25.467290160232093,24.0,25.46733994276918,-0.00010405421427099413,60.0,80.0,10.0,safe,60.0,80.0,10.0,25.46733994276918,Selected lowest-risk action
1768694227.317914,25.46727097697533,24.0,25.46731925303102,-0.00010086998290431519,60.0,80.0,10.0,safe,60.0,80.0,10.0,25.46731925303102,Selected lowest-risk action
1768694227.519386,25.46725271431681,24.0,25.467299291416758,-9.907882934193417e-05,60.0,80.0,10.0,safe,60.0,80.0,10.0,25.467299291416758,Selected lowest-risk action
1768694227.7194371,25.467235128502747,24.0,25.46728004254255,-9.621980166266886e-05,60.0,80.0,10.0,safe,60.0,80.0,10.0,25.46728004254255,Selected lowest-risk action
1768694227.924546,25.467217638996754,24.0,25.46726132147881,-9.127378420580909e-05,60.0,80.0,10.0,safe,60.0,80.0,10.0,25.46726132147881,Selected lowest-risk action
1768694228.1296341,25.46720068933302,24.0,25.46724313183507,-8.86918369125991e-05,60.0,80.0,10.0,safe,60.0,80.0,10.0,25.46724313183507,Selected lowest-risk action
1768694228.3303812,25.46718460881474,24.0,25.46722557492897,-8.745786962114273e-05,60.0,80.0,10.0,safe,60.0,80.0,10.0,25.46722557492897,Selected lowest-risk action
1768694228.535445,25.46716867696873,24.0,25.467208505540896,-8.32393938871944e-05,60.0,80.0,10.0,safe,60.0,80.0,10.0,25.467208505540896,Selected lowest-risk action
1768694228.740554,25.467153232024845,24.0,25.467191923486077,-8.08450392956533e-05,60.0,80.0,10.0,safe,60.0,80.0,10.0,25.467191923486077,Selected lowest-risk action
1768694228.944366,25.467138356906702,24.0,25.467175853512263,-7.884708930748183e-05,60.0,80.0,10.0,safe,60.0,80.0,10.0,25.467175853512263,Selected lowest-risk action
1768694229.149476,25.467123844643762,24.0,25.467160250851713,-7.606969426320306e-05,60.0,80.0,10.0,safe,60.0,80.0,10.0,25.467160250851713,Selected lowest-risk action
1768694229.3527381,25.467109905617395,24.0,25.467145147281418,-7.430588873770557e-05,60.0,80.0,10.0,safe,60.0,80.0,10.0,25.467145147281418,Selected lowest-risk action
1768694229.552947,25.467096594750043,24.0,25.467130581522007,-7.275280589140378e-05,60.0,80.0,10.0,safe,60.0,80.0,10.0,25.467130581522007,Selected lowest-risk action
1768694229.757983,25.467083371929455,24.0,25.46711641864424,-6.90751036651526e-05,60.0,80.0,10.0,safe,60.0,80.0,10.0,25.46711641864424,Selected lowest-risk action
1768694229.9627361,25.467070573626817,24.0,25.46710266513901,-6.717114987089842e-05,60.0,80.0,10.0,safe,60.0,80.0,10.0,25.46710266513901,Selected lowest-risk action
1768694230.167783,25.467058150646782,24.0,25.467089310791337,-6.512826178957163e-05,60.0,80.0,10.0,safe,60.0,80.0,10.0,25.467089310791337,Selected lowest-risk action
1768694230.37158,25.467046183207692,24.0,25.467076372516242,-6.348613452190977e-05,60.0,80.0,10.0,safe,60.0,80.0,10.0,25.467076372516242,Selected lowest-risk action
1768694230.5766258,25.467034510458895,24.0,25.46706381389904,-6.124782229934971e-05,60.0,80.0,10.0,safe,60.0,80.0,10.0,25.46706381389904,Selected lowest-risk action
1768694230.776896,25.46702346019828,24.0,25.46705170778881,-6.0448891969997634e-05,60.0,80.0,10.0,safe,60.0,80.0,10.0,25.46705170778881,Selected lowest-risk action
1768694230.981329,25.46701251919542,24.0,25.467039951210793,-5.750823040662995e-05,60.0,80.0,10.0,safe,60.0,80.0,10.0,25.467039951210793,Selected lowest-risk action
1768694231.186174,25.467001890356602,24.0,25.467028532954533,-5.574096979037288e-05,60.0,80.0,10.0,safe,60.0,80.0,10.0,25.467028532954533,Selected lowest-risk action
1768694231.391225,25.46699158152465,24.0,25.467017447525567,-5.406176529111276e-05,60.0,80.0,10.0,safe,60.0,80.0,10.0,25.467017447525567,Selected lowest-risk action
1768694231.596266,25.466981588386247,24.0,25.46700668978377,-5.246631347476774e-05,60.0,80.0,10.0,safe,60.0,80.0,10.0,25.46700668978377,Selected lowest-risk action
1768694231.801305,25.466971902699928,24.0,25.466996253658618,-5.089823844287018e-05,60.0,80.0,10.0,safe,60.0,80.0,10.0,25.466996253658618,Selected lowest-risk action
1768694232.00635,25.466962514632257,24.0,25.46698613195071,-4.93633527206645e-05,60.0,80.0,10.0,safe,60.0,80.0,10.0,25.46698613195071,Selected lowest-risk action
1768694232.2114,25.466953415088827,24.0,25.466976316892143,-4.7866661627521656e-05,60.0,80.0,10.0,safe,60.0,80.0,10.0,25.466976316892143,Selected lowest-risk action
1768694232.416503,25.46694459310698,24.0,25.46696679975659,-4.640175541056091e-05,60.0,80.0,10.0,safe,60.0,80.0,10.0,25.46696679975659,Selected lowest-risk action
1768694232.62156,25.46693604448666,24.0,25.46695757317561,-4.499516961221591e-05,60.0,80.0,10.0,safe,60.0,80.0,10.0,25.46695757317561,Selected lowest-risk action
1768694232.826242,25.46692777401167,24.0,25.466948633426426,-4.367631113409871e-05,60.0,80.0,10.0,safe,60.0,80.0,10.0,25.466948633426426,Selected lowest-risk action
1768694233.0312881,25.46691974316158,24.0,25.46693996634697,-4.226891516095585e-05,60.0,80.0,10.0,safe,60.0,80.0,10.0,25.46693996634697,Selected lowest-risk action
1768694233.236332,25.466911959387872,24.0,25.466931564259237,-4.097704017990785e-05,60.0,80.0,10.0,safe,60.0,80.0,10.0,25.466931564259237,Selected lowest-risk action
1768694233.438665,25.46690451475825,24.0,25.466923449408938,-4.010641547791053e-05,60.0,80.0,10.0,safe,60.0,80.0,10.0,25.466923449408938,Selected lowest-risk action
1768694233.639313,25.466897356168676,24.0,25.46691562143686,-3.9013443293472446e-05,60.0,80.0,10.0,safe,60.0,80.0,10.0,25.46691562143686,Selected lowest-risk action
1768694233.844355,25.466890261083112,24.0,25.466908013330734,-3.7105088391224744e-05,60.0,80.0,10.0,safe,60.0,80.0,10.0,25.466908013330734,Selected lowest-risk action
1768694234.0494661,25.466883381799075,24.0,25.466900623871236,-3.602663208417475e-05,60.0,80.0,10.0,safe,60.0,80.0,10.0,25.466900623871236,Selected lowest-risk action
1768694234.252807,25.466876771699326,24.0,25.466893468219663,-3.519044220807807e-05,60.0,80.0,10.0,safe,60.0,80.0,10.0,25.466893468219663,Selected lowest-risk action
1768694234.457838,25.466870310032732,24.0,25.466886520763584,-3.388487972326135e-05,60.0,80.0,10.0,safe,60.0,80.0,10.0,25.466886520763584,Selected lowest-risk action
1768694234.6628952,25.46686404622454,24.0,25.466879778401868,-3.288040386743842e-05,60.0,80.0,10.0,safe,60.0,80.0,10.0,25.466879778401868,Selected lowest-risk action
1768694234.867936,25.466857975640686,24.0,25.466873237573513,-3.190014748122843e-05,60.0,80.0,10.0,safe,60.0,80.0,10.0,25.466873237573513,Selected lowest-risk action
1768694235.069464,25.466852192528215,24.0,25.46686692405992,-3.1328209103537995e-05,60.0,80.0,10.0,safe,60.0,80.0,10.0,25.46686692405992,Selected lowest-risk action
1768694235.274508,25.46684648638927,24.0,25.466860792758723,-2.9902363722195713e-05,60.0,80.0,10.0,safe,60.0,80.0,10.0,25.466860792758723,Selected lowest-risk action
1768694235.479548,25.46684095582232,24.0,25.4668548416778,-2.9024002926294195e-05,60.0,80.0,10.0,safe,60.0,80.0,10.0,25.4668548416778,Selected lowest-risk action
1768694235.684587,25.466835595435487,24.0,25.466849067805107,-2.8159872063164417e-05,60.0,80.0,10.0,safe,60.0,80.0,10.0,25.466849067805107,Selected lowest-risk action
1768694235.8861408,25.466830488169443,24.0,25.466843493914403,-2.765460193418493e-05,60.0,80.0,10.0,safe,60.0,80.0,10.0,25.466843493914403,Selected lowest-risk action
1768694236.0912378,25.466825448252177,24.0,25.466838080215734,-2.639580161505105e-05,60.0,80.0,10.0,safe,60.0,80.0,10.0,25.466838080215734,Selected lowest-risk action
1768694236.296282,25.46682056466972,24.0,25.466832825551926,-2.562697225972092e-05,60.0,80.0,10.0,safe,60.0,80.0,10.0,25.466832825551926,Selected lowest-risk action
1768694236.500353,25.466815853778296,24.0,25.466827734019834,-2.4949801643285022e-05,60.0,80.0,10.0,safe,60.0,80.0,10.0,25.466827734019834,Selected lowest-risk action
1768694236.705046,25.466811273158918,24.0,25.466822795761555,-2.412521251276471e-05,60.0,80.0,10.0,safe,60.0,80.0,10.0,25.466822795761555,Selected lowest-risk action
1768694236.9101498,25.466806824214775,24.0,25.466818004297522,-2.3361158101892047e-05,60.0,80.0,10.0,safe,60.0,80.0,10.0,25.466818004297522,Selected lowest-risk action
1768694237.114466,25.46680252875242,24.0,25.466813361633992,-2.2722940770906276e-05,60.0,80.0,10.0,safe,60.0,80.0,10.0,25.466813361633992,Selected lowest-risk action
1768694237.3172622,25.46679839590965,24.0,25.466808871916687,-2.2139058056573206e-05,60.0,80.0,10.0,safe,60.0,80.0,10.0,25.466808871916687,Selected lowest-risk action
1768694237.519014,25.46679440941024,24.0,25.466804533164755,-2.1505403616133867e-05,60.0,80.0,10.0,safe,60.0,80.0,10.0,25.466804533164755,Selected lowest-risk action
1768694237.724055,25.466790480536567,24.0,25.466800317376297,-2.056069254487755e-05,60.0,80.0,10.0,safe,60.0,80.0,10.0,25.466800317376297,Selected lowest-risk action
1768694237.925187,25.466786745117915,24.0,25.46679624569878,-2.0243801680905243e-05,60.0,80.0,10.0,safe,60.0,80.0,10.0,25.46679624569878,Selected lowest-risk action
1768694238.130236,25.466783051800807,24.0,25.466792287529387,-1.9303548245059646e-05,60.0,80.0,10.0,safe,60.0,80.0,10.0,25.466792287529387,Selected lowest-risk action
1768694238.335289,25.466779472035242,24.0,25.46678844288114,-1.8749525930538157e-05,60.0,80.0,10.0,safe,60.0,80.0,10.0,25.46678844288114,Selected lowest-risk action
1768694238.536177,25.466776072866026,24.0,25.466784731876604,-1.8473010039629044e-05,60.0,80.0,10.0,safe,60.0,80.0,10.0,25.466784731876604,Selected lowest-risk action
1768694238.740184,25.46677272492292,24.0,25.466781129790498,-1.7656666096871872e-05,60.0,80.0,10.0,safe,60.0,80.0,10.0,25.466781129790498,Selected lowest-risk action
1768694238.9403899,25.46676953987841,24.0,25.466777652816866,-1.7366997264862768e-05,60.0,80.0,10.0,safe,60.0,80.0,10.0,25.466777652816866,Selected lowest-risk action
1768694239.144613,25.46676638856612,24.0,25.466774273541642,-1.6546973862745194e-05,60.0,80.0,10.0,safe,60.0,80.0,10.0,25.466774273541642,Selected lowest-risk action
1768694239.349012,25.466763331073917,24.0,25.466770990801322,-1.606046213493363e-05,60.0,80.0,10.0,safe,60.0,80.0,10.0,25.466770990801322,Selected lowest-risk action
1768694239.553084,25.46676037214404,24.0,25.466767805204135,-1.5610163123022076e-05,60.0,80.0,10.0,safe,60.0,80.0,10.0,25.466767805204135,Selected lowest-risk action
1768694239.758141,25.466757489843786,24.0,25.466764710596028,-1.5091442534939942e-05,60.0,80.0,10.0,safe,60.0,80.0,10.0,25.466764710596028,Selected lowest-risk action
1768694239.960752,25.466754729564997,24.0,25.46676171628672,-1.4778613989621603e-05,60.0,80.0,10.0,safe,60.0,80.0,10.0,25.46676171628672,Selected lowest-risk action
1768694240.162352,25.466752066554562,24.0,25.466758821367073,-1.435971514174323e-05,60.0,80.0,10.0,safe,60.0,80.0,10.0,25.466758821367073,Selected lowest-risk action
1768694240.367401,25.46674943989205,24.0,25.466756006924566,-1.3725720478562608e-05,60.0,80.0,10.0,safe,60.0,80.0,10.0,25.466756006924566,Selected lowest-risk action
1768694240.571337,25.466746907827698,24.0,25.4667532771955,-1.3385217550634642e-05,60.0,80.0,10.0,safe,60.0,80.0,10.0,25.4667532771955,Selected lowest-risk action
1768694240.776448,25.466744439075658,24.0,25.466750625759545,-1.292683283759548e-05,60.0,80.0,10.0,safe,60.0,80.0,10.0,25.466750625759545,Selected lowest-risk action
1768694240.981168,25.466742050818034,24.0,25.46674805327709,-1.2565856778020725e-05,60.0,80.0,10.0,safe,60.0,80.0,10.0,25.46674805327709,Selected lowest-risk action
1768694241.1862028,25.466739732357244,24.0,25.466745557001136,-1.2174893100445292e-05,60.0,80.0,10.0,safe,60.0,80.0,10.0,25.466745557001136,Selected lowest-risk action
1768694241.3872828,25.466737528572484,24.0,25.46674314847254,-1.1977957000102769e-05,60.0,80.0,10.0,safe,60.0,80.0,10.0,25.46674314847254,Selected lowest-risk action
1768694241.592335,25.466735349007095,24.0,25.466740808632906,-1.1410949733202514e-05,60.0,80.0,10.0,safe,60.0,80.0,10.0,25.466740808632906,Selected lowest-risk action
1768694241.795299,25.4667332580123,24.0,25.466738543446723,-1.116052812196701e-05,60.0,80.0,10.0,safe,60.0,80.0,10.0,25.466738543446723,Selected lowest-risk action
1768694241.995462,25.466731258630606,24.0,25.46673635800189,-1.0918331871483185e-05,60.0,80.0,10.0,safe,60.0,80.0,10.0,25.46673635800189,Selected lowest-risk action
1768694242.1981351,25.466729294976254,24.0,25.466734239094194,-1.045479978689719e-05,60.0,80.0,10.0,safe,60.0,80.0,10.0,25.466734239094194,Selected lowest-risk action
1768694242.4028852,25.466727371503723,24.0,25.46673217881705,-1.0062400631971098e-05,60.0,80.0,10.0,safe,60.0,80.0,10.0,25.46673217881705,Selected lowest-risk action
1768694242.607923,25.46672550450069,24.0,25.46673017652214,-9.765490043275732e-06,60.0,80.0,10.0,safe,60.0,80.0,10.0,25.46673017652214,Selected lowest-risk action
1768694242.813039,25.466723694204802,24.0,25.466728231826938,-9.48095168084731e-06,60.0,80.0,10.0,safe,60.0,80.0,10.0,25.466728231826938,Selected lowest-risk action
1768694243.0181508,25.46672193964195,24.0,25.46672634417144,-9.203059162848065e-06,60.0,80.0,10.0,safe,60.0,80.0,10.0,25.46672634417144,Selected lowest-risk action
1768694243.2228851,25.46672024220263,24.0,25.466724513580797,-8.941298146982945e-06,60.0,80.0,10.0,safe,60.0,80.0,10.0,25.466724513580797,Selected lowest-risk action
1768694243.427933,25.466718594378058,24.0,25.466722737819975,-8.660226663996967e-06,60.0,80.0,10.0,safe,60.0,80.0,10.0,25.466722737819975,Selected lowest-risk action
1768694243.632982,25.46671699721154,24.0,25.466721015637443,-8.398881306887916e-06,60.0,80.0,10.0,safe,60.0,80.0,10.0,25.466721015637443,Selected lowest-risk action
1768694243.83646,25.46671546104601,24.0,25.46671934926001,-8.189468299316516e-06,60.0,80.0,10.0,safe,60.0,80.0,10.0,25.46671934926001,Selected lowest-risk action
1768694244.041203,25.466713962491813,24.0,25.466717733229547,-7.892974048478324e-06,60.0,80.0,10.0,safe,60.0,80.0,10.0,25.466717733229547,Selected lowest-risk action
1768694244.246315,25.46671250735076,24.0,25.46671616546591,-7.643452288334578e-06,60.0,80.0,10.0,safe,60.0,80.0,10.0,25.46671616546591,Selected lowest-risk action
1768694244.451369,25.466711097378106,24.0,25.466714645039566,-7.414759103511032e-06,60.0,80.0,10.0,safe,60.0,80.0,10.0,25.466714645039566,Selected lowest-risk action
1768694244.6564102,25.46670973088795,24.0,25.46671317079408,-7.18999743179528e-06,60.0,80.0,10.0,safe,60.0,80.0,10.0,25.46671317079408,Selected lowest-risk action
1768694244.861452,25.466708406372558,24.0,25.466711741467623,-6.970899890443239e-06,60.0,80.0,10.0,safe,60.0,80.0,10.0,25.466711741467623,Selected lowest-risk action
1768694245.066566,25.466707122162063,24.0,25.466710355675954,-6.756205953743971e-06,60.0,80.0,10.0,safe,60.0,80.0,10.0,25.466710355675954,Selected lowest-risk action
1768694245.271617,25.466705877846426,24.0,25.466709012327094,-6.551293181597063e-06,60.0,80.0,10.0,safe,60.0,80.0,10.0,25.466709012327094,Selected lowest-risk action
1768694245.4766688,25.466704671790385,24.0,25.46670771016608,-6.350397242410856e-06,60.0,80.0,10.0,safe,60.0,80.0,10.0,25.46670771016608,Selected lowest-risk action
1768694245.681428,25.466703504506025,24.0,25.46670644846806,-6.161864804496326e-06,60.0,80.0,10.0,safe,60.0,80.0,10.0,25.46670644846806,Selected lowest-risk action
1768694245.886254,25.466702372704606,24.0,25.466705225739023,-5.969595365900288e-06,60.0,80.0,10.0,safe,60.0,80.0,10.0,25.466705225739023,Selected lowest-risk action
1768694246.091298,25.4667012745145,24.0,25.466704040371667,-5.781038100267322e-06,60.0,80.0,10.0,safe,60.0,80.0,10.0,25.466704040371667,Selected lowest-risk action
1768694246.296353,25.466700210037672,24.0,25.466702891271467,-5.603863396944096e-06,60.0,80.0,10.0,safe,60.0,80.0,10.0,25.466702891271467,Selected lowest-risk action
1768694246.4966772,25.46669920211084,24.0,25.466701784523277,-5.524789174547232e-06,60.0,80.0,10.0,safe,60.0,80.0,10.0,25.466701784523277,Selected lowest-risk action
1768694246.701714,25.466698201460133,24.0,25.466700709604332,-5.242563934739097e-06,60.0,80.0,10.0,safe,60.0,80.0,10.0,25.466700709604332,Selected lowest-risk action
1768694246.9067662,25.466697231519742,24.0,25.466699666178954,-5.088585719993662e-06,60.0,80.0,10.0,safe,60.0,80.0,10.0,25.466699666178954,Selected lowest-risk action
1768694247.11181,25.46669629144864,24.0,25.466698653759856,-4.937574965996276e-06,60.0,80.0,10.0,safe,60.0,80.0,10.0,25.466698653759856,Selected lowest-risk action
1768694247.316839,25.466695380366154,24.0,25.466697671741745,-4.7896544375450766e-06,60.0,80.0,10.0,safe,60.0,80.0,10.0,25.466697671741745,Selected lowest-risk action
1768694247.521888,25.466694497196364,24.0,25.466696719378128,-4.644565158169656e-06,60.0,80.0,10.0,safe,60.0,80.0,10.0,25.466696719378128,Selected lowest-risk action
1768694247.726936,25.466693641211823,24.0,25.46669579592823,-4.5035772923379295e-06,60.0,80.0,10.0,safe,60.0,80.0,10.0,25.46669579592823,Selected lowest-risk action
1768694247.927448,25.46669282990313,24.0,25.4666949061207,-4.4376786969113224e-06,60.0,80.0,10.0,safe,60.0,80.0,10.0,25.4666949061207,Selected lowest-risk action
1768694248.1325371,25.466692025034906,24.0,25.46669404179496,-4.214391570723039e-06,60.0,80.0,10.0,safe,60.0,80.0,10.0,25.46669404179496,Selected lowest-risk action
1768694248.336289,25.466691250004757,24.0,25.466693204257897,-4.110574983279232e-06,60.0,80.0,10.0,safe,60.0,80.0,10.0,25.466693204257897,Selected lowest-risk action
1768694248.541334,25.466690493908263,24.0,25.466692391153007,-3.965495136634033e-06,60.0,80.0,10.0,safe,60.0,80.0,10.0,25.466692391153007,Selected lowest-risk action
1768694248.7463832,25.466689761048727,24.0,25.46669160212172,-3.848008149883628e-06,60.0,80.0,10.0,safe,60.0,80.0,10.0,25.46669160212172,Selected lowest-risk action
1768694248.9514282,25.466689050734036,24.0,25.466690836705414,-3.732918934923763e-06,60.0,80.0,10.0,safe,60.0,80.0,10.0,25.466690836705414,Selected lowest-risk action
1768694249.155136,25.46668836676462,24.0,25.466690095723177,-3.637473636320664e-06,60.0,80.0,10.0,safe,60.0,80.0,10.0,25.466690095723177,Selected lowest-risk action
1768694249.359497,25.466687701563583,24.0,25.466689377475298,-3.5146041211740206e-06,60.0,80.0,10.0,safe,60.0,80.0,10.0,25.466689377475298,Selected lowest-risk action
1768694249.5601878,25.466687068352254,24.0,25.466688684738386,-3.4517630938928447e-06,60.0,80.0,10.0,safe,60.0,80.0,10.0,25.466688684738386,Selected lowest-risk action
1768694249.765232,25.466686440844516,24.0,25.46668801157022,-3.2830381847860006e-06,60.0,80.0,10.0,safe,60.0,80.0,10.0,25.46668801157022,Selected lowest-risk action
1768694249.9696379,25.466685834556014,24.0,25.466687358465958,-3.195135908129946e-06,60.0,80.0,10.0,safe,60.0,80.0,10.0,25.466687358465958,Selected lowest-risk action
1768694250.174672,25.46668524504561,24.0,25.466686724439853,-3.092297132169304e-06,60.0,80.0,10.0,safe,60.0,80.0,10.0,25.466686724439853,Selected lowest-risk action
1768694250.3764942,25.466684682617316,24.0,25.46668611189309,-3.035079976561123e-06,60.0,80.0,10.0,safe,60.0,80.0,10.0,25.46668611189309,Selected lowest-risk action
1768694250.581533,25.46668412852395,24.0,25.466685516882343,-2.901942399530375e-06,60.0,80.0,10.0,safe,60.0,80.0,10.0,25.466685516882343,Selected lowest-risk action
1768694250.7865589,25.466683591508968,24.0,25.46668493927033,-2.8172634843090457e-06,60.0,80.0,10.0,safe,60.0,80.0,10.0,25.46668493927033,Selected lowest-risk action
1768694250.9877682,25.466683080691784,24.0,25.466684381696766,-2.771112198069041e-06,60.0,80.0,10.0,safe,60.0,80.0,10.0,25.466684381696766,Selected lowest-risk action
1768694251.1913102,25.466682579545576,24.0,25.466683841051406,-2.6561858254198003e-06,60.0,80.0,10.0,safe,60.0,80.0,10.0,25.466683841051406,Selected lowest-risk action
1768694251.393,25.466682098129947,24.0,25.466683318174965,-2.59247938076799e-06,60.0,80.0,10.0,safe,60.0,80.0,10.0,25.466683318174965,Selected lowest-risk action
1768694251.598044,25.46668162351053,24.0,25.466682809775634,-2.4794641847800884e-06,60.0,80.0,10.0,safe,60.0,80.0,10.0,25.466682809775634,Selected lowest-risk action
1768694251.8030012,25.466681163681898,24.0,25.466682315947512,-2.409420155976392e-06,60.0,80.0,10.0,safe,60.0,80.0,10.0,25.466682315947512,Selected lowest-risk action
1768694252.005001,25.4666807244241,24.0,25.466681838490487,-2.363649776986009e-06,60.0,80.0,10.0,safe,60.0,80.0,10.0,25.466681838490487,Selected lowest-risk action
1768694252.210052,25.46668029203862,24.0,25.466681374554927,-2.262538022211893e-06,60.0,80.0,10.0,safe,60.0,80.0,10.0,25.466681374554927,Selected lowest-risk action
1768694252.414494,25.466679874198828,24.0,25.466680924448095,-2.201635566364127e-06,60.0,80.0,10.0,safe,60.0,80.0,10.0,25.466680924448095,Selected lowest-risk action
1768694252.6195369,25.466679467981873,24.0,25.466680487508228,-2.130968676704214e-06,60.0,80.0,10.0,safe,60.0,80.0,10.0,25.466680487508228,Selected lowest-risk action
1768694252.824587,25.466679074245896,24.0,25.466680063529527,-2.0676821527194073e-06,60.0,80.0,10.0,safe,60.0,80.0,10.0,25.466680063529527,Selected lowest-risk action
1768694253.029637,25.466678692617574,24.0,25.466679652255937,-2.0057235125069398e-06,60.0,80.0,10.0,safe,60.0,80.0,10.0,25.466679652255937,Selected lowest-risk action
1768694253.232067,25.46667832745772,24.0,25.466679254816473,-1.963342612888829e-06,60.0,80.0,10.0,safe,60.0,80.0,10.0,25.466679254816473,Selected lowest-risk action
1768694253.4363258,25.466677970182552,24.0,25.466678869426296,-1.8867750247482525e-06,60.0,80.0,10.0,safe,60.0,80.0,10.0,25.466678869426296,Selected lowest-risk action
1768694253.636597,25.466677630616154,24.0,25.466678497783253,-1.8556995418060457e-06,60.0,80.0,10.0,safe,60.0,80.0,10.0,25.466678497783253,Selected lowest-risk action
1768694253.838604,25.466677298398448,24.0,25.46667813796781,-1.7812023492871039e-06,60.0,80.0,10.0,safe,60.0,80.0,10.0,25.46667813796781,Selected lowest-risk action
1768694254.0436459,25.46667697140704,24.0,25.46667778799958,-1.7068133739113e-06,60.0,80.0,10.0,safe,60.0,80.0,10.0,25.46667778799958,Selected lowest-risk action
1768694254.247843,25.466676655780905,24.0,25.466677448333975,-1.6634197566596558e-06,60.0,80.0,10.0,safe,60.0,80.0,10.0,25.466677448333975,Selected lowest-risk action
1768694254.45198,25.466676349895028,24.0,25.466677118802288,-1.6142666299706834e-06,60.0,80.0,10.0,safe,60.0,80.0,10.0,25.466677118802288,Selected lowest-risk action
1768694254.655669,25.466676054048826,24.0,25.46667679937625,-1.56820574032173e-06,60.0,80.0,10.0,safe,60.0,80.0,10.0,25.46667679937625,Selected lowest-risk action
1768694254.859154,25.46667576752009,24.0,25.4666764898194,-1.521275922790112e-06,60.0,80.0,10.0,safe,60.0,80.0,10.0,25.4666764898194,Selected lowest-risk action
1768694255.064192,25.46667548761818,24.0,25.46667618915903,-1.466363620757613e-06,60.0,80.0,10.0,safe,60.0,80.0,10.0,25.46667618915903,Selected lowest-risk action
1768694255.2692459,25.466675216302413,24.0,25.466675897302046,-1.42331903055746e-06,60.0,80.0,10.0,safe,60.0,80.0,10.0,25.466675897302046,Selected lowest-risk action
1768694255.472212,25.466674956013616,24.0,25.466675614915516,-1.3912982149617797e-06,60.0,80.0,10.0,safe,60.0,80.0,10.0,25.466675614915516,Selected lowest-risk action
1768694255.6752708,25.46667470352584,24.0,25.46667534149861,-1.3464918207308479e-06,60.0,80.0,10.0,safe,60.0,80.0,10.0,25.46667534149861,Selected lowest-risk action
1768694255.876587,25.466674460833445,24.0,25.466675077299058,-1.3123616489881145e-06,60.0,80.0,10.0,safe,60.0,80.0,10.0,25.466675077299058,Selected lowest-risk action
1768694256.080006,25.466674223011516,24.0,25.466674821012795,-1.2598936234242403e-06,60.0,80.0,10.0,safe,60.0,80.0,10.0,25.466674821012795,Selected lowest-risk action
1768694256.285065,25.46667399058563,24.0,25.466674571884646,-1.2149093023799939e-06,60.0,80.0,10.0,safe,60.0,80.0,10.0,25.466674571884646,Selected lowest-risk action
1768694256.4896379,25.466673765845357,24.0,25.46667433007286,-1.1820322615815882e-06,60.0,80.0,10.0,safe,60.0,80.0,10.0,25.46667433007286,Selected lowest-risk action
1768694256.694196,25.4666735480164,24.0,25.46667409545592,-1.146945040781631e-06,60.0,80.0,10.0,safe,60.0,80.0,10.0,25.46667409545592,Selected lowest-risk action
1768694256.899233,25.46667333637683,24.0,25.46667386773219,-1.1106463783459794e-06,60.0,80.0,10.0,safe,60.0,80.0,10.0,25.46667386773219,Selected lowest-risk action
1768694257.103076,25.4666731324397,24.0,25.466673647144443,-1.0821459595450633e-06,60.0,80.0,10.0,safe,60.0,80.0,10.0,25.466673647144443,Selected lowest-risk action
1768694257.303553,25.466672938005612,24.0,25.466673434402793,-1.0611766899592203e-06,60.0,80.0,10.0,safe,60.0,80.0,10.0,25.466673434402793,Selected lowest-risk action
1768694257.504967,25.466672748535416,24.0,25.466673228642577,-1.0215791798345638e-06,60.0,80.0,10.0,safe,60.0,80.0,10.0,25.466673228642577,Selected lowest-risk action
1768694257.7100108,25.46667256147604,24.0,25.466673028492615,-9.761327554568768e-07,60.0,80.0,10.0,safe,60.0,80.0,10.0,25.466673028492615,Selected lowest-risk action
1768694257.910881,25.46667238386351,24.0,25.466672835103882,-9.62754355289426e-07,60.0,80.0,10.0,safe,60.0,80.0,10.0,25.466672835103882,Selected lowest-risk action
1768694258.115913,25.46667220803299,24.0,25.466672646982612,-9.175220809598759e-07,60.0,80.0,10.0,safe,60.0,80.0,10.0,25.466672646982612,Selected lowest-risk action
1768694258.32095,25.46667203760453,24.0,25.466672464169186,-8.916113789054061e-07,60.0,80.0,10.0,safe,60.0,80.0,10.0,25.466672464169186,Selected lowest-risk action
1768694258.5256262,25.466671872708325,24.0,25.466672286730926,-8.669220059836882e-07,60.0,80.0,10.0,safe,60.0,80.0,10.0,25.466672286730926,Selected lowest-risk action
1768694258.726946,25.46667171549782,24.0,25.466672115360993,-8.512318221766906e-07,60.0,80.0,10.0,safe,60.0,80.0,10.0,25.466672115360993,Selected lowest-risk action
1768694258.931991,25.466671560209846,24.0,25.466671948815645,-8.122380965689045e-07,60.0,80.0,10.0,safe,60.0,80.0,10.0,25.466671948815645,Selected lowest-risk action
1768694259.137033,25.466671409704748,24.0,25.466671787082376,-7.887816104448367e-07,60.0,80.0,10.0,safe,60.0,80.0,10.0,25.466671787082376,Selected lowest-risk action
1768694259.34208,25.46667126382161,24.0,25.466671630104145,-7.655714608394227e-07,60.0,80.0,10.0,safe,60.0,80.0,10.0,25.466671630104145,Selected lowest-risk action
1768694259.5471208,25.46667112243202,24.0,25.466671477802507,-7.427873732244824e-07,60.0,80.0,10.0,safe,60.0,80.0,10.0,25.466671477802507,Selected lowest-risk action
1768694259.752165,25.46667098538717,24.0,25.466671330077904,-7.204522352378154e-07,60.0,80.0,10.0,safe,60.0,80.0,10.0,25.466671330077904,Selected lowest-risk action
1768694259.9572139,25.46667085255475,24.0,25.466671186820957,-6.986480680542497e-07,60.0,80.0,10.0,safe,60.0,80.0,10.0,25.466671186820957,Selected lowest-risk action
1768694260.157456,25.466670726826283,24.0,25.466671048822555,-6.891579824465282e-07,60.0,80.0,10.0,safe,60.0,80.0,10.0,25.466671048822555,Selected lowest-risk action
1768694260.360241,25.466670603325934,24.0,25.466670915173566,-6.590673807672415e-07,60.0,80.0,10.0,safe,60.0,80.0,10.0,25.466670915173566,Selected lowest-risk action
1768694260.565269,25.466670482257094,24.0,25.466670785298625,-6.334496012981066e-07,60.0,80.0,10.0,safe,60.0,80.0,10.0,25.466670785298625,Selected lowest-risk action
1768694260.769036,25.466670365632936,24.0,25.466670659398915,-6.178609508846165e-07,60.0,80.0,10.0,safe,60.0,80.0,10.0,25.466670659398915,Selected lowest-risk action
1768694260.9697511,25.466670254267196,24.0,25.4666705378594,-6.055325964258246e-07,60.0,80.0,10.0,safe,60.0,80.0,10.0,25.4666705378594,Selected lowest-risk action
1768694261.174857,25.4666701438913,24.0,25.466670419668965,-5.762413634583621e-07,60.0,80.0,10.0,safe,60.0,80.0,10.0,25.466670419668965,Selected lowest-risk action
1768694261.379901,25.4666700369438,24.0,25.466670304851412,-5.599653506546597e-07,60.0,80.0,10.0,safe,60.0,80.0,10.0,25.466670304851412,Selected lowest-risk action
1768694261.584953,25.466669933280937,24.0,25.466670193380267,-5.436234249022995e-07,60.0,80.0,10.0,safe,60.0,80.0,10.0,25.466670193380267,Selected lowest-risk action
1768694261.790006,25.466669832806183,24.0,25.46667008520804,-5.275333912393929e-07,60.0,80.0,10.0,safe,60.0,80.0,10.0,25.46667008520804,Selected lowest-risk action
1768694261.9942558,25.46666973580399,24.0,25.466669980386826,-5.132009167895549e-07,60.0,80.0,10.0,safe,60.0,80.0,10.0,25.466669980386826,Selected lowest-risk action
1768694262.19632,25.466669642779756,24.0,25.4666698791047,-5.012371703290516e-07,60.0,80.0,10.0,safe,60.0,80.0,10.0,25.4666698791047,Selected lowest-risk action
1768694262.401363,25.466669551245367,24.0,25.466669780746898,-4.796939135193262e-07,60.0,80.0,10.0,safe,60.0,80.0,10.0,25.466669780746898,Selected lowest-risk action
1768694262.606407,25.466669462525623,24.0,25.466669685280515,-4.655896721832656e-07,60.0,80.0,10.0,safe,60.0,80.0,10.0,25.466669685280515,Selected lowest-risk action
1768694262.811445,25.466669376537393,24.0,25.466669592657574,-4.517353295510307e-07,60.0,80.0,10.0,safe,60.0,80.0,10.0,25.466669592657574,Selected lowest-risk action
1768694263.0123892,25.4666692948568,24.0,25.46666950331734,-4.446022305900479e-07,60.0,80.0,10.0,safe,60.0,80.0,10.0,25.46666950331734,Selected lowest-risk action
1768694263.2125409,25.466669215952333,24.0,25.466669417107838,-4.307208548911669e-07,60.0,80.0,10.0,safe,60.0,80.0,10.0,25.466669417107838,Selected lowest-risk action
1768694263.417585,25.466669137544233,24.0,25.466669333238755,-4.0902962099458376e-07,60.0,80.0,10.0,safe,60.0,80.0,10.0,25.466669333238755,Selected lowest-risk action
1768694263.618468,25.466669063091025,24.0,25.466669252194436,-4.034401076399692e-07,60.0,80.0,10.0,safe,60.0,80.0,10.0,25.466669252194436,Selected lowest-risk action
1768694263.823504,25.46666898938729,24.0,25.46666917335229,-3.8452844442219884e-07,60.0,80.0,10.0,safe,60.0,80.0,10.0,25.46666917335229,Selected lowest-risk action
1768694264.028578,25.46666891793824,24.0,25.466669096728076,-3.736416496972088e-07,60.0,80.0,10.0,safe,60.0,80.0,10.0,25.466669096728076,Selected lowest-risk action
1768694264.232888,25.466668848944263,24.0,25.466669022392928,-3.6383519907028553e-07,60.0,80.0,10.0,safe,60.0,80.0,10.0,25.466669022392928,Selected lowest-risk action
1768694264.436629,25.466668782251404,24.0,25.466668950350467,-3.535981214285636e-07,60.0,80.0,10.0,safe,60.0,80.0,10.0,25.466668950350467,Selected lowest-risk action
1768694264.639691,25.466668717812457,24.0,25.46666888058906,-3.435472209909781e-07,60.0,80.0,10.0,safe,60.0,80.0,10.0,25.46666888058906,Selected lowest-risk action
1768694264.844735,25.46666865472647,24.0,25.46666881283028,-3.304600398768177e-07,60.0,80.0,10.0,safe,60.0,80.0,10.0,25.46666881283028,Selected lowest-risk action
1768694265.046803,25.466668594467027,24.0,25.466668747321304,-3.241925910004916e-07,60.0,80.0,10.0,safe,60.0,80.0,10.0,25.466668747321304,Selected lowest-risk action
1768694265.2509282,25.46666853544083,24.0,25.46666868375716,-3.1139788118681045e-07,60.0,80.0,10.0,safe,60.0,80.0,10.0,25.46666868375716,Selected lowest-risk action
1768694265.452829,25.466668478835448,24.0,25.466668622280643,-3.044888405572532e-07,60.0,80.0,10.0,safe,60.0,80.0,10.0,25.466668622280643,Selected lowest-risk action
1768694265.6531782,25.466668424384242,24.0,25.46666856291172,-2.963270301701818e-07,60.0,80.0,10.0,safe,60.0,80.0,10.0,25.46666856291172,Selected lowest-risk action
1768694265.858219,25.466668370323823,24.0,25.46666850513535,-2.8178002720287076e-07,60.0,80.0,10.0,safe,60.0,80.0,10.0,25.46666850513535,Selected lowest-risk action
1768694266.063325,25.466668317909335,24.0,25.466668448967543,-2.7384767357450085e-07,60.0,80.0,10.0,safe,60.0,80.0,10.0,25.466668448967543,Selected lowest-risk action
1768694266.2683709,25.466668267122184,24.0,25.466668394413936,-2.660555311567662e-07,60.0,80.0,10.0,safe,60.0,80.0,10.0,25.466668394413936,Selected lowest-risk action
1768694266.47119,25.46666821843157,24.0,25.466668341619226,-2.603044214879089e-07,60.0,80.0,10.0,safe,60.0,80.0,10.0,25.466668341619226,Selected lowest-risk action
1768694266.676235,25.466668170704548,24.0,25.46666829034482,-2.500641759748668e-07,60.0,80.0,10.0,safe,60.0,80.0,10.0,25.46666829034482,Selected lowest-risk action
1768694266.88128,25.466668124445018,24.0,25.46666824057488,-2.427269367335024e-07,60.0,80.0,10.0,safe,60.0,80.0,10.0,25.46666824057488,Selected lowest-risk action
1768694267.0862951,25.466668079615065,24.0,25.466668192286935,-2.3553350401708566e-07,60.0,80.0,10.0,safe,60.0,80.0,10.0,25.466668192286935,Selected lowest-risk action
1768694267.287062,25.466668037064245,24.0,25.466668145720128,-2.319447581655692e-07,60.0,80.0,10.0,safe,60.0,80.0,10.0,25.466668145720128,Selected lowest-risk action
1768694267.4921012,25.466667994916303,24.0,25.466668100478977,-2.206462833417755e-07,60.0,80.0,10.0,safe,60.0,80.0,10.0,25.466668100478977,Selected lowest-risk action
1768694267.697222,25.466667954048702,24.0,25.466668056549892,-2.1416201554263174e-07,60.0,80.0,10.0,safe,60.0,80.0,10.0,25.466668056549892,Selected lowest-risk action
1768694267.902269,25.46666791445242,24.0,25.466668013920646,-2.078999855139964e-07,60.0,80.0,10.0,safe,60.0,80.0,10.0,25.466668013920646,Selected lowest-risk action
1768694268.103188,25.466667876846678,24.0,25.466667972798454,-2.046703442980898e-07,60.0,80.0,10.0,safe,60.0,80.0,10.0,25.466667972798454,Selected lowest-risk action
1768694268.3082318,25.466667839625995,24.0,25.46666793284671,-1.9484492905698676e-07,60.0,80.0,10.0,safe,60.0,80.0,10.0,25.46666793284671,Selected lowest-risk action
1768694268.5132742,25.466667803550127,24.0,25.466667894057736,-1.891754229145465e-07,60.0,80.0,10.0,safe,60.0,80.0,10.0,25.466667894057736,Selected lowest-risk action
1768694268.7183192,25.46666776858329,24.0,25.4666678564154,-1.835808726594174e-07,60.0,80.0,10.0,safe,60.0,80.0,10.0,25.4666678564154,Selected lowest-risk action
1768694268.919847,25.46666773527322,24.0,25.466667820072743,-1.8033566082300653e-07,60.0,80.0,10.0,safe,60.0,80.0,10.0,25.466667820072743,Selected lowest-risk action
1768694269.1248949,25.46666770240586,24.0,25.466667784772675,-1.721552767416285e-07,60.0,80.0,10.0,safe,60.0,80.0,10.0,25.466667784772675,Selected lowest-risk action
1768694269.329938,25.466667670550372,24.0,25.466667750505984,-1.6711947187481877e-07,60.0,80.0,10.0,safe,60.0,80.0,10.0,25.466667750505984,Selected lowest-risk action
1768694269.5349739,25.46666763967568,24.0,25.46666771725689,-1.6216228526267044e-07,60.0,80.0,10.0,safe,60.0,80.0,10.0,25.46666771725689,Selected lowest-risk action
1768694269.740031,25.46666760974686,24.0,25.466667685003877,-1.5728792496535833e-07,60.0,80.0,10.0,safe,60.0,80.0,10.0,25.466667685003877,Selected lowest-risk action
1768694269.9450738,25.466667580741355,24.0,25.466667653725118,-1.5254743488339605e-07,60.0,80.0,10.0,safe,60.0,80.0,10.0,25.466667653725118,Selected lowest-risk action
1768694270.146925,25.466667553065207,24.0,25.46666762352714,-1.4960519429343006e-07,60.0,80.0,10.0,safe,60.0,80.0,10.0,25.46666762352714,Selected lowest-risk action
1768694270.3506281,25.46666752598091,24.0,25.46666759426327,-1.4365937584729657e-07,60.0,80.0,10.0,safe,60.0,80.0,10.0,25.46666759426327,Selected lowest-risk action
1768694270.5531552,25.46666749987563,24.0,25.466667565946977,-1.3981487332639253e-07,60.0,80.0,10.0,safe,60.0,80.0,10.0,25.466667565946977,Selected lowest-risk action
1768694270.755965,25.46666747452816,24.0,25.466667538521328,-1.3522841533552965e-07,60.0,80.0,10.0,safe,60.0,80.0,10.0,25.466667538521328,Selected lowest-risk action
1768694270.961013,25.46666744968062,24.0,25.466667511869115,-1.2998030670429628e-07,60.0,80.0,10.0,safe,60.0,80.0,10.0,25.466667511869115,Selected lowest-risk action
1768694271.1632361,25.46666742592907,24.0,25.4666674860871,-1.2749294973910514e-07,60.0,80.0,10.0,safe,60.0,80.0,10.0,25.4666674860871,Selected lowest-risk action
1768694271.3682811,25.46666740257663,24.0,25.466667461033957,-1.2218364463785687e-07,60.0,80.0,10.0,safe,60.0,80.0,10.0,25.466667461033957,Selected lowest-risk action
1768694271.5698519,25.466667380325916,24.0,25.46666743682154,-1.2011869415604893e-07,60.0,80.0,10.0,safe,60.0,80.0,10.0,25.46666743682154,Selected lowest-risk action
1768694271.7749581,25.466667358368703,24.0,25.466667413285688,-1.1474956609792072e-07,60.0,80.0,10.0,safe,60.0,80.0,10.0,25.466667413285688,Selected lowest-risk action
1768694271.980017,25.46666733709368,24.0,25.466667390428082,-1.1146853549507613e-07,60.0,80.0,10.0,safe,60.0,80.0,10.0,25.466667390428082,Selected lowest-risk action
1768694272.18513,25.46666731646657,24.0,25.466667368239627,-1.0817677399712377e-07,60.0,80.0,10.0,safe,60.0,80.0,10.0,25.466667368239627,Selected lowest-risk action
1768694272.388923,25.46666729660298,24.0,25.46666734674863,-1.05455007157805e-07,60.0,80.0,10.0,safe,60.0,80.0,10.0,25.46666734674863,Selected lowest-risk action
1768694272.593351,25.46666727728638,24.0,25.466667325909953,-1.019365296870452e-07,60.0,80.0,10.0,safe,60.0,80.0,10.0,25.466667325909953,Selected lowest-risk action
1768694272.7983959,25.466667258505705,24.0,25.466667305688674,-9.86187440359747e-08,60.0,80.0,10.0,safe,60.0,80.0,10.0,25.466667305688674,Selected lowest-risk action
1768694273.003205,25.466667240323616,24.0,25.466667286079154,-9.574531031764637e-08,60.0,80.0,10.0,safe,60.0,80.0,10.0,25.466667286079154,Selected lowest-risk action
1768694273.2035358,25.466667223085594,24.0,25.466667267181084,-9.433435530690275e-08,60.0,80.0,10.0,safe,60.0,80.0,10.0,25.466667267181084,Selected lowest-risk action
1768694273.4053278,25.466667206243482,24.0,25.4666672488998,-9.059469099827918e-08,60.0,80.0,10.0,safe,60.0,80.0,10.0,25.4666672488998,Selected lowest-risk action
1768694273.610372,25.466667189647932,24.0,25.46666723112424,-8.669132202845465e-08,60.0,80.0,10.0,safe,60.0,80.0,10.0,25.46666723112424,Selected lowest-risk action
1768694273.815412,25.466667173562954,24.0,25.466667213855853,-8.421961304753326e-08,60.0,80.0,10.0,safe,60.0,80.0,10.0,25.466667213855853,Selected lowest-risk action
1768694274.019653,25.466667158033765,24.0,25.466667197109224,-8.199443749496906e-08,60.0,80.0,10.0,safe,60.0,80.0,10.0,25.466667197109224,Selected lowest-risk action
1768694274.224698,25.466667142920823,24.0,25.466667180852703,-7.928270704488947e-08,60.0,80.0,10.0,safe,60.0,80.0,10.0,25.466667180852703,Selected lowest-risk action
1768694274.4297411,25.46666712827295,24.0,25.466667165078775,-7.692982438777437e-08,60.0,80.0,10.0,safe,60.0,80.0,10.0,25.466667165078775,Selected lowest-risk action
1768694274.634848,25.4666671140712,24.0,25.4666671497765,-7.460630398935811e-08,60.0,80.0,10.0,safe,60.0,80.0,10.0,25.4666671497765,Selected lowest-risk action
1768694274.8398879,25.466667100310907,24.0,25.46666713493682,-7.237466020953567e-08,60.0,80.0,10.0,safe,60.0,80.0,10.0,25.46666713493682,Selected lowest-risk action
1768694275.044937,25.466667086972954,24.0,25.466667120547662,-7.017422980541261e-08,60.0,80.0,10.0,safe,60.0,80.0,10.0,25.466667120547662,Selected lowest-risk action
1768694275.245054,25.466667074356323,24.0,25.46666710669026,-6.924646399905774e-08,60.0,80.0,10.0,safe,60.0,80.0,10.0,25.46666710669026,Selected lowest-risk action
1768694275.450162,25.466667061813396,24.0,25.4666670932272,-6.563889752854276e-08,60.0,80.0,10.0,safe,60.0,80.0,10.0,25.4666670932272,Selected lowest-risk action
1768694275.6550589,25.46666704966873,24.0,25.46666708015966,-6.377617231435156e-08,60.0,80.0,10.0,safe,60.0,80.0,10.0,25.46666708015966,Selected lowest-risk action
1768694275.860105,25.466667037888723,24.0,25.466667067478376,-6.184598888828505e-08,60.0,80.0,10.0,safe,60.0,80.0,10.0,25.466667067478376,Selected lowest-risk action
1768694276.06515,25.466667026471193,24.0,25.46666705517622,-5.999735009125913e-08,60.0,80.0,10.0,safe,60.0,80.0,10.0,25.46666705517622,Selected lowest-risk action
1768694276.265367,25.466667015665127,24.0,25.466667043322893,-5.9202398897522335e-08,60.0,80.0,10.0,safe,60.0,80.0,10.0,25.466667043322893,Selected lowest-risk action
1768694276.4704142,25.466667004931132,24.0,25.466667031805365,-5.6170150889724706e-08,60.0,80.0,10.0,safe,60.0,80.0,10.0,25.466667031805365,Selected lowest-risk action
1768694276.6755168,25.466666994524264,24.0,25.46666702062103,-5.453041054417515e-08,60.0,80.0,10.0,safe,60.0,80.0,10.0,25.46666702062103,Selected lowest-risk action
1768694276.8805661,25.46666698444029,24.0,25.46666700976681,-5.29347023450725e-08,60.0,80.0,10.0,safe,60.0,80.0,10.0,25.46666700976681,Selected lowest-risk action
1768694277.085682,25.466666974663223,24.0,25.46666699923573,-5.1342112511240036e-08,60.0,80.0,10.0,safe,60.0,80.0,10.0,25.46666699923573,Selected lowest-risk action
1768694277.290787,25.466666965187475,24.0,25.466666989021252,-4.980119865630477e-08,60.0,80.0,10.0,safe,60.0,80.0,10.0,25.466666989021252,Selected lowest-risk action
1768694277.494472,25.4666669560668,24.0,25.466666979134914,-4.8537382049412483e-08,60.0,80.0,10.0,safe,60.0,80.0,10.0,25.466666979134914,Selected lowest-risk action
1768694277.699523,25.466666947165574,24.0,25.46666696954411,-4.677278032249032e-08,60.0,80.0,10.0,safe,60.0,80.0,10.0,25.46666696954411,Selected lowest-risk action
1768694277.903247,25.466666938593836,24.0,25.466666960259026,-4.5576751153253885e-08,60.0,80.0,10.0,safe,60.0,80.0,10.0,25.466666960259026,Selected lowest-risk action
1768694278.105943,25.4666669303261,24.0,25.466666951279144,-4.4302248317395694e-08,60.0,80.0,10.0,safe,60.0,80.0,10.0,25.466666951279144,Selected lowest-risk action
1768694278.309576,25.466666922272633,24.0,25.46666694257719,-4.273349577427085e-08,60.0,80.0,10.0,safe,60.0,80.0,10.0,25.46666694257719,Selected lowest-risk action
1768694278.5101929,25.466666914580795,24.0,25.46666693417827,-4.186548255164731e-08,60.0,80.0,10.0,safe,60.0,80.0,10.0,25.46666693417827,Selected lowest-risk action
1768694278.710252,25.466666907141224,24.0,25.466666926067155,-4.0543580743151285e-08,60.0,80.0,10.0,safe,60.0,80.0,10.0,25.466666926067155,Selected lowest-risk action
1768694278.915293,25.466666899745146,24.0,25.466666918170553,-3.851232247864011e-08,60.0,80.0,10.0,safe,60.0,80.0,10.0,25.466666918170553,Selected lowest-risk action
1768694279.1199071,25.466666892591448,24.0,25.46666691049682,-3.750343356890934e-08,60.0,80.0,10.0,safe,60.0,80.0,10.0,25.46666691049682,Selected lowest-risk action
1768694279.324959,25.46666688564256,24.0,25.46666690304054,-3.6362887579274384e-08,60.0,80.0,10.0,safe,60.0,80.0,10.0,25.46666690304054,Selected lowest-risk action
1768694279.528003,25.4666668789733,24.0,25.466666895820367,-3.555965761099236e-08,60.0,80.0,10.0,safe,60.0,80.0,10.0,25.466666895820367,Selected lowest-risk action
1768694279.733112,25.466666872441333,24.0,25.466666888806657,-3.4195020295847845e-08,60.0,80.0,10.0,safe,60.0,80.0,10.0,25.466666888806657,Selected lowest-risk action
1768694279.9366028,25.46666686616034,24.0,25.46666688201276,-3.338676343456629e-08,60.0,80.0,10.0,safe,60.0,80.0,10.0,25.46666688201276,Selected lowest-risk action
1768694280.141649,25.466666860024564,24.0,25.4666668754163,-3.2170599764126095e-08,60.0,80.0,10.0,safe,60.0,80.0,10.0,25.4666668754163,Selected lowest-risk action
1768694280.34675,25.46666685407588,24.0,25.466666869014173,-3.121451476839457e-08,60.0,80.0,10.0,safe,60.0,80.0,10.0,25.466666869014173,Selected lowest-risk action
1768694280.54803,25.46666684841759,24.0,25.466666862835197,-3.0698426469230595e-08,60.0,80.0,10.0,safe,60.0,80.0,10.0,25.466666862835197,Selected lowest-risk action
1768694280.748412,25.466666842954673,24.0,25.466666856871036,-2.9763955305713732e-08,60.0,80.0,10.0,safe,60.0,80.0,10.0,25.466666856871036,Selected lowest-risk action
1768694280.953265,25.46666683753771,24.0,25.46666685107104,-2.8312962411850763e-08,60.0,80.0,10.0,safe,60.0,80.0,10.0,25.46666685107104,Selected lowest-risk action
1768694281.158313,25.46666683228219,24.0,25.466666845434382,-2.748944172510904e-08,60.0,80.0,10.0,safe,60.0,80.0,10.0,25.466666845434382,Selected lowest-risk action
1768694281.363433,25.466666827186504,24.0,25.466666839960016,-2.6688620804821695e-08,60.0,80.0,10.0,safe,60.0,80.0,10.0,25.466666839960016,Selected lowest-risk action
1768694281.565411,25.46666682232331,24.0,25.466666834669002,-2.6195964096500283e-08,60.0,80.0,10.0,safe,60.0,80.0,10.0,25.466666834669002,Selected lowest-risk action
1768694281.7704608,25.466666817535696,24.0,25.46666682952901,-2.5067045746509433e-08,60.0,80.0,10.0,safe,60.0,80.0,10.0,25.46666682952901,Selected lowest-risk action
1768694281.975501,25.466666812895546,24.0,25.46666682453897,-2.433689470170964e-08,60.0,80.0,10.0,safe,60.0,80.0,10.0,25.46666682453897,Selected lowest-risk action
1768694282.1805491,25.466666808398,24.0,25.466666819696677,-2.3615396936208633e-08,60.0,80.0,10.0,safe,60.0,80.0,10.0,25.466666819696677,Selected lowest-risk action
1768694282.385591,25.46666680403885,24.0,25.46666681499933,-2.2909213302956086e-08,60.0,80.0,10.0,safe,60.0,80.0,10.0,25.46666681499933,Selected lowest-risk action
1768694282.590708,25.466666799812216,24.0,25.466666810443193,-2.221237297981758e-08,60.0,80.0,10.0,safe,60.0,80.0,10.0,25.466666810443193,Selected lowest-risk action
1768694282.7947562,25.46666679573701,24.0,25.466666806031334,-2.162165732266948e-08,60.0,80.0,10.0,safe,60.0,80.0,10.0,25.466666806031334,Selected lowest-risk action
1768694282.999805,25.466666791767164,24.0,25.466666801752083,-2.0869425920410273e-08,60.0,80.0,10.0,safe,60.0,80.0,10.0,25.466666801752083,Selected lowest-risk action
1768694283.2033112,25.46666678794836,24.0,25.466666797610962,-2.034886694670142e-08,60.0,80.0,10.0,safe,60.0,80.0,10.0,25.466666797610962,Selected lowest-risk action
1768694283.407532,25.46666678423312,24.0,25.466666793597607,-1.965204100695424e-08,60.0,80.0,10.0,safe,60.0,80.0,10.0,25.466666793597607,Selected lowest-risk action
1768694283.61075,25.466666780649394,24.0,25.466666789713145,-1.911475779539578e-08,60.0,80.0,10.0,safe,60.0,80.0,10.0,25.466666789713145,Selected lowest-risk action
1768694283.811444,25.46666677721803,24.0,25.466666785964605,-1.8677876193140827e-08,60.0,80.0,10.0,safe,60.0,80.0,10.0,25.466666785964605,Selected lowest-risk action
1768694284.012876,25.466666773877748,24.0,25.466666782338546,-1.8001408111211162e-08,60.0,80.0,10.0,safe,60.0,80.0,10.0,25.466666782338546,Selected lowest-risk action
1768694284.217917,25.46666677058036,24.0,25.46666677881109,-1.7203674446770706e-08,60.0,80.0,10.0,safe,60.0,80.0,10.0,25.46666677881109,Selected lowest-risk action
1768694284.419996,25.466666767430514,24.0,25.466666775396913,-1.6895247077380883e-08,60.0,80.0,10.0,safe,60.0,80.0,10.0,25.466666775396913,Selected lowest-risk action
1768694284.625054,25.466666764331148,24.0,25.466666772077183,-1.618923691993875e-08,60.0,80.0,10.0,safe,60.0,80.0,10.0,25.466666772077183,Selected lowest-risk action
1768694284.830101,25.466666761327307,24.0,25.466666768852217,-1.572792154951761e-08,60.0,80.0,10.0,safe,60.0,80.0,10.0,25.466666768852217,Selected lowest-risk action
1768694285.035153,25.46666675841574,24.0,25.46666676572127,-1.526904254450049e-08,60.0,80.0,10.0,safe,60.0,80.0,10.0,25.46666676572127,Selected lowest-risk action
1768694285.2366662,25.466666755642432,24.0,25.466666762697617,-1.5004738445854093e-08,60.0,80.0,10.0,safe,60.0,80.0,10.0,25.466666762697617,Selected lowest-risk action
1768694285.439284,25.466666752938217,24.0,25.466666759769794,-1.444997481917276e-08,60.0,80.0,10.0,safe,60.0,80.0,10.0,25.466666759769794,Selected lowest-risk action
1768694285.644327,25.466666750284823,24.0,25.4666667569243,-1.3877552337402702e-08,60.0,80.0,10.0,safe,60.0,80.0,10.0,25.4666667569243,Selected lowest-risk action
1768694285.8493838,25.466666747712846,24.0,25.466666754160862,-1.3476450574268017e-08,60.0,80.0,10.0,safe,60.0,80.0,10.0,25.466666754160862,Selected lowest-risk action
1768694286.052078,25.4666667452487,24.0,25.46666675148721,-1.3190568933424557e-08,60.0,80.0,10.0,safe,60.0,80.0,10.0,25.46666675148721,Selected lowest-risk action
1768694286.253342,25.466666742876324,24.0,25.466666748903943,-1.2835222188485714e-08,60.0,80.0,10.0,safe,60.0,80.0,10.0,25.466666748903943,Selected lowest-risk action
1768694286.458387,25.466666740532386,24.0,25.466666746392473,-1.2248386105118374e-08,60.0,80.0,10.0,safe,60.0,80.0,10.0,25.466666746392473,Selected lowest-risk action
1768694286.6634371,25.466666738260464,24.0,25.46666674395287,-1.1897583814669343e-08,60.0,80.0,10.0,safe,60.0,80.0,10.0,25.46666674395287,Selected lowest-risk action
1768694286.8672168,25.466666736072053,24.0,25.466666741588625,-1.160196878328536e-08,60.0,80.0,10.0,safe,60.0,80.0,10.0,25.466666741588625,Selected lowest-risk action
1768694287.070019,25.4666667339607,24.0,25.466666739300248,-1.1283791295866688e-08,60.0,80.0,10.0,safe,60.0,80.0,10.0,25.466666739300248,Selected lowest-risk action
1768694287.275121,25.46666673189039,24.0,25.46666673707729,-1.0838305706552479e-08,60.0,80.0,10.0,safe,60.0,80.0,10.0,25.46666673707729,Selected lowest-risk action
1768694287.480169,25.466666729884288,24.0,25.466666734919386,-1.0523892897836935e-08,60.0,80.0,10.0,safe,60.0,80.0,10.0,25.466666734919386,Selected lowest-risk action
1768694287.683629,25.466666727954962,24.0,25.466666732830056,-1.0268995493336026e-08,60.0,80.0,10.0,safe,60.0,80.0,10.0,25.466666732830056,Selected lowest-risk action
1768694287.887032,25.466666726085037,24.0,25.466666730806548,-9.948272695375202e-09,60.0,80.0,10.0,safe,60.0,80.0,10.0,25.466666730806548,Selected lowest-risk action
1768694288.092075,25.46666672425753,24.0,25.46666672884184,-9.581925574121385e-09,60.0,80.0,10.0,safe,60.0,80.0,10.0,25.46666672884184,Selected lowest-risk action
1768694288.297193,25.466666722485584,24.0,25.46666672693496,-9.296505117268896e-09,60.0,80.0,10.0,safe,60.0,80.0,10.0,25.46666672693496,Selected lowest-risk action
1768694288.5022368,25.466666720768792,24.0,25.46666672508511,-9.02174019848579e-09,60.0,80.0,10.0,safe,60.0,80.0,10.0,25.46666672508511,Selected lowest-risk action
1768694288.703379,25.466666719136445,24.0,25.466666723300506,-8.872349101766901e-09,60.0,80.0,10.0,safe,60.0,80.0,10.0,25.466666723300506,Selected lowest-risk action
1768694288.908427,25.46666671752264,24.0,25.466666721567144,-8.453441078092126e-09,60.0,80.0,10.0,safe,60.0,80.0,10.0,25.466666721567144,Selected lowest-risk action
1768694289.113476,25.466666715958443,24.0,25.466666719884532,-8.205897479532032e-09,60.0,80.0,10.0,safe,60.0,80.0,10.0,25.466666719884532,Selected lowest-risk action
1768694289.3177228,25.466666714448287,24.0,25.46666671825366,-7.984818064810921e-09,60.0,80.0,10.0,safe,60.0,80.0,10.0,25.46666671825366,Selected lowest-risk action
1768694289.52004,25.466666712998233,24.0,25.466666716677032,-7.79284477099025e-09,60.0,80.0,10.0,safe,60.0,80.0,10.0,25.466666716677032,Selected lowest-risk action
1768694289.725104,25.466666711573087,24.0,25.46666671514585,-7.466857337610816e-09,60.0,80.0,10.0,safe,60.0,80.0,10.0,25.46666671514585,Selected lowest-risk action
1768694289.930149,25.466666710191916,24.0,25.466666713659666,-7.248077028460855e-09,60.0,80.0,10.0,safe,60.0,80.0,10.0,25.466666713659666,Selected lowest-risk action
1768694290.135191,25.466666708853243,24.0,25.466666712217737,-7.0323643387775075e-09,60.0,80.0,10.0,safe,60.0,80.0,10.0,25.466666712217737,Selected lowest-risk action
1768694290.338505,25.46666670756668,24.0,25.46666671082242,-6.862868207387633e-09,60.0,80.0,10.0,safe,60.0,80.0,10.0,25.46666671082242,Selected lowest-risk action
1768694290.542298,25.46666670631641,24.0,25.466666709470616,-6.633219384276284e-09,60.0,80.0,10.0,safe,60.0,80.0,10.0,25.466666709470616,Selected lowest-risk action
1768694290.747338,25.46666670509694,24.0,25.466666708158513,-6.399251693903014e-09,60.0,80.0,10.0,safe,60.0,80.0,10.0,25.466666708158513,Selected lowest-risk action
1768694290.952378,25.466666703914974,24.0,25.46666670688545,-6.208846042322558e-09,60.0,80.0,10.0,safe,60.0,80.0,10.0,25.46666670688545,Selected lowest-risk action
1768694291.15742,25.46666670276936,24.0,25.46666670565062,-6.0223349094315466e-09,60.0,80.0,10.0,safe,60.0,80.0,10.0,25.46666670565062,Selected lowest-risk action
1768694291.36247,25.466666701658927,24.0,25.46666670445311,-5.8400863009586e-09,60.0,80.0,10.0,safe,60.0,80.0,10.0,25.46666670445311,Selected lowest-risk action
1768694291.567513,25.466666700582692,24.0,25.466666703291985,-5.6628408066655294e-09,60.0,80.0,10.0,safe,60.0,80.0,10.0,25.466666703291985,Selected lowest-risk action
1768694291.772557,25.46666669953954,24.0,25.46666670216625,-5.490206987594119e-09,60.0,80.0,10.0,safe,60.0,80.0,10.0,25.46666670216625,Selected lowest-risk action
1768694291.977598,25.466666698528503,24.0,25.46666670107492,-5.322496753327322e-09,60.0,80.0,10.0,safe,60.0,80.0,10.0,25.46666670107492,Selected lowest-risk action
1768694292.179573,25.466666697563205,24.0,25.466666700021406,-5.216061640098444e-09,60.0,80.0,10.0,safe,60.0,80.0,10.0,25.466666700021406,Selected lowest-risk action
1768694292.380078,25.466666696633972,24.0,25.466666699005174,-5.068364076312201e-09,60.0,80.0,10.0,safe,60.0,80.0,10.0,25.466666699005174,Selected lowest-risk action
1768694292.5851252,25.46666669571226,24.0,25.4666666980173,-4.817793197776434e-09,60.0,80.0,10.0,safe,60.0,80.0,10.0,25.4666666980173,Selected lowest-risk action
1768694292.786763,25.46666669483375,24.0,25.46666669706223,-4.736558194009528e-09,60.0,80.0,10.0,safe,60.0,80.0,10.0,25.46666669706223,Selected lowest-risk action
1768694292.988254,25.46666669398244,24.0,25.466666696138294,-4.585494856768595e-09,60.0,80.0,10.0,safe,60.0,80.0,10.0,25.466666696138294,Selected lowest-risk action
1768694293.190903,25.466666693152128,24.0,25.46666669524244,-4.420711773273e-09,60.0,80.0,10.0,safe,60.0,80.0,10.0,25.46666669524244,Selected lowest-risk action
1768694293.395943,25.466666692337537,24.0,25.466666694370968,-4.2502616727074916e-09,60.0,80.0,10.0,safe,60.0,80.0,10.0,25.466666694370968,Selected lowest-risk action
1768694293.600987,25.46666669154799,24.0,25.466666693524076,-4.13029498745747e-09,60.0,80.0,10.0,safe,60.0,80.0,10.0,25.466666693524076,Selected lowest-risk action
1768694293.802652,25.466666690795336,24.0,25.466666692705452,-4.059324609039923e-09,60.0,80.0,10.0,safe,60.0,80.0,10.0,25.466666692705452,Selected lowest-risk action
1768694294.007205,25.46666669005499,24.0,25.466666691910312,-3.887205071946915e-09,60.0,80.0,10.0,safe,60.0,80.0,10.0,25.466666691910312,Selected lowest-risk action
1768694294.208989,25.466666689347083,24.0,25.46666669114134,-3.810862423111611e-09,60.0,80.0,10.0,safe,60.0,80.0,10.0,25.46666669114134,Selected lowest-risk action
1768694294.4108338,25.466666688660396,24.0,25.466666690397055,-3.6874169090545774e-09,60.0,80.0,10.0,safe,60.0,80.0,10.0,25.466666690397055,Selected lowest-risk action
1768694294.614778,25.466666687987573,24.0,25.46666668967421,-3.5443310529104675e-09,60.0,80.0,10.0,safe,60.0,80.0,10.0,25.46666668967421,Selected lowest-risk action
1768694294.819818,25.46666668733183,24.0,25.466666688971497,-3.4271977668584777e-09,60.0,80.0,10.0,safe,60.0,80.0,10.0,25.466666688971497,Selected lowest-risk action
1768694295.021495,25.46666668670667,24.0,25.466666688292044,-3.369014094139545e-09,60.0,80.0,10.0,safe,60.0,80.0,10.0,25.466666688292044,Selected lowest-risk action
1768694295.224185,25.466666686097383,24.0,25.466666687633644,-3.2483098677839248e-09,60.0,80.0,10.0,safe,60.0,80.0,10.0,25.466666687633644,Selected lowest-risk action
1768694295.4273112,25.466666685505352,24.0,25.466666686995154,-3.1433176739135007e-09,60.0,80.0,10.0,safe,60.0,80.0,10.0,25.466666686995154,Selected lowest-risk action
1768694295.631542,25.466666684928235,24.0,25.466666686375078,-3.0361555605837394e-09,60.0,80.0,10.0,safe,60.0,80.0,10.0,25.466666686375078,Selected lowest-risk action
1768694295.8325171,25.466666684377717,24.0,25.466666685775866,-2.981519151692005e-09,60.0,80.0,10.0,safe,60.0,80.0,10.0,25.466666685775866,Selected lowest-risk action
1768694296.035975,25.4666666838372,24.0,25.466666685194262,-2.858597732692284e-09,60.0,80.0,10.0,safe,60.0,80.0,10.0,25.466666685194262,Selected lowest-risk action
1768694296.237376,25.466666683318472,24.0,25.466666684631523,-2.794123176351796e-09,60.0,80.0,10.0,safe,60.0,80.0,10.0,25.466666684631523,Selected lowest-risk action
1768694296.442417,25.46666668280633,24.0,25.466666684083965,-2.6704835882630503e-09,60.0,80.0,10.0,safe,60.0,80.0,10.0,25.466666684083965,Selected lowest-risk action
1768694296.647535,25.46666668230975,24.0,25.4666666835517,-2.5949138804049872e-09,60.0,80.0,10.0,safe,60.0,80.0,10.0,25.4666666835517,Selected lowest-risk action
1768694296.852067,25.46666668182982,24.0,25.466666683035132,-2.5256114147342344e-09,60.0,80.0,10.0,safe,60.0,80.0,10.0,25.466666683035132,Selected lowest-risk action
1768694297.0571148,25.466666681363446,24.0,25.466666682533628,-2.4457931443150774e-09,60.0,80.0,10.0,safe,60.0,80.0,10.0,25.466666682533628,Selected lowest-risk action
1768694297.260577,25.46666668091491,24.0,25.46666668204801,-2.386767968419585e-09,60.0,80.0,10.0,safe,60.0,80.0,10.0,25.46666668204801,Selected lowest-risk action
1768694297.46475,25.466666680478543,24.0,25.46666668157717,-2.306088173978156e-09,60.0,80.0,10.0,safe,60.0,80.0,10.0,25.46666668157717,Selected lowest-risk action
1768694297.669796,25.466666680053734,24.0,25.466666681120138,-2.2289236701958013e-09,60.0,80.0,10.0,safe,60.0,80.0,10.0,25.466666681120138,Selected lowest-risk action
1768694297.870187,25.466666679651336,24.0,25.466666680679495,-2.1989159119060238e-09,60.0,80.0,10.0,safe,60.0,80.0,10.0,25.466666680679495,Selected lowest-risk action
1768694298.075231,25.466666679251972,24.0,25.466666680251237,-2.088616358689621e-09,60.0,80.0,10.0,safe,60.0,80.0,10.0,25.466666680251237,Selected lowest-risk action
1768694298.280279,25.466666678864886,24.0,25.46666667983533,-2.028334072622985e-09,60.0,80.0,10.0,safe,60.0,80.0,10.0,25.46666667983533,Selected lowest-risk action
1768694298.4853241,25.46666667848971,24.0,25.466666679431643,-1.968774222211201e-09,60.0,80.0,10.0,safe,60.0,80.0,10.0,25.466666679431643,Selected lowest-risk action
1768694298.6890619,25.466666678128387,24.0,25.466666679040664,-1.919034250722763e-09,60.0,80.0,10.0,safe,60.0,80.0,10.0,25.466666679040664,Selected lowest-risk action
1768694298.891992,25.4666666777795,24.0,25.466666678662314,-1.864433058881444e-09,60.0,80.0,10.0,safe,60.0,80.0,10.0,25.466666678662314,Selected lowest-risk action
1768694299.0970418,25.466666677437697,24.0,25.466666678294928,-1.7916925809999594e-09,60.0,80.0,10.0,safe,60.0,80.0,10.0,25.466666678294928,Selected lowest-risk action
1768694299.30209,25.46666667710641,24.0,25.46666667793837,-1.7388967642406445e-09,60.0,80.0,10.0,safe,60.0,80.0,10.0,25.46666667793837,Selected lowest-risk action
1768694299.5067148,25.466666676785977,24.0,25.46666667759265,-1.689538703463294e-09,60.0,80.0,10.0,safe,60.0,80.0,10.0,25.46666667759265,Selected lowest-risk action
1768694299.711825,25.466666676474638,24.0,25.466666677257244,-1.6352419358832788e-09,60.0,80.0,10.0,safe,60.0,80.0,10.0,25.466666677257244,Selected lowest-risk action
1768694299.916637,25.46666667617332,24.0,25.466666676932064,-1.5876989817435148e-09,60.0,80.0,10.0,safe,60.0,80.0,10.0,25.466666676932064,Selected lowest-risk action
1768694300.118665,25.466666675885225,24.0,25.46666667661801,-1.5545009980489507e-09,60.0,80.0,10.0,safe,60.0,80.0,10.0,25.46666667661801,Selected lowest-risk action
1768694300.3201542,25.46666667560661,24.0,25.46666667631459,-1.505902297486298e-09,60.0,80.0,10.0,safe,60.0,80.0,10.0,25.46666667631459,Selected lowest-risk action
1768694300.525197,25.46666667533165,24.0,25.466666676019706,-1.438149911177685e-09,60.0,80.0,10.0,safe,60.0,80.0,10.0,25.466666676019706,Selected lowest-risk action
1768694300.725282,25.466666675071586,24.0,25.46666667573527,-1.4215831751523515e-09,60.0,80.0,10.0,safe,60.0,80.0,10.0,25.46666667573527,Selected lowest-risk action
1768694300.929489,25.466666674814135,24.0,25.466666675458924,-1.353256045260916e-09,60.0,80.0,10.0,safe,60.0,80.0,10.0,25.466666675458924,Selected lowest-risk action
1768694301.1345322,25.466666674563548,24.0,25.46666667519031,-1.3100333198580878e-09,60.0,80.0,10.0,safe,60.0,80.0,10.0,25.46666667519031,Selected lowest-risk action
1768694301.33682,25.466666674323932,24.0,25.466666674930394,-1.2848856663656036e-09,60.0,80.0,10.0,safe,60.0,80.0,10.0,25.466666674930394,Selected lowest-risk action
1768694301.5418618,25.466666674088422,24.0,25.4666666746778,-1.2319160516197228e-09,60.0,80.0,10.0,safe,60.0,80.0,10.0,25.4666666746778,Selected lowest-risk action
1768694301.742574,25.466666673864975,24.0,25.466666674433952,-1.2149117190539404e-09,60.0,80.0,10.0,safe,60.0,80.0,10.0,25.466666674433952,Selected lowest-risk action
1768694301.946986,25.466666673644262,24.0,25.466666674197043,-1.158978817740075e-09,60.0,80.0,10.0,safe,60.0,80.0,10.0,25.466666674197043,Selected lowest-risk action
1768694302.152024,25.46666667342966,24.0,25.466666673966827,-1.1227956136351595e-09,60.0,80.0,10.0,safe,60.0,80.0,10.0,25.466666673966827,Selected lowest-risk action
1768694302.353512,25.466666673225262,24.0,25.466666673744356,-1.1041397534957203e-09,60.0,80.0,10.0,safe,60.0,80.0,10.0,25.466666673744356,Selected lowest-risk action
1768694302.558557,25.466666673023543,24.0,25.46666667352811,-1.0546299213008974e-09,60.0,80.0,10.0,safe,60.0,80.0,10.0,25.46666667352811,Selected lowest-risk action
1768694302.7635999,25.466666672828026,24.0,25.46666667331808,-1.0243192507289267e-09,60.0,80.0,10.0,safe,60.0,80.0,10.0,25.46666667331808,Selected lowest-risk action
1768694302.968638,25.46666667263853,24.0,25.466666673114215,-9.942805663152217e-10,60.0,80.0,10.0,safe,60.0,80.0,10.0,25.466666673114215,Selected lowest-risk action
1768694303.173755,25.466666672454792,24.0,25.46666667291639,-9.644533027212095e-10,60.0,80.0,10.0,safe,60.0,80.0,10.0,25.46666667291639,Selected lowest-risk action
1768694303.378398,25.466666672277118,24.0,25.466666672724607,-9.37156801908677e-10,60.0,80.0,10.0,safe,60.0,80.0,10.0,25.466666672724607,Selected lowest-risk action
1768694303.5826051,25.466666672105262,24.0,25.4666666725388,-9.098941753403444e-10,60.0,80.0,10.0,safe,60.0,80.0,10.0,25.4666666725388,Selected lowest-risk action
1768694303.784071,25.466666671940906,24.0,25.46666667235943,-8.903216727336401e-10,60.0,80.0,10.0,safe,60.0,80.0,10.0,25.46666667235943,Selected lowest-risk action
1768694303.988099,25.466666671779493,24.0,25.466666672185447,-8.527426813076478e-10,60.0,80.0,10.0,safe,60.0,80.0,10.0,25.466666672185447,Selected lowest-risk action
1768694304.193141,25.466666671622242,24.0,25.466666672016483,-8.240438754269735e-10,60.0,80.0,10.0,safe,60.0,80.0,10.0,25.466666672016483,Selected lowest-risk action
1768694304.394691,25.466666671472424,24.0,25.466666671853265,-8.098177438396202e-10,60.0,80.0,10.0,safe,60.0,80.0,10.0,25.466666671853265,Selected lowest-risk action
1768694304.5997179,25.46666667132463,24.0,25.466666671694675,-7.735063690493758e-10,60.0,80.0,10.0,safe,60.0,80.0,10.0,25.466666671694675,Selected lowest-risk action
1768694304.804758,25.46666667118137,24.0,25.46666667154068,-7.5105230471653e-10,60.0,80.0,10.0,safe,60.0,80.0,10.0,25.46666667154068,Selected lowest-risk action
1768694305.008963,25.46666667104308,24.0,25.466666671391398,-7.310371912185255e-10,60.0,80.0,10.0,safe,60.0,80.0,10.0,25.466666671391398,Selected lowest-risk action
1768694305.2138398,25.466666670908584,24.0,25.466666671246553,-7.06982121658727e-10,60.0,80.0,10.0,safe,60.0,80.0,10.0,25.466666671246553,Selected lowest-risk action
1768694305.414515,25.466666670780896,24.0,25.466666671106857,-6.961309637876086e-10,60.0,80.0,10.0,safe,60.0,80.0,10.0,25.466666671106857,Selected lowest-risk action
1768694305.619566,25.46666667065435,24.0,25.466666670971104,-6.62043972506253e-10,60.0,80.0,10.0,safe,60.0,80.0,10.0,25.466666670971104,Selected lowest-risk action
1768694305.820212,25.466666670534334,24.0,25.46666667084007,-6.530645440221052e-10,60.0,80.0,10.0,safe,60.0,80.0,10.0,25.46666667084007,Selected lowest-risk action
1768694306.025259,25.466666670415375,24.0,25.46666667071266,-6.213740728753165e-10,60.0,80.0,10.0,safe,60.0,80.0,10.0,25.46666667071266,Selected lowest-risk action
1768694306.230289,25.466666670300086,24.0,25.466666670588886,-6.036824529017213e-10,60.0,80.0,10.0,safe,60.0,80.0,10.0,25.466666670588886,Selected lowest-risk action
1768694306.435332,25.466666670188335,24.0,25.46666667046872,-5.860572761350156e-10,60.0,80.0,10.0,safe,60.0,80.0,10.0,25.46666667046872,Selected lowest-risk action
1768694306.636648,25.466666670081988,24.0,25.466666670352698,-5.763130594133955e-10,60.0,80.0,10.0,safe,60.0,80.0,10.0,25.466666670352698,Selected lowest-risk action
1768694306.840089,25.466666669977766,24.0,25.466666670240215,-5.528993108569973e-10,60.0,80.0,10.0,safe,60.0,80.0,10.0,25.466666670240215,Selected lowest-risk action
1768694307.045131,25.466666669875927,24.0,25.466666670130927,-5.330061123212129e-10,60.0,80.0,10.0,safe,60.0,80.0,10.0,25.466666670130927,Selected lowest-risk action
1768694307.2473521,25.46666666977858,24.0,25.46666667002522,-5.227318710148273e-10,60.0,80.0,10.0,safe,60.0,80.0,10.0,25.46666667002522,Selected lowest-risk action
1768694307.452398,25.466666669682866,24.0,25.46666666992251,-5.009070319050443e-10,60.0,80.0,10.0,safe,60.0,80.0,10.0,25.46666666992251,Selected lowest-risk action
1768694307.657444,25.466666669590097,24.0,25.466666669822786,-4.863528324308058e-10,60.0,80.0,10.0,safe,60.0,80.0,10.0,25.466666669822786,Selected lowest-risk action
1768694307.862494,25.466666669500178,24.0,25.466666669726003,-4.719972201855233e-10,60.0,80.0,10.0,safe,60.0,80.0,10.0,25.466666669726003,Selected lowest-risk action
1768694308.063061,25.466666669414934,24.0,25.46666666963268,-4.652942888287279e-10,60.0,80.0,10.0,safe,60.0,80.0,10.0,25.46666666963268,Selected lowest-risk action
1768694308.2662468,25.466666669331172,24.0,25.466666669542224,-4.451868409519048e-10,60.0,80.0,10.0,safe,60.0,80.0,10.0,25.466666669542224,Selected lowest-risk action
1768694308.4694579,25.466666669249953,24.0,25.466666669454543,-4.31477350018784e-10,60.0,80.0,10.0,safe,60.0,80.0,10.0,25.466666669454543,Selected lowest-risk action
1768694308.674498,25.4666666691705,24.0,25.46666666936933,-4.1558597168426085e-10,60.0,80.0,10.0,safe,60.0,80.0,10.0,25.46666666936933,Selected lowest-risk action
1768694308.879534,25.466666669093495,24.0,25.466666669286578,-4.0360419646468996e-10,60.0,80.0,10.0,safe,60.0,80.0,10.0,25.466666669286578,Selected lowest-risk action
1768694309.082962,25.466666669019443,24.0,25.466666669206436,-3.9395807529990473e-10,60.0,80.0,10.0,safe,60.0,80.0,10.0,25.466666669206436,Selected lowest-risk action
1768694309.286918,25.46666666894746,24.0,25.46666666912874,-3.809367599952942e-10,60.0,80.0,10.0,safe,60.0,80.0,10.0,25.46666666912874,Selected lowest-risk action
1768694309.488291,25.466666668878567,24.0,25.466666669053687,-3.7271427550996374e-10,60.0,80.0,10.0,safe,60.0,80.0,10.0,25.466666669053687,Selected lowest-risk action
1768694309.6908338,25.466666668811367,24.0,25.46666666898099,-3.58914924732746e-10,60.0,80.0,10.0,safe,60.0,80.0,10.0,25.46666666898099,Selected lowest-risk action
1768694309.895859,25.46666666874541,24.0,25.466666668910314,-3.4472683006263856e-10,60.0,80.0,10.0,safe,60.0,80.0,10.0,25.466666668910314,Selected lowest-risk action
1768694310.099255,25.466666668681988,24.0,25.466666668841818,-3.3676322119479173e-10,60.0,80.0,10.0,safe,60.0,80.0,10.0,25.466666668841818,Selected lowest-risk action
1768694310.300073,25.46666666862128,24.0,25.466666668775655,-3.29463718492807e-10,60.0,80.0,10.0,safe,60.0,80.0,10.0,25.466666668775655,Selected lowest-risk action
1768694310.503884,25.466666668561523,24.0,25.466666668711415,-3.151945458096e-10,60.0,80.0,10.0,safe,60.0,80.0,10.0,25.466666668711415,Selected lowest-risk action
1768694310.7086809,25.46666666850331,24.0,25.466666668648983,-3.04847732961751e-10,60.0,80.0,10.0,safe,60.0,80.0,10.0,25.466666668648983,Selected lowest-risk action
1768694310.912862,25.46666666844706,24.0,25.466666668588406,-2.966841346153265e-10,60.0,80.0,10.0,safe,60.0,80.0,10.0,25.466666668588406,Selected lowest-risk action
1768694311.117897,25.466666668392307,24.0,25.466666668529573,-2.869409943383701e-10,60.0,80.0,10.0,safe,60.0,80.0,10.0,25.466666668529573,Selected lowest-risk action
1768694311.321994,25.466666668339478,24.0,25.46666666847254,-2.7943430619282446e-10,60.0,80.0,10.0,safe,60.0,80.0,10.0,25.46666666847254,Selected lowest-risk action
1768694311.522321,25.46666666828921,24.0,25.46666666841754,-2.7456675966060496e-10,60.0,80.0,10.0,safe,60.0,80.0,10.0,25.46666666841754,Selected lowest-risk action
1768694311.7273679,25.466666668239306,24.0,25.466666668364066,-2.6077885411840886e-10,60.0,80.0,10.0,safe,60.0,80.0,10.0,25.466666668364066,Selected lowest-risk action
1768694311.932412,25.466666668190935,24.0,25.466666668312126,-2.5331473291115495e-10,60.0,80.0,10.0,safe,60.0,80.0,10.0,25.466666668312126,Selected lowest-risk action
1768694312.137436,25.466666668144057,24.0,25.466666668261702,-2.459403009586558e-10,60.0,80.0,10.0,safe,60.0,80.0,10.0,25.466666668261702,Selected lowest-risk action
1768694312.342479,25.46666666809862,24.0,25.466666668212774,-2.386228951907354e-10,60.0,80.0,10.0,safe,60.0,80.0,10.0,25.466666668212774,Selected lowest-risk action
1768694312.544668,25.46666666805519,24.0,25.466666668165498,-2.3382067398375406e-10,60.0,80.0,10.0,safe,60.0,80.0,10.0,25.466666668165498,Selected lowest-risk action
1768694312.74971,25.466666668012483,24.0,25.466666668119593,-2.2387894055260534e-10,60.0,80.0,10.0,safe,60.0,80.0,10.0,25.466666668119593,Selected lowest-risk action
1768694312.952607,25.466666667971523,24.0,25.46666666807517,-2.189444314678319e-10,60.0,80.0,10.0,safe,60.0,80.0,10.0,25.46666666807517,Selected lowest-risk action
1768694313.157652,25.466666667931392,24.0,25.466666668032033,-2.1037846659058122e-10,60.0,80.0,10.0,safe,60.0,80.0,10.0,25.466666668032033,Selected lowest-risk action
1768694313.3614469,25.46666666789273,24.0,25.466666667990243,-2.0506185129148152e-10,60.0,80.0,10.0,safe,60.0,80.0,10.0,25.466666667990243,Selected lowest-risk action
1768694313.5664918,25.466666667855023,24.0,25.466666667949674,-1.9785140092224073e-10,60.0,80.0,10.0,safe,60.0,80.0,10.0,25.466666667949674,Selected lowest-risk action
1768694313.771532,25.466666667818473,24.0,25.46666666791031,-1.919821791228522e-10,60.0,80.0,10.0,safe,60.0,80.0,10.0,25.46666666791031,Selected lowest-risk action
1768694313.976574,25.46666666778305,24.0,25.46666666787213,-1.8621080193472708e-10,60.0,80.0,10.0,safe,60.0,80.0,10.0,25.46666666787213,Selected lowest-risk action
1768694314.181622,25.46666666774871,24.0,25.466666667835103,-1.8057414237376694e-10,60.0,80.0,10.0,safe,60.0,80.0,10.0,25.466666667835103,Selected lowest-risk action
1768694314.385974,25.466666667715543,24.0,25.46666666779923,-1.7553910515319991e-10,60.0,80.0,10.0,safe,60.0,80.0,10.0,25.46666666779923,Selected lowest-risk action
1768694314.5875351,25.466666667683832,24.0,25.46666666776461,-1.7176516435718736e-10,60.0,80.0,10.0,safe,60.0,80.0,10.0,25.46666666776461,Selected lowest-risk action
1768694314.7925708,25.466666667652547,24.0,25.46666666773099,-1.6396818581944783e-10,60.0,80.0,10.0,safe,60.0,80.0,10.0,25.46666666773099,Selected lowest-risk action
1768694314.9962409,25.466666667622427,24.0,25.46666666769842,-1.5992180993614933e-10,60.0,80.0,10.0,safe,60.0,80.0,10.0,25.46666666769842,Selected lowest-risk action
1768694315.201287,25.46666666759303,24.0,25.4666666676668,-1.542050294121854e-10,60.0,80.0,10.0,safe,60.0,80.0,10.0,25.4666666676668,Selected lowest-risk action
1768694315.402252,25.466666667565107,24.0,25.46666666763629,-1.5182104373521626e-10,60.0,80.0,10.0,safe,60.0,80.0,10.0,25.46666666763629,Selected lowest-risk action
1768694315.602468,25.466666667538124,24.0,25.466666667606837,-1.4710107243675574e-10,60.0,80.0,10.0,safe,60.0,80.0,10.0,25.466666667606837,Selected lowest-risk action
1768694315.802688,25.46666666751195,24.0,25.46666666757837,-1.421831647536343e-10,60.0,80.0,10.0,safe,60.0,80.0,10.0,25.46666666757837,Selected lowest-risk action
1768694316.0077162,25.466666667485956,24.0,25.46666666755064,-1.35244407085963e-10,60.0,80.0,10.0,safe,60.0,80.0,10.0,25.46666666755064,Selected lowest-risk action
1768694316.209714,25.466666667461133,24.0,25.46666666752379,-1.3292924826861406e-10,60.0,80.0,10.0,safe,60.0,80.0,10.0,25.46666666752379,Selected lowest-risk action
1768694316.41149,25.46666666743709,24.0,25.466666667497776,-1.2892002015969626e-10,60.0,80.0,10.0,safe,60.0,80.0,10.0,25.466666667497776,Selected lowest-risk action
1768694316.614825,25.46666666741359,24.0,25.46666666747252,-1.24209977296172e-10,60.0,80.0,10.0,safe,60.0,80.0,10.0,25.46666666747252,Selected lowest-risk action
1768694316.819944,25.46666666739061,24.0,25.466666667447946,-1.1980427530548618e-10,60.0,80.0,10.0,safe,60.0,80.0,10.0,25.466666667447946,Selected lowest-risk action
1768694317.022308,25.466666667368635,24.0,25.466666667424153,-1.1757278592044524e-10,60.0,80.0,10.0,safe,60.0,80.0,10.0,25.466666667424153,Selected lowest-risk action
1768694317.223571,25.466666667347443,24.0,25.46666666740114,-1.1435030197397302e-10,60.0,80.0,10.0,safe,60.0,80.0,10.0,25.46666666740114,Selected lowest-risk action
1768694317.427089,25.46666666732666,24.0,25.466666667378792,-1.0980148440200483e-10,60.0,80.0,10.0,safe,60.0,80.0,10.0,25.466666667378792,Selected lowest-risk action
1768694317.628299,25.46666666730674,24.0,25.466666667357174,-1.0744128211684652e-10,60.0,80.0,10.0,safe,60.0,80.0,10.0,25.466666667357174,Selected lowest-risk action
1768694317.832578,25.46666666728713,24.0,25.46666666733616,-1.0287061799330641e-10,60.0,80.0,10.0,safe,60.0,80.0,10.0,25.46666666733616,Selected lowest-risk action
1768694318.0376608,25.46666666726804,24.0,25.46666666731572,-9.966097833965631e-11,60.0,80.0,10.0,safe,60.0,80.0,10.0,25.46666666731572,Selected lowest-risk action
1768694318.23792,25.466666667249974,24.0,25.466666667295996,-9.849567705172486e-11,60.0,80.0,10.0,safe,60.0,80.0,10.0,25.466666667295996,Selected lowest-risk action
1768694318.442774,25.46666666723205,24.0,25.46666666727681,-9.365036945925064e-11,60.0,80.0,10.0,safe,60.0,80.0,10.0,25.46666666727681,Selected lowest-risk action
1768694318.647819,25.46666666721466,24.0,25.466666667258167,-9.092951677379098e-11,60.0,80.0,10.0,safe,60.0,80.0,10.0,25.466666667258167,Selected lowest-risk action
1768694318.852872,25.466666667197806,24.0,25.466666667240055,-8.832715127914683e-11,60.0,80.0,10.0,safe,60.0,80.0,10.0,25.466666667240055,Selected lowest-risk action
1768694319.057823,25.466666667181478,24.0,25.46666666722248,-8.575352382599005e-11,60.0,80.0,10.0,safe,60.0,80.0,10.0,25.46666666722248,Selected lowest-risk action
1768694319.26285,25.466666667165647,24.0,25.46666666720543,-8.315716634448547e-11,60.0,80.0,10.0,safe,60.0,80.0,10.0,25.46666666720543,Selected lowest-risk action
1768694319.4653308,25.46666666715049,24.0,25.466666667188946,-8.141311195721144e-11,60.0,80.0,10.0,safe,60.0,80.0,10.0,25.466666667188946,Selected lowest-risk action
1768694319.670382,25.46666666713561,24.0,25.466666667172944,-7.803623524887576e-11,60.0,80.0,10.0,safe,60.0,80.0,10.0,25.466666667172944,Selected lowest-risk action
1768694319.8754208,25.466666667121185,24.0,25.466666667157412,-7.575378547491782e-11,60.0,80.0,10.0,safe,60.0,80.0,10.0,25.466666667157412,Selected lowest-risk action
1768694320.080056,25.466666667107233,24.0,25.466666667142356,-7.35768076266004e-11,60.0,80.0,10.0,safe,60.0,80.0,10.0,25.466666667142356,Selected lowest-risk action
1768694320.281168,25.466666667093943,24.0,25.46666666712783,-7.223360080808876e-11,60.0,80.0,10.0,safe,60.0,80.0,10.0,25.46666666712783,Selected lowest-risk action
1768694320.486217,25.4666666670808,24.0,25.466666667113717,-6.881953153460997e-11,60.0,80.0,10.0,safe,60.0,80.0,10.0,25.466666667113717,Selected lowest-risk action
1768694320.691274,25.466666667068065,24.0,25.46666666710002,-6.678980735576797e-11,60.0,80.0,10.0,safe,60.0,80.0,10.0,25.46666666710002,Selected lowest-risk action
1768694320.894884,25.466666667055804,24.0,25.466666667086756,-6.515309184842108e-11,60.0,80.0,10.0,safe,60.0,80.0,10.0,25.466666667086756,Selected lowest-risk action
1768694321.0966039,25.46666666704403,24.0,25.466666667073934,-6.356215975032466e-11,60.0,80.0,10.0,safe,60.0,80.0,10.0,25.466666667073934,Selected lowest-risk action
1768694321.2978098,25.46666666703264,24.0,25.466666667061546,-6.157030364637694e-11,60.0,80.0,10.0,safe,60.0,80.0,10.0,25.466666667061546,Selected lowest-risk action
1768694321.5013802,25.466666667021464,24.0,25.46666666704952,-5.907508074287605e-11,60.0,80.0,10.0,safe,60.0,80.0,10.0,25.46666666704952,Selected lowest-risk action
1768694321.702864,25.46666666701074,24.0,25.466666667037885,-5.774728063701487e-11,60.0,80.0,10.0,safe,60.0,80.0,10.0,25.466666667037885,Selected lowest-risk action
1768694321.906837,25.466666667000215,24.0,25.46666666702658,-5.54226877283811e-11,60.0,80.0,10.0,safe,60.0,80.0,10.0,25.46666666702658,Selected lowest-risk action
1768694322.107146,25.466666666990193,24.0,25.466666667015662,-5.450322778801325e-11,60.0,80.0,10.0,safe,60.0,80.0,10.0,25.466666667015662,Selected lowest-risk action
1768694322.312191,25.46666666698024,24.0,25.466666667005036,-5.182358701798949e-11,60.0,80.0,10.0,safe,60.0,80.0,10.0,25.466666667005036,Selected lowest-risk action
1768694322.517233,25.466666666970596,24.0,25.4666666669947,-5.0403575214303624e-11,60.0,80.0,10.0,safe,60.0,80.0,10.0,25.4666666669947,Selected lowest-risk action
1768694322.720575,25.466666666961327,24.0,25.466666666984686,-4.9252441911990496e-11,60.0,80.0,10.0,safe,60.0,80.0,10.0,25.466666666984686,Selected lowest-risk action
1768694322.92489,25.466666666952296,24.0,25.466666666974966,-4.7574711306336927e-11,60.0,80.0,10.0,safe,60.0,80.0,10.0,25.466666666974966,Selected lowest-risk action
1768694323.129936,25.46666666694351,24.0,25.466666666965526,-4.603631905125226e-11,60.0,80.0,10.0,safe,60.0,80.0,10.0,25.466666666965526,Selected lowest-risk action
1768694323.334977,25.466666666934994,24.0,25.466666666956364,-4.468594880829985e-11,60.0,80.0,10.0,safe,60.0,80.0,10.0,25.466666666956364,Selected lowest-risk action
1768694323.536911,25.466666666926866,24.0,25.46666666694751,-4.3842830521242544e-11,60.0,80.0,10.0,safe,60.0,80.0,10.0,25.46666666694751,Selected lowest-risk action
1768694323.7402298,25.46666666691893,24.0,25.466666666938934,-4.218129053291319e-11,60.0,80.0,10.0,safe,60.0,80.0,10.0,25.466666666938934,Selected lowest-risk action
1768694323.9440992,25.466666666911213,24.0,25.466666666930617,-4.079525939351105e-11,60.0,80.0,10.0,safe,60.0,80.0,10.0,25.466666666930617,Selected lowest-risk action
1768694324.149138,25.46666666690369,24.0,25.46666666692254,-3.9401671585078485e-11,60.0,80.0,10.0,safe,60.0,80.0,10.0,25.46666666692254,Selected lowest-risk action
1768694324.35418,25.4666666668964,24.0,25.466666666914694,-3.825746464980672e-11,60.0,80.0,10.0,safe,60.0,80.0,10.0,25.466666666914694,Selected lowest-risk action
1768694324.559215,25.466666666889335,24.0,25.466666666907088,-3.70978664781673e-11,60.0,80.0,10.0,safe,60.0,80.0,10.0,25.466666666907088,Selected lowest-risk action
1768694324.764318,25.466666666882485,24.0,25.466666666899705,-3.599431449045343e-11,60.0,80.0,10.0,safe,60.0,80.0,10.0,25.466666666899705,Selected lowest-risk action
1768694324.9644601,25.466666666876005,24.0,25.466666666892593,-3.553740657363392e-11,60.0,80.0,10.0,safe,60.0,80.0,10.0,25.466666666892593,Selected lowest-risk action
1768694325.166293,25.466666666869667,24.0,25.466666666885715,-3.4077982667597186e-11,60.0,80.0,10.0,safe,60.0,80.0,10.0,25.466666666885715,Selected lowest-risk action
1768694325.3711932,25.46666666686343,24.0,25.46666666687903,-3.263152027639914e-11,60.0,80.0,10.0,safe,60.0,80.0,10.0,25.46666666687903,Selected lowest-risk action
1768694325.575265,25.466666666857407,24.0,25.466666666872538,-3.1806497310158394e-11,60.0,80.0,10.0,safe,60.0,80.0,10.0,25.466666666872538,Selected lowest-risk action
1768694325.780319,25.46666666685154,24.0,25.46666666686624,-3.0718542328714535e-11,60.0,80.0,10.0,safe,60.0,80.0,10.0,25.46666666686624,Selected lowest-risk action
1768694325.981429,25.466666666845963,24.0,25.466666666860153,-3.0261025118712526e-11,60.0,80.0,10.0,safe,60.0,80.0,10.0,25.466666666860153,Selected lowest-risk action
1768694326.1864698,25.46666666684045,24.0,25.466666666854238,-2.8849240511668388e-11,60.0,80.0,10.0,safe,60.0,80.0,10.0,25.466666666854238,Selected lowest-risk action
1768694326.390451,25.46666666683513,24.0,25.466666666848504,-2.8110830657932552e-11,60.0,80.0,10.0,safe,60.0,80.0,10.0,25.466666666848504,Selected lowest-risk action
1768694326.595501,25.46666666682995,24.0,25.466666666842936,-2.71499759206635e-11,60.0,80.0,10.0,safe,60.0,80.0,10.0,25.466666666842936,Selected lowest-risk action
1768694326.7989278,25.46666666682497,24.0,25.466666666837543,-2.651085480918569e-11,60.0,80.0,10.0,safe,60.0,80.0,10.0,25.466666666837543,Selected lowest-risk action
1768694327.0022998,25.466666666820142,24.0,25.466666666832324,-2.5662020100447603e-11,60.0,80.0,10.0,safe,60.0,80.0,10.0,25.466666666832324,Selected lowest-risk action
1768694327.2069492,25.46666666681543,24.0,25.466666666827255,-2.4772714802869424e-11,60.0,80.0,10.0,safe,60.0,80.0,10.0,25.466666666827255,Selected lowest-risk action
1768694327.411495,25.466666666810866,24.0,25.466666666822334,-2.4055785927566103e-11,60.0,80.0,10.0,safe,60.0,80.0,10.0,25.466666666822334,Selected lowest-risk action
1768694327.6136608,25.466666666806493,24.0,25.46666666681758,-2.3513026997468188e-11,60.0,80.0,10.0,safe,60.0,80.0,10.0,25.46666666681758,Selected lowest-risk action
1768694327.8178298,25.46666666680221,24.0,25.46666666681297,-2.258629647749599e-11,60.0,80.0,10.0,safe,60.0,80.0,10.0,25.46666666681297,Selected lowest-risk action
1768694328.022878,25.466666666798044,24.0,25.466666666808493,-2.1831070753305155e-11,60.0,80.0,10.0,safe,60.0,80.0,10.0,25.466666666808493,Selected lowest-risk action
1768694328.2265549,25.46666666679403,24.0,25.46666666680415,-2.1315206996840435e-11,60.0,80.0,10.0,safe,60.0,80.0,10.0,25.46666666680415,Selected lowest-risk action
1768694328.4277601,25.466666666790186,24.0,25.46666666679996,-2.0835450695022056e-11,60.0,80.0,10.0,safe,60.0,80.0,10.0,25.46666666679996,Selected lowest-risk action
1768694328.631486,25.466666666786413,24.0,25.466666666795895,-1.9949874551499517e-11,60.0,80.0,10.0,safe,60.0,80.0,10.0,25.466666666795895,Selected lowest-risk action
1768694328.836527,25.46666666678273,24.0,25.46666666679194,-1.928476277318439e-11,60.0,80.0,10.0,safe,60.0,80.0,10.0,25.46666666679194,Selected lowest-risk action
1768694329.038368,25.466666666779215,24.0,25.46666666678812,-1.8921673604430794e-11,60.0,80.0,10.0,safe,60.0,80.0,10.0,25.46666666678812,Selected lowest-risk action
1768694329.241685,25.466666666775783,24.0,25.46666666678442,-1.820767069781672e-11,60.0,80.0,10.0,safe,60.0,80.0,10.0,25.46666666678442,Selected lowest-risk action
1768694329.444444,25.466666666772465,24.0,25.46666666678083,-1.7697070557923002e-11,60.0,80.0,10.0,safe,60.0,80.0,10.0,25.46666666678083,Selected lowest-risk action
1768694329.647109,25.46666666676925,24.0,25.466666666777353,-1.7161844113948718e-11,60.0,80.0,10.0,safe,60.0,80.0,10.0,25.466666666777353,Selected lowest-risk action
1768694329.852152,25.466666666766095,24.0,25.466666666773975,-1.6477662890385517e-11,60.0,80.0,10.0,safe,60.0,80.0,10.0,25.466666666773975,Selected lowest-risk action
1768694330.05352,25.466666666763093,24.0,25.466666666770706,-1.623147141994161e-11,60.0,80.0,10.0,safe,60.0,80.0,10.0,25.466666666770706,Selected lowest-risk action
1768694330.253812,25.466666666760197,24.0,25.46666666676755,-1.5751043512374588e-11,60.0,80.0,10.0,safe,60.0,80.0,10.0,25.46666666676755,Selected lowest-risk action
1768694330.457917,25.466666666757334,24.0,25.466666666764485,-1.5021647688984563e-11,60.0,80.0,10.0,safe,60.0,80.0,10.0,25.466666666764485,Selected lowest-risk action
1768694330.66004,25.466666666754584,24.0,25.466666666761515,-1.4694367847288624e-11,60.0,80.0,10.0,safe,60.0,80.0,10.0,25.466666666761515,Selected lowest-risk action
1768694330.8650382,25.46666666675188,24.0,25.466666666758627,-1.4089662490155723e-11,60.0,80.0,10.0,safe,60.0,80.0,10.0,25.466666666758627,Selected lowest-risk action
1768694331.065871,25.466666666749312,24.0,25.466666666755827,-1.3939644164747783e-11,60.0,80.0,10.0,safe,60.0,80.0,10.0,25.466666666755827,Selected lowest-risk action
1768694331.269674,25.466666666746786,24.0,25.466666666753113,-1.3318118079881436e-11,60.0,80.0,10.0,safe,60.0,80.0,10.0,25.466666666753113,Selected lowest-risk action
1768694331.4715,25.46666666674436,24.0,25.466666666750484,-1.3026121426036823e-11,60.0,80.0,10.0,safe,60.0,80.0,10.0,25.466666666750484,Selected lowest-risk action
1768694331.6765492,25.46666666674197,24.0,25.466666666747926,-1.2474825048131901e-11,60.0,80.0,10.0,safe,60.0,80.0,10.0,25.466666666747926,Selected lowest-risk action
1768694331.87691,25.466666666739705,24.0,25.466666666745457,-1.2323450070711517e-11,60.0,80.0,10.0,safe,60.0,80.0,10.0,25.466666666745457,Selected lowest-risk action
1768694332.0790331,25.466666666737492,24.0,25.466666666743066,-1.1829303703450566e-11,60.0,80.0,10.0,safe,60.0,80.0,10.0,25.466666666743066,Selected lowest-risk action
1768694332.284074,25.466666666735314,24.0,25.466666666740736,-1.1366414276170881e-11,60.0,80.0,10.0,safe,60.0,80.0,10.0,25.466666666740736,Selected lowest-risk action
1768694332.487249,25.46666666673322,24.0,25.46666666673848,-1.1103605657150172e-11,60.0,80.0,10.0,safe,60.0,80.0,10.0,25.46666666673848,Selected lowest-risk action
1768694332.6922922,25.466666666731175,24.0,25.466666666736288,-1.0690542777912923e-11,60.0,80.0,10.0,safe,60.0,80.0,10.0,25.466666666736288,Selected lowest-risk action
1768694332.893492,25.46666666672923,24.0,25.46666666673417,-1.0523955135939275e-11,60.0,80.0,10.0,safe,60.0,80.0,10.0,25.46666666673417,Selected lowest-risk action
1768694333.097731,25.466666666727313,24.0,25.466666666732113,-1.0071631326585808e-11,60.0,80.0,10.0,safe,60.0,80.0,10.0,25.466666666732113,Selected lowest-risk action
1768694333.301715,25.46666666672546,24.0,25.466666666730113,-9.805572603219177e-12,60.0,80.0,10.0,safe,60.0,80.0,10.0,25.466666666730113,Selected lowest-risk action
1768694333.506757,25.46666666672365,24.0,25.466666666728173,-9.460405660685901e-12,60.0,80.0,10.0,safe,60.0,80.0,10.0,25.466666666728173,Selected lowest-risk action
1768694333.711808,25.4666666667219,24.0,25.46666666672629,-9.18278258690728e-12,60.0,80.0,10.0,safe,60.0,80.0,10.0,25.46666666672629,Selected lowest-risk action
1768694333.912073,25.46666666672024,24.0,25.46666666672447,-9.082915301045749e-12,60.0,80.0,10.0,safe,60.0,80.0,10.0,25.46666666672447,Selected lowest-risk action
1768694334.113441,25.466666666718623,24.0,25.466666666722716,-8.715584117149963e-12,60.0,80.0,10.0,safe,60.0,80.0,10.0,25.466666666722716,Selected lowest-risk action
1768694334.314722,25.466666666717053,24.0,25.466666666721018,-8.436944082634885e-12,60.0,80.0,10.0,safe,60.0,80.0,10.0,25.466666666721018,Selected lowest-risk action
1768694334.519774,25.466666666715504,24.0,25.466666666719362,-8.073880723600962e-12,60.0,80.0,10.0,safe,60.0,80.0,10.0,25.466666666719362,Selected lowest-risk action
1768694334.722292,25.46666666671402,24.0,25.466666666717757,-7.929303525949576e-12,60.0,80.0,10.0,safe,60.0,80.0,10.0,25.466666666717757,Selected lowest-risk action
1768694334.9273238,25.466666666712563,24.0,25.466666666716197,-7.606823716401719e-12,60.0,80.0,10.0,safe,60.0,80.0,10.0,25.466666666716197,Selected lowest-risk action
1768694335.130562,25.466666666711163,24.0,25.466666666714683,-7.446708658032387e-12,60.0,80.0,10.0,safe,60.0,80.0,10.0,25.466666666714683,Selected lowest-risk action
1768694335.331645,25.46666666670982,24.0,25.466666666713223,-7.26150754819628e-12,60.0,80.0,10.0,safe,60.0,80.0,10.0,25.466666666713223,Selected lowest-risk action
1768694335.5367,25.46666666670849,24.0,25.466666666711802,-6.9302649661002305e-12,60.0,80.0,10.0,safe,60.0,80.0,10.0,25.466666666711802,Selected lowest-risk action
1768694335.741753,25.466666666707205,24.0,25.46666666671042,-6.739745370245784e-12,60.0,80.0,10.0,safe,60.0,80.0,10.0,25.46666666671042,Selected lowest-risk action
1768694335.946794,25.466666666705958,24.0,25.46666666670908,-6.532222838592107e-12,60.0,80.0,10.0,safe,60.0,80.0,10.0,25.46666666670908,Selected lowest-risk action
1768694336.1518269,25.46666666670475,24.0,25.46666666670778,-6.341878201504985e-12,60.0,80.0,10.0,safe,60.0,80.0,10.0,25.46666666670778,Selected lowest-risk action
1768694336.356868,25.466666666703578,24.0,25.466666666706516,-6.168351794477666e-12,60.0,80.0,10.0,safe,60.0,80.0,10.0,25.466666666706516,Selected lowest-risk action
1768694336.561915,25.46666666670244,24.0,25.466666666705294,-5.960263491909684e-12,60.0,80.0,10.0,safe,60.0,80.0,10.0,25.466666666705294,Selected lowest-risk action
1768694336.766952,25.46666666670134,24.0,25.466666666704107,-5.787275914018704e-12,60.0,80.0,10.0,safe,60.0,80.0,10.0,25.466666666704107,Selected lowest-risk action
1768694336.971993,25.466666666700274,24.0,25.466666666702956,-5.613899733962447e-12,60.0,80.0,10.0,safe,60.0,80.0,10.0,25.466666666702956,Selected lowest-risk action
1768694337.177043,25.46666666669924,24.0,25.466666666701837,-5.457716920873645e-12,60.0,80.0,10.0,safe,60.0,80.0,10.0,25.466666666701837,Selected lowest-risk action
1768694337.38208,25.466666666698238,24.0,25.466666666700757,-5.267460712160736e-12,60.0,80.0,10.0,safe,60.0,80.0,10.0,25.466666666700757,Selected lowest-risk action
1768694337.587121,25.466666666697268,24.0,25.46666666669971,-5.111421054070747e-12,60.0,80.0,10.0,safe,60.0,80.0,10.0,25.46666666669971,Selected lowest-risk action
1768694337.792154,25.466666666696327,24.0,25.466666666698693,-4.9556695533226466e-12,60.0,80.0,10.0,safe,60.0,80.0,10.0,25.466666666698693,Selected lowest-risk action
1768694337.997192,25.466666666695414,24.0,25.466666666697705,-4.816937400379363e-12,60.0,80.0,10.0,safe,60.0,80.0,10.0,25.466666666697705,Selected lowest-risk action
1768694338.202225,25.46666666669453,24.0,25.466666666696753,-4.6437742667498926e-12,60.0,80.0,10.0,safe,60.0,80.0,10.0,25.466666666696753,Selected lowest-risk action
1768694338.407264,25.466666666693673,24.0,25.466666666695826,-4.522350187203474e-12,60.0,80.0,10.0,safe,60.0,80.0,10.0,25.466666666695826,Selected lowest-risk action
1768694338.612305,25.46666666669284,24.0,25.46666666669493,-4.36636645974857e-12,60.0,80.0,10.0,safe,60.0,80.0,10.0,25.46666666669493,Selected lowest-risk action
1768694338.817354,25.466666666692035,24.0,25.46666666669406,-4.244910681263706e-12,60.0,80.0,10.0,safe,60.0,80.0,10.0,25.46666666669406,Selected lowest-risk action
1768694339.020577,25.46666666669126,24.0,25.46666666669322,-4.125716426317456e-12,60.0,80.0,10.0,safe,60.0,80.0,10.0,25.46666666669322,Selected lowest-risk action
1768694339.225615,25.466666666690504,24.0,25.466666666692404,-3.985231344692696e-12,60.0,80.0,10.0,safe,60.0,80.0,10.0,25.466666666692404,Selected lowest-risk action
1768694339.430651,25.466666666689772,24.0,25.466666666691612,-3.863982132470092e-12,60.0,80.0,10.0,safe,60.0,80.0,10.0,25.466666666691612,Selected lowest-risk action
1768694339.6357088,25.46666666668906,24.0,25.466666666690845,-3.7422908675070126e-12,60.0,80.0,10.0,safe,60.0,80.0,10.0,25.466666666690845,Selected lowest-risk action
1768694339.8407528,25.466666666688372,24.0,25.466666666690102,-3.6212571257477004e-12,60.0,80.0,10.0,safe,60.0,80.0,10.0,25.466666666690102,Selected lowest-risk action
1768694340.0445418,25.466666666687708,24.0,25.466666666689385,-3.5215255882778144e-12,60.0,80.0,10.0,safe,60.0,80.0,10.0,25.466666666689385,Selected lowest-risk action
1768694340.248333,25.466666666687065,24.0,25.466666666688685,-3.4343229521059525e-12,60.0,80.0,10.0,safe,60.0,80.0,10.0,25.466666666688685,Selected lowest-risk action
1768694340.452876,25.46666666668644,24.0,25.466666666688013,-3.2827450072468715e-12,60.0,80.0,10.0,safe,60.0,80.0,10.0,25.466666666688013,Selected lowest-risk action
1768694340.657919,25.466666666685832,24.0,25.466666666687356,-3.2054376228027243e-12,60.0,80.0,10.0,safe,60.0,80.0,10.0,25.466666666687356,Selected lowest-risk action
1768694340.861272,25.466666666685246,24.0,25.46666666668672,-3.127247828002146e-12,60.0,80.0,10.0,safe,60.0,80.0,10.0,25.46666666668672,Selected lowest-risk action
1768694341.064841,25.466666666684677,24.0,25.466666666686102,-3.036672461414441e-12,60.0,80.0,10.0,safe,60.0,80.0,10.0,25.466666666686102,Selected lowest-risk action
1768694341.26989,25.466666666684123,24.0,25.46666666668551,-2.8934697296777104e-12,60.0,80.0,10.0,safe,60.0,80.0,10.0,25.46666666668551,Selected lowest-risk action
1768694341.474934,25.466666666683587,24.0,25.46666666668493,-2.8242340263008383e-12,60.0,80.0,10.0,safe,60.0,80.0,10.0,25.46666666668493,Selected lowest-risk action
1768694341.6769679,25.466666666683075,24.0,25.46666666668437,-2.7608061773538802e-12,60.0,80.0,10.0,safe,60.0,80.0,10.0,25.46666666668437,Selected lowest-risk action
1768694341.878984,25.466666666682578,24.0,25.46666666668383,-2.673115848572428e-12,60.0,80.0,10.0,safe,60.0,80.0,10.0,25.46666666668383,Selected lowest-risk action
1768694342.084094,25.466666666682087,24.0,25.466666666683306,-2.5635095173155377e-12,60.0,80.0,10.0,safe,60.0,80.0,10.0,25.466666666683306,Selected lowest-risk action
1768694342.2865129,25.46666666668162,24.0,25.466666666682798,-2.509836268200949e-12,60.0,80.0,10.0,safe,60.0,80.0,10.0,25.466666666682798,Selected lowest-risk action
1768694342.487287,25.466666666681167,24.0,25.466666666682308,-2.4419198544022577e-12,60.0,80.0,10.0,safe,60.0,80.0,10.0,25.466666666682308,Selected lowest-risk action
1768694342.692393,25.46666666668072,24.0,25.46666666668183,-2.321061239549106e-12,60.0,80.0,10.0,safe,60.0,80.0,10.0,25.46666666668183,Selected lowest-risk action
1768694342.897441,25.466666666680286,24.0,25.466666666681366,-2.269740947607874e-12,60.0,80.0,10.0,safe,60.0,80.0,10.0,25.466666666681366,Selected lowest-risk action
1768694343.102559,25.466666666679867,24.0,25.466666666680915,-2.1996813675931184e-12,60.0,80.0,10.0,safe,60.0,80.0,10.0,25.466666666680915,Selected lowest-risk action
1768694343.306297,25.466666666679462,24.0,25.466666666680478,-2.144832274294399e-12,60.0,80.0,10.0,safe,60.0,80.0,10.0,25.466666666680478,Selected lowest-risk action
1768694343.511343,25.466666666679068,24.0,25.466666666680055,-2.0618449255171317e-12,60.0,80.0,10.0,safe,60.0,80.0,10.0,25.466666666680055,Selected lowest-risk action
1768694343.711574,25.466666666678694,24.0,25.466666666679643,-2.0581959426149674e-12,60.0,80.0,10.0,safe,60.0,80.0,10.0,25.466666666679643,Selected lowest-risk action
1768694343.916667,25.466666666678325,24.0,25.466666666679245,-1.9401155210061328e-12,60.0,80.0,10.0,safe,60.0,80.0,10.0,25.466666666679245,Selected lowest-risk action
1768694344.116747,25.466666666677977,24.0,25.466666666678865,-1.89994262096304e-12,60.0,80.0,10.0,safe,60.0,80.0,10.0,25.466666666678865,Selected lowest-risk action
1768694344.3217862,25.46666666667763,24.0,25.466666666678492,-1.8193341666936095e-12,60.0,80.0,10.0,safe,60.0,80.0,10.0,25.466666666678492,Selected lowest-risk action
1768694344.5268328,25.46666666667729,24.0,25.46666666667813,-1.7672894856591424e-12,60.0,80.0,10.0,safe,60.0,80.0,10.0,25.46666666667813,Selected lowest-risk action
1768694344.73196,25.466666666676964,24.0,25.466666666677778,-1.7146365130548139e-12,60.0,80.0,10.0,safe,60.0,80.0,10.0,25.466666666677778,Selected lowest-risk action
1768694344.937001,25.466666666676648,24.0,25.46666666667744,-1.646050847921088e-12,60.0,80.0,10.0,safe,60.0,80.0,10.0,25.46666666667744,Selected lowest-risk action
1768694345.13732,25.46666666667635,24.0,25.466666666677114,-1.631645395714568e-12,60.0,80.0,10.0,safe,60.0,80.0,10.0,25.466666666677114,Selected lowest-risk action
1768694345.3406541,25.466666666676055,24.0,25.466666666676794,-1.5725067362138362e-12,60.0,80.0,10.0,safe,60.0,80.0,10.0,25.466666666676794,Selected lowest-risk action
1768694345.545696,25.466666666675767,24.0,25.466666666676485,-1.5074290284099057e-12,60.0,80.0,10.0,safe,60.0,80.0,10.0,25.466666666676485,Selected lowest-risk action
1768694345.750742,25.466666666675486,24.0,25.466666666676183,-1.4727463753693797e-12,60.0,80.0,10.0,safe,60.0,80.0,10.0,25.466666666676183,Selected lowest-risk action
1768694345.95579,25.466666666675216,24.0,25.46666666667589,-1.4207522236277959e-12,60.0,80.0,10.0,safe,60.0,80.0,10.0,25.46666666667589,Selected lowest-risk action
1768694346.160841,25.466666666674953,24.0,25.466666666675607,-1.3860803904765704e-12,60.0,80.0,10.0,safe,60.0,80.0,10.0,25.466666666675607,Selected lowest-risk action
1768694346.362863,25.4666666666747,24.0,25.466666666675334,-1.3541042600582405e-12,60.0,80.0,10.0,safe,60.0,80.0,10.0,25.466666666675334,Selected lowest-risk action
1768694346.567911,25.466666666674453,24.0,25.466666666675067,-1.299470008172447e-12,60.0,80.0,10.0,safe,60.0,80.0,10.0,25.466666666675067,Selected lowest-risk action
1768694346.772958,25.466666666674215,24.0,25.466666666674808,-1.264821886621256e-12,60.0,80.0,10.0,safe,60.0,80.0,10.0,25.466666666674808,Selected lowest-risk action
1768694346.977996,25.466666666673984,24.0,25.466666666674556,-1.2302235890138322e-12,60.0,80.0,10.0,safe,60.0,80.0,10.0,25.466666666674556,Selected lowest-risk action
1768694347.183111,25.46666666667376,24.0,25.466666666674318,-1.1604807081923494e-12,60.0,80.0,10.0,safe,60.0,80.0,10.0,25.466666666674318,Selected lowest-risk action
1768694347.3873332,25.466666666673543,24.0,25.466666666674087,-1.1307604487667064e-12,60.0,80.0,10.0,safe,60.0,80.0,10.0,25.466666666674087,Selected lowest-risk action
1768694347.592374,25.46666666667333,24.0,25.46666666667386,-1.108918465967891e-12,60.0,80.0,10.0,safe,60.0,80.0,10.0,25.46666666667386,Selected lowest-risk action
1768694347.795716,25.466666666673127,24.0,25.466666666673635,-1.1007121243746495e-12,60.0,80.0,10.0,safe,60.0,80.0,10.0,25.466666666673635,Selected lowest-risk action
1768694348.0007648,25.46666666667293,24.0,25.46666666667342,-1.056897357700549e-12,60.0,80.0,10.0,safe,60.0,80.0,10.0,25.46666666667342,Selected lowest-risk action
1768694348.205811,25.466666666672737,24.0,25.466666666673213,-1.0049316523490732e-12,60.0,80.0,10.0,safe,60.0,80.0,10.0,25.466666666673213,Selected lowest-risk action
1768694348.4108548,25.46666666667255,24.0,25.466666666673014,-9.70290118852985e-13,60.0,80.0,10.0,safe,60.0,80.0,10.0,25.466666666673014,Selected lowest-risk action
1768694348.6136708,25.46666666667237,24.0,25.466666666672822,-9.459141766365572e-13,60.0,80.0,10.0,safe,60.0,80.0,10.0,25.466666666672822,Selected lowest-risk action
1768694348.818721,25.466666666672197,24.0,25.466666666672634,-9.182814618268224e-13,60.0,80.0,10.0,safe,60.0,80.0,10.0,25.466666666672634,Selected lowest-risk action
1768694349.0218859,25.46666666667203,24.0,25.466666666672452,-8.918296055040932e-13,60.0,80.0,10.0,safe,60.0,80.0,10.0,25.466666666672452,Selected lowest-risk action
1768694349.2269351,25.466666666671866,24.0,25.466666666672275,-8.663072950091599e-13,60.0,80.0,10.0,safe,60.0,80.0,10.0,25.466666666672275,Selected lowest-risk action
1768694349.42851,25.46666666667171,24.0,25.466666666672104,-8.459899479159274e-13,60.0,80.0,10.0,safe,60.0,80.0,10.0,25.466666666672104,Selected lowest-risk action
1768694349.629648,25.466666666671557,24.0,25.46666666667194,-8.125009363266443e-13,60.0,80.0,10.0,safe,60.0,80.0,10.0,25.46666666667194,Selected lowest-risk action
1768694349.831946,25.466666666671408,24.0,25.466666666671777,-8.078423367817666e-13,60.0,80.0,10.0,safe,60.0,80.0,10.0,25.466666666671777,Selected lowest-risk action
1768694350.037001,25.466666666671262,24.0,25.46666666667162,-7.623291462710253e-13,60.0,80.0,10.0,safe,60.0,80.0,10.0,25.46666666667162,Selected lowest-risk action
1768694350.2417789,25.46666666667112,24.0,25.46666666667147,-7.460113928560442e-13,60.0,80.0,10.0,safe,60.0,80.0,10.0,25.46666666667147,Selected lowest-risk action
1768694350.441922,25.466666666670985,24.0,25.466666666671323,-7.277855778264314e-13,60.0,80.0,10.0,safe,60.0,80.0,10.0,25.466666666671323,Selected lowest-risk action
1768694350.646966,25.466666666670854,24.0,25.46666666667118,-6.930635647364021e-13,60.0,80.0,10.0,safe,60.0,80.0,10.0,25.46666666667118,Selected lowest-risk action
1768694350.852064,25.466666666670726,24.0,25.466666666671046,-6.582374112503222e-13,60.0,80.0,10.0,safe,60.0,80.0,10.0,25.466666666671046,Selected lowest-risk action
1768694351.05321,25.466666666670605,24.0,25.46666666667091,-6.711693763023025e-13,60.0,80.0,10.0,safe,60.0,80.0,10.0,25.46666666667091,Selected lowest-risk action
1768694351.2540429,25.466666666670488,24.0,25.466666666670783,-6.368365354453302e-13,60.0,80.0,10.0,safe,60.0,80.0,10.0,25.466666666670783,Selected lowest-risk action
1768694351.459092,25.46666666667037,24.0,25.466666666670655,-6.237419776550752e-13,60.0,80.0,10.0,safe,60.0,80.0,10.0,25.466666666670655,Selected lowest-risk action
1768694351.659901,25.46666666667026,24.0,25.466666666670534,-6.01528138294173e-13,60.0,80.0,10.0,safe,60.0,80.0,10.0,25.466666666670534,Selected lowest-risk action
1768694351.8649359,25.46666666667015,24.0,25.466666666670417,-5.718027061090709e-13,60.0,80.0,10.0,safe,60.0,80.0,10.0,25.466666666670417,Selected lowest-risk action
1768694352.0699651,25.466666666670044,24.0,25.466666666670303,-5.544908259189434e-13,60.0,80.0,10.0,safe,60.0,80.0,10.0,25.466666666670303,Selected lowest-risk action
1768694352.272248,25.46666666666994,24.0,25.466666666670193,-5.444559130084972e-13,60.0,80.0,10.0,safe,60.0,80.0,10.0,25.466666666670193,Selected lowest-risk action
1768694352.472836,25.46666666666984,24.0,25.466666666670086,-5.313449298731999e-13,60.0,80.0,10.0,safe,60.0,80.0,10.0,25.466666666670086,Selected lowest-risk action
1768694352.676825,25.466666666669745,24.0,25.466666666669983,-5.050697933379251e-13,60.0,80.0,10.0,safe,60.0,80.0,10.0,25.466666666669983,Selected lowest-risk action
1768694352.878598,25.466666666669653,24.0,25.466666666669884,-4.930095621604879e-13,60.0,80.0,10.0,safe,60.0,80.0,10.0,25.466666666669884,Selected lowest-risk action
1768694353.080531,25.466666666669564,24.0,25.466666666669788,-4.750254463378625e-13,60.0,80.0,10.0,safe,60.0,80.0,10.0,25.466666666669788,Selected lowest-risk action
1768694353.2855759,25.466666666669475,24.0,25.466666666669692,-4.678157303529643e-13,60.0,80.0,10.0,safe,60.0,80.0,10.0,25.466666666669692,Selected lowest-risk action
1768694353.486352,25.46666666666939,24.0,25.4666666666696,-4.600674859995999e-13,60.0,80.0,10.0,safe,60.0,80.0,10.0,25.4666666666696,Selected lowest-risk action
1768694353.6913888,25.466666666669305,24.0,25.46666666666951,-4.3317983858615467e-13,60.0,80.0,10.0,safe,60.0,80.0,10.0,25.46666666666951,Selected lowest-risk action
1768694353.896411,25.466666666669223,24.0,25.466666666669425,-4.1588262773188796e-13,60.0,80.0,10.0,safe,60.0,80.0,10.0,25.466666666669425,Selected lowest-risk action
1768694354.098678,25.466666666669145,24.0,25.46666666666934,-4.2154704745847184e-13,60.0,80.0,10.0,safe,60.0,80.0,10.0,25.46666666666934,Selected lowest-risk action
1768694354.30373,25.46666666666907,24.0,25.46666666666926,-3.9849625889017627e-13,60.0,80.0,10.0,safe,60.0,80.0,10.0,25.46666666666926,Selected lowest-risk action
1768694354.5063229,25.466666666668996,24.0,25.466666666669177,-4.033331616625588e-13,60.0,80.0,10.0,safe,60.0,80.0,10.0,25.466666666669177,Selected lowest-risk action
1768694354.711382,25.466666666668925,24.0,25.4666666666691,-3.8115703918780627e-13,60.0,80.0,10.0,safe,60.0,80.0,10.0,25.4666666666691,Selected lowest-risk action
1768694354.91642,25.466666666668853,24.0,25.46666666666902,-3.811960416662579e-13,60.0,80.0,10.0,safe,60.0,80.0,10.0,25.46666666666902,Selected lowest-risk action
1768694355.120129,25.466666666668786,24.0,25.46666666666895,-3.488026046700247e-13,60.0,80.0,10.0,safe,60.0,80.0,10.0,25.46666666666895,Selected lowest-risk action
1768694355.3207521,25.466666666668722,24.0,25.46666666666888,-3.541680715945509e-13,60.0,80.0,10.0,safe,60.0,80.0,10.0,25.46666666666888,Selected lowest-risk action
1768694355.521686,25.46666666666866,24.0,25.46666666666881,-3.3593907610676297e-13,60.0,80.0,10.0,safe,60.0,80.0,10.0,25.46666666666881,Selected lowest-risk action
1768694355.724118,25.4666666666686,24.0,25.466666666668747,-3.159029816341321e-13,60.0,80.0,10.0,safe,60.0,80.0,10.0,25.466666666668747,Selected lowest-risk action
1768694355.929157,25.46666666666854,24.0,25.466666666668683,-3.118862198071361e-13,60.0,80.0,10.0,safe,60.0,80.0,10.0,25.466666666668683,Selected lowest-risk action
1768694356.130056,25.466666666668484,24.0,25.466666666668623,-3.0062950484305723e-13,60.0,80.0,10.0,safe,60.0,80.0,10.0,25.466666666668623,Selected lowest-risk action
1768694356.335098,25.466666666668427,24.0,25.466666666668566,-2.7722800470874435e-13,60.0,80.0,10.0,safe,60.0,80.0,10.0,25.466666666668566,Selected lowest-risk action
1768694356.537445,25.466666666668374,24.0,25.466666666668505,-2.984779638336173e-13,60.0,80.0,10.0,safe,60.0,80.0,10.0,25.466666666668505,Selected lowest-risk action
1768694356.740077,25.46666666666832,24.0,25.466666666668452,-2.629926084335979e-13,60.0,80.0,10.0,safe,60.0,80.0,10.0,25.466666666668452,Selected lowest-risk action
1768694356.9424179,25.46666666666827,24.0,25.466666666668395,-2.8092904278480144e-13,60.0,80.0,10.0,safe,60.0,80.0,10.0,25.466666666668395,Selected lowest-risk action
1768694357.14746,25.46666666666822,24.0,25.466666666668342,-2.599012544144478e-13,60.0,80.0,10.0,safe,60.0,80.0,10.0,25.466666666668342,Selected lowest-risk action
1768694357.347604,25.466666666668175,24.0,25.46666666666829,-2.6626174755077916e-13,60.0,80.0,10.0,safe,60.0,80.0,10.0,25.46666666666829,Selected lowest-risk action
1768694357.547811,25.46666666666813,24.0,25.46666666666824,-2.484328357289878e-13,60.0,80.0,10.0,safe,60.0,80.0,10.0,25.46666666666824,Selected lowest-risk action
1768694357.747989,25.466666666668086,24.0,25.46666666666819,-2.4846893452992556e-13,60.0,80.0,10.0,safe,60.0,80.0,10.0,25.46666666666819,Selected lowest-risk action
1768694357.951017,25.466666666668043,24.0,25.466666666668143,-2.2748234773553456e-13,60.0,80.0,10.0,safe,60.0,80.0,10.0,25.466666666668143,Selected lowest-risk action
1768694358.1528478,25.466666666668,24.0,25.466666666668097,-2.2883159156096527e-13,60.0,80.0,10.0,safe,60.0,80.0,10.0,25.466666666668097,Selected lowest-risk action
1768694358.3558888,25.46666666666796,24.0,25.466666666668054,-2.099701442036926e-13,60.0,80.0,10.0,safe,60.0,80.0,10.0,25.466666666668054,Selected lowest-risk action
1768694358.556158,25.466666666667923,24.0,25.466666666668015,-1.9513657678344293e-13,60.0,80.0,10.0,safe,60.0,80.0,10.0,25.466666666668015,Selected lowest-risk action
1768694358.7607071,25.466666666667884,24.0,25.466666666667976,-1.91053665849195e-13,60.0,80.0,10.0,safe,60.0,80.0,10.0,25.466666666667976,Selected lowest-risk action
1768694358.965738,25.466666666667845,24.0,25.466666666667933,-2.079323671582836e-13,60.0,80.0,10.0,safe,60.0,80.0,10.0,25.466666666667933,Selected lowest-risk action
1768694359.1697202,25.46666666666781,24.0,25.466666666667894,-1.9158469117098824e-13,60.0,80.0,10.0,safe,60.0,80.0,10.0,25.466666666667894,Selected lowest-risk action
1768694359.373544,25.466666666667773,24.0,25.466666666667855,-1.917334949886761e-13,60.0,80.0,10.0,safe,60.0,80.0,10.0,25.466666666667855,Selected lowest-risk action
1768694359.5739572,25.46666666666774,24.0,25.46666666666782,-1.7726942131216325e-13,60.0,80.0,10.0,safe,60.0,80.0,10.0,25.46666666666782,Selected lowest-risk action
1768694359.7777212,25.46666666666771,24.0,25.466666666667784,-1.743543680421373e-13,60.0,80.0,10.0,safe,60.0,80.0,10.0,25.466666666667784,Selected lowest-risk action
1768694359.982763,25.466666666667678,24.0,25.46666666666775,-1.7326770441493169e-13,60.0,80.0,10.0,safe,60.0,80.0,10.0,25.46666666666775,Selected lowest-risk action
1768694360.1874619,25.466666666667646,24.0,25.466666666667713,-1.7355810882815075e-13,60.0,80.0,10.0,safe,60.0,80.0,10.0,25.466666666667713,Selected lowest-risk action
1768694360.390802,25.466666666667617,24.0,25.46666666666768,-1.5724606416526423e-13,60.0,80.0,10.0,safe,60.0,80.0,10.0,25.46666666666768,Selected lowest-risk action
1768694360.59585,25.46666666666759,24.0,25.46666666666765,-1.559362196664654e-13,60.0,80.0,10.0,safe,60.0,80.0,10.0,25.46666666666765,Selected lowest-risk action
1768694360.8008971,25.46666666666756,24.0,25.46666666666762,-1.3861061771191848e-13,60.0,80.0,10.0,safe,60.0,80.0,10.0,25.46666666666762,Selected lowest-risk action
1768694361.004148,25.466666666667532,24.0,25.466666666667592,-1.3983559987469882e-13,60.0,80.0,10.0,safe,60.0,80.0,10.0,25.466666666667592,Selected lowest-risk action
1768694361.2091892,25.466666666667507,24.0,25.466666666667567,-1.2128781618354963e-13,60.0,80.0,10.0,safe,60.0,80.0,10.0,25.466666666667567,Selected lowest-risk action
1768694361.4142342,25.466666666667482,24.0,25.466666666667543,-1.212855597211389e-13,60.0,80.0,10.0,safe,60.0,80.0,10.0,25.466666666667543,Selected lowest-risk action
1768694361.6192782,25.466666666667457,24.0,25.466666666667514,-1.386127129472804e-13,60.0,80.0,10.0,safe,60.0,80.0,10.0,25.466666666667514,Selected lowest-risk action
1768694361.8243918,25.466666666667432,24.0,25.466666666667486,-1.3856566599998518e-13,60.0,80.0,10.0,safe,60.0,80.0,10.0,25.466666666667486,Selected lowest-risk action
1768694362.028148,25.466666666667408,24.0,25.46666666666746,-1.2205277037839682e-13,60.0,80.0,10.0,safe,60.0,80.0,10.0,25.46666666666746,Selected lowest-risk action
1768694362.231421,25.466666666667386,24.0,25.466666666667436,-1.2234280334010125e-13,60.0,80.0,10.0,safe,60.0,80.0,10.0,25.466666666667436,Selected lowest-risk action
1768694362.436435,25.466666666667365,24.0,25.466666666667415,-1.0397476792184817e-13,60.0,80.0,10.0,safe,60.0,80.0,10.0,25.466666666667415,Selected lowest-risk action
1768694362.637505,25.466666666667344,24.0,25.466666666667393,-1.0601419716284235e-13,60.0,80.0,10.0,safe,60.0,80.0,10.0,25.466666666667393,Selected lowest-risk action
1768694362.837832,25.466666666667322,24.0,25.46666666666737,-1.2414205642838358e-13,60.0,80.0,10.0,safe,60.0,80.0,10.0,25.46666666666737,Selected lowest-risk action
1768694363.0428748,25.4666666666673,24.0,25.466666666667347,-1.0396013911792619e-13,60.0,80.0,10.0,safe,60.0,80.0,10.0,25.466666666667347,Selected lowest-risk action
1768694363.247987,25.466666666667283,24.0,25.466666666667326,-1.0392497429752766e-13,60.0,80.0,10.0,safe,60.0,80.0,10.0,25.466666666667326,Selected lowest-risk action
1768694363.453026,25.466666666667265,24.0,25.466666666667304,-1.0396207326904536e-13,60.0,80.0,10.0,safe,60.0,80.0,10.0,25.466666666667304,Selected lowest-risk action
1768694363.6541681,25.466666666667248,24.0,25.466666666667287,-8.8313539566999e-14,60.0,80.0,10.0,safe,60.0,80.0,10.0,25.466666666667287,Selected lowest-risk action
1768694363.8542569,25.46666666666723,24.0,25.466666666667265,-1.0653414148762732e-13,60.0,80.0,10.0,safe,60.0,80.0,10.0,25.466666666667265,Selected lowest-risk action
1768694364.055444,25.466666666667212,24.0,25.466666666667248,-8.829375944401578e-14,60.0,80.0,10.0,safe,60.0,80.0,10.0,25.466666666667248,Selected lowest-risk action
1768694364.257956,25.466666666667194,24.0,25.46666666666723,-8.77161162203755e-14,60.0,80.0,10.0,safe,60.0,80.0,10.0,25.46666666666723,Selected lowest-risk action
1768694364.462712,25.466666666667177,24.0,25.466666666667212,-8.675480341873255e-14,60.0,80.0,10.0,safe,60.0,80.0,10.0,25.466666666667212,Selected lowest-risk action
1768694364.6677692,25.466666666667162,24.0,25.466666666667194,-8.662740557678692e-14,60.0,80.0,10.0,safe,60.0,80.0,10.0,25.466666666667194,Selected lowest-risk action
1768694364.87281,25.466666666667148,24.0,25.46666666666718,-6.930748471271684e-14,60.0,80.0,10.0,safe,60.0,80.0,10.0,25.46666666666718,Selected lowest-risk action
1768694365.077857,25.466666666667134,24.0,25.466666666667162,-8.663163606994906e-14,60.0,80.0,10.0,safe,60.0,80.0,10.0,25.466666666667162,Selected lowest-risk action
1768694365.2829592,25.46666666666712,24.0,25.466666666667148,-6.928669877559325e-14,60.0,80.0,10.0,safe,60.0,80.0,10.0,25.466666666667148,Selected lowest-risk action
1768694365.4875362,25.466666666667106,24.0,25.466666666667134,-6.946458721367393e-14,60.0,80.0,10.0,safe,60.0,80.0,10.0,25.466666666667134,Selected lowest-risk action
1768694365.6925828,25.46666666666709,24.0,25.466666666667116,-8.66318375323109e-14,60.0,80.0,10.0,safe,60.0,80.0,10.0,25.466666666667116,Selected lowest-risk action
1768694365.892803,25.466666666667077,24.0,25.466666666667102,-7.097616145984042e-14,60.0,80.0,10.0,safe,60.0,80.0,10.0,25.466666666667102,Selected lowest-risk action
1768694366.0978591,25.466666666667063,24.0,25.466666666667088,-6.930224677047702e-14,60.0,80.0,10.0,safe,60.0,80.0,10.0,25.466666666667088,Selected lowest-risk action
1768694366.302908,25.466666666667052,24.0,25.466666666667074,-6.930474476724912e-14,60.0,80.0,10.0,safe,60.0,80.0,10.0,25.466666666667074,Selected lowest-risk action
1768694366.504183,25.46666666666704,24.0,25.46666666666706,-7.060413330749923e-14,60.0,80.0,10.0,safe,60.0,80.0,10.0,25.46666666666706,Selected lowest-risk action
1768694366.708478,25.46666666666703,24.0,25.466666666667052,-3.478024494552334e-14,60.0,80.0,10.0,safe,60.0,80.0,10.0,25.466666666667052,Selected lowest-risk action
1768694366.912766,25.46666666666702,24.0,25.466666666667038,-6.956284416965315e-14,60.0,80.0,10.0,safe,60.0,80.0,10.0,25.466666666667038,Selected lowest-risk action
1768694367.1157892,25.46666666666701,24.0,25.466666666667027,-5.2497159363486864e-14,60.0,80.0,10.0,safe,60.0,80.0,10.0,25.466666666667027,Selected lowest-risk action
1768694367.3208342,25.466666666667,24.0,25.466666666667017,-5.197952559477381e-14,60.0,80.0,10.0,safe,60.0,80.0,10.0,25.466666666667017,Selected lowest-risk action
1768694367.5222049,25.46666666666699,24.0,25.466666666667006,-5.2927959154571895e-14,60.0,80.0,10.0,safe,60.0,80.0,10.0,25.466666666667006,Selected lowest-risk action
1768694367.727243,25.466666666666978,24.0,25.466666666666995,-5.1981278409035165e-14,60.0,80.0,10.0,safe,60.0,80.0,10.0,25.466666666666995,Selected lowest-risk action
1768694367.9282932,25.466666666666967,24.0,25.466666666666985,-5.3012315902150645e-14,60.0,80.0,10.0,safe,60.0,80.0,10.0,25.466666666666985,Selected lowest-risk action
1768694368.133398,25.466666666666956,24.0,25.466666666666974,-5.1964359622936665e-14,60.0,80.0,10.0,safe,60.0,80.0,10.0,25.466666666666974,Selected lowest-risk action
1768694368.338231,25.466666666666946,24.0,25.466666666666963,-5.2033312205275754e-14,60.0,80.0,10.0,safe,60.0,80.0,10.0,25.466666666666963,Selected lowest-risk action
1768694368.5401459,25.46666666666694,24.0,25.466666666666956,-3.519022778311203e-14,60.0,80.0,10.0,safe,60.0,80.0,10.0,25.466666666666956,Selected lowest-risk action
1768694368.745194,25.46666666666693,24.0,25.466666666666946,-5.19787398888218e-14,60.0,80.0,10.0,safe,60.0,80.0,10.0,25.466666666666946,Selected lowest-risk action
1768694368.946913,25.466666666666924,24.0,25.46666666666694,-3.522437524474342e-14,60.0,80.0,10.0,safe,60.0,80.0,10.0,25.46666666666694,Selected lowest-risk action
1768694369.151951,25.466666666666917,24.0,25.46666666666693,-3.4654185606023445e-14,60.0,80.0,10.0,safe,60.0,80.0,10.0,25.46666666666693,Selected lowest-risk action
1768694369.354372,25.46666666666691,24.0,25.46666666666692,-5.265334956572377e-14,60.0,80.0,10.0,safe,60.0,80.0,10.0,25.46666666666692,Selected lowest-risk action
1768694369.55583,25.466666666666903,24.0,25.466666666666914,-3.527002232926771e-14,60.0,80.0,10.0,safe,60.0,80.0,10.0,25.466666666666914,Selected lowest-risk action
1768694369.760905,25.466666666666896,24.0,25.466666666666907,-3.464794086091716e-14,60.0,80.0,10.0,safe,60.0,80.0,10.0,25.466666666666907,Selected lowest-risk action
1768694369.965942,25.46666666666689,24.0,25.466666666666903,-1.7327193543446187e-14,60.0,80.0,10.0,safe,60.0,80.0,10.0,25.466666666666903,Selected lowest-risk action
1768694370.170912,25.46666666666688,24.0,25.466666666666896,-3.4665673755936977e-14,60.0,80.0,10.0,safe,60.0,80.0,10.0,25.466666666666896,Selected lowest-risk action
1768694370.37596,25.466666666666875,24.0,25.466666666666885,-5.19787398888218e-14,60.0,80.0,10.0,safe,60.0,80.0,10.0,25.466666666666885,Selected lowest-risk action
1768694370.581006,25.466666666666868,24.0,25.466666666666878,-3.465285589104423e-14,60.0,80.0,10.0,safe,60.0,80.0,10.0,25.466666666666878,Selected lowest-risk action
1768694370.786057,25.46666666666686,24.0,25.46666666666687,-3.465200976191426e-14,60.0,80.0,10.0,safe,60.0,80.0,10.0,25.46666666666687,Selected lowest-risk action
1768694370.9910982,25.466666666666853,24.0,25.466666666666868,-1.7326830883364233e-14,60.0,80.0,10.0,safe,60.0,80.0,10.0,25.466666666666868,Selected lowest-risk action
1768694371.192605,25.466666666666846,24.0,25.46666666666686,-3.526146752907994e-14,60.0,80.0,10.0,safe,60.0,80.0,10.0,25.46666666666686,Selected lowest-risk action
1768694371.395416,25.46666666666684,24.0,25.46666666666685,-5.2552084910901144e-14,60.0,80.0,10.0,safe,60.0,80.0,10.0,25.46666666666685,Selected lowest-risk action
1768694371.6004639,25.466666666666836,24.0,25.466666666666843,-3.465253355126526e-14,60.0,80.0,10.0,safe,60.0,80.0,10.0,25.466666666666843,Selected lowest-risk action
1768694371.805511,25.466666666666832,24.0,25.46666666666684,-1.732632721398981e-14,60.0,80.0,10.0,safe,60.0,80.0,10.0,25.46666666666684,Selected lowest-risk action
1768694372.00959,25.46666666666683,24.0,25.466666666666832,-3.481705808001845e-14,60.0,80.0,10.0,safe,60.0,80.0,10.0,25.466666666666832,Selected lowest-risk action
1768694372.21463,25.466666666666825,24.0,25.46666666666683,-1.7326931620753088e-14,60.0,80.0,10.0,safe,60.0,80.0,10.0,25.46666666666683,Selected lowest-risk action
1768694372.416267,25.46666666666682,24.0,25.466666666666825,-1.761935139098983e-14,60.0,80.0,10.0,safe,60.0,80.0,10.0,25.466666666666825,Selected lowest-risk action
1768694372.620932,25.466666666666818,24.0,25.466666666666818,-3.471732327894164e-14,60.0,80.0,10.0,safe,60.0,80.0,10.0,25.466666666666818,Selected lowest-risk action
1768694372.825977,25.466666666666814,24.0,25.466666666666814,-1.732650853159127e-14,60.0,80.0,10.0,safe,60.0,80.0,10.0,25.466666666666814,Selected lowest-risk action
1768694373.029241,25.46666666666681,24.0,25.46666666666681,-1.747832234534668e-14,60.0,80.0,10.0,safe,60.0,80.0,10.0,25.46666666666681,Selected lowest-risk action
1768694373.230956,25.466666666666807,24.0,25.46666666666681,0.0,60.0,80.0,10.0,safe,60.0,80.0,10.0,25.46666666666681,Selected lowest-risk action
1768694373.436001,25.466666666666804,24.0,25.466666666666807,-1.732650853159127e-14,60.0,80.0,10.0,safe,60.0,80.0,10.0,25.466666666666807,Selected lowest-risk action
1768694373.6410508,25.4666666666668,24.0,25.466666666666804,-1.732610560874151e-14,60.0,80.0,10.0,safe,60.0,80.0,10.0,25.466666666666804,Selected lowest-risk action
1768694373.846167,25.466666666666796,24.0,25.4666666666668,-1.732048678845971e-14,60.0,80.0,10.0,safe,60.0,80.0,10.0,25.4666666666668,Selected lowest-risk action
1768694374.051276,25.466666666666793,24.0,25.466666666666796,-1.732111092185028e-14,60.0,80.0,10.0,safe,60.0,80.0,10.0,25.466666666666796,Selected lowest-risk action
1768694374.254285,25.46666666666679,24.0,25.466666666666793,-1.750026564724522e-14,60.0,80.0,10.0,safe,60.0,80.0,10.0,25.466666666666793,Selected lowest-risk action
1768694374.45933,25.466666666666786,24.0,25.46666666666679,-1.732650853159127e-14,60.0,80.0,10.0,safe,60.0,80.0,10.0,25.46666666666679,Selected lowest-risk action
1768694374.6643882,25.466666666666782,24.0,25.466666666666782,-3.465080107769001e-14,60.0,80.0,10.0,safe,60.0,80.0,10.0,25.466666666666782,Selected lowest-risk action
1768694374.8694348,25.46666666666678,24.0,25.46666666666678,-1.732636750646218e-14,60.0,80.0,10.0,safe,60.0,80.0,10.0,25.46666666666678,Selected lowest-risk action
1768694375.072402,25.466666666666775,24.0,25.466666666666775,-1.7503883672671936e-14,60.0,80.0,10.0,safe,60.0,80.0,10.0,25.466666666666775,Selected lowest-risk action
1768694375.27745,25.46666666666677,24.0,25.466666666666775,0.0,60.0,80.0,10.0,safe,60.0,80.0,10.0,25.466666666666775,Selected lowest-risk action
1768694375.482543,25.466666666666768,24.0,25.46666666666677,-1.7322460008983328e-14,60.0,80.0,10.0,safe,60.0,80.0,10.0,25.46666666666677,Selected lowest-risk action
1768694375.6876302,25.466666666666764,24.0,25.466666666666768,-1.7322943315199124e-14,60.0,80.0,10.0,safe,60.0,80.0,10.0,25.466666666666768,Selected lowest-risk action
1768694375.892677,25.46666666666676,24.0,25.466666666666764,-1.7326347360202572e-14,60.0,80.0,10.0,safe,60.0,80.0,10.0,25.466666666666764,Selected lowest-risk action
1768694376.0977201,25.466666666666757,24.0,25.46666666666676,-1.7326669705978465e-14,60.0,80.0,10.0,safe,60.0,80.0,10.0,25.46666666666676,Selected lowest-risk action
1768694376.3027651,25.466666666666754,24.0,25.466666666666757,-1.732650853159127e-14,60.0,80.0,10.0,safe,60.0,80.0,10.0,25.466666666666757,Selected lowest-risk action
1768694376.507812,25.46666666666675,24.0,25.466666666666754,-1.7326347360202572e-14,60.0,80.0,10.0,safe,60.0,80.0,10.0,25.466666666666754,Selected lowest-risk action
1768694376.712918,25.466666666666747,24.0,25.466666666666747,-3.46427050678971e-14,60.0,80.0,10.0,safe,60.0,80.0,10.0,25.466666666666747,Selected lowest-risk action
1768694376.918012,25.466666666666743,24.0,25.466666666666743,-1.7322379460569264e-14,60.0,80.0,10.0,safe,60.0,80.0,10.0,25.466666666666743,Selected lowest-risk action
1768694377.120955,25.46666666666674,24.0,25.46666666666674,-1.7505960601556212e-14,60.0,80.0,10.0,safe,60.0,80.0,10.0,25.46666666666674,Selected lowest-risk action
1768694377.3260028,25.466666666666736,24.0,25.46666666666674,0.0,60.0,80.0,10.0,safe,60.0,80.0,10.0,25.46666666666674,Selected lowest-risk action
1768694377.531044,25.466666666666733,24.0,25.466666666666736,-1.7326830883364233e-14,60.0,80.0,10.0,safe,60.0,80.0,10.0,25.466666666666736,Selected lowest-risk action
1768694377.736099,25.46666666666673,24.0,25.466666666666733,-1.7325662415250576e-14,60.0,80.0,10.0,safe,60.0,80.0,10.0,25.466666666666733,Selected lowest-risk action
1768694377.9382029,25.466666666666725,24.0,25.46666666666673,-1.7578653855910692e-14,60.0,80.0,10.0,safe,60.0,80.0,10.0,25.46666666666673,Selected lowest-risk action
1768694378.1407108,25.466666666666725,24.0,25.46666666666673,0.0,60.0,80.0,10.0,safe,60.0,80.0,10.0,25.46666666666673,Selected lowest-risk action
1768694378.345757,25.466666666666722,24.0,25.466666666666725,-1.7326407799121954e-14,60.0,80.0,10.0,safe,60.0,80.0,10.0,25.466666666666725,Selected lowest-risk action
1768694378.550797,25.466666666666722,24.0,25.466666666666725,0.0,60.0,80.0,10.0,safe,60.0,80.0,10.0,25.466666666666725,Selected lowest-risk action
1768694378.7543292,25.466666666666722,24.0,25.466666666666725,0.0,60.0,80.0,10.0,safe,60.0,80.0,10.0,25.466666666666725,Selected lowest-risk action
1768694378.954656,25.466666666666722,24.0,25.466666666666725,0.0,60.0,80.0,10.0,safe,60.0,80.0,10.0,25.466666666666725,Selected lowest-risk action
1768694379.159702,25.466666666666722,24.0,25.466666666666725,0.0,60.0,80.0,10.0,safe,60.0,80.0,10.0,25.466666666666725,Selected lowest-risk action
1768694379.3648121,25.466666666666722,24.0,25.466666666666725,0.0,60.0,80.0,10.0,safe,60.0,80.0,10.0,25.466666666666725,Selected lowest-risk action
1768694379.5698528,25.466666666666722,24.0,25.466666666666725,0.0,60.0,80.0,10.0,safe,60.0,80.0,10.0,25.466666666666725,Selected lowest-risk action
1768694379.771033,25.466666666666722,24.0,25.466666666666725,0.0,60.0,80.0,10.0,safe,60.0,80.0,10.0,25.466666666666725,Selected lowest-risk action
1768694379.974557,25.466666666666722,24.0,25.466666666666725,0.0,60.0,80.0,10.0,safe,60.0,80.0,10.0,25.466666666666725,Selected lowest-risk action
1768694380.1796658,25.466666666666722,24.0,25.466666666666725,0.0,60.0,80.0,10.0,safe,60.0,80.0,10.0,25.466666666666725,Selected lowest-risk action
1768694380.380873,25.466666666666722,24.0,25.466666666666725,0.0,60.0,80.0,10.0,safe,60.0,80.0,10.0,25.466666666666725,Selected lowest-risk action
1768694380.585901,25.466666666666722,24.0,25.466666666666725,0.0,60.0,80.0,10.0,safe,60.0,80.0,10.0,25.466666666666725,Selected lowest-risk action
1768694380.786005,25.466666666666722,24.0,25.466666666666725,0.0,60.0,80.0,10.0,safe,60.0,80.0,10.0,25.466666666666725,Selected lowest-risk action
1768694380.9881,25.466666666666722,24.0,25.466666666666725,0.0,60.0,80.0,10.0,safe,60.0,80.0,10.0,25.466666666666725,Selected lowest-risk action
1768694381.193125,25.466666666666722,24.0,25.466666666666725,0.0,60.0,80.0,10.0,safe,60.0,80.0,10.0,25.466666666666725,Selected lowest-risk action
1768694381.398169,25.466666666666722,24.0,25.466666666666725,0.0,60.0,80.0,10.0,safe,60.0,80.0,10.0,25.466666666666725,Selected lowest-risk action
1768694381.603213,25.466666666666722,24.0,25.466666666666725,0.0,60.0,80.0,10.0,safe,60.0,80.0,10.0,25.466666666666725,Selected lowest-risk action
1768694381.804379,25.466666666666722,24.0,25.466666666666725,0.0,60.0,80.0,10.0,safe,60.0,80.0,10.0,25.466666666666725,Selected lowest-risk action
1768694382.0094259,25.466666666666722,24.0,25.466666666666725,0.0,60.0,80.0,10.0,safe,60.0,80.0,10.0,25.466666666666725,Selected lowest-risk action
1768694382.21435,25.466666666666722,24.0,25.466666666666725,0.0,60.0,80.0,10.0,safe,60.0,80.0,10.0,25.466666666666725,Selected lowest-risk action
1768694382.419405,25.466666666666722,24.0,25.466666666666725,0.0,60.0,80.0,10.0,safe,60.0,80.0,10.0,25.466666666666725,Selected lowest-risk action
1768694382.6214888,25.466666666666722,24.0,25.466666666666725,0.0,60.0,80.0,10.0,safe,60.0,80.0,10.0,25.466666666666725,Selected lowest-risk action
1768694382.826536,25.466666666666722,24.0,25.466666666666725,0.0,60.0,80.0,10.0,safe,60.0,80.0,10.0,25.466666666666725,Selected lowest-risk action
1768694383.0303528,25.466666666666722,24.0,25.466666666666725,0.0,60.0,80.0,10.0,safe,60.0,80.0,10.0,25.466666666666725,Selected lowest-risk action
1768694383.235389,25.466666666666722,24.0,25.466666666666725,0.0,60.0,80.0,10.0,safe,60.0,80.0,10.0,25.466666666666725,Selected lowest-risk action
1768694383.440439,25.466666666666722,24.0,25.466666666666725,0.0,60.0,80.0,10.0,safe,60.0,80.0,10.0,25.466666666666725,Selected lowest-risk action
1768694383.645489,25.466666666666722,24.0,25.466666666666725,0.0,60.0,80.0,10.0,safe,60.0,80.0,10.0,25.466666666666725,Selected lowest-risk action
1768694383.848887,25.466666666666722,24.0,25.466666666666725,0.0,60.0,80.0,10.0,safe,60.0,80.0,10.0,25.466666666666725,Selected lowest-risk action
1768694384.053931,25.466666666666722,24.0,25.466666666666725,0.0,60.0,80.0,10.0,safe,60.0,80.0,10.0,25.466666666666725,Selected lowest-risk action
1768694384.2572439,25.466666666666722,24.0,25.466666666666725,0.0,60.0,80.0,10.0,safe,60.0,80.0,10.0,25.466666666666725,Selected lowest-risk action
1768694384.4577339,25.466666666666722,24.0,25.466666666666725,0.0,60.0,80.0,10.0,safe,60.0,80.0,10.0,25.466666666666725,Selected lowest-risk action
1768694384.659656,25.466666666666722,24.0,25.466666666666725,0.0,60.0,80.0,10.0,safe,60.0,80.0,10.0,25.466666666666725,Selected lowest-risk action
1768694384.864675,25.466666666666722,24.0,25.466666666666725,0.0,60.0,80.0,10.0,safe,60.0,80.0,10.0,25.466666666666725,Selected lowest-risk action
1768694385.069706,25.466666666666722,24.0,25.466666666666725,0.0,60.0,80.0,10.0,safe,60.0,80.0,10.0,25.466666666666725,Selected lowest-risk action
1768694385.2711601,25.466666666666722,24.0,25.466666666666725,0.0,60.0,80.0,10.0,safe,60.0,80.0,10.0,25.466666666666725,Selected lowest-risk action
1768694385.473085,25.466666666666722,24.0,25.466666666666725,0.0,60.0,80.0,10.0,safe,60.0,80.0,10.0,25.466666666666725,Selected lowest-risk action
1768694385.673907,25.466666666666722,24.0,25.466666666666725,0.0,60.0,80.0,10.0,safe,60.0,80.0,10.0,25.466666666666725,Selected lowest-risk action
1768694385.877045,25.466666666666722,24.0,25.466666666666725,0.0,60.0,80.0,10.0,safe,60.0,80.0,10.0,25.466666666666725,Selected lowest-risk action
1768694386.0778391,25.466666666666722,24.0,25.466666666666725,0.0,60.0,80.0,10.0,safe,60.0,80.0,10.0,25.466666666666725,Selected lowest-risk action
1768694386.2828832,25.466666666666722,24.0,25.466666666666725,0.0,60.0,80.0,10.0,safe,60.0,80.0,10.0,25.466666666666725,Selected lowest-risk action
1768694386.4872231,25.466666666666722,24.0,25.466666666666725,0.0,60.0,80.0,10.0,safe,60.0,80.0,10.0,25.466666666666725,Selected lowest-risk action
1768694386.6922739,25.466666666666722,24.0,25.466666666666725,0.0,60.0,80.0,10.0,safe,60.0,80.0,10.0,25.466666666666725,Selected lowest-risk action
1768694386.892599,25.466666666666722,24.0,25.466666666666725,0.0,60.0,80.0,10.0,safe,60.0,80.0,10.0,25.466666666666725,Selected lowest-risk action
1768694387.0955892,25.466666666666722,24.0,25.466666666666725,0.0,60.0,80.0,10.0,safe,60.0,80.0,10.0,25.466666666666725,Selected lowest-risk action
1768694387.3006349,25.466666666666722,24.0,25.466666666666725,0.0,60.0,80.0,10.0,safe,60.0,80.0,10.0,25.466666666666725,Selected lowest-risk action
1768694387.5056572,25.466666666666722,24.0,25.466666666666725,0.0,60.0,80.0,10.0,safe,60.0,80.0,10.0,25.466666666666725,Selected lowest-risk action
1768694387.707809,25.466666666666722,24.0,25.466666666666725,0.0,60.0,80.0,10.0,safe,60.0,80.0,10.0,25.466666666666725,Selected lowest-risk action
1768694387.910096,25.466666666666722,24.0,25.466666666666725,0.0,60.0,80.0,10.0,safe,60.0,80.0,10.0,25.466666666666725,Selected lowest-risk action
1768694388.110934,25.466666666666722,24.0,25.466666666666725,0.0,60.0,80.0,10.0,safe,60.0,80.0,10.0,25.466666666666725,Selected lowest-risk action
1768694388.312027,25.466666666666722,24.0,25.466666666666725,0.0,60.0,80.0,10.0,safe,60.0,80.0,10.0,25.466666666666725,Selected lowest-risk action
1768694388.515983,25.466666666666722,24.0,25.466666666666725,0.0,60.0,80.0,10.0,safe,60.0,80.0,10.0,25.466666666666725,Selected lowest-risk action
1768694388.72,25.466666666666722,24.0,25.466666666666725,0.0,60.0,80.0,10.0,safe,60.0,80.0,10.0,25.466666666666725,Selected lowest-risk action
1768694388.9250188,25.466666666666722,24.0,25.466666666666725,0.0,60.0,80.0,10.0,safe,60.0,80.0,10.0,25.466666666666725,Selected lowest-risk action
1768694389.1300411,25.466666666666722,24.0,25.466666666666725,0.0,60.0,80.0,10.0,safe,60.0,80.0,10.0,25.466666666666725,Selected lowest-risk action
1768694389.330799,25.466666666666722,24.0,25.466666666666725,0.0,60.0,80.0,10.0,safe,60.0,80.0,10.0,25.466666666666725,Selected lowest-risk action
1768694389.533016,25.466666666666722,24.0,25.466666666666725,0.0,60.0,80.0,10.0,safe,60.0,80.0,10.0,25.466666666666725,Selected lowest-risk action
1768694389.7367198,25.466666666666722,24.0,25.466666666666725,0.0,60.0,80.0,10.0,safe,60.0,80.0,10.0,25.466666666666725,Selected lowest-risk action
1768694389.9377751,25.466666666666722,24.0,25.466666666666725,0.0,60.0,80.0,10.0,safe,60.0,80.0,10.0,25.466666666666725,Selected lowest-risk action
1768694390.1392362,25.466666666666722,24.0,25.466666666666725,0.0,60.0,80.0,10.0,safe,60.0,80.0,10.0,25.466666666666725,Selected lowest-risk action
1768694390.3429089,25.466666666666722,24.0,25.466666666666725,0.0,60.0,80.0,10.0,safe,60.0,80.0,10.0,25.466666666666725,Selected lowest-risk action
1768694390.547936,25.466666666666722,24.0,25.466666666666725,0.0,60.0,80.0,10.0,safe,60.0,80.0,10.0,25.466666666666725,Selected lowest-risk action
1768694390.752976,25.466666666666722,24.0,25.466666666666725,0.0,60.0,80.0,10.0,safe,60.0,80.0,10.0,25.466666666666725,Selected lowest-risk action
1768694390.954869,25.466666666666722,24.0,25.466666666666725,0.0,60.0,80.0,10.0,safe,60.0,80.0,10.0,25.466666666666725,Selected lowest-risk action
1768694391.1599119,25.466666666666722,24.0,25.466666666666725,0.0,60.0,80.0,10.0,safe,60.0,80.0,10.0,25.466666666666725,Selected lowest-risk action
1768694391.364958,25.466666666666722,24.0,25.466666666666725,0.0,60.0,80.0,10.0,safe,60.0,80.0,10.0,25.466666666666725,Selected lowest-risk action
1768694391.565656,25.466666666666722,24.0,25.466666666666725,0.0,60.0,80.0,10.0,safe,60.0,80.0,10.0,25.466666666666725,Selected lowest-risk action
1768694391.767949,25.466666666666722,24.0,25.466666666666725,0.0,60.0,80.0,10.0,safe,60.0,80.0,10.0,25.466666666666725,Selected lowest-risk action
1768694391.971156,25.466666666666722,24.0,25.466666666666725,0.0,60.0,80.0,10.0,safe,60.0,80.0,10.0,25.466666666666725,Selected lowest-risk action
1768694392.1728268,25.466666666666722,24.0,25.466666666666725,0.0,60.0,80.0,10.0,safe,60.0,80.0,10.0,25.466666666666725,Selected lowest-risk action
1768694392.374893,25.466666666666722,24.0,25.466666666666725,0.0,60.0,80.0,10.0,safe,60.0,80.0,10.0,25.466666666666725,Selected lowest-risk action
1768694392.579772,25.466666666666722,24.0,25.466666666666725,0.0,60.0,80.0,10.0,safe,60.0,80.0,10.0,25.466666666666725,Selected lowest-risk action
1768694392.7799199,25.466666666666722,24.0,25.466666666666725,0.0,60.0,80.0,10.0,safe,60.0,80.0,10.0,25.466666666666725,Selected lowest-risk action
1768694392.980302,25.466666666666722,24.0,25.466666666666725,0.0,60.0,80.0,10.0,safe,60.0,80.0,10.0,25.466666666666725,Selected lowest-risk action
1768694393.181876,25.466666666666722,24.0,25.466666666666725,0.0,60.0,80.0,10.0,safe,60.0,80.0,10.0,25.466666666666725,Selected lowest-risk action
1768694393.383714,25.466666666666722,24.0,25.466666666666725,0.0,60.0,80.0,10.0,safe,60.0,80.0,10.0,25.466666666666725,Selected lowest-risk action
1768694393.5880718,25.466666666666722,24.0,25.466666666666725,0.0,60.0,80.0,10.0,safe,60.0,80.0,10.0,25.466666666666725,Selected lowest-risk action
1768694393.788529,25.466666666666722,24.0,25.466666666666725,0.0,60.0,80.0,10.0,safe,60.0,80.0,10.0,25.466666666666725,Selected lowest-risk action
1768694393.993572,25.466666666666722,24.0,25.466666666666725,0.0,60.0,80.0,10.0,safe,60.0,80.0,10.0,25.466666666666725,Selected lowest-risk action
1768694394.1954439,25.466666666666722,24.0,25.466666666666725,0.0,60.0,80.0,10.0,safe,60.0,80.0,10.0,25.466666666666725,Selected lowest-risk action
1768694394.39671,25.466666666666722,24.0,25.466666666666725,0.0,60.0,80.0,10.0,safe,60.0,80.0,10.0,25.466666666666725,Selected lowest-risk action
1768694394.6017542,25.466666666666722,24.0,25.466666666666725,0.0,60.0,80.0,10.0,safe,60.0,80.0,10.0,25.466666666666725,Selected lowest-risk action
1768694394.8058739,25.466666666666722,24.0,25.466666666666725,0.0,60.0,80.0,10.0,safe,60.0,80.0,10.0,25.466666666666725,Selected lowest-risk action
1768694395.0109062,25.466666666666722,24.0,25.466666666666725,0.0,60.0,80.0,10.0,safe,60.0,80.0,10.0,25.466666666666725,Selected lowest-risk action
1768694395.211199,25.466666666666722,24.0,25.466666666666725,0.0,60.0,80.0,10.0,safe,60.0,80.0,10.0,25.466666666666725,Selected lowest-risk action
1768694395.415352,25.466666666666722,24.0,25.466666666666725,0.0,60.0,80.0,10.0,safe,60.0,80.0,10.0,25.466666666666725,Selected lowest-risk action
1768694395.6204019,25.466666666666722,24.0,25.466666666666725,0.0,60.0,80.0,10.0,safe,60.0,80.0,10.0,25.466666666666725,Selected lowest-risk action
1768694395.825446,25.466666666666722,24.0,25.466666666666725,0.0,60.0,80.0,10.0,safe,60.0,80.0,10.0,25.466666666666725,Selected lowest-risk action
1768694396.030082,25.466666666666722,24.0,25.466666666666725,0.0,60.0,80.0,10.0,safe,60.0,80.0,10.0,25.466666666666725,Selected lowest-risk action
1768694396.235111,25.466666666666722,24.0,25.466666666666725,0.0,60.0,80.0,10.0,safe,60.0,80.0,10.0,25.466666666666725,Selected lowest-risk action
1768694396.440161,25.466666666666722,24.0,25.466666666666725,0.0,60.0,80.0,10.0,safe,60.0,80.0,10.0,25.466666666666725,Selected lowest-risk action
1768694396.642754,25.466666666666722,24.0,25.466666666666725,0.0,60.0,80.0,10.0,safe,60.0,80.0,10.0,25.466666666666725,Selected lowest-risk action
1768694396.843389,25.466666666666722,24.0,25.466666666666725,0.0,60.0,80.0,10.0,safe,60.0,80.0,10.0,25.466666666666725,Selected lowest-risk action
1768694397.0437472,25.466666666666722,24.0,25.466666666666725,0.0,60.0,80.0,10.0,safe,60.0,80.0,10.0,25.466666666666725,Selected lowest-risk action
1768694397.2488,25.466666666666722,24.0,25.466666666666725,0.0,60.0,80.0,10.0,safe,60.0,80.0,10.0,25.466666666666725,Selected lowest-risk action
1768694397.453403,25.466666666666722,24.0,25.466666666666725,0.0,60.0,80.0,10.0,safe,60.0,80.0,10.0,25.466666666666725,Selected lowest-risk action
1768694397.6582851,25.466666666666722,24.0,25.466666666666725,0.0,60.0,80.0,10.0,safe,60.0,80.0,10.0,25.466666666666725,Selected lowest-risk action
1768694397.863328,25.466666666666722,24.0,25.466666666666725,0.0,60.0,80.0,10.0,safe,60.0,80.0,10.0,25.466666666666725,Selected lowest-risk action
1768694398.0683699,25.466666666666722,24.0,25.466666666666725,0.0,60.0,80.0,10.0,safe,60.0,80.0,10.0,25.466666666666725,Selected lowest-risk action
1768694398.27339,25.466666666666722,24.0,25.466666666666725,0.0,60.0,80.0,10.0,safe,60.0,80.0,10.0,25.466666666666725,Selected lowest-risk action
1768694398.4781902,25.466666666666722,24.0,25.466666666666725,0.0,60.0,80.0,10.0,safe,60.0,80.0,10.0,25.466666666666725,Selected lowest-risk action
1768694398.681893,25.466666666666722,24.0,25.466666666666725,0.0,60.0,80.0,10.0,safe,60.0,80.0,10.0,25.466666666666725,Selected lowest-risk action
1768694398.886935,25.466666666666722,24.0,25.466666666666725,0.0,60.0,80.0,10.0,safe,60.0,80.0,10.0,25.466666666666725,Selected lowest-risk action
1768694399.090423,25.466666666666722,24.0,25.466666666666725,0.0,60.0,80.0,10.0,safe,60.0,80.0,10.0,25.466666666666725,Selected lowest-risk action
1768694399.295469,25.466666666666722,24.0,25.466666666666725,0.0,60.0,80.0,10.0,safe,60.0,80.0,10.0,25.466666666666725,Selected lowest-risk action
1768694399.4960058,25.466666666666722,24.0,25.466666666666725,0.0,60.0,80.0,10.0,safe,60.0,80.0,10.0,25.466666666666725,Selected lowest-risk action
1768694399.7010822,25.466666666666722,24.0,25.466666666666725,0.0,60.0,80.0,10.0,safe,60.0,80.0,10.0,25.466666666666725,Selected lowest-risk action
1768694399.906113,25.466666666666722,24.0,25.466666666666725,0.0,60.0,80.0,10.0,safe,60.0,80.0,10.0,25.466666666666725,Selected lowest-risk action
1768694400.1082702,25.466666666666722,24.0,25.466666666666725,0.0,60.0,80.0,10.0,safe,60.0,80.0,10.0,25.466666666666725,Selected lowest-risk action
1768694400.31331,25.466666666666722,24.0,25.466666666666725,0.0,60.0,80.0,10.0,safe,60.0,80.0,10.0,25.466666666666725,Selected lowest-risk action
1768694400.516193,25.466666666666722,24.0,25.466666666666725,0.0,60.0,80.0,10.0,safe,60.0,80.0,10.0,25.466666666666725,Selected lowest-risk action
1768694400.7212312,25.466666666666722,24.0,25.466666666666725,0.0,60.0,80.0,10.0,safe,60.0,80.0,10.0,25.466666666666725,Selected lowest-risk action
1768694400.926251,25.466666666666722,24.0,25.466666666666725,0.0,60.0,80.0,10.0,safe,60.0,80.0,10.0,25.466666666666725,Selected lowest-risk action
1768694401.1312692,25.466666666666722,24.0,25.466666666666725,0.0,60.0,80.0,10.0,safe,60.0,80.0,10.0,25.466666666666725,Selected lowest-risk action
1768694401.336311,25.466666666666722,24.0,25.466666666666725,0.0,60.0,80.0,10.0,safe,60.0,80.0,10.0,25.466666666666725,Selected lowest-risk action
1768694401.537965,25.466666666666722,24.0,25.466666666666725,0.0,60.0,80.0,10.0,safe,60.0,80.0,10.0,25.466666666666725,Selected lowest-risk action
1768694401.7430139,25.466666666666722,24.0,25.466666666666725,0.0,60.0,80.0,10.0,safe,60.0,80.0,10.0,25.466666666666725,Selected lowest-risk action
1768694401.948042,25.466666666666722,24.0,25.466666666666725,0.0,60.0,80.0,10.0,safe,60.0,80.0,10.0,25.466666666666725,Selected lowest-risk action
1768694402.150672,25.466666666666722,24.0,25.466666666666725,0.0,60.0,80.0,10.0,safe,60.0,80.0,10.0,25.466666666666725,Selected lowest-risk action
1768694402.3557172,25.466666666666722,24.0,25.466666666666725,0.0,60.0,80.0,10.0,safe,60.0,80.0,10.0,25.466666666666725,Selected lowest-risk action
1768694402.560763,25.466666666666722,24.0,25.466666666666725,0.0,60.0,80.0,10.0,safe,60.0,80.0,10.0,25.466666666666725,Selected lowest-risk action
1768694402.765812,25.466666666666722,24.0,25.466666666666725,0.0,60.0,80.0,10.0,safe,60.0,80.0,10.0,25.466666666666725,Selected lowest-risk action
1768694402.970859,25.466666666666722,24.0,25.466666666666725,0.0,60.0,80.0,10.0,safe,60.0,80.0,10.0,25.466666666666725,Selected lowest-risk action
1768694403.173235,25.466666666666722,24.0,25.466666666666725,0.0,60.0,80.0,10.0,safe,60.0,80.0,10.0,25.466666666666725,Selected lowest-risk action
1768694403.378283,25.466666666666722,24.0,25.466666666666725,0.0,60.0,80.0,10.0,safe,60.0,80.0,10.0,25.466666666666725,Selected lowest-risk action
1768694403.583332,25.466666666666722,24.0,25.466666666666725,0.0,60.0,80.0,10.0,safe,60.0,80.0,10.0,25.466666666666725,Selected lowest-risk action
1768694403.786858,25.466666666666722,24.0,25.466666666666725,0.0,60.0,80.0,10.0,safe,60.0,80.0,10.0,25.466666666666725,Selected lowest-risk action
1768694403.9919,25.466666666666722,24.0,25.466666666666725,0.0,60.0,80.0,10.0,safe,60.0,80.0,10.0,25.466666666666725,Selected lowest-risk action
1768694404.195786,25.466666666666722,24.0,25.466666666666725,0.0,60.0,80.0,10.0,safe,60.0,80.0,10.0,25.466666666666725,Selected lowest-risk action
1768694404.39946,25.466666666666722,24.0,25.466666666666725,0.0,60.0,80.0,10.0,safe,60.0,80.0,10.0,25.466666666666725,Selected lowest-risk action
1768694404.604502,25.466666666666722,24.0,25.466666666666725,0.0,60.0,80.0,10.0,safe,60.0,80.0,10.0,25.466666666666725,Selected lowest-risk action
1768694404.805391,25.466666666666722,24.0,25.466666666666725,0.0,60.0,80.0,10.0,safe,60.0,80.0,10.0,25.466666666666725,Selected lowest-risk action
1768694405.010077,25.466666666666722,24.0,25.466666666666725,0.0,60.0,80.0,10.0,safe,60.0,80.0,10.0,25.466666666666725,Selected lowest-risk action
1768694405.2125819,25.466666666666722,24.0,25.466666666666725,0.0,60.0,80.0,10.0,safe,60.0,80.0,10.0,25.466666666666725,Selected lowest-risk action
1768694405.41763,25.466666666666722,24.0,25.466666666666725,0.0,60.0,80.0,10.0,safe,60.0,80.0,10.0,25.466666666666725,Selected lowest-risk action
1768694405.621305,25.466666666666722,24.0,25.466666666666725,0.0,60.0,80.0,10.0,safe,60.0,80.0,10.0,25.466666666666725,Selected lowest-risk action
1768694405.822722,25.466666666666722,24.0,25.466666666666725,0.0,60.0,80.0,10.0,safe,60.0,80.0,10.0,25.466666666666725,Selected lowest-risk action
1768694406.027766,25.466666666666722,24.0,25.466666666666725,0.0,60.0,80.0,10.0,safe,60.0,80.0,10.0,25.466666666666725,Selected lowest-risk action
1768694406.232856,25.466666666666722,24.0,25.466666666666725,0.0,60.0,80.0,10.0,safe,60.0,80.0,10.0,25.466666666666725,Selected lowest-risk action
1768694406.437249,25.466666666666722,24.0,25.466666666666725,0.0,60.0,80.0,10.0,safe,60.0,80.0,10.0,25.466666666666725,Selected lowest-risk action
1768694406.6418219,25.466666666666722,24.0,25.466666666666725,0.0,60.0,80.0,10.0,safe,60.0,80.0,10.0,25.466666666666725,Selected lowest-risk action
1768694406.8468711,25.466666666666722,24.0,25.466666666666725,0.0,60.0,80.0,10.0,safe,60.0,80.0,10.0,25.466666666666725,Selected lowest-risk action
1768694407.051989,25.466666666666722,24.0,25.466666666666725,0.0,60.0,80.0,10.0,safe,60.0,80.0,10.0,25.466666666666725,Selected lowest-risk action
1768694407.254824,25.466666666666722,24.0,25.466666666666725,0.0,60.0,80.0,10.0,safe,60.0,80.0,10.0,25.466666666666725,Selected lowest-risk action
1768694407.459862,25.466666666666722,24.0,25.466666666666725,0.0,60.0,80.0,10.0,safe,60.0,80.0,10.0,25.466666666666725,Selected lowest-risk action
1768694407.6649878,25.466666666666722,24.0,25.466666666666725,0.0,60.0,80.0,10.0,safe,60.0,80.0,10.0,25.466666666666725,Selected lowest-risk action
1768694407.866576,25.466666666666722,24.0,25.466666666666725,0.0,60.0,80.0,10.0,safe,60.0,80.0,10.0,25.466666666666725,Selected lowest-risk action
1768694408.071315,25.466666666666722,24.0,25.466666666666725,0.0,60.0,80.0,10.0,safe,60.0,80.0,10.0,25.466666666666725,Selected lowest-risk action
1768694408.2763572,25.466666666666722,24.0,25.466666666666725,0.0,60.0,80.0,10.0,safe,60.0,80.0,10.0,25.466666666666725,Selected lowest-risk action
1768694408.481397,25.466666666666722,24.0,25.466666666666725,0.0,60.0,80.0,10.0,safe,60.0,80.0,10.0,25.466666666666725,Selected lowest-risk action
1768694408.686448,25.466666666666722,24.0,25.466666666666725,0.0,60.0,80.0,10.0,safe,60.0,80.0,10.0,25.466666666666725,Selected lowest-risk action
1768694408.8875608,25.466666666666722,24.0,25.466666666666725,0.0,60.0,80.0,10.0,safe,60.0,80.0,10.0,25.466666666666725,Selected lowest-risk action
1768694409.092603,25.466666666666722,24.0,25.466666666666725,0.0,60.0,80.0,10.0,safe,60.0,80.0,10.0,25.466666666666725,Selected lowest-risk action
1768694409.2976499,25.466666666666722,24.0,25.466666666666725,0.0,60.0,80.0,10.0,safe,60.0,80.0,10.0,25.466666666666725,Selected lowest-risk action
1768694409.5026932,25.466666666666722,24.0,25.466666666666725,0.0,60.0,80.0,10.0,safe,60.0,80.0,10.0,25.466666666666725,Selected lowest-risk action
1768694409.707752,25.466666666666722,24.0,25.466666666666725,0.0,60.0,80.0,10.0,safe,60.0,80.0,10.0,25.466666666666725,Selected lowest-risk action
1768694409.9127932,25.466666666666722,24.0,25.466666666666725,0.0,60.0,80.0,10.0,safe,60.0,80.0,10.0,25.466666666666725,Selected lowest-risk action
1768694410.115687,25.466666666666722,24.0,25.466666666666725,0.0,60.0,80.0,10.0,safe,60.0,80.0,10.0,25.466666666666725,Selected lowest-risk action
1768694410.319864,25.466666666666722,24.0,25.466666666666725,0.0,60.0,80.0,10.0,safe,60.0,80.0,10.0,25.466666666666725,Selected lowest-risk action
1768694410.5213928,25.466666666666722,24.0,25.466666666666725,0.0,60.0,80.0,10.0,safe,60.0,80.0,10.0,25.466666666666725,Selected lowest-risk action
1768694410.7251709,25.466666666666722,24.0,25.466666666666725,0.0,60.0,80.0,10.0,safe,60.0,80.0,10.0,25.466666666666725,Selected lowest-risk action
1768694410.9255428,25.466666666666722,24.0,25.466666666666725,0.0,60.0,80.0,10.0,safe,60.0,80.0,10.0,25.466666666666725,Selected lowest-risk action
1768694411.12724,25.466666666666722,24.0,25.466666666666725,0.0,60.0,80.0,10.0,safe,60.0,80.0,10.0,25.466666666666725,Selected lowest-risk action
1768694411.33164,25.466666666666722,24.0,25.466666666666725,0.0,60.0,80.0,10.0,safe,60.0,80.0,10.0,25.466666666666725,Selected lowest-risk action
1768694411.5359519,25.466666666666722,24.0,25.466666666666725,0.0,60.0,80.0,10.0,safe,60.0,80.0,10.0,25.466666666666725,Selected lowest-risk action
1768694411.738034,25.466666666666722,24.0,25.466666666666725,0.0,60.0,80.0,10.0,safe,60.0,80.0,10.0,25.466666666666725,Selected lowest-risk action
1768694411.941362,25.466666666666722,24.0,25.466666666666725,0.0,60.0,80.0,10.0,safe,60.0,80.0,10.0,25.466666666666725,Selected lowest-risk action
1768694412.146403,25.466666666666722,24.0,25.466666666666725,0.0,60.0,80.0,10.0,safe,60.0,80.0,10.0,25.466666666666725,Selected lowest-risk action
1768694412.351455,25.466666666666722,24.0,25.466666666666725,0.0,60.0,80.0,10.0,safe,60.0,80.0,10.0,25.466666666666725,Selected lowest-risk action
1768694412.556496,25.466666666666722,24.0,25.466666666666725,0.0,60.0,80.0,10.0,safe,60.0,80.0,10.0,25.466666666666725,Selected lowest-risk action
1768694412.761544,25.466666666666722,24.0,25.466666666666725,0.0,60.0,80.0,10.0,safe,60.0,80.0,10.0,25.466666666666725,Selected lowest-risk action
1768694412.9665868,25.466666666666722,24.0,25.466666666666725,0.0,60.0,80.0,10.0,safe,60.0,80.0,10.0,25.466666666666725,Selected lowest-risk action
1768694413.1676722,25.466666666666722,24.0,25.466666666666725,0.0,60.0,80.0,10.0,safe,60.0,80.0,10.0,25.466666666666725,Selected lowest-risk action
1768694413.372714,25.466666666666722,24.0,25.466666666666725,0.0,60.0,80.0,10.0,safe,60.0,80.0,10.0,25.466666666666725,Selected lowest-risk action
1768694413.577761,25.466666666666722,24.0,25.466666666666725,0.0,60.0,80.0,10.0,safe,60.0,80.0,10.0,25.466666666666725,Selected lowest-risk action
1768694413.782806,25.466666666666722,24.0,25.466666666666725,0.0,60.0,80.0,10.0,safe,60.0,80.0,10.0,25.466666666666725,Selected lowest-risk action
1768694413.987861,25.466666666666722,24.0,25.466666666666725,0.0,60.0,80.0,10.0,safe,60.0,80.0,10.0,25.466666666666725,Selected lowest-risk action
1768694414.18803,25.466666666666722,24.0,25.466666666666725,0.0,60.0,80.0,10.0,safe,60.0,80.0,10.0,25.466666666666725,Selected lowest-risk action
1768694414.3930728,25.466666666666722,24.0,25.466666666666725,0.0,60.0,80.0,10.0,safe,60.0,80.0,10.0,25.466666666666725,Selected lowest-risk action
1768694414.595073,25.466666666666722,24.0,25.466666666666725,0.0,60.0,80.0,10.0,safe,60.0,80.0,10.0,25.466666666666725,Selected lowest-risk action
1768694414.800119,25.466666666666722,24.0,25.466666666666725,0.0,60.0,80.0,10.0,safe,60.0,80.0,10.0,25.466666666666725,Selected lowest-risk action
1768694415.002482,25.466666666666722,24.0,25.466666666666725,0.0,60.0,80.0,10.0,safe,60.0,80.0,10.0,25.466666666666725,Selected lowest-risk action
1768694415.204992,25.466666666666722,24.0,25.466666666666725,0.0,60.0,80.0,10.0,safe,60.0,80.0,10.0,25.466666666666725,Selected lowest-risk action
1768694415.410037,25.466666666666722,24.0,25.466666666666725,0.0,60.0,80.0,10.0,safe,60.0,80.0,10.0,25.466666666666725,Selected lowest-risk action
1768694415.6150851,25.466666666666722,24.0,25.466666666666725,0.0,60.0,80.0,10.0,safe,60.0,80.0,10.0,25.466666666666725,Selected lowest-risk action
1768694415.82013,25.466666666666722,24.0,25.466666666666725,0.0,60.0,80.0,10.0,safe,60.0,80.0,10.0,25.466666666666725,Selected lowest-risk action
1768694416.022243,25.466666666666722,24.0,25.466666666666725,0.0,60.0,80.0,10.0,safe,60.0,80.0,10.0,25.466666666666725,Selected lowest-risk action
1768694416.224718,25.466666666666722,24.0,25.466666666666725,0.0,60.0,80.0,10.0,safe,60.0,80.0,10.0,25.466666666666725,Selected lowest-risk action
1768694416.4286149,25.466666666666722,24.0,25.466666666666725,0.0,60.0,80.0,10.0,safe,60.0,80.0,10.0,25.466666666666725,Selected lowest-risk action
1768694416.633645,25.466666666666722,24.0,25.466666666666725,0.0,60.0,80.0,10.0,safe,60.0,80.0,10.0,25.466666666666725,Selected lowest-risk action
1768694416.838093,25.466666666666722,24.0,25.466666666666725,0.0,60.0,80.0,10.0,safe,60.0,80.0,10.0,25.466666666666725,Selected lowest-risk action
1768694417.043159,25.466666666666722,24.0,25.466666666666725,0.0,60.0,80.0,10.0,safe,60.0,80.0,10.0,25.466666666666725,Selected lowest-risk action
1768694417.2474089,25.466666666666722,24.0,25.466666666666725,0.0,60.0,80.0,10.0,safe,60.0,80.0,10.0,25.466666666666725,Selected lowest-risk action
1768694417.4524548,25.466666666666722,24.0,25.466666666666725,0.0,60.0,80.0,10.0,safe,60.0,80.0,10.0,25.466666666666725,Selected lowest-risk action
1768694417.65477,25.466666666666722,24.0,25.466666666666725,0.0,60.0,80.0,10.0,safe,60.0,80.0,10.0,25.466666666666725,Selected lowest-risk action
1768694417.8549461,25.466666666666722,24.0,25.466666666666725,0.0,60.0,80.0,10.0,safe,60.0,80.0,10.0,25.466666666666725,Selected lowest-risk action
1768694418.05953,25.466666666666722,24.0,25.466666666666725,0.0,60.0,80.0,10.0,safe,60.0,80.0,10.0,25.466666666666725,Selected lowest-risk action
1768694418.26277,25.466666666666722,24.0,25.466666666666725,0.0,60.0,80.0,10.0,safe,60.0,80.0,10.0,25.466666666666725,Selected lowest-risk action
1768694418.466142,25.466666666666722,24.0,25.466666666666725,0.0,60.0,80.0,10.0,safe,60.0,80.0,10.0,25.466666666666725,Selected lowest-risk action
1768694418.6678112,25.466666666666722,24.0,25.466666666666725,0.0,60.0,80.0,10.0,safe,60.0,80.0,10.0,25.466666666666725,Selected lowest-risk action
1768694418.872736,25.466666666666722,24.0,25.466666666666725,0.0,60.0,80.0,10.0,safe,60.0,80.0,10.0,25.466666666666725,Selected lowest-risk action
1768694419.073427,25.466666666666722,24.0,25.466666666666725,0.0,60.0,80.0,10.0,safe,60.0,80.0,10.0,25.466666666666725,Selected lowest-risk action
1768694419.278472,25.466666666666722,24.0,25.466666666666725,0.0,60.0,80.0,10.0,safe,60.0,80.0,10.0,25.466666666666725,Selected lowest-risk action
1768694419.4826791,25.466666666666722,24.0,25.466666666666725,0.0,60.0,80.0,10.0,safe,60.0,80.0,10.0,25.466666666666725,Selected lowest-risk action
1768694419.683712,25.466666666666722,24.0,25.466666666666725,0.0,60.0,80.0,10.0,safe,60.0,80.0,10.0,25.466666666666725,Selected lowest-risk action
1768694419.888747,25.466666666666722,24.0,25.466666666666725,0.0,60.0,80.0,10.0,safe,60.0,80.0,10.0,25.466666666666725,Selected lowest-risk action
1768694420.0938082,25.466666666666722,24.0,25.466666666666725,0.0,60.0,80.0,10.0,safe,60.0,80.0,10.0,25.466666666666725,Selected lowest-risk action
1768694420.2988648,25.466666666666722,24.0,25.466666666666725,0.0,60.0,80.0,10.0,safe,60.0,80.0,10.0,25.466666666666725,Selected lowest-risk action
1768694420.5038989,25.466666666666722,24.0,25.466666666666725,0.0,60.0,80.0,10.0,safe,60.0,80.0,10.0,25.466666666666725,Selected lowest-risk action
1768694420.7089431,25.466666666666722,24.0,25.466666666666725,0.0,60.0,80.0,10.0,safe,60.0,80.0,10.0,25.466666666666725,Selected lowest-risk action
1768694420.913244,25.466666666666722,24.0,25.466666666666725,0.0,60.0,80.0,10.0,safe,60.0,80.0,10.0,25.466666666666725,Selected lowest-risk action
1768694421.118277,25.466666666666722,24.0,25.466666666666725,0.0,60.0,80.0,10.0,safe,60.0,80.0,10.0,25.466666666666725,Selected lowest-risk action
1768694421.320639,25.466666666666722,24.0,25.466666666666725,0.0,60.0,80.0,10.0,safe,60.0,80.0,10.0,25.466666666666725,Selected lowest-risk action
1768694421.525663,25.466666666666722,24.0,25.466666666666725,0.0,60.0,80.0,10.0,safe,60.0,80.0,10.0,25.466666666666725,Selected lowest-risk action
1768694421.729292,25.466666666666722,24.0,25.466666666666725,0.0,60.0,80.0,10.0,safe,60.0,80.0,10.0,25.466666666666725,Selected lowest-risk action
1768694421.933843,25.466666666666722,24.0,25.466666666666725,0.0,60.0,80.0,10.0,safe,60.0,80.0,10.0,25.466666666666725,Selected lowest-risk action
1768694422.138884,25.466666666666722,24.0,25.466666666666725,0.0,60.0,80.0,10.0,safe,60.0,80.0,10.0,25.466666666666725,Selected lowest-risk action
1768694422.343931,25.466666666666722,24.0,25.466666666666725,0.0,60.0,80.0,10.0,safe,60.0,80.0,10.0,25.466666666666725,Selected lowest-risk action
1768694422.5489779,25.466666666666722,24.0,25.466666666666725,0.0,60.0,80.0,10.0,safe,60.0,80.0,10.0,25.466666666666725,Selected lowest-risk action
1768694422.754022,25.466666666666722,24.0,25.466666666666725,0.0,60.0,80.0,10.0,safe,60.0,80.0,10.0,25.466666666666725,Selected lowest-risk action
1768694422.959062,25.466666666666722,24.0,25.466666666666725,0.0,60.0,80.0,10.0,safe,60.0,80.0,10.0,25.466666666666725,Selected lowest-risk action
1768694423.164095,25.466666666666722,24.0,25.466666666666725,0.0,60.0,80.0,10.0,safe,60.0,80.0,10.0,25.466666666666725,Selected lowest-risk action
1768694423.365862,25.466666666666722,24.0,25.466666666666725,0.0,60.0,80.0,10.0,safe,60.0,80.0,10.0,25.466666666666725,Selected lowest-risk action
1768694423.570913,25.466666666666722,24.0,25.466666666666725,0.0,60.0,80.0,10.0,safe,60.0,80.0,10.0,25.466666666666725,Selected lowest-risk action
1768694423.773979,25.466666666666722,24.0,25.466666666666725,0.0,60.0,80.0,10.0,safe,60.0,80.0,10.0,25.466666666666725,Selected lowest-risk action
1768694423.979038,25.466666666666722,24.0,25.466666666666725,0.0,60.0,80.0,10.0,safe,60.0,80.0,10.0,25.466666666666725,Selected lowest-risk action
1768694424.180956,25.466666666666722,24.0,25.466666666666725,0.0,60.0,80.0,10.0,safe,60.0,80.0,10.0,25.466666666666725,Selected lowest-risk action
1768694424.3842099,25.466666666666722,24.0,25.466666666666725,0.0,60.0,80.0,10.0,safe,60.0,80.0,10.0,25.466666666666725,Selected lowest-risk action
1768694424.58926,25.466666666666722,24.0,25.466666666666725,0.0,60.0,80.0,10.0,safe,60.0,80.0,10.0,25.466666666666725,Selected lowest-risk action
1768694424.792348,25.466666666666722,24.0,25.466666666666725,0.0,60.0,80.0,10.0,safe,60.0,80.0,10.0,25.466666666666725,Selected lowest-risk action
1768694424.9973881,25.466666666666722,24.0,25.466666666666725,0.0,60.0,80.0,10.0,safe,60.0,80.0,10.0,25.466666666666725,Selected lowest-risk action
1768694425.200612,25.466666666666722,24.0,25.466666666666725,0.0,60.0,80.0,10.0,safe,60.0,80.0,10.0,25.466666666666725,Selected lowest-risk action
1768694425.4036071,25.466666666666722,24.0,25.466666666666725,0.0,60.0,80.0,10.0,safe,60.0,80.0,10.0,25.466666666666725,Selected lowest-risk action
1768694425.6048481,25.466666666666722,24.0,25.466666666666725,0.0,60.0,80.0,10.0,safe,60.0,80.0,10.0,25.466666666666725,Selected lowest-risk action
1768694425.8098931,25.466666666666722,24.0,25.466666666666725,0.0,60.0,80.0,10.0,safe,60.0,80.0,10.0,25.466666666666725,Selected lowest-risk action
1768694426.014943,25.466666666666722,24.0,25.466666666666725,0.0,60.0,80.0,10.0,safe,60.0,80.0,10.0,25.466666666666725,Selected lowest-risk action
1768694426.2151492,25.466666666666722,24.0,25.466666666666725,0.0,60.0,80.0,10.0,safe,60.0,80.0,10.0,25.466666666666725,Selected lowest-risk action
1768694426.420203,25.466666666666722,24.0,25.466666666666725,0.0,60.0,80.0,10.0,safe,60.0,80.0,10.0,25.466666666666725,Selected lowest-risk action
1768694426.6215198,25.466666666666722,24.0,25.466666666666725,0.0,60.0,80.0,10.0,safe,60.0,80.0,10.0,25.466666666666725,Selected lowest-risk action
1768694426.8266509,25.466666666666722,24.0,25.466666666666725,0.0,60.0,80.0,10.0,safe,60.0,80.0,10.0,25.466666666666725,Selected lowest-risk action
1768694427.0316942,25.466666666666722,24.0,25.466666666666725,0.0,60.0,80.0,10.0,safe,60.0,80.0,10.0,25.466666666666725,Selected lowest-risk action
1768694427.23554,25.466666666666722,24.0,25.466666666666725,0.0,60.0,80.0,10.0,safe,60.0,80.0,10.0,25.466666666666725,Selected lowest-risk action
1768694427.4405818,25.466666666666722,24.0,25.466666666666725,0.0,60.0,80.0,10.0,safe,60.0,80.0,10.0,25.466666666666725,Selected lowest-risk action
1768694427.644156,25.466666666666722,24.0,25.466666666666725,0.0,60.0,80.0,10.0,safe,60.0,80.0,10.0,25.466666666666725,Selected lowest-risk action
1768694427.846308,25.466666666666722,24.0,25.466666666666725,0.0,60.0,80.0,10.0,safe,60.0,80.0,10.0,25.466666666666725,Selected lowest-risk action
1768694428.0505621,25.466666666666722,24.0,25.466666666666725,0.0,60.0,80.0,10.0,safe,60.0,80.0,10.0,25.466666666666725,Selected lowest-risk action
1768694428.254884,25.466666666666722,24.0,25.466666666666725,0.0,60.0,80.0,10.0,safe,60.0,80.0,10.0,25.466666666666725,Selected lowest-risk action
1768694428.4580202,25.466666666666722,24.0,25.466666666666725,0.0,60.0,80.0,10.0,safe,60.0,80.0,10.0,25.466666666666725,Selected lowest-risk action
1768694428.663081,25.466666666666722,24.0,25.466666666666725,0.0,60.0,80.0,10.0,safe,60.0,80.0,10.0,25.466666666666725,Selected lowest-risk action
1768694428.865385,25.466666666666722,24.0,25.466666666666725,0.0,60.0,80.0,10.0,safe,60.0,80.0,10.0,25.466666666666725,Selected lowest-risk action
1768694429.066242,25.466666666666722,24.0,25.466666666666725,0.0,60.0,80.0,10.0,safe,60.0,80.0,10.0,25.466666666666725,Selected lowest-risk action
1768694429.271303,25.466666666666722,24.0,25.466666666666725,0.0,60.0,80.0,10.0,safe,60.0,80.0,10.0,25.466666666666725,Selected lowest-risk action
1768694429.473118,25.466666666666722,24.0,25.466666666666725,0.0,60.0,80.0,10.0,safe,60.0,80.0,10.0,25.466666666666725,Selected lowest-risk action
1768694429.674651,25.466666666666722,24.0,25.466666666666725,0.0,60.0,80.0,10.0,safe,60.0,80.0,10.0,25.466666666666725,Selected lowest-risk action
1768694429.87971,25.466666666666722,24.0,25.466666666666725,0.0,60.0,80.0,10.0,safe,60.0,80.0,10.0,25.466666666666725,Selected lowest-risk action
1768694430.08476,25.466666666666722,24.0,25.466666666666725,0.0,60.0,80.0,10.0,safe,60.0,80.0,10.0,25.466666666666725,Selected lowest-risk action
1768694430.289247,25.466666666666722,24.0,25.466666666666725,0.0,60.0,80.0,10.0,safe,60.0,80.0,10.0,25.466666666666725,Selected lowest-risk action
1768694430.494289,25.466666666666722,24.0,25.466666666666725,0.0,60.0,80.0,10.0,safe,60.0,80.0,10.0,25.466666666666725,Selected lowest-risk action
1768694430.6994,25.466666666666722,24.0,25.466666666666725,0.0,60.0,80.0,10.0,safe,60.0,80.0,10.0,25.466666666666725,Selected lowest-risk action
1768694430.904453,25.466666666666722,24.0,25.466666666666725,0.0,60.0,80.0,10.0,safe,60.0,80.0,10.0,25.466666666666725,Selected lowest-risk action
1768694431.108007,25.466666666666722,24.0,25.466666666666725,0.0,60.0,80.0,10.0,safe,60.0,80.0,10.0,25.466666666666725,Selected lowest-risk action
1768694431.3131268,25.466666666666722,24.0,25.466666666666725,0.0,60.0,80.0,10.0,safe,60.0,80.0,10.0,25.466666666666725,Selected lowest-risk action
1768694431.5146391,25.466666666666722,24.0,25.466666666666725,0.0,60.0,80.0,10.0,safe,60.0,80.0,10.0,25.466666666666725,Selected lowest-risk action
1768694431.719691,25.466666666666722,24.0,25.466666666666725,0.0,60.0,80.0,10.0,safe,60.0,80.0,10.0,25.466666666666725,Selected lowest-risk action
1768694431.923845,25.466666666666722,24.0,25.466666666666725,0.0,60.0,80.0,10.0,safe,60.0,80.0,10.0,25.466666666666725,Selected lowest-risk action
1768694432.126739,25.466666666666722,24.0,25.466666666666725,0.0,60.0,80.0,10.0,safe,60.0,80.0,10.0,25.466666666666725,Selected lowest-risk action
1768694432.3317802,25.466666666666722,24.0,25.466666666666725,0.0,60.0,80.0,10.0,safe,60.0,80.0,10.0,25.466666666666725,Selected lowest-risk action
1768694432.5346172,25.466666666666722,24.0,25.466666666666725,0.0,60.0,80.0,10.0,safe,60.0,80.0,10.0,25.466666666666725,Selected lowest-risk action
1768694432.739328,25.466666666666722,24.0,25.466666666666725,0.0,60.0,80.0,10.0,safe,60.0,80.0,10.0,25.466666666666725,Selected lowest-risk action
1768694432.94437,25.466666666666722,24.0,25.466666666666725,0.0,60.0,80.0,10.0,safe,60.0,80.0,10.0,25.466666666666725,Selected lowest-risk action
1768694433.145605,25.466666666666722,24.0,25.466666666666725,0.0,60.0,80.0,10.0,safe,60.0,80.0,10.0,25.466666666666725,Selected lowest-risk action
1768694433.3506482,25.466666666666722,24.0,25.466666666666725,0.0,60.0,80.0,10.0,safe,60.0,80.0,10.0,25.466666666666725,Selected lowest-risk action
1768694433.555694,25.466666666666722,24.0,25.466666666666725,0.0,60.0,80.0,10.0,safe,60.0,80.0,10.0,25.466666666666725,Selected lowest-risk action
1768694433.755965,25.466666666666722,24.0,25.466666666666725,0.0,60.0,80.0,10.0,safe,60.0,80.0,10.0,25.466666666666725,Selected lowest-risk action
1768694433.957429,25.466666666666722,24.0,25.466666666666725,0.0,60.0,80.0,10.0,safe,60.0,80.0,10.0,25.466666666666725,Selected lowest-risk action
1768694434.1624682,25.466666666666722,24.0,25.466666666666725,0.0,60.0,80.0,10.0,safe,60.0,80.0,10.0,25.466666666666725,Selected lowest-risk action
1768694434.367233,25.466666666666722,24.0,25.466666666666725,0.0,60.0,80.0,10.0,safe,60.0,80.0,10.0,25.466666666666725,Selected lowest-risk action
1768694434.572285,25.466666666666722,24.0,25.466666666666725,0.0,60.0,80.0,10.0,safe,60.0,80.0,10.0,25.466666666666725,Selected lowest-risk action
1768694434.777337,25.466666666666722,24.0,25.466666666666725,0.0,60.0,80.0,10.0,safe,60.0,80.0,10.0,25.466666666666725,Selected lowest-risk action
1768694434.982374,25.466666666666722,24.0,25.466666666666725,0.0,60.0,80.0,10.0,safe,60.0,80.0,10.0,25.466666666666725,Selected lowest-risk action
1768694435.187436,25.466666666666722,24.0,25.466666666666725,0.0,60.0,80.0,10.0,safe,60.0,80.0,10.0,25.466666666666725,Selected lowest-risk action
1768694435.3900852,25.466666666666722,24.0,25.466666666666725,0.0,60.0,80.0,10.0,safe,60.0,80.0,10.0,25.466666666666725,Selected lowest-risk action
1768694435.595201,25.466666666666722,24.0,25.466666666666725,0.0,60.0,80.0,10.0,safe,60.0,80.0,10.0,25.466666666666725,Selected lowest-risk action
1768694435.797929,25.466666666666722,24.0,25.466666666666725,0.0,60.0,80.0,10.0,safe,60.0,80.0,10.0,25.466666666666725,Selected lowest-risk action
1768694435.9980319,25.466666666666722,24.0,25.466666666666725,0.0,60.0,80.0,10.0,safe,60.0,80.0,10.0,25.466666666666725,Selected lowest-risk action
1768694436.201477,25.466666666666722,24.0,25.466666666666725,0.0,60.0,80.0,10.0,safe,60.0,80.0,10.0,25.466666666666725,Selected lowest-risk action
1768694436.404978,25.466666666666722,24.0,25.466666666666725,0.0,60.0,80.0,10.0,safe,60.0,80.0,10.0,25.466666666666725,Selected lowest-risk action
1768694436.606019,25.466666666666722,24.0,25.466666666666725,0.0,60.0,80.0,10.0,safe,60.0,80.0,10.0,25.466666666666725,Selected lowest-risk action
1768694436.808108,25.466666666666722,24.0,25.466666666666725,0.0,60.0,80.0,10.0,safe,60.0,80.0,10.0,25.466666666666725,Selected lowest-risk action
1768694437.013155,25.466666666666722,24.0,25.466666666666725,0.0,60.0,80.0,10.0,safe,60.0,80.0,10.0,25.466666666666725,Selected lowest-risk action
1768694437.2182012,25.466666666666722,24.0,25.466666666666725,0.0,60.0,80.0,10.0,safe,60.0,80.0,10.0,25.466666666666725,Selected lowest-risk action
1768694437.421647,25.466666666666722,24.0,25.466666666666725,0.0,60.0,80.0,10.0,safe,60.0,80.0,10.0,25.466666666666725,Selected lowest-risk action
1768694437.6266901,25.466666666666722,24.0,25.466666666666725,0.0,60.0,80.0,10.0,safe,60.0,80.0,10.0,25.466666666666725,Selected lowest-risk action
1768694437.828882,25.466666666666722,24.0,25.466666666666725,0.0,60.0,80.0,10.0,safe,60.0,80.0,10.0,25.466666666666725,Selected lowest-risk action
1768694438.033931,25.466666666666722,24.0,25.466666666666725,0.0,60.0,80.0,10.0,safe,60.0,80.0,10.0,25.466666666666725,Selected lowest-risk action
1768694438.2383292,25.466666666666722,24.0,25.466666666666725,0.0,60.0,80.0,10.0,safe,60.0,80.0,10.0,25.466666666666725,Selected lowest-risk action
1768694438.439368,25.466666666666722,24.0,25.466666666666725,0.0,60.0,80.0,10.0,safe,60.0,80.0,10.0,25.466666666666725,Selected lowest-risk action
1768694438.643069,25.466666666666722,24.0,25.466666666666725,0.0,60.0,80.0,10.0,safe,60.0,80.0,10.0,25.466666666666725,Selected lowest-risk action
1768694438.848125,25.466666666666722,24.0,25.466666666666725,0.0,60.0,80.0,10.0,safe,60.0,80.0,10.0,25.466666666666725,Selected lowest-risk action
1768694439.051359,25.466666666666722,24.0,25.466666666666725,0.0,60.0,80.0,10.0,safe,60.0,80.0,10.0,25.466666666666725,Selected lowest-risk action
1768694439.2552278,25.466666666666722,24.0,25.466666666666725,0.0,60.0,80.0,10.0,safe,60.0,80.0,10.0,25.466666666666725,Selected lowest-risk action
1768694439.4602518,25.466666666666722,24.0,25.466666666666725,0.0,60.0,80.0,10.0,safe,60.0,80.0,10.0,25.466666666666725,Selected lowest-risk action
1768694439.6652732,25.466666666666722,24.0,25.466666666666725,0.0,60.0,80.0,10.0,safe,60.0,80.0,10.0,25.466666666666725,Selected lowest-risk action
1768694439.870302,25.466666666666722,24.0,25.466666666666725,0.0,60.0,80.0,10.0,safe,60.0,80.0,10.0,25.466666666666725,Selected lowest-risk action
1768694440.0753431,25.466666666666722,24.0,25.466666666666725,0.0,60.0,80.0,10.0,safe,60.0,80.0,10.0,25.466666666666725,Selected lowest-risk action
1768694440.2756858,25.466666666666722,24.0,25.466666666666725,0.0,60.0,80.0,10.0,safe,60.0,80.0,10.0,25.466666666666725,Selected lowest-risk action
1768694440.480722,25.466666666666722,24.0,25.466666666666725,0.0,60.0,80.0,10.0,safe,60.0,80.0,10.0,25.466666666666725,Selected lowest-risk action
1768694440.6857731,25.466666666666722,24.0,25.466666666666725,0.0,60.0,80.0,10.0,safe,60.0,80.0,10.0,25.466666666666725,Selected lowest-risk action
1768694440.8875022,25.466666666666722,24.0,25.466666666666725,0.0,60.0,80.0,10.0,safe,60.0,80.0,10.0,25.466666666666725,Selected lowest-risk action
1768694441.088167,25.466666666666722,24.0,25.466666666666725,0.0,60.0,80.0,10.0,safe,60.0,80.0,10.0,25.466666666666725,Selected lowest-risk action
1768694441.290278,25.466666666666722,24.0,25.466666666666725,0.0,60.0,80.0,10.0,safe,60.0,80.0,10.0,25.466666666666725,Selected lowest-risk action
1768694441.495323,25.466666666666722,24.0,25.466666666666725,0.0,60.0,80.0,10.0,safe,60.0,80.0,10.0,25.466666666666725,Selected lowest-risk action
1768694441.7003698,25.466666666666722,24.0,25.466666666666725,0.0,60.0,80.0,10.0,safe,60.0,80.0,10.0,25.466666666666725,Selected lowest-risk action
1768694441.905038,25.466666666666722,24.0,25.466666666666725,0.0,60.0,80.0,10.0,safe,60.0,80.0,10.0,25.466666666666725,Selected lowest-risk action
1768694442.1068301,25.466666666666722,24.0,25.466666666666725,0.0,60.0,80.0,10.0,safe,60.0,80.0,10.0,25.466666666666725,Selected lowest-risk action
1768694442.309181,25.466666666666722,24.0,25.466666666666725,0.0,60.0,80.0,10.0,safe,60.0,80.0,10.0,25.466666666666725,Selected lowest-risk action
1768694442.5114088,25.466666666666722,24.0,25.466666666666725,0.0,60.0,80.0,10.0,safe,60.0,80.0,10.0,25.466666666666725,Selected lowest-risk action
1768694442.716457,25.466666666666722,24.0,25.466666666666725,0.0,60.0,80.0,10.0,safe,60.0,80.0,10.0,25.466666666666725,Selected lowest-risk action
1768694442.920678,25.466666666666722,24.0,25.466666666666725,0.0,60.0,80.0,10.0,safe,60.0,80.0,10.0,25.466666666666725,Selected lowest-risk action
1768694443.1210701,25.466666666666722,24.0,25.466666666666725,0.0,60.0,80.0,10.0,safe,60.0,80.0,10.0,25.466666666666725,Selected lowest-risk action
1768694443.322731,25.466666666666722,24.0,25.466666666666725,0.0,60.0,80.0,10.0,safe,60.0,80.0,10.0,25.466666666666725,Selected lowest-risk action
1768694443.527777,25.466666666666722,24.0,25.466666666666725,0.0,60.0,80.0,10.0,safe,60.0,80.0,10.0,25.466666666666725,Selected lowest-risk action
1768694443.7325199,25.466666666666722,24.0,25.466666666666725,0.0,60.0,80.0,10.0,safe,60.0,80.0,10.0,25.466666666666725,Selected lowest-risk action
1768694443.937365,25.466666666666722,24.0,25.466666666666725,0.0,60.0,80.0,10.0,safe,60.0,80.0,10.0,25.466666666666725,Selected lowest-risk action
1768694444.138356,25.466666666666722,24.0,25.466666666666725,0.0,60.0,80.0,10.0,safe,60.0,80.0,10.0,25.466666666666725,Selected lowest-risk action
1768694444.343404,25.466666666666722,24.0,25.466666666666725,0.0,60.0,80.0,10.0,safe,60.0,80.0,10.0,25.466666666666725,Selected lowest-risk action
1768694444.54845,25.466666666666722,24.0,25.466666666666725,0.0,60.0,80.0,10.0,safe,60.0,80.0,10.0,25.466666666666725,Selected lowest-risk action
1768694444.748854,25.466666666666722,24.0,25.466666666666725,0.0,60.0,80.0,10.0,safe,60.0,80.0,10.0,25.466666666666725,Selected lowest-risk action
1768694444.953894,25.466666666666722,24.0,25.466666666666725,0.0,60.0,80.0,10.0,safe,60.0,80.0,10.0,25.466666666666725,Selected lowest-risk action
1768694445.156087,25.466666666666722,24.0,25.466666666666725,0.0,60.0,80.0,10.0,safe,60.0,80.0,10.0,25.466666666666725,Selected lowest-risk action
1768694445.361133,25.466666666666722,24.0,25.466666666666725,0.0,60.0,80.0,10.0,safe,60.0,80.0,10.0,25.466666666666725,Selected lowest-risk action
1768694445.566185,25.466666666666722,24.0,25.466666666666725,0.0,60.0,80.0,10.0,safe,60.0,80.0,10.0,25.466666666666725,Selected lowest-risk action
1768694445.7712362,25.466666666666722,24.0,25.466666666666725,0.0,60.0,80.0,10.0,safe,60.0,80.0,10.0,25.466666666666725,Selected lowest-risk action
1768694445.97628,25.466666666666722,24.0,25.466666666666725,0.0,60.0,80.0,10.0,safe,60.0,80.0,10.0,25.466666666666725,Selected lowest-risk action
1768694446.1768162,25.466666666666722,24.0,25.466666666666725,0.0,60.0,80.0,10.0,safe,60.0,80.0,10.0,25.466666666666725,Selected lowest-risk action
1768694446.3820539,25.466666666666722,24.0,25.466666666666725,0.0,60.0,80.0,10.0,safe,60.0,80.0,10.0,25.466666666666725,Selected lowest-risk action
1768694446.5871072,25.466666666666722,24.0,25.466666666666725,0.0,60.0,80.0,10.0,safe,60.0,80.0,10.0,25.466666666666725,Selected lowest-risk action
1768694446.792154,25.466666666666722,24.0,25.466666666666725,0.0,60.0,80.0,10.0,safe,60.0,80.0,10.0,25.466666666666725,Selected lowest-risk action
1768694446.997195,25.466666666666722,24.0,25.466666666666725,0.0,60.0,80.0,10.0,safe,60.0,80.0,10.0,25.466666666666725,Selected lowest-risk action
1768694447.202246,25.466666666666722,24.0,25.466666666666725,0.0,60.0,80.0,10.0,safe,60.0,80.0,10.0,25.466666666666725,Selected lowest-risk action
1768694447.405102,25.466666666666722,24.0,25.466666666666725,0.0,60.0,80.0,10.0,safe,60.0,80.0,10.0,25.466666666666725,Selected lowest-risk action
1768694447.610158,25.466666666666722,24.0,25.466666666666725,0.0,60.0,80.0,10.0,safe,60.0,80.0,10.0,25.466666666666725,Selected lowest-risk action
1768694447.815107,25.466666666666722,24.0,25.466666666666725,0.0,60.0,80.0,10.0,safe,60.0,80.0,10.0,25.466666666666725,Selected lowest-risk action
1768694448.020153,25.466666666666722,24.0,25.466666666666725,0.0,60.0,80.0,10.0,safe,60.0,80.0,10.0,25.466666666666725,Selected lowest-risk action
1768694448.225198,25.466666666666722,24.0,25.466666666666725,0.0,60.0,80.0,10.0,safe,60.0,80.0,10.0,25.466666666666725,Selected lowest-risk action
1768694448.430249,25.466666666666722,24.0,25.466666666666725,0.0,60.0,80.0,10.0,safe,60.0,80.0,10.0,25.466666666666725,Selected lowest-risk action
1768694448.635288,25.466666666666722,24.0,25.466666666666725,0.0,60.0,80.0,10.0,safe,60.0,80.0,10.0,25.466666666666725,Selected lowest-risk action
1768694448.84033,25.466666666666722,24.0,25.466666666666725,0.0,60.0,80.0,10.0,safe,60.0,80.0,10.0,25.466666666666725,Selected lowest-risk action
1768694449.0444381,25.466666666666722,24.0,25.466666666666725,0.0,60.0,80.0,10.0,safe,60.0,80.0,10.0,25.466666666666725,Selected lowest-risk action
1768694449.2461429,25.466666666666722,24.0,25.466666666666725,0.0,60.0,80.0,10.0,safe,60.0,80.0,10.0,25.466666666666725,Selected lowest-risk action
1768694449.4467819,25.466666666666722,24.0,25.466666666666725,0.0,60.0,80.0,10.0,safe,60.0,80.0,10.0,25.466666666666725,Selected lowest-risk action
1768694449.651822,25.466666666666722,24.0,25.466666666666725,0.0,60.0,80.0,10.0,safe,60.0,80.0,10.0,25.466666666666725,Selected lowest-risk action
1768694449.85687,25.466666666666722,24.0,25.466666666666725,0.0,60.0,80.0,10.0,safe,60.0,80.0,10.0,25.466666666666725,Selected lowest-risk action
1768694450.061918,25.466666666666722,24.0,25.466666666666725,0.0,60.0,80.0,10.0,safe,60.0,80.0,10.0,25.466666666666725,Selected lowest-risk action
1768694450.262544,25.466666666666722,24.0,25.466666666666725,0.0,60.0,80.0,10.0,safe,60.0,80.0,10.0,25.466666666666725,Selected lowest-risk action
1768694450.466746,25.466666666666722,24.0,25.466666666666725,0.0,60.0,80.0,10.0,safe,60.0,80.0,10.0,25.466666666666725,Selected lowest-risk action
1768694450.671799,25.466666666666722,24.0,25.466666666666725,0.0,60.0,80.0,10.0,safe,60.0,80.0,10.0,25.466666666666725,Selected lowest-risk action
1768694450.873873,25.466666666666722,24.0,25.466666666666725,0.0,60.0,80.0,10.0,safe,60.0,80.0,10.0,25.466666666666725,Selected lowest-risk action
1768694451.0785532,25.466666666666722,24.0,25.466666666666725,0.0,60.0,80.0,10.0,safe,60.0,80.0,10.0,25.466666666666725,Selected lowest-risk action
1768694451.281999,25.466666666666722,24.0,25.466666666666725,0.0,60.0,80.0,10.0,safe,60.0,80.0,10.0,25.466666666666725,Selected lowest-risk action
1768694451.487038,25.466666666666722,24.0,25.466666666666725,0.0,60.0,80.0,10.0,safe,60.0,80.0,10.0,25.466666666666725,Selected lowest-risk action
1768694451.689483,25.466666666666722,24.0,25.466666666666725,0.0,60.0,80.0,10.0,safe,60.0,80.0,10.0,25.466666666666725,Selected lowest-risk action
1768694451.894531,25.466666666666722,24.0,25.466666666666725,0.0,60.0,80.0,10.0,safe,60.0,80.0,10.0,25.466666666666725,Selected lowest-risk action
1768694452.096902,25.466666666666722,24.0,25.466666666666725,0.0,60.0,80.0,10.0,safe,60.0,80.0,10.0,25.466666666666725,Selected lowest-risk action
1768694452.301953,25.466666666666722,24.0,25.466666666666725,0.0,60.0,80.0,10.0,safe,60.0,80.0,10.0,25.466666666666725,Selected lowest-risk action
1768694452.505146,25.466666666666722,24.0,25.466666666666725,0.0,60.0,80.0,10.0,safe,60.0,80.0,10.0,25.466666666666725,Selected lowest-risk action
1768694452.707089,25.466666666666722,24.0,25.466666666666725,0.0,60.0,80.0,10.0,safe,60.0,80.0,10.0,25.466666666666725,Selected lowest-risk action
1768694452.9122071,25.466666666666722,24.0,25.466666666666725,0.0,60.0,80.0,10.0,safe,60.0,80.0,10.0,25.466666666666725,Selected lowest-risk action
1768694453.117252,25.466666666666722,24.0,25.466666666666725,0.0,60.0,80.0,10.0,safe,60.0,80.0,10.0,25.466666666666725,Selected lowest-risk action
1768694453.321822,25.466666666666722,24.0,25.466666666666725,0.0,60.0,80.0,10.0,safe,60.0,80.0,10.0,25.466666666666725,Selected lowest-risk action
1768694453.52687,25.466666666666722,24.0,25.466666666666725,0.0,60.0,80.0,10.0,safe,60.0,80.0,10.0,25.466666666666725,Selected lowest-risk action
1768694453.730597,25.466666666666722,24.0,25.466666666666725,0.0,60.0,80.0,10.0,safe,60.0,80.0,10.0,25.466666666666725,Selected lowest-risk action
1768694453.932849,25.466666666666722,24.0,25.466666666666725,0.0,60.0,80.0,10.0,safe,60.0,80.0,10.0,25.466666666666725,Selected lowest-risk action
1768694454.1379101,25.466666666666722,24.0,25.466666666666725,0.0,60.0,80.0,10.0,safe,60.0,80.0,10.0,25.466666666666725,Selected lowest-risk action
1768694454.342675,25.466666666666722,24.0,25.466666666666725,0.0,60.0,80.0,10.0,safe,60.0,80.0,10.0,25.466666666666725,Selected lowest-risk action
1768694454.543745,25.466666666666722,24.0,25.466666666666725,0.0,60.0,80.0,10.0,safe,60.0,80.0,10.0,25.466666666666725,Selected lowest-risk action
1768694454.747162,25.466666666666722,24.0,25.466666666666725,0.0,60.0,80.0,10.0,safe,60.0,80.0,10.0,25.466666666666725,Selected lowest-risk action
1768694454.9522,25.466666666666722,24.0,25.466666666666725,0.0,60.0,80.0,10.0,safe,60.0,80.0,10.0,25.466666666666725,Selected lowest-risk action
1768694455.1572502,25.466666666666722,24.0,25.466666666666725,0.0,60.0,80.0,10.0,safe,60.0,80.0,10.0,25.466666666666725,Selected lowest-risk action
1768694455.36133,25.466666666666722,24.0,25.466666666666725,0.0,60.0,80.0,10.0,safe,60.0,80.0,10.0,25.466666666666725,Selected lowest-risk action
1768694455.565558,25.466666666666722,24.0,25.466666666666725,0.0,60.0,80.0,10.0,safe,60.0,80.0,10.0,25.466666666666725,Selected lowest-risk action
1768694455.7706082,25.466666666666722,24.0,25.466666666666725,0.0,60.0,80.0,10.0,safe,60.0,80.0,10.0,25.466666666666725,Selected lowest-risk action
1768694455.974711,25.466666666666722,24.0,25.466666666666725,0.0,60.0,80.0,10.0,safe,60.0,80.0,10.0,25.466666666666725,Selected lowest-risk action
1768694456.179753,25.466666666666722,24.0,25.466666666666725,0.0,60.0,80.0,10.0,safe,60.0,80.0,10.0,25.466666666666725,Selected lowest-risk action
1768694456.384871,25.466666666666722,24.0,25.466666666666725,0.0,60.0,80.0,10.0,safe,60.0,80.0,10.0,25.466666666666725,Selected lowest-risk action
1768694456.5885792,25.466666666666722,24.0,25.466666666666725,0.0,60.0,80.0,10.0,safe,60.0,80.0,10.0,25.466666666666725,Selected lowest-risk action
1768694456.7936351,25.466666666666722,24.0,25.466666666666725,0.0,60.0,80.0,10.0,safe,60.0,80.0,10.0,25.466666666666725,Selected lowest-risk action
1768694456.997869,25.466666666666722,24.0,25.466666666666725,0.0,60.0,80.0,10.0,safe,60.0,80.0,10.0,25.466666666666725,Selected lowest-risk action
1768694457.2029881,25.466666666666722,24.0,25.466666666666725,0.0,60.0,80.0,10.0,safe,60.0,80.0,10.0,25.466666666666725,Selected lowest-risk action
1768694457.405192,25.466666666666722,24.0,25.466666666666725,0.0,60.0,80.0,10.0,safe,60.0,80.0,10.0,25.466666666666725,Selected lowest-risk action
1768694457.610233,25.466666666666722,24.0,25.466666666666725,0.0,60.0,80.0,10.0,safe,60.0,80.0,10.0,25.466666666666725,Selected lowest-risk action
1768694457.815283,25.466666666666722,24.0,25.466666666666725,0.0,60.0,80.0,10.0,safe,60.0,80.0,10.0,25.466666666666725,Selected lowest-risk action
1768694458.020328,25.466666666666722,24.0,25.466666666666725,0.0,60.0,80.0,10.0,safe,60.0,80.0,10.0,25.466666666666725,Selected lowest-risk action
1768694458.2218812,25.466666666666722,24.0,25.466666666666725,0.0,60.0,80.0,10.0,safe,60.0,80.0,10.0,25.466666666666725,Selected lowest-risk action
1768694458.426929,25.466666666666722,24.0,25.466666666666725,0.0,60.0,80.0,10.0,safe,60.0,80.0,10.0,25.466666666666725,Selected lowest-risk action
1768694458.631965,25.466666666666722,24.0,25.466666666666725,0.0,60.0,80.0,10.0,safe,60.0,80.0,10.0,25.466666666666725,Selected lowest-risk action
1768694458.837006,25.466666666666722,24.0,25.466666666666725,0.0,60.0,80.0,10.0,safe,60.0,80.0,10.0,25.466666666666725,Selected lowest-risk action
1768694459.0420532,25.466666666666722,24.0,25.466666666666725,0.0,60.0,80.0,10.0,safe,60.0,80.0,10.0,25.466666666666725,Selected lowest-risk action
1768694459.247113,25.466666666666722,24.0,25.466666666666725,0.0,60.0,80.0,10.0,safe,60.0,80.0,10.0,25.466666666666725,Selected lowest-risk action
1768694459.452118,25.466666666666722,24.0,25.466666666666725,0.0,60.0,80.0,10.0,safe,60.0,80.0,10.0,25.466666666666725,Selected lowest-risk action
1768694459.65522,25.466666666666722,24.0,25.466666666666725,0.0,60.0,80.0,10.0,safe,60.0,80.0,10.0,25.466666666666725,Selected lowest-risk action
1768694459.860267,25.466666666666722,24.0,25.466666666666725,0.0,60.0,80.0,10.0,safe,60.0,80.0,10.0,25.466666666666725,Selected lowest-risk action
1768694460.062521,25.466666666666722,24.0,25.466666666666725,0.0,60.0,80.0,10.0,safe,60.0,80.0,10.0,25.466666666666725,Selected lowest-risk action
1768694460.267571,25.466666666666722,24.0,25.466666666666725,0.0,60.0,80.0,10.0,safe,60.0,80.0,10.0,25.466666666666725,Selected lowest-risk action
1768694460.471693,25.466666666666722,24.0,25.466666666666725,0.0,60.0,80.0,10.0,safe,60.0,80.0,10.0,25.466666666666725,Selected lowest-risk action
1768694460.671904,25.466666666666722,24.0,25.466666666666725,0.0,60.0,80.0,10.0,safe,60.0,80.0,10.0,25.466666666666725,Selected lowest-risk action
1768694460.8769479,25.466666666666722,24.0,25.466666666666725,0.0,60.0,80.0,10.0,safe,60.0,80.0,10.0,25.466666666666725,Selected lowest-risk action
1768694461.081992,25.466666666666722,24.0,25.466666666666725,0.0,60.0,80.0,10.0,safe,60.0,80.0,10.0,25.466666666666725,Selected lowest-risk action
1768694461.28704,25.466666666666722,24.0,25.466666666666725,0.0,60.0,80.0,10.0,safe,60.0,80.0,10.0,25.466666666666725,Selected lowest-risk action
1768694461.492085,25.466666666666722,24.0,25.466666666666725,0.0,60.0,80.0,10.0,safe,60.0,80.0,10.0,25.466666666666725,Selected lowest-risk action
1768694461.6971269,25.466666666666722,24.0,25.466666666666725,0.0,60.0,80.0,10.0,safe,60.0,80.0,10.0,25.466666666666725,Selected lowest-risk action
1768694461.902174,25.466666666666722,24.0,25.466666666666725,0.0,60.0,80.0,10.0,safe,60.0,80.0,10.0,25.466666666666725,Selected lowest-risk action
1768694462.107223,25.466666666666722,24.0,25.466666666666725,0.0,60.0,80.0,10.0,safe,60.0,80.0,10.0,25.466666666666725,Selected lowest-risk action
1768694462.310175,25.466666666666722,24.0,25.466666666666725,0.0,60.0,80.0,10.0,safe,60.0,80.0,10.0,25.466666666666725,Selected lowest-risk action
1768694462.515223,25.466666666666722,24.0,25.466666666666725,0.0,60.0,80.0,10.0,safe,60.0,80.0,10.0,25.466666666666725,Selected lowest-risk action
1768694462.716884,25.466666666666722,24.0,25.466666666666725,0.0,60.0,80.0,10.0,safe,60.0,80.0,10.0,25.466666666666725,Selected lowest-risk action
1768694462.9219131,25.466666666666722,24.0,25.466666666666725,0.0,60.0,80.0,10.0,safe,60.0,80.0,10.0,25.466666666666725,Selected lowest-risk action
1768694463.1269581,25.466666666666722,24.0,25.466666666666725,0.0,60.0,80.0,10.0,safe,60.0,80.0,10.0,25.466666666666725,Selected lowest-risk action
1768694463.328198,25.466666666666722,24.0,25.466666666666725,0.0,60.0,80.0,10.0,safe,60.0,80.0,10.0,25.466666666666725,Selected lowest-risk action
1768694463.5333061,25.466666666666722,24.0,25.466666666666725,0.0,60.0,80.0,10.0,safe,60.0,80.0,10.0,25.466666666666725,Selected lowest-risk action
1768694463.734671,25.466666666666722,24.0,25.466666666666725,0.0,60.0,80.0,10.0,safe,60.0,80.0,10.0,25.466666666666725,Selected lowest-risk action
1768694463.938598,25.466666666666722,24.0,25.466666666666725,0.0,60.0,80.0,10.0,safe,60.0,80.0,10.0,25.466666666666725,Selected lowest-risk action
1768694464.138777,25.466666666666722,24.0,25.466666666666725,0.0,60.0,80.0,10.0,safe,60.0,80.0,10.0,25.466666666666725,Selected lowest-risk action
1768694464.3438232,25.466666666666722,24.0,25.466666666666725,0.0,60.0,80.0,10.0,safe,60.0,80.0,10.0,25.466666666666725,Selected lowest-risk action
1768694464.548952,25.466666666666722,24.0,25.466666666666725,0.0,60.0,80.0,10.0,safe,60.0,80.0,10.0,25.466666666666725,Selected lowest-risk action
1768694464.751515,25.466666666666722,24.0,25.466666666666725,0.0,60.0,80.0,10.0,safe,60.0,80.0,10.0,25.466666666666725,Selected lowest-risk action
1768694464.9565609,25.466666666666722,24.0,25.466666666666725,0.0,60.0,80.0,10.0,safe,60.0,80.0,10.0,25.466666666666725,Selected lowest-risk action
1768694465.161608,25.466666666666722,24.0,25.466666666666725,0.0,60.0,80.0,10.0,safe,60.0,80.0,10.0,25.466666666666725,Selected lowest-risk action
1768694465.362081,25.466666666666722,24.0,25.466666666666725,0.0,60.0,80.0,10.0,safe,60.0,80.0,10.0,25.466666666666725,Selected lowest-risk action
1768694465.567125,25.466666666666722,24.0,25.466666666666725,0.0,60.0,80.0,10.0,safe,60.0,80.0,10.0,25.466666666666725,Selected lowest-risk action
1768694465.772167,25.466666666666722,24.0,25.466666666666725,0.0,60.0,80.0,10.0,safe,60.0,80.0,10.0,25.466666666666725,Selected lowest-risk action
1768694465.975465,25.466666666666722,24.0,25.466666666666725,0.0,60.0,80.0,10.0,safe,60.0,80.0,10.0,25.466666666666725,Selected lowest-risk action
1768694466.177282,25.466666666666722,24.0,25.466666666666725,0.0,60.0,80.0,10.0,safe,60.0,80.0,10.0,25.466666666666725,Selected lowest-risk action
1768694466.3823302,25.466666666666722,24.0,25.466666666666725,0.0,60.0,80.0,10.0,safe,60.0,80.0,10.0,25.466666666666725,Selected lowest-risk action
1768694466.587202,25.466666666666722,24.0,25.466666666666725,0.0,60.0,80.0,10.0,safe,60.0,80.0,10.0,25.466666666666725,Selected lowest-risk action
1768694466.790761,25.466666666666722,24.0,25.466666666666725,0.0,60.0,80.0,10.0,safe,60.0,80.0,10.0,25.466666666666725,Selected lowest-risk action
1768694466.995819,25.466666666666722,24.0,25.466666666666725,0.0,60.0,80.0,10.0,safe,60.0,80.0,10.0,25.466666666666725,Selected lowest-risk action
1768694467.200854,25.466666666666722,24.0,25.466666666666725,0.0,60.0,80.0,10.0,safe,60.0,80.0,10.0,25.466666666666725,Selected lowest-risk action
1768694467.4059,25.466666666666722,24.0,25.466666666666725,0.0,60.0,80.0,10.0,safe,60.0,80.0,10.0,25.466666666666725,Selected lowest-risk action
1768694467.60752,25.466666666666722,24.0,25.466666666666725,0.0,60.0,80.0,10.0,safe,60.0,80.0,10.0,25.466666666666725,Selected lowest-risk action
1768694467.809152,25.466666666666722,24.0,25.466666666666725,0.0,60.0,80.0,10.0,safe,60.0,80.0,10.0,25.466666666666725,Selected lowest-risk action
1768694468.0142,25.466666666666722,24.0,25.466666666666725,0.0,60.0,80.0,10.0,safe,60.0,80.0,10.0,25.466666666666725,Selected lowest-risk action
1768694468.216346,25.466666666666722,24.0,25.466666666666725,0.0,60.0,80.0,10.0,safe,60.0,80.0,10.0,25.466666666666725,Selected lowest-risk action
1768694468.419858,25.466666666666722,24.0,25.466666666666725,0.0,60.0,80.0,10.0,safe,60.0,80.0,10.0,25.466666666666725,Selected lowest-risk action
1768694468.6230028,25.466666666666722,24.0,25.466666666666725,0.0,60.0,80.0,10.0,safe,60.0,80.0,10.0,25.466666666666725,Selected lowest-risk action
1768694468.824737,25.466666666666722,24.0,25.466666666666725,0.0,60.0,80.0,10.0,safe,60.0,80.0,10.0,25.466666666666725,Selected lowest-risk action
1768694469.0279949,25.466666666666722,24.0,25.466666666666725,0.0,60.0,80.0,10.0,safe,60.0,80.0,10.0,25.466666666666725,Selected lowest-risk action
1768694469.22821,25.466666666666722,24.0,25.466666666666725,0.0,60.0,80.0,10.0,safe,60.0,80.0,10.0,25.466666666666725,Selected lowest-risk action
1768694469.4292722,25.466666666666722,24.0,25.466666666666725,0.0,60.0,80.0,10.0,safe,60.0,80.0,10.0,25.466666666666725,Selected lowest-risk action
1768694469.634325,25.466666666666722,24.0,25.466666666666725,0.0,60.0,80.0,10.0,safe,60.0,80.0,10.0,25.466666666666725,Selected lowest-risk action
1768694469.8344462,25.466666666666722,24.0,25.466666666666725,0.0,60.0,80.0,10.0,safe,60.0,80.0,10.0,25.466666666666725,Selected lowest-risk action
1768694470.038667,25.466666666666722,24.0,25.466666666666725,0.0,60.0,80.0,10.0,safe,60.0,80.0,10.0,25.466666666666725,Selected lowest-risk action
1768694470.2437189,25.466666666666722,24.0,25.466666666666725,0.0,60.0,80.0,10.0,safe,60.0,80.0,10.0,25.466666666666725,Selected lowest-risk action
1768694470.4487622,25.466666666666722,24.0,25.466666666666725,0.0,60.0,80.0,10.0,safe,60.0,80.0,10.0,25.466666666666725,Selected lowest-risk action
1768694470.650526,25.466666666666722,24.0,25.466666666666725,0.0,60.0,80.0,10.0,safe,60.0,80.0,10.0,25.466666666666725,Selected lowest-risk action
1768694470.8549492,25.466666666666722,24.0,25.466666666666725,0.0,60.0,80.0,10.0,safe,60.0,80.0,10.0,25.466666666666725,Selected lowest-risk action
1768694471.05537,25.466666666666722,24.0,25.466666666666725,0.0,60.0,80.0,10.0,safe,60.0,80.0,10.0,25.466666666666725,Selected lowest-risk action
1768694471.256384,25.466666666666722,24.0,25.466666666666725,0.0,60.0,80.0,10.0,safe,60.0,80.0,10.0,25.466666666666725,Selected lowest-risk action
1768694471.459937,25.466666666666722,24.0,25.466666666666725,0.0,60.0,80.0,10.0,safe,60.0,80.0,10.0,25.466666666666725,Selected lowest-risk action
1768694471.664979,25.466666666666722,24.0,25.466666666666725,0.0,60.0,80.0,10.0,safe,60.0,80.0,10.0,25.466666666666725,Selected lowest-risk action
1768694471.8700202,25.466666666666722,24.0,25.466666666666725,0.0,60.0,80.0,10.0,safe,60.0,80.0,10.0,25.466666666666725,Selected lowest-risk action
1768694472.0731578,25.466666666666722,24.0,25.466666666666725,0.0,60.0,80.0,10.0,safe,60.0,80.0,10.0,25.466666666666725,Selected lowest-risk action
1768694472.2782028,25.466666666666722,24.0,25.466666666666725,0.0,60.0,80.0,10.0,safe,60.0,80.0,10.0,25.466666666666725,Selected lowest-risk action
1768694472.483244,25.466666666666722,24.0,25.466666666666725,0.0,60.0,80.0,10.0,safe,60.0,80.0,10.0,25.466666666666725,Selected lowest-risk action
1768694472.688287,25.466666666666722,24.0,25.466666666666725,0.0,60.0,80.0,10.0,safe,60.0,80.0,10.0,25.466666666666725,Selected lowest-risk action
1768694472.8922539,25.466666666666722,24.0,25.466666666666725,0.0,60.0,80.0,10.0,safe,60.0,80.0,10.0,25.466666666666725,Selected lowest-risk action
1768694473.097308,25.466666666666722,24.0,25.466666666666725,0.0,60.0,80.0,10.0,safe,60.0,80.0,10.0,25.466666666666725,Selected lowest-risk action
1768694473.302355,25.466666666666722,24.0,25.466666666666725,0.0,60.0,80.0,10.0,safe,60.0,80.0,10.0,25.466666666666725,Selected lowest-risk action
1768694473.505377,25.466666666666722,24.0,25.466666666666725,0.0,60.0,80.0,10.0,safe,60.0,80.0,10.0,25.466666666666725,Selected lowest-risk action
1768694473.710426,25.466666666666722,24.0,25.466666666666725,0.0,60.0,80.0,10.0,safe,60.0,80.0,10.0,25.466666666666725,Selected lowest-risk action
1768694473.914293,25.466666666666722,24.0,25.466666666666725,0.0,60.0,80.0,10.0,safe,60.0,80.0,10.0,25.466666666666725,Selected lowest-risk action
1768694474.11934,25.466666666666722,24.0,25.466666666666725,0.0,60.0,80.0,10.0,safe,60.0,80.0,10.0,25.466666666666725,Selected lowest-risk action
1768694474.321068,25.466666666666722,24.0,25.466666666666725,0.0,60.0,80.0,10.0,safe,60.0,80.0,10.0,25.466666666666725,Selected lowest-risk action
1768694474.5220501,25.466666666666722,24.0,25.466666666666725,0.0,60.0,80.0,10.0,safe,60.0,80.0,10.0,25.466666666666725,Selected lowest-risk action
1768694474.727114,25.466666666666722,24.0,25.466666666666725,0.0,60.0,80.0,10.0,safe,60.0,80.0,10.0,25.466666666666725,Selected lowest-risk action
1768694474.9321542,25.466666666666722,24.0,25.466666666666725,0.0,60.0,80.0,10.0,safe,60.0,80.0,10.0,25.466666666666725,Selected lowest-risk action
1768694475.137215,25.466666666666722,24.0,25.466666666666725,0.0,60.0,80.0,10.0,safe,60.0,80.0,10.0,25.466666666666725,Selected lowest-risk action
1768694475.342245,25.466666666666722,24.0,25.466666666666725,0.0,60.0,80.0,10.0,safe,60.0,80.0,10.0,25.466666666666725,Selected lowest-risk action
1768694475.547294,25.466666666666722,24.0,25.466666666666725,0.0,60.0,80.0,10.0,safe,60.0,80.0,10.0,25.466666666666725,Selected lowest-risk action
1768694475.750637,25.466666666666722,24.0,25.466666666666725,0.0,60.0,80.0,10.0,safe,60.0,80.0,10.0,25.466666666666725,Selected lowest-risk action
1768694475.9547362,25.466666666666722,24.0,25.466666666666725,0.0,60.0,80.0,10.0,safe,60.0,80.0,10.0,25.466666666666725,Selected lowest-risk action
1768694476.155401,25.466666666666722,24.0,25.466666666666725,0.0,60.0,80.0,10.0,safe,60.0,80.0,10.0,25.466666666666725,Selected lowest-risk action
1768694476.355656,25.466666666666722,24.0,25.466666666666725,0.0,60.0,80.0,10.0,safe,60.0,80.0,10.0,25.466666666666725,Selected lowest-risk action
1768694476.5564191,25.466666666666722,24.0,25.466666666666725,0.0,60.0,80.0,10.0,safe,60.0,80.0,10.0,25.466666666666725,Selected lowest-risk action
1768694476.7614741,25.466666666666722,24.0,25.466666666666725,0.0,60.0,80.0,10.0,safe,60.0,80.0,10.0,25.466666666666725,Selected lowest-risk action
1768694476.9648051,25.466666666666722,24.0,25.466666666666725,0.0,60.0,80.0,10.0,safe,60.0,80.0,10.0,25.466666666666725,Selected lowest-risk action
1768694477.169918,25.466666666666722,24.0,25.466666666666725,0.0,60.0,80.0,10.0,safe,60.0,80.0,10.0,25.466666666666725,Selected lowest-risk action
1768694477.3737879,25.466666666666722,24.0,25.466666666666725,0.0,60.0,80.0,10.0,safe,60.0,80.0,10.0,25.466666666666725,Selected lowest-risk action
1768694477.57713,25.466666666666722,24.0,25.466666666666725,0.0,60.0,80.0,10.0,safe,60.0,80.0,10.0,25.466666666666725,Selected lowest-risk action
1768694477.780504,25.466666666666722,24.0,25.466666666666725,0.0,60.0,80.0,10.0,safe,60.0,80.0,10.0,25.466666666666725,Selected lowest-risk action
1768694477.985543,25.466666666666722,24.0,25.466666666666725,0.0,60.0,80.0,10.0,safe,60.0,80.0,10.0,25.466666666666725,Selected lowest-risk action
1768694478.189774,25.466666666666722,24.0,25.466666666666725,0.0,60.0,80.0,10.0,safe,60.0,80.0,10.0,25.466666666666725,Selected lowest-risk action
1768694478.392328,25.466666666666722,24.0,25.466666666666725,0.0,60.0,80.0,10.0,safe,60.0,80.0,10.0,25.466666666666725,Selected lowest-risk action
1768694478.596972,25.466666666666722,24.0,25.466666666666725,0.0,60.0,80.0,10.0,safe,60.0,80.0,10.0,25.466666666666725,Selected lowest-risk action
1768694478.8001301,25.466666666666722,24.0,25.466666666666725,0.0,60.0,80.0,10.0,safe,60.0,80.0,10.0,25.466666666666725,Selected lowest-risk action
1768694479.001135,25.466666666666722,24.0,25.466666666666725,0.0,60.0,80.0,10.0,safe,60.0,80.0,10.0,25.466666666666725,Selected lowest-risk action
1768694479.206191,25.466666666666722,24.0,25.466666666666725,0.0,60.0,80.0,10.0,safe,60.0,80.0,10.0,25.466666666666725,Selected lowest-risk action
1768694479.406451,25.466666666666722,24.0,25.466666666666725,0.0,60.0,80.0,10.0,safe,60.0,80.0,10.0,25.466666666666725,Selected lowest-risk action
1768694479.608501,25.466666666666722,24.0,25.466666666666725,0.0,60.0,80.0,10.0,safe,60.0,80.0,10.0,25.466666666666725,Selected lowest-risk action
1768694479.812667,25.466666666666722,24.0,25.466666666666725,0.0,60.0,80.0,10.0,safe,60.0,80.0,10.0,25.466666666666725,Selected lowest-risk action
1768694480.0177112,25.466666666666722,24.0,25.466666666666725,0.0,60.0,80.0,10.0,safe,60.0,80.0,10.0,25.466666666666725,Selected lowest-risk action
1768694480.222115,25.466666666666722,24.0,25.466666666666725,0.0,60.0,80.0,10.0,safe,60.0,80.0,10.0,25.466666666666725,Selected lowest-risk action
1768694480.4231339,25.466666666666722,24.0,25.466666666666725,0.0,60.0,80.0,10.0,safe,60.0,80.0,10.0,25.466666666666725,Selected lowest-risk action
1768694480.628178,25.466666666666722,24.0,25.466666666666725,0.0,60.0,80.0,10.0,safe,60.0,80.0,10.0,25.466666666666725,Selected lowest-risk action
1768694480.828427,25.466666666666722,24.0,25.466666666666725,0.0,60.0,80.0,10.0,safe,60.0,80.0,10.0,25.466666666666725,Selected lowest-risk action
1768694481.03347,25.466666666666722,24.0,25.466666666666725,0.0,60.0,80.0,10.0,safe,60.0,80.0,10.0,25.466666666666725,Selected lowest-risk action
1768694481.238515,25.466666666666722,24.0,25.466666666666725,0.0,60.0,80.0,10.0,safe,60.0,80.0,10.0,25.466666666666725,Selected lowest-risk action
1768694481.44305,25.466666666666722,24.0,25.466666666666725,0.0,60.0,80.0,10.0,safe,60.0,80.0,10.0,25.466666666666725,Selected lowest-risk action
1768694481.6480918,25.466666666666722,24.0,25.466666666666725,0.0,60.0,80.0,10.0,safe,60.0,80.0,10.0,25.466666666666725,Selected lowest-risk action
1768694481.852015,25.466666666666722,24.0,25.466666666666725,0.0,60.0,80.0,10.0,safe,60.0,80.0,10.0,25.466666666666725,Selected lowest-risk action
1768694482.0554519,25.466666666666722,24.0,25.466666666666725,0.0,60.0,80.0,10.0,safe,60.0,80.0,10.0,25.466666666666725,Selected lowest-risk action
1768694482.258497,25.466666666666722,24.0,25.466666666666725,0.0,60.0,80.0,10.0,safe,60.0,80.0,10.0,25.466666666666725,Selected lowest-risk action
1768694482.463536,25.466666666666722,24.0,25.466666666666725,0.0,60.0,80.0,10.0,safe,60.0,80.0,10.0,25.466666666666725,Selected lowest-risk action
1768694482.667758,25.466666666666722,24.0,25.466666666666725,0.0,60.0,80.0,10.0,safe,60.0,80.0,10.0,25.466666666666725,Selected lowest-risk action
1768694482.8728,25.466666666666722,24.0,25.466666666666725,0.0,60.0,80.0,10.0,safe,60.0,80.0,10.0,25.466666666666725,Selected lowest-risk action
1768694483.077845,25.466666666666722,24.0,25.466666666666725,0.0,60.0,80.0,10.0,safe,60.0,80.0,10.0,25.466666666666725,Selected lowest-risk action
1768694483.2783308,25.466666666666722,24.0,25.466666666666725,0.0,60.0,80.0,10.0,safe,60.0,80.0,10.0,25.466666666666725,Selected lowest-risk action
1768694483.479429,25.466666666666722,24.0,25.466666666666725,0.0,60.0,80.0,10.0,safe,60.0,80.0,10.0,25.466666666666725,Selected lowest-risk action
1768694483.6844742,25.466666666666722,24.0,25.466666666666725,0.0,60.0,80.0,10.0,safe,60.0,80.0,10.0,25.466666666666725,Selected lowest-risk action
1768694483.889514,25.466666666666722,24.0,25.466666666666725,0.0,60.0,80.0,10.0,safe,60.0,80.0,10.0,25.466666666666725,Selected lowest-risk action
1768694484.091529,25.466666666666722,24.0,25.466666666666725,0.0,60.0,80.0,10.0,safe,60.0,80.0,10.0,25.466666666666725,Selected lowest-risk action
1768694484.2920032,25.466666666666722,24.0,25.466666666666725,0.0,60.0,80.0,10.0,safe,60.0,80.0,10.0,25.466666666666725,Selected lowest-risk action
1768694484.495132,25.466666666666722,24.0,25.466666666666725,0.0,60.0,80.0,10.0,safe,60.0,80.0,10.0,25.466666666666725,Selected lowest-risk action
1768694484.700181,25.466666666666722,24.0,25.466666666666725,0.0,60.0,80.0,10.0,safe,60.0,80.0,10.0,25.466666666666725,Selected lowest-risk action
1768694484.905236,25.466666666666722,24.0,25.466666666666725,0.0,60.0,80.0,10.0,safe,60.0,80.0,10.0,25.466666666666725,Selected lowest-risk action
1768694485.1103628,25.466666666666722,24.0,25.466666666666725,0.0,60.0,80.0,10.0,safe,60.0,80.0,10.0,25.466666666666725,Selected lowest-risk action
1768694485.314825,25.466666666666722,24.0,25.466666666666725,0.0,60.0,80.0,10.0,safe,60.0,80.0,10.0,25.466666666666725,Selected lowest-risk action
1768694485.5198772,25.466666666666722,24.0,25.466666666666725,0.0,60.0,80.0,10.0,safe,60.0,80.0,10.0,25.466666666666725,Selected lowest-risk action
1768694485.723197,25.466666666666722,24.0,25.466666666666725,0.0,60.0,80.0,10.0,safe,60.0,80.0,10.0,25.466666666666725,Selected lowest-risk action
1768694485.9232929,25.466666666666722,24.0,25.466666666666725,0.0,60.0,80.0,10.0,safe,60.0,80.0,10.0,25.466666666666725,Selected lowest-risk action
1768694486.128342,25.466666666666722,24.0,25.466666666666725,0.0,60.0,80.0,10.0,safe,60.0,80.0,10.0,25.466666666666725,Selected lowest-risk action
1768694486.333473,25.466666666666722,24.0,25.466666666666725,0.0,60.0,80.0,10.0,safe,60.0,80.0,10.0,25.466666666666725,Selected lowest-risk action
1768694486.538524,25.466666666666722,24.0,25.466666666666725,0.0,60.0,80.0,10.0,safe,60.0,80.0,10.0,25.466666666666725,Selected lowest-risk action
1768694486.743493,25.466666666666722,24.0,25.466666666666725,0.0,60.0,80.0,10.0,safe,60.0,80.0,10.0,25.466666666666725,Selected lowest-risk action
1768694486.948537,25.466666666666722,24.0,25.466666666666725,0.0,60.0,80.0,10.0,safe,60.0,80.0,10.0,25.466666666666725,Selected lowest-risk action
1768694487.153589,25.466666666666722,24.0,25.466666666666725,0.0,60.0,80.0,10.0,safe,60.0,80.0,10.0,25.466666666666725,Selected lowest-risk action
1768694487.355524,25.466666666666722,24.0,25.466666666666725,0.0,60.0,80.0,10.0,safe,60.0,80.0,10.0,25.466666666666725,Selected lowest-risk action
1768694487.559664,25.466666666666722,24.0,25.466666666666725,0.0,60.0,80.0,10.0,safe,60.0,80.0,10.0,25.466666666666725,Selected lowest-risk action
1768694487.7647119,25.466666666666722,24.0,25.466666666666725,0.0,60.0,80.0,10.0,safe,60.0,80.0,10.0,25.466666666666725,Selected lowest-risk action
1768694487.9698272,25.466666666666722,24.0,25.466666666666725,0.0,60.0,80.0,10.0,safe,60.0,80.0,10.0,25.466666666666725,Selected lowest-risk action
1768694488.1748679,25.466666666666722,24.0,25.466666666666725,0.0,60.0,80.0,10.0,safe,60.0,80.0,10.0,25.466666666666725,Selected lowest-risk action
1768694488.375843,25.466666666666722,24.0,25.466666666666725,0.0,60.0,80.0,10.0,safe,60.0,80.0,10.0,25.466666666666725,Selected lowest-risk action
1768694488.5805519,25.466666666666722,24.0,25.466666666666725,0.0,60.0,80.0,10.0,safe,60.0,80.0,10.0,25.466666666666725,Selected lowest-risk action
1768694488.785595,25.466666666666722,24.0,25.466666666666725,0.0,60.0,80.0,10.0,safe,60.0,80.0,10.0,25.466666666666725,Selected lowest-risk action
1768694488.988412,25.466666666666722,24.0,25.466666666666725,0.0,60.0,80.0,10.0,safe,60.0,80.0,10.0,25.466666666666725,Selected lowest-risk action
1768694489.190956,25.466666666666722,24.0,25.466666666666725,0.0,60.0,80.0,10.0,safe,60.0,80.0,10.0,25.466666666666725,Selected lowest-risk action
1768694489.392999,25.466666666666722,24.0,25.466666666666725,0.0,60.0,80.0,10.0,safe,60.0,80.0,10.0,25.466666666666725,Selected lowest-risk action
1768694489.598051,25.466666666666722,24.0,25.466666666666725,0.0,60.0,80.0,10.0,safe,60.0,80.0,10.0,25.466666666666725,Selected lowest-risk action
1768694489.802785,25.466666666666722,24.0,25.466666666666725,0.0,60.0,80.0,10.0,safe,60.0,80.0,10.0,25.466666666666725,Selected lowest-risk action
1768694490.007835,25.466666666666722,24.0,25.466666666666725,0.0,60.0,80.0,10.0,safe,60.0,80.0,10.0,25.466666666666725,Selected lowest-risk action
1768694490.2094028,25.466666666666722,24.0,25.466666666666725,0.0,60.0,80.0,10.0,safe,60.0,80.0,10.0,25.466666666666725,Selected lowest-risk action
1768694490.414455,25.466666666666722,24.0,25.466666666666725,0.0,60.0,80.0,10.0,safe,60.0,80.0,10.0,25.466666666666725,Selected lowest-risk action
1768694490.6179998,25.466666666666722,24.0,25.466666666666725,0.0,60.0,80.0,10.0,safe,60.0,80.0,10.0,25.466666666666725,Selected lowest-risk action
1768694490.82223,25.466666666666722,24.0,25.466666666666725,0.0,60.0,80.0,10.0,safe,60.0,80.0,10.0,25.466666666666725,Selected lowest-risk action
1768694491.027275,25.466666666666722,24.0,25.466666666666725,0.0,60.0,80.0,10.0,safe,60.0,80.0,10.0,25.466666666666725,Selected lowest-risk action
1768694491.2323918,25.466666666666722,24.0,25.466666666666725,0.0,60.0,80.0,10.0,safe,60.0,80.0,10.0,25.466666666666725,Selected lowest-risk action
1768694491.437435,25.466666666666722,24.0,25.466666666666725,0.0,60.0,80.0,10.0,safe,60.0,80.0,10.0,25.466666666666725,Selected lowest-risk action
1768694491.6402318,25.466666666666722,24.0,25.466666666666725,0.0,60.0,80.0,10.0,safe,60.0,80.0,10.0,25.466666666666725,Selected lowest-risk action
1768694491.840853,25.466666666666722,24.0,25.466666666666725,0.0,60.0,80.0,10.0,safe,60.0,80.0,10.0,25.466666666666725,Selected lowest-risk action
1768694492.045902,25.466666666666722,24.0,25.466666666666725,0.0,60.0,80.0,10.0,safe,60.0,80.0,10.0,25.466666666666725,Selected lowest-risk action
1768694492.2496629,25.466666666666722,24.0,25.466666666666725,0.0,60.0,80.0,10.0,safe,60.0,80.0,10.0,25.466666666666725,Selected lowest-risk action
1768694492.454495,25.466666666666722,24.0,25.466666666666725,0.0,60.0,80.0,10.0,safe,60.0,80.0,10.0,25.466666666666725,Selected lowest-risk action
1768694492.655838,25.466666666666722,24.0,25.466666666666725,0.0,60.0,80.0,10.0,safe,60.0,80.0,10.0,25.466666666666725,Selected lowest-risk action
1768694492.859775,25.466666666666722,24.0,25.466666666666725,0.0,60.0,80.0,10.0,safe,60.0,80.0,10.0,25.466666666666725,Selected lowest-risk action
1768694493.06439,25.466666666666722,24.0,25.466666666666725,0.0,60.0,80.0,10.0,safe,60.0,80.0,10.0,25.466666666666725,Selected lowest-risk action
1768694493.265836,25.466666666666722,24.0,25.466666666666725,0.0,60.0,80.0,10.0,safe,60.0,80.0,10.0,25.466666666666725,Selected lowest-risk action
1768694493.470879,25.466666666666722,24.0,25.466666666666725,0.0,60.0,80.0,10.0,safe,60.0,80.0,10.0,25.466666666666725,Selected lowest-risk action
1768694493.673268,25.466666666666722,24.0,25.466666666666725,0.0,60.0,80.0,10.0,safe,60.0,80.0,10.0,25.466666666666725,Selected lowest-risk action
1768694493.874198,25.466666666666722,24.0,25.466666666666725,0.0,60.0,80.0,10.0,safe,60.0,80.0,10.0,25.466666666666725,Selected lowest-risk action
1768694494.0792441,25.466666666666722,24.0,25.466666666666725,0.0,60.0,80.0,10.0,safe,60.0,80.0,10.0,25.466666666666725,Selected lowest-risk action
1768694494.284302,25.466666666666722,24.0,25.466666666666725,0.0,60.0,80.0,10.0,safe,60.0,80.0,10.0,25.466666666666725,Selected lowest-risk action
1768694494.4866931,25.466666666666722,24.0,25.466666666666725,0.0,60.0,80.0,10.0,safe,60.0,80.0,10.0,25.466666666666725,Selected lowest-risk action
1768694494.687187,25.466666666666722,24.0,25.466666666666725,0.0,60.0,80.0,10.0,safe,60.0,80.0,10.0,25.466666666666725,Selected lowest-risk action
1768694494.892222,25.466666666666722,24.0,25.466666666666725,0.0,60.0,80.0,10.0,safe,60.0,80.0,10.0,25.466666666666725,Selected lowest-risk action
1768694495.097271,25.466666666666722,24.0,25.466666666666725,0.0,60.0,80.0,10.0,safe,60.0,80.0,10.0,25.466666666666725,Selected lowest-risk action
1768694495.3023858,25.466666666666722,24.0,25.466666666666725,0.0,60.0,80.0,10.0,safe,60.0,80.0,10.0,25.466666666666725,Selected lowest-risk action
1768694495.502571,25.466666666666722,24.0,25.466666666666725,0.0,60.0,80.0,10.0,safe,60.0,80.0,10.0,25.466666666666725,Selected lowest-risk action
1768694495.705624,25.466666666666722,24.0,25.466666666666725,0.0,60.0,80.0,10.0,safe,60.0,80.0,10.0,25.466666666666725,Selected lowest-risk action
1768694495.9106681,25.466666666666722,24.0,25.466666666666725,0.0,60.0,80.0,10.0,safe,60.0,80.0,10.0,25.466666666666725,Selected lowest-risk action
1768694496.115721,25.466666666666722,24.0,25.466666666666725,0.0,60.0,80.0,10.0,safe,60.0,80.0,10.0,25.466666666666725,Selected lowest-risk action
1768694496.320767,25.466666666666722,24.0,25.466666666666725,0.0,60.0,80.0,10.0,safe,60.0,80.0,10.0,25.466666666666725,Selected lowest-risk action
1768694496.523969,25.466666666666722,24.0,25.466666666666725,0.0,60.0,80.0,10.0,safe,60.0,80.0,10.0,25.466666666666725,Selected lowest-risk action
1768694496.7290182,25.466666666666722,24.0,25.466666666666725,0.0,60.0,80.0,10.0,safe,60.0,80.0,10.0,25.466666666666725,Selected lowest-risk action
1768694496.9295402,25.466666666666722,24.0,25.466666666666725,0.0,60.0,80.0,10.0,safe,60.0,80.0,10.0,25.466666666666725,Selected lowest-risk action
1768694497.134589,25.466666666666722,24.0,25.466666666666725,0.0,60.0,80.0,10.0,safe,60.0,80.0,10.0,25.466666666666725,Selected lowest-risk action
1768694497.339638,25.466666666666722,24.0,25.466666666666725,0.0,60.0,80.0,10.0,safe,60.0,80.0,10.0,25.466666666666725,Selected lowest-risk action
1768694497.544758,25.466666666666722,24.0,25.466666666666725,0.0,60.0,80.0,10.0,safe,60.0,80.0,10.0,25.466666666666725,Selected lowest-risk action
1768694497.749013,25.466666666666722,24.0,25.466666666666725,0.0,60.0,80.0,10.0,safe,60.0,80.0,10.0,25.466666666666725,Selected lowest-risk action
1768694497.953156,25.466666666666722,24.0,25.466666666666725,0.0,60.0,80.0,10.0,safe,60.0,80.0,10.0,25.466666666666725,Selected lowest-risk action
1768694498.15485,25.466666666666722,24.0,25.466666666666725,0.0,60.0,80.0,10.0,safe,60.0,80.0,10.0,25.466666666666725,Selected lowest-risk action
1768694498.359892,25.466666666666722,24.0,25.466666666666725,0.0,60.0,80.0,10.0,safe,60.0,80.0,10.0,25.466666666666725,Selected lowest-risk action
1768694498.564985,25.466666666666722,24.0,25.466666666666725,0.0,60.0,80.0,10.0,safe,60.0,80.0,10.0,25.466666666666725,Selected lowest-risk action
1768694498.770033,25.466666666666722,24.0,25.466666666666725,0.0,60.0,80.0,10.0,safe,60.0,80.0,10.0,25.466666666666725,Selected lowest-risk action
1768694498.97231,25.466666666666722,24.0,25.466666666666725,0.0,60.0,80.0,10.0,safe,60.0,80.0,10.0,25.466666666666725,Selected lowest-risk action
1768694499.175405,25.466666666666722,24.0,25.466666666666725,0.0,60.0,80.0,10.0,safe,60.0,80.0,10.0,25.466666666666725,Selected lowest-risk action
1768694499.3804522,25.466666666666722,24.0,25.466666666666725,0.0,60.0,80.0,10.0,safe,60.0,80.0,10.0,25.466666666666725,Selected lowest-risk action
1768694499.5850902,25.466666666666722,24.0,25.466666666666725,0.0,60.0,80.0,10.0,safe,60.0,80.0,10.0,25.466666666666725,Selected lowest-risk action
1768694499.7901518,25.466666666666722,24.0,25.466666666666725,0.0,60.0,80.0,10.0,safe,60.0,80.0,10.0,25.466666666666725,Selected lowest-risk action
1768694499.9951942,25.466666666666722,24.0,25.466666666666725,0.0,60.0,80.0,10.0,safe,60.0,80.0,10.0,25.466666666666725,Selected lowest-risk action
1768694500.197494,25.466666666666722,24.0,25.466666666666725,0.0,60.0,80.0,10.0,safe,60.0,80.0,10.0,25.466666666666725,Selected lowest-risk action
1768694500.4011788,25.466666666666722,24.0,25.466666666666725,0.0,60.0,80.0,10.0,safe,60.0,80.0,10.0,25.466666666666725,Selected lowest-risk action
1768694500.604703,25.466666666666722,24.0,25.466666666666725,0.0,60.0,80.0,10.0,safe,60.0,80.0,10.0,25.466666666666725,Selected lowest-risk action
1768694500.808813,25.466666666666722,24.0,25.466666666666725,0.0,60.0,80.0,10.0,safe,60.0,80.0,10.0,25.466666666666725,Selected lowest-risk action
1768694501.0123708,25.466666666666722,24.0,25.466666666666725,0.0,60.0,80.0,10.0,safe,60.0,80.0,10.0,25.466666666666725,Selected lowest-risk action
1768694501.21647,25.466666666666722,24.0,25.466666666666725,0.0,60.0,80.0,10.0,safe,60.0,80.0,10.0,25.466666666666725,Selected lowest-risk action
1768694501.421258,25.466666666666722,24.0,25.466666666666725,0.0,60.0,80.0,10.0,safe,60.0,80.0,10.0,25.466666666666725,Selected lowest-risk action
1768694501.624089,25.466666666666722,24.0,25.466666666666725,0.0,60.0,80.0,10.0,safe,60.0,80.0,10.0,25.466666666666725,Selected lowest-risk action
1768694501.829142,25.466666666666722,24.0,25.466666666666725,0.0,60.0,80.0,10.0,safe,60.0,80.0,10.0,25.466666666666725,Selected lowest-risk action
1768694502.031713,25.466666666666722,24.0,25.466666666666725,0.0,60.0,80.0,10.0,safe,60.0,80.0,10.0,25.466666666666725,Selected lowest-risk action
1768694502.236759,25.466666666666722,24.0,25.466666666666725,0.0,60.0,80.0,10.0,safe,60.0,80.0,10.0,25.466666666666725,Selected lowest-risk action
1768694502.4416242,25.466666666666722,24.0,25.466666666666725,0.0,60.0,80.0,10.0,safe,60.0,80.0,10.0,25.466666666666725,Selected lowest-risk action
1768694502.64667,25.466666666666722,24.0,25.466666666666725,0.0,60.0,80.0,10.0,safe,60.0,80.0,10.0,25.466666666666725,Selected lowest-risk action
1768694502.8517919,25.466666666666722,24.0,25.466666666666725,0.0,60.0,80.0,10.0,safe,60.0,80.0,10.0,25.466666666666725,Selected lowest-risk action
1768694503.0523179,25.466666666666722,24.0,25.466666666666725,0.0,60.0,80.0,10.0,safe,60.0,80.0,10.0,25.466666666666725,Selected lowest-risk action
1768694503.255667,25.466666666666722,24.0,25.466666666666725,0.0,60.0,80.0,10.0,safe,60.0,80.0,10.0,25.466666666666725,Selected lowest-risk action
1768694503.4607098,25.466666666666722,24.0,25.466666666666725,0.0,60.0,80.0,10.0,safe,60.0,80.0,10.0,25.466666666666725,Selected lowest-risk action
1768694503.665754,25.466666666666722,24.0,25.466666666666725,0.0,60.0,80.0,10.0,safe,60.0,80.0,10.0,25.466666666666725,Selected lowest-risk action
1768694503.8707929,25.466666666666722,24.0,25.466666666666725,0.0,60.0,80.0,10.0,safe,60.0,80.0,10.0,25.466666666666725,Selected lowest-risk action
1768694504.0758421,25.466666666666722,24.0,25.466666666666725,0.0,60.0,80.0,10.0,safe,60.0,80.0,10.0,25.466666666666725,Selected lowest-risk action
1768694504.280906,25.466666666666722,24.0,25.466666666666725,0.0,60.0,80.0,10.0,safe,60.0,80.0,10.0,25.466666666666725,Selected lowest-risk action
1768694504.4859462,25.466666666666722,24.0,25.466666666666725,0.0,60.0,80.0,10.0,safe,60.0,80.0,10.0,25.466666666666725,Selected lowest-risk action
1768694504.689041,25.466666666666722,24.0,25.466666666666725,0.0,60.0,80.0,10.0,safe,60.0,80.0,10.0,25.466666666666725,Selected lowest-risk action
1768694504.8940969,25.466666666666722,24.0,25.466666666666725,0.0,60.0,80.0,10.0,safe,60.0,80.0,10.0,25.466666666666725,Selected lowest-risk action
1768694505.099147,25.466666666666722,24.0,25.466666666666725,0.0,60.0,80.0,10.0,safe,60.0,80.0,10.0,25.466666666666725,Selected lowest-risk action
1768694505.3017201,25.466666666666722,24.0,25.466666666666725,0.0,60.0,80.0,10.0,safe,60.0,80.0,10.0,25.466666666666725,Selected lowest-risk action
1768694505.506725,25.466666666666722,24.0,25.466666666666725,0.0,60.0,80.0,10.0,safe,60.0,80.0,10.0,25.466666666666725,Selected lowest-risk action
1768694505.711775,25.466666666666722,24.0,25.466666666666725,0.0,60.0,80.0,10.0,safe,60.0,80.0,10.0,25.466666666666725,Selected lowest-risk action
1768694505.913664,25.466666666666722,24.0,25.466666666666725,0.0,60.0,80.0,10.0,safe,60.0,80.0,10.0,25.466666666666725,Selected lowest-risk action
1768694506.118708,25.466666666666722,24.0,25.466666666666725,0.0,60.0,80.0,10.0,safe,60.0,80.0,10.0,25.466666666666725,Selected lowest-risk action
1768694506.323751,25.466666666666722,24.0,25.466666666666725,0.0,60.0,80.0,10.0,safe,60.0,80.0,10.0,25.466666666666725,Selected lowest-risk action
1768694506.5288022,25.466666666666722,24.0,25.466666666666725,0.0,60.0,80.0,10.0,safe,60.0,80.0,10.0,25.466666666666725,Selected lowest-risk action
1768694506.7338529,25.466666666666722,24.0,25.466666666666725,0.0,60.0,80.0,10.0,safe,60.0,80.0,10.0,25.466666666666725,Selected lowest-risk action
1768694506.938901,25.466666666666722,24.0,25.466666666666725,0.0,60.0,80.0,10.0,safe,60.0,80.0,10.0,25.466666666666725,Selected lowest-risk action
1768694507.143955,25.466666666666722,24.0,25.466666666666725,0.0,60.0,80.0,10.0,safe,60.0,80.0,10.0,25.466666666666725,Selected lowest-risk action
1768694507.3490071,25.466666666666722,24.0,25.466666666666725,0.0,60.0,80.0,10.0,safe,60.0,80.0,10.0,25.466666666666725,Selected lowest-risk action
1768694507.554058,25.466666666666722,24.0,25.466666666666725,0.0,60.0,80.0,10.0,safe,60.0,80.0,10.0,25.466666666666725,Selected lowest-risk action
1768694507.757767,25.466666666666722,24.0,25.466666666666725,0.0,60.0,80.0,10.0,safe,60.0,80.0,10.0,25.466666666666725,Selected lowest-risk action
1768694507.960277,25.466666666666722,24.0,25.466666666666725,0.0,60.0,80.0,10.0,safe,60.0,80.0,10.0,25.466666666666725,Selected lowest-risk action
1768694508.163274,25.466666666666722,24.0,25.466666666666725,0.0,60.0,80.0,10.0,safe,60.0,80.0,10.0,25.466666666666725,Selected lowest-risk action
1768694508.3633869,25.466666666666722,24.0,25.466666666666725,0.0,60.0,80.0,10.0,safe,60.0,80.0,10.0,25.466666666666725,Selected lowest-risk action
1768694508.564652,25.466666666666722,24.0,25.466666666666725,0.0,60.0,80.0,10.0,safe,60.0,80.0,10.0,25.466666666666725,Selected lowest-risk action
1768694508.769749,25.466666666666722,24.0,25.466666666666725,0.0,60.0,80.0,10.0,safe,60.0,80.0,10.0,25.466666666666725,Selected lowest-risk action
1768694508.973427,25.466666666666722,24.0,25.466666666666725,0.0,60.0,80.0,10.0,safe,60.0,80.0,10.0,25.466666666666725,Selected lowest-risk action
1768694509.174199,25.466666666666722,24.0,25.466666666666725,0.0,60.0,80.0,10.0,safe,60.0,80.0,10.0,25.466666666666725,Selected lowest-risk action
1768694509.37594,25.466666666666722,24.0,25.466666666666725,0.0,60.0,80.0,10.0,safe,60.0,80.0,10.0,25.466666666666725,Selected lowest-risk action
1768694509.580983,25.466666666666722,24.0,25.466666666666725,0.0,60.0,80.0,10.0,safe,60.0,80.0,10.0,25.466666666666725,Selected lowest-risk action
1768694509.7860422,25.466666666666722,24.0,25.466666666666725,0.0,60.0,80.0,10.0,safe,60.0,80.0,10.0,25.466666666666725,Selected lowest-risk action
1768694509.991084,25.466666666666722,24.0,25.466666666666725,0.0,60.0,80.0,10.0,safe,60.0,80.0,10.0,25.466666666666725,Selected lowest-risk action
1768694510.196127,25.466666666666722,24.0,25.466666666666725,0.0,60.0,80.0,10.0,safe,60.0,80.0,10.0,25.466666666666725,Selected lowest-risk action
1768694510.398926,25.466666666666722,24.0,25.466666666666725,0.0,60.0,80.0,10.0,safe,60.0,80.0,10.0,25.466666666666725,Selected lowest-risk action
1768694510.603977,25.466666666666722,24.0,25.466666666666725,0.0,60.0,80.0,10.0,safe,60.0,80.0,10.0,25.466666666666725,Selected lowest-risk action
1768694510.806793,25.466666666666722,24.0,25.466666666666725,0.0,60.0,80.0,10.0,safe,60.0,80.0,10.0,25.466666666666725,Selected lowest-risk action
1768694511.011842,25.466666666666722,24.0,25.466666666666725,0.0,60.0,80.0,10.0,safe,60.0,80.0,10.0,25.466666666666725,Selected lowest-risk action
1768694511.214847,25.466666666666722,24.0,25.466666666666725,0.0,60.0,80.0,10.0,safe,60.0,80.0,10.0,25.466666666666725,Selected lowest-risk action
1768694511.419895,25.466666666666722,24.0,25.466666666666725,0.0,60.0,80.0,10.0,safe,60.0,80.0,10.0,25.466666666666725,Selected lowest-risk action
1768694511.624942,25.466666666666722,24.0,25.466666666666725,0.0,60.0,80.0,10.0,safe,60.0,80.0,10.0,25.466666666666725,Selected lowest-risk action
1768694511.8299892,25.466666666666722,24.0,25.466666666666725,0.0,60.0,80.0,10.0,safe,60.0,80.0,10.0,25.466666666666725,Selected lowest-risk action
1768694512.035029,25.466666666666722,24.0,25.466666666666725,0.0,60.0,80.0,10.0,safe,60.0,80.0,10.0,25.466666666666725,Selected lowest-risk action
1768694512.240076,25.466666666666722,24.0,25.466666666666725,0.0,60.0,80.0,10.0,safe,60.0,80.0,10.0,25.466666666666725,Selected lowest-risk action
1768694512.440331,25.466666666666722,24.0,25.466666666666725,0.0,60.0,80.0,10.0,safe,60.0,80.0,10.0,25.466666666666725,Selected lowest-risk action
1768694512.6453812,25.466666666666722,24.0,25.466666666666725,0.0,60.0,80.0,10.0,safe,60.0,80.0,10.0,25.466666666666725,Selected lowest-risk action
1768694512.8504288,25.466666666666722,24.0,25.466666666666725,0.0,60.0,80.0,10.0,safe,60.0,80.0,10.0,25.466666666666725,Selected lowest-risk action
1768694513.052445,25.466666666666722,24.0,25.466666666666725,0.0,60.0,80.0,10.0,safe,60.0,80.0,10.0,25.466666666666725,Selected lowest-risk action
1768694513.257489,25.466666666666722,24.0,25.466666666666725,0.0,60.0,80.0,10.0,safe,60.0,80.0,10.0,25.466666666666725,Selected lowest-risk action
1768694513.462534,25.466666666666722,24.0,25.466666666666725,0.0,60.0,80.0,10.0,safe,60.0,80.0,10.0,25.466666666666725,Selected lowest-risk action
1768694513.662583,25.466666666666722,24.0,25.466666666666725,0.0,60.0,80.0,10.0,safe,60.0,80.0,10.0,25.466666666666725,Selected lowest-risk action
1768694513.867388,25.466666666666722,24.0,25.466666666666725,0.0,60.0,80.0,10.0,safe,60.0,80.0,10.0,25.466666666666725,Selected lowest-risk action
1768694514.072431,25.466666666666722,24.0,25.466666666666725,0.0,60.0,80.0,10.0,safe,60.0,80.0,10.0,25.466666666666725,Selected lowest-risk action
1768694514.277475,25.466666666666722,24.0,25.466666666666725,0.0,60.0,80.0,10.0,safe,60.0,80.0,10.0,25.466666666666725,Selected lowest-risk action
1768694514.4825149,25.466666666666722,24.0,25.466666666666725,0.0,60.0,80.0,10.0,safe,60.0,80.0,10.0,25.466666666666725,Selected lowest-risk action
1768694514.6865401,25.466666666666722,24.0,25.466666666666725,0.0,60.0,80.0,10.0,safe,60.0,80.0,10.0,25.466666666666725,Selected lowest-risk action
1768694514.891585,25.466666666666722,24.0,25.466666666666725,0.0,60.0,80.0,10.0,safe,60.0,80.0,10.0,25.466666666666725,Selected lowest-risk action
1768694515.0966358,25.466666666666722,24.0,25.466666666666725,0.0,60.0,80.0,10.0,safe,60.0,80.0,10.0,25.466666666666725,Selected lowest-risk action
1768694515.301672,25.466666666666722,24.0,25.466666666666725,0.0,60.0,80.0,10.0,safe,60.0,80.0,10.0,25.466666666666725,Selected lowest-risk action
1768694515.50662,25.466666666666722,24.0,25.466666666666725,0.0,60.0,80.0,10.0,safe,60.0,80.0,10.0,25.466666666666725,Selected lowest-risk action
1768694515.7116642,25.466666666666722,24.0,25.466666666666725,0.0,60.0,80.0,10.0,safe,60.0,80.0,10.0,25.466666666666725,Selected lowest-risk action
1768694515.915324,25.466666666666722,24.0,25.466666666666725,0.0,60.0,80.0,10.0,safe,60.0,80.0,10.0,25.466666666666725,Selected lowest-risk action
1768694516.12037,25.466666666666722,24.0,25.466666666666725,0.0,60.0,80.0,10.0,safe,60.0,80.0,10.0,25.466666666666725,Selected lowest-risk action
1768694516.325412,25.466666666666722,24.0,25.466666666666725,0.0,60.0,80.0,10.0,safe,60.0,80.0,10.0,25.466666666666725,Selected lowest-risk action
1768694516.530454,25.466666666666722,24.0,25.466666666666725,0.0,60.0,80.0,10.0,safe,60.0,80.0,10.0,25.466666666666725,Selected lowest-risk action
1768694516.735502,25.466666666666722,24.0,25.466666666666725,0.0,60.0,80.0,10.0,safe,60.0,80.0,10.0,25.466666666666725,Selected lowest-risk action
1768694516.939206,25.466666666666722,24.0,25.466666666666725,0.0,60.0,80.0,10.0,safe,60.0,80.0,10.0,25.466666666666725,Selected lowest-risk action
1768694517.1398132,25.466666666666722,24.0,25.466666666666725,0.0,60.0,80.0,10.0,safe,60.0,80.0,10.0,25.466666666666725,Selected lowest-risk action
1768694517.340224,25.466666666666722,24.0,25.466666666666725,0.0,60.0,80.0,10.0,safe,60.0,80.0,10.0,25.466666666666725,Selected lowest-risk action
1768694517.545275,25.466666666666722,24.0,25.466666666666725,0.0,60.0,80.0,10.0,safe,60.0,80.0,10.0,25.466666666666725,Selected lowest-risk action
1768694517.750323,25.466666666666722,24.0,25.466666666666725,0.0,60.0,80.0,10.0,safe,60.0,80.0,10.0,25.466666666666725,Selected lowest-risk action
1768694517.954976,25.466666666666722,24.0,25.466666666666725,0.0,60.0,80.0,10.0,safe,60.0,80.0,10.0,25.466666666666725,Selected lowest-risk action
1768694518.16001,25.466666666666722,24.0,25.466666666666725,0.0,60.0,80.0,10.0,safe,60.0,80.0,10.0,25.466666666666725,Selected lowest-risk action
1768694518.362688,25.466666666666722,24.0,25.466666666666725,0.0,60.0,80.0,10.0,safe,60.0,80.0,10.0,25.466666666666725,Selected lowest-risk action
1768694518.5677361,25.466666666666722,24.0,25.466666666666725,0.0,60.0,80.0,10.0,safe,60.0,80.0,10.0,25.466666666666725,Selected lowest-risk action
1768694518.772773,25.466666666666722,24.0,25.466666666666725,0.0,60.0,80.0,10.0,safe,60.0,80.0,10.0,25.466666666666725,Selected lowest-risk action
1768694518.9778209,25.466666666666722,24.0,25.466666666666725,0.0,60.0,80.0,10.0,safe,60.0,80.0,10.0,25.466666666666725,Selected lowest-risk action
1768694519.182931,25.466666666666722,24.0,25.466666666666725,0.0,60.0,80.0,10.0,safe,60.0,80.0,10.0,25.466666666666725,Selected lowest-risk action
1768694519.383827,25.466666666666722,24.0,25.466666666666725,0.0,60.0,80.0,10.0,safe,60.0,80.0,10.0,25.466666666666725,Selected lowest-risk action
1768694519.588879,25.466666666666722,24.0,25.466666666666725,0.0,60.0,80.0,10.0,safe,60.0,80.0,10.0,25.466666666666725,Selected lowest-risk action
1768694519.79146,25.466666666666722,24.0,25.466666666666725,0.0,60.0,80.0,10.0,safe,60.0,80.0,10.0,25.466666666666725,Selected lowest-risk action
1768694519.996532,25.466666666666722,24.0,25.466666666666725,0.0,60.0,80.0,10.0,safe,60.0,80.0,10.0,25.466666666666725,Selected lowest-risk action
1768694520.201566,25.466666666666722,24.0,25.466666666666725,0.0,60.0,80.0,10.0,safe,60.0,80.0,10.0,25.466666666666725,Selected lowest-risk action
1768694520.4066079,25.466666666666722,24.0,25.466666666666725,0.0,60.0,80.0,10.0,safe,60.0,80.0,10.0,25.466666666666725,Selected lowest-risk action
1768694520.61049,25.466666666666722,24.0,25.466666666666725,0.0,60.0,80.0,10.0,safe,60.0,80.0,10.0,25.466666666666725,Selected lowest-risk action
1768694520.812164,25.466666666666722,24.0,25.466666666666725,0.0,60.0,80.0,10.0,safe,60.0,80.0,10.0,25.466666666666725,Selected lowest-risk action
1768694521.012536,25.466666666666722,24.0,25.466666666666725,0.0,60.0,80.0,10.0,safe,60.0,80.0,10.0,25.466666666666725,Selected lowest-risk action
1768694521.215861,25.466666666666722,24.0,25.466666666666725,0.0,60.0,80.0,10.0,safe,60.0,80.0,10.0,25.466666666666725,Selected lowest-risk action
1768694521.420913,25.466666666666722,24.0,25.466666666666725,0.0,60.0,80.0,10.0,safe,60.0,80.0,10.0,25.466666666666725,Selected lowest-risk action
1768694521.62597,25.466666666666722,24.0,25.466666666666725,0.0,60.0,80.0,10.0,safe,60.0,80.0,10.0,25.466666666666725,Selected lowest-risk action
1768694521.8302941,25.466666666666722,24.0,25.466666666666725,0.0,60.0,80.0,10.0,safe,60.0,80.0,10.0,25.466666666666725,Selected lowest-risk action
1768694522.03142,25.466666666666722,24.0,25.466666666666725,0.0,60.0,80.0,10.0,safe,60.0,80.0,10.0,25.466666666666725,Selected lowest-risk action
1768694522.2342699,25.466666666666722,24.0,25.466666666666725,0.0,60.0,80.0,10.0,safe,60.0,80.0,10.0,25.466666666666725,Selected lowest-risk action
1768694522.4392269,25.466666666666722,24.0,25.466666666666725,0.0,60.0,80.0,10.0,safe,60.0,80.0,10.0,25.466666666666725,Selected lowest-risk action
1768694522.6405919,25.466666666666722,24.0,25.466666666666725,0.0,60.0,80.0,10.0,safe,60.0,80.0,10.0,25.466666666666725,Selected lowest-risk action
1768694522.8456361,25.466666666666722,24.0,25.466666666666725,0.0,60.0,80.0,10.0,safe,60.0,80.0,10.0,25.466666666666725,Selected lowest-risk action
1768694523.0464709,25.466666666666722,24.0,25.466666666666725,0.0,60.0,80.0,10.0,safe,60.0,80.0,10.0,25.466666666666725,Selected lowest-risk action
1768694523.25152,25.466666666666722,24.0,25.466666666666725,0.0,60.0,80.0,10.0,safe,60.0,80.0,10.0,25.466666666666725,Selected lowest-risk action
1768694523.4559271,25.466666666666722,24.0,25.466666666666725,0.0,60.0,80.0,10.0,safe,60.0,80.0,10.0,25.466666666666725,Selected lowest-risk action
1768694523.660963,25.466666666666722,24.0,25.466666666666725,0.0,60.0,80.0,10.0,safe,60.0,80.0,10.0,25.466666666666725,Selected lowest-risk action
1768694523.865252,25.466666666666722,24.0,25.466666666666725,0.0,60.0,80.0,10.0,safe,60.0,80.0,10.0,25.466666666666725,Selected lowest-risk action
1768694524.070291,25.466666666666722,24.0,25.466666666666725,0.0,60.0,80.0,10.0,safe,60.0,80.0,10.0,25.466666666666725,Selected lowest-risk action
1768694524.2736151,25.466666666666722,24.0,25.466666666666725,0.0,60.0,80.0,10.0,safe,60.0,80.0,10.0,25.466666666666725,Selected lowest-risk action
1768694524.477655,25.466666666666722,24.0,25.466666666666725,0.0,60.0,80.0,10.0,safe,60.0,80.0,10.0,25.466666666666725,Selected lowest-risk action
1768694524.678661,25.466666666666722,24.0,25.466666666666725,0.0,60.0,80.0,10.0,safe,60.0,80.0,10.0,25.466666666666725,Selected lowest-risk action
1768694524.8819299,25.466666666666722,24.0,25.466666666666725,0.0,60.0,80.0,10.0,safe,60.0,80.0,10.0,25.466666666666725,Selected lowest-risk action
1768694525.086972,25.466666666666722,24.0,25.466666666666725,0.0,60.0,80.0,10.0,safe,60.0,80.0,10.0,25.466666666666725,Selected lowest-risk action
1768694525.2920241,25.466666666666722,24.0,25.466666666666725,0.0,60.0,80.0,10.0,safe,60.0,80.0,10.0,25.466666666666725,Selected lowest-risk action
1768694525.497071,25.466666666666722,24.0,25.466666666666725,0.0,60.0,80.0,10.0,safe,60.0,80.0,10.0,25.466666666666725,Selected lowest-risk action
1768694525.702125,25.466666666666722,24.0,25.466666666666725,0.0,60.0,80.0,10.0,safe,60.0,80.0,10.0,25.466666666666725,Selected lowest-risk action
1768694525.9064698,25.466666666666722,24.0,25.466666666666725,0.0,60.0,80.0,10.0,safe,60.0,80.0,10.0,25.466666666666725,Selected lowest-risk action
1768694526.1115189,25.466666666666722,24.0,25.466666666666725,0.0,60.0,80.0,10.0,safe,60.0,80.0,10.0,25.466666666666725,Selected lowest-risk action
1768694526.31657,25.466666666666722,24.0,25.466666666666725,0.0,60.0,80.0,10.0,safe,60.0,80.0,10.0,25.466666666666725,Selected lowest-risk action
1768694526.521612,25.466666666666722,24.0,25.466666666666725,0.0,60.0,80.0,10.0,safe,60.0,80.0,10.0,25.466666666666725,Selected lowest-risk action
1768694526.7260292,25.466666666666722,24.0,25.466666666666725,0.0,60.0,80.0,10.0,safe,60.0,80.0,10.0,25.466666666666725,Selected lowest-risk action
1768694526.931067,25.466666666666722,24.0,25.466666666666725,0.0,60.0,80.0,10.0,safe,60.0,80.0,10.0,25.466666666666725,Selected lowest-risk action
1768694527.1326132,25.466666666666722,24.0,25.466666666666725,0.0,60.0,80.0,10.0,safe,60.0,80.0,10.0,25.466666666666725,Selected lowest-risk action
1768694527.334707,25.466666666666722,24.0,25.466666666666725,0.0,60.0,80.0,10.0,safe,60.0,80.0,10.0,25.466666666666725,Selected lowest-risk action
1768694527.539704,25.466666666666722,24.0,25.466666666666725,0.0,60.0,80.0,10.0,safe,60.0,80.0,10.0,25.466666666666725,Selected lowest-risk action
1768694527.7447512,25.466666666666722,24.0,25.466666666666725,0.0,60.0,80.0,10.0,safe,60.0,80.0,10.0,25.466666666666725,Selected lowest-risk action
1768694527.9497962,25.466666666666722,24.0,25.466666666666725,0.0,60.0,80.0,10.0,safe,60.0,80.0,10.0,25.466666666666725,Selected lowest-risk action
1768694528.1526442,25.466666666666722,24.0,25.466666666666725,0.0,60.0,80.0,10.0,safe,60.0,80.0,10.0,25.466666666666725,Selected lowest-risk action
1768694528.355968,25.466666666666722,24.0,25.466666666666725,0.0,60.0,80.0,10.0,safe,60.0,80.0,10.0,25.466666666666725,Selected lowest-risk action
1768694528.561019,25.466666666666722,24.0,25.466666666666725,0.0,60.0,80.0,10.0,safe,60.0,80.0,10.0,25.466666666666725,Selected lowest-risk action
1768694528.7661,25.466666666666722,24.0,25.466666666666725,0.0,60.0,80.0,10.0,safe,60.0,80.0,10.0,25.466666666666725,Selected lowest-risk action
1768694528.967425,25.466666666666722,24.0,25.466666666666725,0.0,60.0,80.0,10.0,safe,60.0,80.0,10.0,25.466666666666725,Selected lowest-risk action
1768694529.168708,25.466666666666722,24.0,25.466666666666725,0.0,60.0,80.0,10.0,safe,60.0,80.0,10.0,25.466666666666725,Selected lowest-risk action
1768694529.372642,25.466666666666722,24.0,25.466666666666725,0.0,60.0,80.0,10.0,safe,60.0,80.0,10.0,25.466666666666725,Selected lowest-risk action
1768694529.5736709,25.466666666666722,24.0,25.466666666666725,0.0,60.0,80.0,10.0,safe,60.0,80.0,10.0,25.466666666666725,Selected lowest-risk action
1768694529.77848,25.466666666666722,24.0,25.466666666666725,0.0,60.0,80.0,10.0,safe,60.0,80.0,10.0,25.466666666666725,Selected lowest-risk action
1768694529.983538,25.466666666666722,24.0,25.466666666666725,0.0,60.0,80.0,10.0,safe,60.0,80.0,10.0,25.466666666666725,Selected lowest-risk action
1768694530.18821,25.466666666666722,24.0,25.466666666666725,0.0,60.0,80.0,10.0,safe,60.0,80.0,10.0,25.466666666666725,Selected lowest-risk action
1768694530.3917649,25.466666666666722,24.0,25.466666666666725,0.0,60.0,80.0,10.0,safe,60.0,80.0,10.0,25.466666666666725,Selected lowest-risk action
1768694530.596811,25.466666666666722,24.0,25.466666666666725,0.0,60.0,80.0,10.0,safe,60.0,80.0,10.0,25.466666666666725,Selected lowest-risk action
1768694530.8018718,25.466666666666722,24.0,25.466666666666725,0.0,60.0,80.0,10.0,safe,60.0,80.0,10.0,25.466666666666725,Selected lowest-risk action
1768694531.005989,25.466666666666722,24.0,25.466666666666725,0.0,60.0,80.0,10.0,safe,60.0,80.0,10.0,25.466666666666725,Selected lowest-risk action
1768694531.206368,25.466666666666722,24.0,25.466666666666725,0.0,60.0,80.0,10.0,safe,60.0,80.0,10.0,25.466666666666725,Selected lowest-risk action
1768694531.408368,25.466666666666722,24.0,25.466666666666725,0.0,60.0,80.0,10.0,safe,60.0,80.0,10.0,25.466666666666725,Selected lowest-risk action
1768694531.6134138,25.466666666666722,24.0,25.466666666666725,0.0,60.0,80.0,10.0,safe,60.0,80.0,10.0,25.466666666666725,Selected lowest-risk action
1768694531.814892,25.466666666666722,24.0,25.466666666666725,0.0,60.0,80.0,10.0,safe,60.0,80.0,10.0,25.466666666666725,Selected lowest-risk action
1768694532.015079,25.466666666666722,24.0,25.466666666666725,0.0,60.0,80.0,10.0,safe,60.0,80.0,10.0,25.466666666666725,Selected lowest-risk action
1768694532.218111,25.466666666666722,24.0,25.466666666666725,0.0,60.0,80.0,10.0,safe,60.0,80.0,10.0,25.466666666666725,Selected lowest-risk action
1768694532.4226801,25.466666666666722,24.0,25.466666666666725,0.0,60.0,80.0,10.0,safe,60.0,80.0,10.0,25.466666666666725,Selected lowest-risk action
1768694532.623701,25.466666666666722,24.0,25.466666666666725,0.0,60.0,80.0,10.0,safe,60.0,80.0,10.0,25.466666666666725,Selected lowest-risk action
1768694532.8287501,25.466666666666722,24.0,25.466666666666725,0.0,60.0,80.0,10.0,safe,60.0,80.0,10.0,25.466666666666725,Selected lowest-risk action
1768694533.033797,25.466666666666722,24.0,25.466666666666725,0.0,60.0,80.0,10.0,safe,60.0,80.0,10.0,25.466666666666725,Selected lowest-risk action
1768694533.23884,25.466666666666722,24.0,25.466666666666725,0.0,60.0,80.0,10.0,safe,60.0,80.0,10.0,25.466666666666725,Selected lowest-risk action
1768694533.439341,25.466666666666722,24.0,25.466666666666725,0.0,60.0,80.0,10.0,safe,60.0,80.0,10.0,25.466666666666725,Selected lowest-risk action
1768694533.642606,25.466666666666722,24.0,25.466666666666725,0.0,60.0,80.0,10.0,safe,60.0,80.0,10.0,25.466666666666725,Selected lowest-risk action
1768694533.8455338,25.466666666666722,24.0,25.466666666666725,0.0,60.0,80.0,10.0,safe,60.0,80.0,10.0,25.466666666666725,Selected lowest-risk action
1768694534.0506308,25.466666666666722,24.0,25.466666666666725,0.0,60.0,80.0,10.0,safe,60.0,80.0,10.0,25.466666666666725,Selected lowest-risk action
1768694534.2549188,25.466666666666722,24.0,25.466666666666725,0.0,60.0,80.0,10.0,safe,60.0,80.0,10.0,25.466666666666725,Selected lowest-risk action
1768694534.4599721,25.466666666666722,24.0,25.466666666666725,0.0,60.0,80.0,10.0,safe,60.0,80.0,10.0,25.466666666666725,Selected lowest-risk action
1768694534.663708,25.466666666666722,24.0,25.466666666666725,0.0,60.0,80.0,10.0,safe,60.0,80.0,10.0,25.466666666666725,Selected lowest-risk action
1768694534.866745,25.466666666666722,24.0,25.466666666666725,0.0,60.0,80.0,10.0,safe,60.0,80.0,10.0,25.466666666666725,Selected lowest-risk action
1768694535.071587,25.466666666666722,24.0,25.466666666666725,0.0,60.0,80.0,10.0,safe,60.0,80.0,10.0,25.466666666666725,Selected lowest-risk action
1768694535.276296,25.466666666666722,24.0,25.466666666666725,0.0,60.0,80.0,10.0,safe,60.0,80.0,10.0,25.466666666666725,Selected lowest-risk action
1768694535.481323,25.466666666666722,24.0,25.466666666666725,0.0,60.0,80.0,10.0,safe,60.0,80.0,10.0,25.466666666666725,Selected lowest-risk action
1768694535.6825862,25.466666666666722,24.0,25.466666666666725,0.0,60.0,80.0,10.0,safe,60.0,80.0,10.0,25.466666666666725,Selected lowest-risk action
1768694535.883886,25.466666666666722,24.0,25.466666666666725,0.0,60.0,80.0,10.0,safe,60.0,80.0,10.0,25.466666666666725,Selected lowest-risk action
1768694536.088929,25.466666666666722,24.0,25.466666666666725,0.0,60.0,80.0,10.0,safe,60.0,80.0,10.0,25.466666666666725,Selected lowest-risk action
1768694536.290667,25.466666666666722,24.0,25.466666666666725,0.0,60.0,80.0,10.0,safe,60.0,80.0,10.0,25.466666666666725,Selected lowest-risk action
1768694536.495701,25.466666666666722,24.0,25.466666666666725,0.0,60.0,80.0,10.0,safe,60.0,80.0,10.0,25.466666666666725,Selected lowest-risk action
1768694536.696665,25.466666666666722,24.0,25.466666666666725,0.0,60.0,80.0,10.0,safe,60.0,80.0,10.0,25.466666666666725,Selected lowest-risk action
1768694536.900534,25.466666666666722,24.0,25.466666666666725,0.0,60.0,80.0,10.0,safe,60.0,80.0,10.0,25.466666666666725,Selected lowest-risk action
1768694537.105566,25.466666666666722,24.0,25.466666666666725,0.0,60.0,80.0,10.0,safe,60.0,80.0,10.0,25.466666666666725,Selected lowest-risk action
1768694537.306518,25.466666666666722,24.0,25.466666666666725,0.0,60.0,80.0,10.0,safe,60.0,80.0,10.0,25.466666666666725,Selected lowest-risk action
1768694537.511564,25.466666666666722,24.0,25.466666666666725,0.0,60.0,80.0,10.0,safe,60.0,80.0,10.0,25.466666666666725,Selected lowest-risk action
1768694537.7166169,25.466666666666722,24.0,25.466666666666725,0.0,60.0,80.0,10.0,safe,60.0,80.0,10.0,25.466666666666725,Selected lowest-risk action
1768694537.9216168,25.466666666666722,24.0,25.466666666666725,0.0,60.0,80.0,10.0,safe,60.0,80.0,10.0,25.466666666666725,Selected lowest-risk action
1768694538.1225002,25.466666666666722,24.0,25.466666666666725,0.0,60.0,80.0,10.0,safe,60.0,80.0,10.0,25.466666666666725,Selected lowest-risk action
1768694538.3237581,25.466666666666722,24.0,25.466666666666725,0.0,60.0,80.0,10.0,safe,60.0,80.0,10.0,25.466666666666725,Selected lowest-risk action
1768694538.524482,25.466666666666722,24.0,25.466666666666725,0.0,60.0,80.0,10.0,safe,60.0,80.0,10.0,25.466666666666725,Selected lowest-risk action
1768694538.729523,25.466666666666722,24.0,25.466666666666725,0.0,60.0,80.0,10.0,safe,60.0,80.0,10.0,25.466666666666725,Selected lowest-risk action
1768694538.929724,25.466666666666722,24.0,25.466666666666725,0.0,60.0,80.0,10.0,safe,60.0,80.0,10.0,25.466666666666725,Selected lowest-risk action
1768694539.1329222,25.466666666666722,24.0,25.466666666666725,0.0,60.0,80.0,10.0,safe,60.0,80.0,10.0,25.466666666666725,Selected lowest-risk action
1768694539.337963,25.466666666666722,24.0,25.466666666666725,0.0,60.0,80.0,10.0,safe,60.0,80.0,10.0,25.466666666666725,Selected lowest-risk action
1768694539.543,25.466666666666722,24.0,25.466666666666725,0.0,60.0,80.0,10.0,safe,60.0,80.0,10.0,25.466666666666725,Selected lowest-risk action
1768694539.7439969,25.466666666666722,24.0,25.466666666666725,0.0,60.0,80.0,10.0,safe,60.0,80.0,10.0,25.466666666666725,Selected lowest-risk action
1768694539.9490402,25.466666666666722,24.0,25.466666666666725,0.0,60.0,80.0,10.0,safe,60.0,80.0,10.0,25.466666666666725,Selected lowest-risk action
1768694540.1504588,25.466666666666722,24.0,25.466666666666725,0.0,60.0,80.0,10.0,safe,60.0,80.0,10.0,25.466666666666725,Selected lowest-risk action
1768694540.354965,25.466666666666722,24.0,25.466666666666725,0.0,60.0,80.0,10.0,safe,60.0,80.0,10.0,25.466666666666725,Selected lowest-risk action
1768694540.55716,25.466666666666722,24.0,25.466666666666725,0.0,60.0,80.0,10.0,safe,60.0,80.0,10.0,25.466666666666725,Selected lowest-risk action
1768694540.762201,25.466666666666722,24.0,25.466666666666725,0.0,60.0,80.0,10.0,safe,60.0,80.0,10.0,25.466666666666725,Selected lowest-risk action
1768694540.9672499,25.466666666666722,24.0,25.466666666666725,0.0,60.0,80.0,10.0,safe,60.0,80.0,10.0,25.466666666666725,Selected lowest-risk action
1768694541.171635,25.466666666666722,24.0,25.466666666666725,0.0,60.0,80.0,10.0,safe,60.0,80.0,10.0,25.466666666666725,Selected lowest-risk action
1768694541.373801,25.466666666666722,24.0,25.466666666666725,0.0,60.0,80.0,10.0,safe,60.0,80.0,10.0,25.466666666666725,Selected lowest-risk action
1768694541.578013,25.466666666666722,24.0,25.466666666666725,0.0,60.0,80.0,10.0,safe,60.0,80.0,10.0,25.466666666666725,Selected lowest-risk action
1768694541.7821171,25.466666666666722,24.0,25.466666666666725,0.0,60.0,80.0,10.0,safe,60.0,80.0,10.0,25.466666666666725,Selected lowest-risk action
1768694541.987162,25.466666666666722,24.0,25.466666666666725,0.0,60.0,80.0,10.0,safe,60.0,80.0,10.0,25.466666666666725,Selected lowest-risk action
1768694542.189445,25.466666666666722,24.0,25.466666666666725,0.0,60.0,80.0,10.0,safe,60.0,80.0,10.0,25.466666666666725,Selected lowest-risk action
1768694542.39442,25.466666666666722,24.0,25.466666666666725,0.0,60.0,80.0,10.0,safe,60.0,80.0,10.0,25.466666666666725,Selected lowest-risk action
1768694542.599461,25.466666666666722,24.0,25.466666666666725,0.0,60.0,80.0,10.0,safe,60.0,80.0,10.0,25.466666666666725,Selected lowest-risk action
1768694542.804509,25.466666666666722,24.0,25.466666666666725,0.0,60.0,80.0,10.0,safe,60.0,80.0,10.0,25.466666666666725,Selected lowest-risk action
1768694543.005485,25.466666666666722,24.0,25.466666666666725,0.0,60.0,80.0,10.0,safe,60.0,80.0,10.0,25.466666666666725,Selected lowest-risk action
1768694543.210268,25.466666666666722,24.0,25.466666666666725,0.0,60.0,80.0,10.0,safe,60.0,80.0,10.0,25.466666666666725,Selected lowest-risk action
1768694543.415304,25.466666666666722,24.0,25.466666666666725,0.0,60.0,80.0,10.0,safe,60.0,80.0,10.0,25.466666666666725,Selected lowest-risk action
1768694543.620346,25.466666666666722,24.0,25.466666666666725,0.0,60.0,80.0,10.0,safe,60.0,80.0,10.0,25.466666666666725,Selected lowest-risk action
1768694543.825397,25.466666666666722,24.0,25.466666666666725,0.0,60.0,80.0,10.0,safe,60.0,80.0,10.0,25.466666666666725,Selected lowest-risk action
1768694544.028578,25.466666666666722,24.0,25.466666666666725,0.0,60.0,80.0,10.0,safe,60.0,80.0,10.0,25.466666666666725,Selected lowest-risk action
1768694544.229873,25.466666666666722,24.0,25.466666666666725,0.0,60.0,80.0,10.0,safe,60.0,80.0,10.0,25.466666666666725,Selected lowest-risk action
1768694544.431224,25.466666666666722,24.0,25.466666666666725,0.0,60.0,80.0,10.0,safe,60.0,80.0,10.0,25.466666666666725,Selected lowest-risk action
1768694544.6327941,25.466666666666722,24.0,25.466666666666725,0.0,60.0,80.0,10.0,safe,60.0,80.0,10.0,25.466666666666725,Selected lowest-risk action
1768694544.83542,25.466666666666722,24.0,25.466666666666725,0.0,60.0,80.0,10.0,safe,60.0,80.0,10.0,25.466666666666725,Selected lowest-risk action
1768694545.0404558,25.466666666666722,24.0,25.466666666666725,0.0,60.0,80.0,10.0,safe,60.0,80.0,10.0,25.466666666666725,Selected lowest-risk action
1768694545.245056,25.466666666666722,24.0,25.466666666666725,0.0,60.0,80.0,10.0,safe,60.0,80.0,10.0,25.466666666666725,Selected lowest-risk action
1768694545.450102,25.466666666666722,24.0,25.466666666666725,0.0,60.0,80.0,10.0,safe,60.0,80.0,10.0,25.466666666666725,Selected lowest-risk action
1768694545.655148,25.466666666666722,24.0,25.466666666666725,0.0,60.0,80.0,10.0,safe,60.0,80.0,10.0,25.466666666666725,Selected lowest-risk action
1768694545.860197,25.466666666666722,24.0,25.466666666666725,0.0,60.0,80.0,10.0,safe,60.0,80.0,10.0,25.466666666666725,Selected lowest-risk action
1768694546.063324,25.466666666666722,24.0,25.466666666666725,0.0,60.0,80.0,10.0,safe,60.0,80.0,10.0,25.466666666666725,Selected lowest-risk action
1768694546.268369,25.466666666666722,24.0,25.466666666666725,0.0,60.0,80.0,10.0,safe,60.0,80.0,10.0,25.466666666666725,Selected lowest-risk action
1768694546.470141,25.466666666666722,24.0,25.466666666666725,0.0,60.0,80.0,10.0,safe,60.0,80.0,10.0,25.466666666666725,Selected lowest-risk action
1768694546.673749,25.466666666666722,24.0,25.466666666666725,0.0,60.0,80.0,10.0,safe,60.0,80.0,10.0,25.466666666666725,Selected lowest-risk action
1768694546.878794,25.466666666666722,24.0,25.466666666666725,0.0,60.0,80.0,10.0,safe,60.0,80.0,10.0,25.466666666666725,Selected lowest-risk action
1768694547.082612,25.466666666666722,24.0,25.466666666666725,0.0,60.0,80.0,10.0,safe,60.0,80.0,10.0,25.466666666666725,Selected lowest-risk action
1768694547.28767,25.466666666666722,24.0,25.466666666666725,0.0,60.0,80.0,10.0,safe,60.0,80.0,10.0,25.466666666666725,Selected lowest-risk action
1768694547.489974,25.466666666666722,24.0,25.466666666666725,0.0,60.0,80.0,10.0,safe,60.0,80.0,10.0,25.466666666666725,Selected lowest-risk action
1768694547.694551,25.466666666666722,24.0,25.466666666666725,0.0,60.0,80.0,10.0,safe,60.0,80.0,10.0,25.466666666666725,Selected lowest-risk action
1768694547.897355,25.466666666666722,24.0,25.466666666666725,0.0,60.0,80.0,10.0,safe,60.0,80.0,10.0,25.466666666666725,Selected lowest-risk action
1768694548.0990322,25.466666666666722,24.0,25.466666666666725,0.0,60.0,80.0,10.0,safe,60.0,80.0,10.0,25.466666666666725,Selected lowest-risk action
1768694548.30407,25.466666666666722,24.0,25.466666666666725,0.0,60.0,80.0,10.0,safe,60.0,80.0,10.0,25.466666666666725,Selected lowest-risk action
1768694548.507206,25.466666666666722,24.0,25.466666666666725,0.0,60.0,80.0,10.0,safe,60.0,80.0,10.0,25.466666666666725,Selected lowest-risk action
1768694548.71225,25.466666666666722,24.0,25.466666666666725,0.0,60.0,80.0,10.0,safe,60.0,80.0,10.0,25.466666666666725,Selected lowest-risk action
1768694548.914443,25.466666666666722,24.0,25.466666666666725,0.0,60.0,80.0,10.0,safe,60.0,80.0,10.0,25.466666666666725,Selected lowest-risk action
1768694549.119492,25.466666666666722,24.0,25.466666666666725,0.0,60.0,80.0,10.0,safe,60.0,80.0,10.0,25.466666666666725,Selected lowest-risk action
1768694549.322861,25.466666666666722,24.0,25.466666666666725,0.0,60.0,80.0,10.0,safe,60.0,80.0,10.0,25.466666666666725,Selected lowest-risk action
1768694549.52388,25.466666666666722,24.0,25.466666666666725,0.0,60.0,80.0,10.0,safe,60.0,80.0,10.0,25.466666666666725,Selected lowest-risk action
1768694549.724698,25.466666666666722,24.0,25.466666666666725,0.0,60.0,80.0,10.0,safe,60.0,80.0,10.0,25.466666666666725,Selected lowest-risk action
1768694549.929746,25.466666666666722,24.0,25.466666666666725,0.0,60.0,80.0,10.0,safe,60.0,80.0,10.0,25.466666666666725,Selected lowest-risk action
1768694550.1303308,25.466666666666722,24.0,25.466666666666725,0.0,60.0,80.0,10.0,safe,60.0,80.0,10.0,25.466666666666725,Selected lowest-risk action
1768694550.335379,25.466666666666722,24.0,25.466666666666725,0.0,60.0,80.0,10.0,safe,60.0,80.0,10.0,25.466666666666725,Selected lowest-risk action
1768694550.540427,25.466666666666722,24.0,25.466666666666725,0.0,60.0,80.0,10.0,safe,60.0,80.0,10.0,25.466666666666725,Selected lowest-risk action
1768694550.7454689,25.466666666666722,24.0,25.466666666666725,0.0,60.0,80.0,10.0,safe,60.0,80.0,10.0,25.466666666666725,Selected lowest-risk action
1768694550.9505138,25.466666666666722,24.0,25.466666666666725,0.0,60.0,80.0,10.0,safe,60.0,80.0,10.0,25.466666666666725,Selected lowest-risk action
1768694551.1555572,25.466666666666722,24.0,25.466666666666725,0.0,60.0,80.0,10.0,safe,60.0,80.0,10.0,25.466666666666725,Selected lowest-risk action
1768694551.3606,25.466666666666722,24.0,25.466666666666725,0.0,60.0,80.0,10.0,safe,60.0,80.0,10.0,25.466666666666725,Selected lowest-risk action
1768694551.5656478,25.466666666666722,24.0,25.466666666666725,0.0,60.0,80.0,10.0,safe,60.0,80.0,10.0,25.466666666666725,Selected lowest-risk action
1768694551.7707038,25.466666666666722,24.0,25.466666666666725,0.0,60.0,80.0,10.0,safe,60.0,80.0,10.0,25.466666666666725,Selected lowest-risk action
1768694551.974574,25.466666666666722,24.0,25.466666666666725,0.0,60.0,80.0,10.0,safe,60.0,80.0,10.0,25.466666666666725,Selected lowest-risk action
1768694552.177105,25.466666666666722,24.0,25.466666666666725,0.0,60.0,80.0,10.0,safe,60.0,80.0,10.0,25.466666666666725,Selected lowest-risk action
1768694552.382145,25.466666666666722,24.0,25.466666666666725,0.0,60.0,80.0,10.0,safe,60.0,80.0,10.0,25.466666666666725,Selected lowest-risk action
1768694552.5872471,25.466666666666722,24.0,25.466666666666725,0.0,60.0,80.0,10.0,safe,60.0,80.0,10.0,25.466666666666725,Selected lowest-risk action
1768694552.788745,25.466666666666722,24.0,25.466666666666725,0.0,60.0,80.0,10.0,safe,60.0,80.0,10.0,25.466666666666725,Selected lowest-risk action
1768694552.991654,25.466666666666722,24.0,25.466666666666725,0.0,60.0,80.0,10.0,safe,60.0,80.0,10.0,25.466666666666725,Selected lowest-risk action
1768694553.196703,25.466666666666722,24.0,25.466666666666725,0.0,60.0,80.0,10.0,safe,60.0,80.0,10.0,25.466666666666725,Selected lowest-risk action
1768694553.3985531,25.466666666666722,24.0,25.466666666666725,0.0,60.0,80.0,10.0,safe,60.0,80.0,10.0,25.466666666666725,Selected lowest-risk action
1768694553.603256,25.466666666666722,24.0,25.466666666666725,0.0,60.0,80.0,10.0,safe,60.0,80.0,10.0,25.466666666666725,Selected lowest-risk action
1768694553.808306,25.466666666666722,24.0,25.466666666666725,0.0,60.0,80.0,10.0,safe,60.0,80.0,10.0,25.466666666666725,Selected lowest-risk action
1768694554.013418,25.466666666666722,24.0,25.466666666666725,0.0,60.0,80.0,10.0,safe,60.0,80.0,10.0,25.466666666666725,Selected lowest-risk action
1768694554.218464,25.466666666666722,24.0,25.466666666666725,0.0,60.0,80.0,10.0,safe,60.0,80.0,10.0,25.466666666666725,Selected lowest-risk action
1768694554.4235048,25.466666666666722,24.0,25.466666666666725,0.0,60.0,80.0,10.0,safe,60.0,80.0,10.0,25.466666666666725,Selected lowest-risk action
1768694554.628547,25.466666666666722,24.0,25.466666666666725,0.0,60.0,80.0,10.0,safe,60.0,80.0,10.0,25.466666666666725,Selected lowest-risk action
1768694554.833605,25.466666666666722,24.0,25.466666666666725,0.0,60.0,80.0,10.0,safe,60.0,80.0,10.0,25.466666666666725,Selected lowest-risk action
1768694555.0386539,25.466666666666722,24.0,25.466666666666725,0.0,60.0,80.0,10.0,safe,60.0,80.0,10.0,25.466666666666725,Selected lowest-risk action
1768694555.241782,25.466666666666722,24.0,25.466666666666725,0.0,60.0,80.0,10.0,safe,60.0,80.0,10.0,25.466666666666725,Selected lowest-risk action
1768694555.442566,25.466666666666722,24.0,25.466666666666725,0.0,60.0,80.0,10.0,safe,60.0,80.0,10.0,25.466666666666725,Selected lowest-risk action
1768694555.6438332,25.466666666666722,24.0,25.466666666666725,0.0,60.0,80.0,10.0,safe,60.0,80.0,10.0,25.466666666666725,Selected lowest-risk action
1768694555.845951,25.466666666666722,24.0,25.466666666666725,0.0,60.0,80.0,10.0,safe,60.0,80.0,10.0,25.466666666666725,Selected lowest-risk action
1768694556.050998,25.466666666666722,24.0,25.466666666666725,0.0,60.0,80.0,10.0,safe,60.0,80.0,10.0,25.466666666666725,Selected lowest-risk action
1768694556.252814,25.466666666666722,24.0,25.466666666666725,0.0,60.0,80.0,10.0,safe,60.0,80.0,10.0,25.466666666666725,Selected lowest-risk action
1768694556.456235,25.466666666666722,24.0,25.466666666666725,0.0,60.0,80.0,10.0,safe,60.0,80.0,10.0,25.466666666666725,Selected lowest-risk action
1768694556.659942,25.466666666666722,24.0,25.466666666666725,0.0,60.0,80.0,10.0,safe,60.0,80.0,10.0,25.466666666666725,Selected lowest-risk action
1768694556.862693,25.466666666666722,24.0,25.466666666666725,0.0,60.0,80.0,10.0,safe,60.0,80.0,10.0,25.466666666666725,Selected lowest-risk action
1768694557.063595,25.466666666666722,24.0,25.466666666666725,0.0,60.0,80.0,10.0,safe,60.0,80.0,10.0,25.466666666666725,Selected lowest-risk action
1768694557.268718,25.466666666666722,24.0,25.466666666666725,0.0,60.0,80.0,10.0,safe,60.0,80.0,10.0,25.466666666666725,Selected lowest-risk action
1768694557.473063,25.466666666666722,24.0,25.466666666666725,0.0,60.0,80.0,10.0,safe,60.0,80.0,10.0,25.466666666666725,Selected lowest-risk action
1768694557.678189,25.466666666666722,24.0,25.466666666666725,0.0,60.0,80.0,10.0,safe,60.0,80.0,10.0,25.466666666666725,Selected lowest-risk action
1768694557.8829398,25.466666666666722,24.0,25.466666666666725,0.0,60.0,80.0,10.0,safe,60.0,80.0,10.0,25.466666666666725,Selected lowest-risk action
1768694558.0879822,25.466666666666722,24.0,25.466666666666725,0.0,60.0,80.0,10.0,safe,60.0,80.0,10.0,25.466666666666725,Selected lowest-risk action
1768694558.2930298,25.466666666666722,24.0,25.466666666666725,0.0,60.0,80.0,10.0,safe,60.0,80.0,10.0,25.466666666666725,Selected lowest-risk action
1768694558.4969568,25.466666666666722,24.0,25.466666666666725,0.0,60.0,80.0,10.0,safe,60.0,80.0,10.0,25.466666666666725,Selected lowest-risk action
1768694558.7020018,25.466666666666722,24.0,25.466666666666725,0.0,60.0,80.0,10.0,safe,60.0,80.0,10.0,25.466666666666725,Selected lowest-risk action
1768694558.9058769,25.466666666666722,24.0,25.466666666666725,0.0,60.0,80.0,10.0,safe,60.0,80.0,10.0,25.466666666666725,Selected lowest-risk action
1768694559.107302,25.466666666666722,24.0,25.466666666666725,0.0,60.0,80.0,10.0,safe,60.0,80.0,10.0,25.466666666666725,Selected lowest-risk action
1768694559.311538,25.466666666666722,24.0,25.466666666666725,0.0,60.0,80.0,10.0,safe,60.0,80.0,10.0,25.466666666666725,Selected lowest-risk action
1768694559.513655,25.466666666666722,24.0,25.466666666666725,0.0,60.0,80.0,10.0,safe,60.0,80.0,10.0,25.466666666666725,Selected lowest-risk action
1768694559.7177339,25.466666666666722,24.0,25.466666666666725,0.0,60.0,80.0,10.0,safe,60.0,80.0,10.0,25.466666666666725,Selected lowest-risk action
1768694559.9227781,25.466666666666722,24.0,25.466666666666725,0.0,60.0,80.0,10.0,safe,60.0,80.0,10.0,25.466666666666725,Selected lowest-risk action
1768694560.127851,25.466666666666722,24.0,25.466666666666725,0.0,60.0,80.0,10.0,safe,60.0,80.0,10.0,25.466666666666725,Selected lowest-risk action
1768694560.32957,25.466666666666722,24.0,25.466666666666725,0.0,60.0,80.0,10.0,safe,60.0,80.0,10.0,25.466666666666725,Selected lowest-risk action
1768694560.529739,25.466666666666722,24.0,25.466666666666725,0.0,60.0,80.0,10.0,safe,60.0,80.0,10.0,25.466666666666725,Selected lowest-risk action
1768694560.733331,25.466666666666722,24.0,25.466666666666725,0.0,60.0,80.0,10.0,safe,60.0,80.0,10.0,25.466666666666725,Selected lowest-risk action
1768694560.938375,25.466666666666722,24.0,25.466666666666725,0.0,60.0,80.0,10.0,safe,60.0,80.0,10.0,25.466666666666725,Selected lowest-risk action
1768694561.140673,25.466666666666722,24.0,25.466666666666725,0.0,60.0,80.0,10.0,safe,60.0,80.0,10.0,25.466666666666725,Selected lowest-risk action
1768694561.345727,25.466666666666722,24.0,25.466666666666725,0.0,60.0,80.0,10.0,safe,60.0,80.0,10.0,25.466666666666725,Selected lowest-risk action
1768694561.550836,25.466666666666722,24.0,25.466666666666725,0.0,60.0,80.0,10.0,safe,60.0,80.0,10.0,25.466666666666725,Selected lowest-risk action
1768694561.751591,25.466666666666722,24.0,25.466666666666725,0.0,60.0,80.0,10.0,safe,60.0,80.0,10.0,25.466666666666725,Selected lowest-risk action
1768694561.955819,25.466666666666722,24.0,25.466666666666725,0.0,60.0,80.0,10.0,safe,60.0,80.0,10.0,25.466666666666725,Selected lowest-risk action
1768694562.15709,25.466666666666722,24.0,25.466666666666725,0.0,60.0,80.0,10.0,safe,60.0,80.0,10.0,25.466666666666725,Selected lowest-risk action
1768694562.359383,25.466666666666722,24.0,25.466666666666725,0.0,60.0,80.0,10.0,safe,60.0,80.0,10.0,25.466666666666725,Selected lowest-risk action
1768694562.5633988,25.466666666666722,24.0,25.466666666666725,0.0,60.0,80.0,10.0,safe,60.0,80.0,10.0,25.466666666666725,Selected lowest-risk action
1768694562.768511,25.466666666666722,24.0,25.466666666666725,0.0,60.0,80.0,10.0,safe,60.0,80.0,10.0,25.466666666666725,Selected lowest-risk action
1768694562.971997,25.466666666666722,24.0,25.466666666666725,0.0,60.0,80.0,10.0,safe,60.0,80.0,10.0,25.466666666666725,Selected lowest-risk action
1768694563.1730042,25.466666666666722,24.0,25.466666666666725,0.0,60.0,80.0,10.0,safe,60.0,80.0,10.0,25.466666666666725,Selected lowest-risk action
1768694563.374039,25.466666666666722,24.0,25.466666666666725,0.0,60.0,80.0,10.0,safe,60.0,80.0,10.0,25.466666666666725,Selected lowest-risk action
1768694563.5790899,25.466666666666722,24.0,25.466666666666725,0.0,60.0,80.0,10.0,safe,60.0,80.0,10.0,25.466666666666725,Selected lowest-risk action
1768694563.784138,25.466666666666722,24.0,25.466666666666725,0.0,60.0,80.0,10.0,safe,60.0,80.0,10.0,25.466666666666725,Selected lowest-risk action
1768694563.9891782,25.466666666666722,24.0,25.466666666666725,0.0,60.0,80.0,10.0,safe,60.0,80.0,10.0,25.466666666666725,Selected lowest-risk action
1768694564.194218,25.466666666666722,24.0,25.466666666666725,0.0,60.0,80.0,10.0,safe,60.0,80.0,10.0,25.466666666666725,Selected lowest-risk action
1768694564.399261,25.466666666666722,24.0,25.466666666666725,0.0,60.0,80.0,10.0,safe,60.0,80.0,10.0,25.466666666666725,Selected lowest-risk action
1768694564.604309,25.466666666666722,24.0,25.466666666666725,0.0,60.0,80.0,10.0,safe,60.0,80.0,10.0,25.466666666666725,Selected lowest-risk action
1768694564.80639,25.466666666666722,24.0,25.466666666666725,0.0,60.0,80.0,10.0,safe,60.0,80.0,10.0,25.466666666666725,Selected lowest-risk action
1768694565.011429,25.466666666666722,24.0,25.466666666666725,0.0,60.0,80.0,10.0,safe,60.0,80.0,10.0,25.466666666666725,Selected lowest-risk action
1768694565.216481,25.466666666666722,24.0,25.466666666666725,0.0,60.0,80.0,10.0,safe,60.0,80.0,10.0,25.466666666666725,Selected lowest-risk action
1768694565.421525,25.466666666666722,24.0,25.466666666666725,0.0,60.0,80.0,10.0,safe,60.0,80.0,10.0,25.466666666666725,Selected lowest-risk action
1768694565.62657,25.466666666666722,24.0,25.466666666666725,0.0,60.0,80.0,10.0,safe,60.0,80.0,10.0,25.466666666666725,Selected lowest-risk action
1768694565.831616,25.466666666666722,24.0,25.466666666666725,0.0,60.0,80.0,10.0,safe,60.0,80.0,10.0,25.466666666666725,Selected lowest-risk action
1768694566.03666,25.466666666666722,24.0,25.466666666666725,0.0,60.0,80.0,10.0,safe,60.0,80.0,10.0,25.466666666666725,Selected lowest-risk action
1768694566.240757,25.466666666666722,24.0,25.466666666666725,0.0,60.0,80.0,10.0,safe,60.0,80.0,10.0,25.466666666666725,Selected lowest-risk action
1768694566.445804,25.466666666666722,24.0,25.466666666666725,0.0,60.0,80.0,10.0,safe,60.0,80.0,10.0,25.466666666666725,Selected lowest-risk action
1768694566.649738,25.466666666666722,24.0,25.466666666666725,0.0,60.0,80.0,10.0,safe,60.0,80.0,10.0,25.466666666666725,Selected lowest-risk action
1768694566.852245,25.466666666666722,24.0,25.466666666666725,0.0,60.0,80.0,10.0,safe,60.0,80.0,10.0,25.466666666666725,Selected lowest-risk action
1768694567.0564039,25.466666666666722,24.0,25.466666666666725,0.0,60.0,80.0,10.0,safe,60.0,80.0,10.0,25.466666666666725,Selected lowest-risk action
1768694567.261444,25.466666666666722,24.0,25.466666666666725,0.0,60.0,80.0,10.0,safe,60.0,80.0,10.0,25.466666666666725,Selected lowest-risk action
1768694567.466485,25.466666666666722,24.0,25.466666666666725,0.0,60.0,80.0,10.0,safe,60.0,80.0,10.0,25.466666666666725,Selected lowest-risk action
1768694567.671533,25.466666666666722,24.0,25.466666666666725,0.0,60.0,80.0,10.0,safe,60.0,80.0,10.0,25.466666666666725,Selected lowest-risk action
1768694567.8730712,25.466666666666722,24.0,25.466666666666725,0.0,60.0,80.0,10.0,safe,60.0,80.0,10.0,25.466666666666725,Selected lowest-risk action
1768694568.0781178,25.466666666666722,24.0,25.466666666666725,0.0,60.0,80.0,10.0,safe,60.0,80.0,10.0,25.466666666666725,Selected lowest-risk action
1768694568.283167,25.466666666666722,24.0,25.466666666666725,0.0,60.0,80.0,10.0,safe,60.0,80.0,10.0,25.466666666666725,Selected lowest-risk action
1768694568.48822,25.466666666666722,24.0,25.466666666666725,0.0,60.0,80.0,10.0,safe,60.0,80.0,10.0,25.466666666666725,Selected lowest-risk action
1768694568.690767,25.466666666666722,24.0,25.466666666666725,0.0,60.0,80.0,10.0,safe,60.0,80.0,10.0,25.466666666666725,Selected lowest-risk action
1768694568.895818,25.466666666666722,24.0,25.466666666666725,0.0,60.0,80.0,10.0,safe,60.0,80.0,10.0,25.466666666666725,Selected lowest-risk action
1768694569.100863,25.466666666666722,24.0,25.466666666666725,0.0,60.0,80.0,10.0,safe,60.0,80.0,10.0,25.466666666666725,Selected lowest-risk action
1768694569.305913,25.466666666666722,24.0,25.466666666666725,0.0,60.0,80.0,10.0,safe,60.0,80.0,10.0,25.466666666666725,Selected lowest-risk action
1768694569.507253,25.466666666666722,24.0,25.466666666666725,0.0,60.0,80.0,10.0,safe,60.0,80.0,10.0,25.466666666666725,Selected lowest-risk action
1768694569.7122931,25.466666666666722,24.0,25.466666666666725,0.0,60.0,80.0,10.0,safe,60.0,80.0,10.0,25.466666666666725,Selected lowest-risk action
1768694569.91682,25.466666666666722,24.0,25.466666666666725,0.0,60.0,80.0,10.0,safe,60.0,80.0,10.0,25.466666666666725,Selected lowest-risk action
1768694570.119043,25.466666666666722,24.0,25.466666666666725,0.0,60.0,80.0,10.0,safe,60.0,80.0,10.0,25.466666666666725,Selected lowest-risk action
1768694570.3240871,25.466666666666722,24.0,25.466666666666725,0.0,60.0,80.0,10.0,safe,60.0,80.0,10.0,25.466666666666725,Selected lowest-risk action
1768694570.528966,25.466666666666722,24.0,25.466666666666725,0.0,60.0,80.0,10.0,safe,60.0,80.0,10.0,25.466666666666725,Selected lowest-risk action
1768694570.7304242,25.466666666666722,24.0,25.466666666666725,0.0,60.0,80.0,10.0,safe,60.0,80.0,10.0,25.466666666666725,Selected lowest-risk action
1768694570.935477,25.466666666666722,24.0,25.466666666666725,0.0,60.0,80.0,10.0,safe,60.0,80.0,10.0,25.466666666666725,Selected lowest-risk action
1768694571.139748,25.466666666666722,24.0,25.466666666666725,0.0,60.0,80.0,10.0,safe,60.0,80.0,10.0,25.466666666666725,Selected lowest-risk action
1768694571.3447921,25.466666666666722,24.0,25.466666666666725,0.0,60.0,80.0,10.0,safe,60.0,80.0,10.0,25.466666666666725,Selected lowest-risk action
1768694571.549015,25.466666666666722,24.0,25.466666666666725,0.0,60.0,80.0,10.0,safe,60.0,80.0,10.0,25.466666666666725,Selected lowest-risk action
1768694571.754055,25.466666666666722,24.0,25.466666666666725,0.0,60.0,80.0,10.0,safe,60.0,80.0,10.0,25.466666666666725,Selected lowest-risk action
1768694571.9568992,25.466666666666722,24.0,25.466666666666725,0.0,60.0,80.0,10.0,safe,60.0,80.0,10.0,25.466666666666725,Selected lowest-risk action
1768694572.1609468,25.466666666666722,24.0,25.466666666666725,0.0,60.0,80.0,10.0,safe,60.0,80.0,10.0,25.466666666666725,Selected lowest-risk action
1768694572.361248,25.466666666666722,24.0,25.466666666666725,0.0,60.0,80.0,10.0,safe,60.0,80.0,10.0,25.466666666666725,Selected lowest-risk action
1768694572.5656161,25.466666666666722,24.0,25.466666666666725,0.0,60.0,80.0,10.0,safe,60.0,80.0,10.0,25.466666666666725,Selected lowest-risk action
1768694572.7686322,25.466666666666722,24.0,25.466666666666725,0.0,60.0,80.0,10.0,safe,60.0,80.0,10.0,25.466666666666725,Selected lowest-risk action
1768694572.973131,25.466666666666722,24.0,25.466666666666725,0.0,60.0,80.0,10.0,safe,60.0,80.0,10.0,25.466666666666725,Selected lowest-risk action
1768694573.178176,25.466666666666722,24.0,25.466666666666725,0.0,60.0,80.0,10.0,safe,60.0,80.0,10.0,25.466666666666725,Selected lowest-risk action
1768694573.383221,25.466666666666722,24.0,25.466666666666725,0.0,60.0,80.0,10.0,safe,60.0,80.0,10.0,25.466666666666725,Selected lowest-risk action
1768694573.588266,25.466666666666722,24.0,25.466666666666725,0.0,60.0,80.0,10.0,safe,60.0,80.0,10.0,25.466666666666725,Selected lowest-risk action
1768694573.7897952,25.466666666666722,24.0,25.466666666666725,0.0,60.0,80.0,10.0,safe,60.0,80.0,10.0,25.466666666666725,Selected lowest-risk action
1768694573.994839,25.466666666666722,24.0,25.466666666666725,0.0,60.0,80.0,10.0,safe,60.0,80.0,10.0,25.466666666666725,Selected lowest-risk action
1768694574.199887,25.466666666666722,24.0,25.466666666666725,0.0,60.0,80.0,10.0,safe,60.0,80.0,10.0,25.466666666666725,Selected lowest-risk action
1768694574.404931,25.466666666666722,24.0,25.466666666666725,0.0,60.0,80.0,10.0,safe,60.0,80.0,10.0,25.466666666666725,Selected lowest-risk action
1768694574.60749,25.466666666666722,24.0,25.466666666666725,0.0,60.0,80.0,10.0,safe,60.0,80.0,10.0,25.466666666666725,Selected lowest-risk action
1768694574.812556,25.466666666666722,24.0,25.466666666666725,0.0,60.0,80.0,10.0,safe,60.0,80.0,10.0,25.466666666666725,Selected lowest-risk action
1768694575.0175948,25.466666666666722,24.0,25.466666666666725,0.0,60.0,80.0,10.0,safe,60.0,80.0,10.0,25.466666666666725,Selected lowest-risk action
1768694575.219552,25.466666666666722,24.0,25.466666666666725,0.0,60.0,80.0,10.0,safe,60.0,80.0,10.0,25.466666666666725,Selected lowest-risk action
1768694575.423143,25.466666666666722,24.0,25.466666666666725,0.0,60.0,80.0,10.0,safe,60.0,80.0,10.0,25.466666666666725,Selected lowest-risk action
1768694575.6282,25.466666666666722,24.0,25.466666666666725,0.0,60.0,80.0,10.0,safe,60.0,80.0,10.0,25.466666666666725,Selected lowest-risk action
1768694575.832478,25.466666666666722,24.0,25.466666666666725,0.0,60.0,80.0,10.0,safe,60.0,80.0,10.0,25.466666666666725,Selected lowest-risk action
1768694576.037521,25.466666666666722,24.0,25.466666666666725,0.0,60.0,80.0,10.0,safe,60.0,80.0,10.0,25.466666666666725,Selected lowest-risk action
1768694576.241993,25.466666666666722,24.0,25.466666666666725,0.0,60.0,80.0,10.0,safe,60.0,80.0,10.0,25.466666666666725,Selected lowest-risk action
1768694576.4470358,25.466666666666722,24.0,25.466666666666725,0.0,60.0,80.0,10.0,safe,60.0,80.0,10.0,25.466666666666725,Selected lowest-risk action
1768694576.652089,25.466666666666722,24.0,25.466666666666725,0.0,60.0,80.0,10.0,safe,60.0,80.0,10.0,25.466666666666725,Selected lowest-risk action
1768694576.856499,25.466666666666722,24.0,25.466666666666725,0.0,60.0,80.0,10.0,safe,60.0,80.0,10.0,25.466666666666725,Selected lowest-risk action
1768694577.0575209,25.466666666666722,24.0,25.466666666666725,0.0,60.0,80.0,10.0,safe,60.0,80.0,10.0,25.466666666666725,Selected lowest-risk action
1768694577.262557,25.466666666666722,24.0,25.466666666666725,0.0,60.0,80.0,10.0,safe,60.0,80.0,10.0,25.466666666666725,Selected lowest-risk action
1768694577.467597,25.466666666666722,24.0,25.466666666666725,0.0,60.0,80.0,10.0,safe,60.0,80.0,10.0,25.466666666666725,Selected lowest-risk action
1768694577.67264,25.466666666666722,24.0,25.466666666666725,0.0,60.0,80.0,10.0,safe,60.0,80.0,10.0,25.466666666666725,Selected lowest-risk action
1768694577.877679,25.466666666666722,24.0,25.466666666666725,0.0,60.0,80.0,10.0,safe,60.0,80.0,10.0,25.466666666666725,Selected lowest-risk action
1768694578.082718,25.466666666666722,24.0,25.466666666666725,0.0,60.0,80.0,10.0,safe,60.0,80.0,10.0,25.466666666666725,Selected lowest-risk action
1768694578.287767,25.466666666666722,24.0,25.466666666666725,0.0,60.0,80.0,10.0,safe,60.0,80.0,10.0,25.466666666666725,Selected lowest-risk action
1768694578.492809,25.466666666666722,24.0,25.466666666666725,0.0,60.0,80.0,10.0,safe,60.0,80.0,10.0,25.466666666666725,Selected lowest-risk action
1768694578.6978502,25.466666666666722,24.0,25.466666666666725,0.0,60.0,80.0,10.0,safe,60.0,80.0,10.0,25.466666666666725,Selected lowest-risk action
1768694578.9010692,25.466666666666722,24.0,25.466666666666725,0.0,60.0,80.0,10.0,safe,60.0,80.0,10.0,25.466666666666725,Selected lowest-risk action
1768694579.103895,25.466666666666722,24.0,25.466666666666725,0.0,60.0,80.0,10.0,safe,60.0,80.0,10.0,25.466666666666725,Selected lowest-risk action
1768694579.3054988,25.466666666666722,24.0,25.466666666666725,0.0,60.0,80.0,10.0,safe,60.0,80.0,10.0,25.466666666666725,Selected lowest-risk action
1768694579.509611,25.466666666666722,24.0,25.466666666666725,0.0,60.0,80.0,10.0,safe,60.0,80.0,10.0,25.466666666666725,Selected lowest-risk action
1768694579.710387,25.466666666666722,24.0,25.466666666666725,0.0,60.0,80.0,10.0,safe,60.0,80.0,10.0,25.466666666666725,Selected lowest-risk action
1768694579.91384,25.466666666666722,24.0,25.466666666666725,0.0,60.0,80.0,10.0,safe,60.0,80.0,10.0,25.466666666666725,Selected lowest-risk action
1768694580.1143732,25.466666666666722,24.0,25.466666666666725,0.0,60.0,80.0,10.0,safe,60.0,80.0,10.0,25.466666666666725,Selected lowest-risk action
1768694580.319403,25.466666666666722,24.0,25.466666666666725,0.0,60.0,80.0,10.0,safe,60.0,80.0,10.0,25.466666666666725,Selected lowest-risk action
1768694580.5232031,25.466666666666722,24.0,25.466666666666725,0.0,60.0,80.0,10.0,safe,60.0,80.0,10.0,25.466666666666725,Selected lowest-risk action
1768694580.7282481,25.466666666666722,24.0,25.466666666666725,0.0,60.0,80.0,10.0,safe,60.0,80.0,10.0,25.466666666666725,Selected lowest-risk action
1768694580.933287,25.466666666666722,24.0,25.466666666666725,0.0,60.0,80.0,10.0,safe,60.0,80.0,10.0,25.466666666666725,Selected lowest-risk action
1768694581.138339,25.466666666666722,24.0,25.466666666666725,0.0,60.0,80.0,10.0,safe,60.0,80.0,10.0,25.466666666666725,Selected lowest-risk action
1768694581.3398871,25.466666666666722,24.0,25.466666666666725,0.0,60.0,80.0,10.0,safe,60.0,80.0,10.0,25.466666666666725,Selected lowest-risk action
1768694581.5444028,25.466666666666722,24.0,25.466666666666725,0.0,60.0,80.0,10.0,safe,60.0,80.0,10.0,25.466666666666725,Selected lowest-risk action
1768694581.747181,25.466666666666722,24.0,25.466666666666725,0.0,60.0,80.0,10.0,safe,60.0,80.0,10.0,25.466666666666725,Selected lowest-risk action
1768694581.947725,25.466666666666722,24.0,25.466666666666725,0.0,60.0,80.0,10.0,safe,60.0,80.0,10.0,25.466666666666725,Selected lowest-risk action
1768694582.150183,25.466666666666722,24.0,25.466666666666725,0.0,60.0,80.0,10.0,safe,60.0,80.0,10.0,25.466666666666725,Selected lowest-risk action
1768694582.355232,25.466666666666722,24.0,25.466666666666725,0.0,60.0,80.0,10.0,safe,60.0,80.0,10.0,25.466666666666725,Selected lowest-risk action
1768694582.559159,25.466666666666722,24.0,25.466666666666725,0.0,60.0,80.0,10.0,safe,60.0,80.0,10.0,25.466666666666725,Selected lowest-risk action
1768694582.764204,25.466666666666722,24.0,25.466666666666725,0.0,60.0,80.0,10.0,safe,60.0,80.0,10.0,25.466666666666725,Selected lowest-risk action
1768694582.968041,25.466666666666722,24.0,25.466666666666725,0.0,60.0,80.0,10.0,safe,60.0,80.0,10.0,25.466666666666725,Selected lowest-risk action
1768694583.168405,25.466666666666722,24.0,25.466666666666725,0.0,60.0,80.0,10.0,safe,60.0,80.0,10.0,25.466666666666725,Selected lowest-risk action
1768694583.368491,25.466666666666722,24.0,25.466666666666725,0.0,60.0,80.0,10.0,safe,60.0,80.0,10.0,25.466666666666725,Selected lowest-risk action
1768694583.5734851,25.466666666666722,24.0,25.466666666666725,0.0,60.0,80.0,10.0,safe,60.0,80.0,10.0,25.466666666666725,Selected lowest-risk action
1768694583.7735739,25.466666666666722,24.0,25.466666666666725,0.0,60.0,80.0,10.0,safe,60.0,80.0,10.0,25.466666666666725,Selected lowest-risk action
1768694583.978624,25.466666666666722,24.0,25.466666666666725,0.0,60.0,80.0,10.0,safe,60.0,80.0,10.0,25.466666666666725,Selected lowest-risk action
1768694584.1833758,25.466666666666722,24.0,25.466666666666725,0.0,60.0,80.0,10.0,safe,60.0,80.0,10.0,25.466666666666725,Selected lowest-risk action
1768694584.383473,25.466666666666722,24.0,25.466666666666725,0.0,60.0,80.0,10.0,safe,60.0,80.0,10.0,25.466666666666725,Selected lowest-risk action
1768694584.588532,25.466666666666722,24.0,25.466666666666725,0.0,60.0,80.0,10.0,safe,60.0,80.0,10.0,25.466666666666725,Selected lowest-risk action
1768694584.793597,25.466666666666722,24.0,25.466666666666725,0.0,60.0,80.0,10.0,safe,60.0,80.0,10.0,25.466666666666725,Selected lowest-risk action
1768694584.9986382,25.466666666666722,24.0,25.466666666666725,0.0,60.0,80.0,10.0,safe,60.0,80.0,10.0,25.466666666666725,Selected lowest-risk action
1768694585.2027168,25.466666666666722,24.0,25.466666666666725,0.0,60.0,80.0,10.0,safe,60.0,80.0,10.0,25.466666666666725,Selected lowest-risk action
1768694585.40776,25.466666666666722,24.0,25.466666666666725,0.0,60.0,80.0,10.0,safe,60.0,80.0,10.0,25.466666666666725,Selected lowest-risk action
1768694585.60851,25.466666666666722,24.0,25.466666666666725,0.0,60.0,80.0,10.0,safe,60.0,80.0,10.0,25.466666666666725,Selected lowest-risk action
1768694585.810124,25.466666666666722,24.0,25.466666666666725,0.0,60.0,80.0,10.0,safe,60.0,80.0,10.0,25.466666666666725,Selected lowest-risk action
1768694586.01517,25.466666666666722,24.0,25.466666666666725,0.0,60.0,80.0,10.0,safe,60.0,80.0,10.0,25.466666666666725,Selected lowest-risk action
1768694586.21746,25.466666666666722,24.0,25.466666666666725,0.0,60.0,80.0,10.0,safe,60.0,80.0,10.0,25.466666666666725,Selected lowest-risk action
1768694586.422505,25.466666666666722,24.0,25.466666666666725,0.0,60.0,80.0,10.0,safe,60.0,80.0,10.0,25.466666666666725,Selected lowest-risk action
1768694586.623331,25.466666666666722,24.0,25.466666666666725,0.0,60.0,80.0,10.0,safe,60.0,80.0,10.0,25.466666666666725,Selected lowest-risk action
1768694586.8254158,25.466666666666722,24.0,25.466666666666725,0.0,60.0,80.0,10.0,safe,60.0,80.0,10.0,25.466666666666725,Selected lowest-risk action
1768694587.029599,25.466666666666722,24.0,25.466666666666725,0.0,60.0,80.0,10.0,safe,60.0,80.0,10.0,25.466666666666725,Selected lowest-risk action
1768694587.229959,25.466666666666722,24.0,25.466666666666725,0.0,60.0,80.0,10.0,safe,60.0,80.0,10.0,25.466666666666725,Selected lowest-risk action
1768694587.4340339,25.466666666666722,24.0,25.466666666666725,0.0,60.0,80.0,10.0,safe,60.0,80.0,10.0,25.466666666666725,Selected lowest-risk action
1768694587.634248,25.466666666666722,24.0,25.466666666666725,0.0,60.0,80.0,10.0,safe,60.0,80.0,10.0,25.466666666666725,Selected lowest-risk action
1768694587.839303,25.466666666666722,24.0,25.466666666666725,0.0,60.0,80.0,10.0,safe,60.0,80.0,10.0,25.466666666666725,Selected lowest-risk action
1768694588.042869,25.466666666666722,24.0,25.466666666666725,0.0,60.0,80.0,10.0,safe,60.0,80.0,10.0,25.466666666666725,Selected lowest-risk action
1768694588.24769,25.466666666666722,24.0,25.466666666666725,0.0,60.0,80.0,10.0,safe,60.0,80.0,10.0,25.466666666666725,Selected lowest-risk action
1768694588.4503958,25.466666666666722,24.0,25.466666666666725,0.0,60.0,80.0,10.0,safe,60.0,80.0,10.0,25.466666666666725,Selected lowest-risk action
1768694588.654594,25.466666666666722,24.0,25.466666666666725,0.0,60.0,80.0,10.0,safe,60.0,80.0,10.0,25.466666666666725,Selected lowest-risk action
1768694588.855654,25.466666666666722,24.0,25.466666666666725,0.0,60.0,80.0,10.0,safe,60.0,80.0,10.0,25.466666666666725,Selected lowest-risk action
1768694589.056606,25.466666666666722,24.0,25.466666666666725,0.0,60.0,80.0,10.0,safe,60.0,80.0,10.0,25.466666666666725,Selected lowest-risk action
1768694589.2584581,25.466666666666722,24.0,25.466666666666725,0.0,60.0,80.0,10.0,safe,60.0,80.0,10.0,25.466666666666725,Selected lowest-risk action
1768694589.463506,25.466666666666722,24.0,25.466666666666725,0.0,60.0,80.0,10.0,safe,60.0,80.0,10.0,25.466666666666725,Selected lowest-risk action
1768694589.668542,25.466666666666722,24.0,25.466666666666725,0.0,60.0,80.0,10.0,safe,60.0,80.0,10.0,25.466666666666725,Selected lowest-risk action
1768694589.873322,25.466666666666722,24.0,25.466666666666725,0.0,60.0,80.0,10.0,safe,60.0,80.0,10.0,25.466666666666725,Selected lowest-risk action
1768694590.078371,25.466666666666722,24.0,25.466666666666725,0.0,60.0,80.0,10.0,safe,60.0,80.0,10.0,25.466666666666725,Selected lowest-risk action
1768694590.2811332,25.466666666666722,24.0,25.466666666666725,0.0,60.0,80.0,10.0,safe,60.0,80.0,10.0,25.466666666666725,Selected lowest-risk action
1768694590.486224,25.466666666666722,24.0,25.466666666666725,0.0,60.0,80.0,10.0,safe,60.0,80.0,10.0,25.466666666666725,Selected lowest-risk action
1768694590.691276,25.466666666666722,24.0,25.466666666666725,0.0,60.0,80.0,10.0,safe,60.0,80.0,10.0,25.466666666666725,Selected lowest-risk action
1768694590.893397,25.466666666666722,24.0,25.466666666666725,0.0,60.0,80.0,10.0,safe,60.0,80.0,10.0,25.466666666666725,Selected lowest-risk action
1768694591.0984519,25.466666666666722,24.0,25.466666666666725,0.0,60.0,80.0,10.0,safe,60.0,80.0,10.0,25.466666666666725,Selected lowest-risk action
1768694591.303496,25.466666666666722,24.0,25.466666666666725,0.0,60.0,80.0,10.0,safe,60.0,80.0,10.0,25.466666666666725,Selected lowest-risk action
1768694591.506676,25.466666666666722,24.0,25.466666666666725,0.0,60.0,80.0,10.0,safe,60.0,80.0,10.0,25.466666666666725,Selected lowest-risk action
1768694591.71085,25.466666666666722,24.0,25.466666666666725,0.0,60.0,80.0,10.0,safe,60.0,80.0,10.0,25.466666666666725,Selected lowest-risk action
1768694591.9158962,25.466666666666722,24.0,25.466666666666725,0.0,60.0,80.0,10.0,safe,60.0,80.0,10.0,25.466666666666725,Selected lowest-risk action
1768694592.118967,25.466666666666722,24.0,25.466666666666725,0.0,60.0,80.0,10.0,safe,60.0,80.0,10.0,25.466666666666725,Selected lowest-risk action
1768694592.323423,25.466666666666722,24.0,25.466666666666725,0.0,60.0,80.0,10.0,safe,60.0,80.0,10.0,25.466666666666725,Selected lowest-risk action
1768694592.528476,25.466666666666722,24.0,25.466666666666725,0.0,60.0,80.0,10.0,safe,60.0,80.0,10.0,25.466666666666725,Selected lowest-risk action
1768694592.730197,25.466666666666722,24.0,25.466666666666725,0.0,60.0,80.0,10.0,safe,60.0,80.0,10.0,25.466666666666725,Selected lowest-risk action
1768694592.93522,25.466666666666722,24.0,25.466666666666725,0.0,60.0,80.0,10.0,safe,60.0,80.0,10.0,25.466666666666725,Selected lowest-risk action
1768694593.1368132,25.466666666666722,24.0,25.466666666666725,0.0,60.0,80.0,10.0,safe,60.0,80.0,10.0,25.466666666666725,Selected lowest-risk action
1768694593.340139,25.466666666666722,24.0,25.466666666666725,0.0,60.0,80.0,10.0,safe,60.0,80.0,10.0,25.466666666666725,Selected lowest-risk action
1768694593.5420852,25.466666666666722,24.0,25.466666666666725,0.0,60.0,80.0,10.0,safe,60.0,80.0,10.0,25.466666666666725,Selected lowest-risk action
1768694593.7434502,25.466666666666722,24.0,25.466666666666725,0.0,60.0,80.0,10.0,safe,60.0,80.0,10.0,25.466666666666725,Selected lowest-risk action
1768694593.947312,25.466666666666722,24.0,25.466666666666725,0.0,60.0,80.0,10.0,safe,60.0,80.0,10.0,25.466666666666725,Selected lowest-risk action
1768694594.151829,25.466666666666722,24.0,25.466666666666725,0.0,60.0,80.0,10.0,safe,60.0,80.0,10.0,25.466666666666725,Selected lowest-risk action
1768694594.356694,25.466666666666722,24.0,25.466666666666725,0.0,60.0,80.0,10.0,safe,60.0,80.0,10.0,25.466666666666725,Selected lowest-risk action
1768694594.557715,25.466666666666722,24.0,25.466666666666725,0.0,60.0,80.0,10.0,safe,60.0,80.0,10.0,25.466666666666725,Selected lowest-risk action
1768694594.7627578,25.466666666666722,24.0,25.466666666666725,0.0,60.0,80.0,10.0,safe,60.0,80.0,10.0,25.466666666666725,Selected lowest-risk action
1768694594.967809,25.466666666666722,24.0,25.466666666666725,0.0,60.0,80.0,10.0,safe,60.0,80.0,10.0,25.466666666666725,Selected lowest-risk action
1768694595.172331,25.466666666666722,24.0,25.466666666666725,0.0,60.0,80.0,10.0,safe,60.0,80.0,10.0,25.466666666666725,Selected lowest-risk action
1768694595.373365,25.466666666666722,24.0,25.466666666666725,0.0,60.0,80.0,10.0,safe,60.0,80.0,10.0,25.466666666666725,Selected lowest-risk action
1768694595.576809,25.466666666666722,24.0,25.466666666666725,0.0,60.0,80.0,10.0,safe,60.0,80.0,10.0,25.466666666666725,Selected lowest-risk action
1768694595.780664,25.466666666666722,24.0,25.466666666666725,0.0,60.0,80.0,10.0,safe,60.0,80.0,10.0,25.466666666666725,Selected lowest-risk action
1768694595.9857159,25.466666666666722,24.0,25.466666666666725,0.0,60.0,80.0,10.0,safe,60.0,80.0,10.0,25.466666666666725,Selected lowest-risk action
1768694596.190006,25.466666666666722,24.0,25.466666666666725,0.0,60.0,80.0,10.0,safe,60.0,80.0,10.0,25.466666666666725,Selected lowest-risk action
1768694596.3915331,25.466666666666722,24.0,25.466666666666725,0.0,60.0,80.0,10.0,safe,60.0,80.0,10.0,25.466666666666725,Selected lowest-risk action
1768694596.596805,25.466666666666722,24.0,25.466666666666725,0.0,60.0,80.0,10.0,safe,60.0,80.0,10.0,25.466666666666725,Selected lowest-risk action
1768694596.801846,25.466666666666722,24.0,25.466666666666725,0.0,60.0,80.0,10.0,safe,60.0,80.0,10.0,25.466666666666725,Selected lowest-risk action
1768694597.006716,25.466666666666722,24.0,25.466666666666725,0.0,60.0,80.0,10.0,safe,60.0,80.0,10.0,25.466666666666725,Selected lowest-risk action
1768694597.2079139,25.466666666666722,24.0,25.466666666666725,0.0,60.0,80.0,10.0,safe,60.0,80.0,10.0,25.466666666666725,Selected lowest-risk action
1768694597.4129422,25.466666666666722,24.0,25.466666666666725,0.0,60.0,80.0,10.0,safe,60.0,80.0,10.0,25.466666666666725,Selected lowest-risk action
1768694597.617971,25.466666666666722,24.0,25.466666666666725,0.0,60.0,80.0,10.0,safe,60.0,80.0,10.0,25.466666666666725,Selected lowest-risk action
1768694597.818013,25.466666666666722,24.0,25.466666666666725,0.0,60.0,80.0,10.0,safe,60.0,80.0,10.0,25.466666666666725,Selected lowest-risk action
1768694598.018228,25.466666666666722,24.0,25.466666666666725,0.0,60.0,80.0,10.0,safe,60.0,80.0,10.0,25.466666666666725,Selected lowest-risk action
1768694598.220792,25.466666666666722,24.0,25.466666666666725,0.0,60.0,80.0,10.0,safe,60.0,80.0,10.0,25.466666666666725,Selected lowest-risk action
1768694598.424423,25.466666666666722,24.0,25.466666666666725,0.0,60.0,80.0,10.0,safe,60.0,80.0,10.0,25.466666666666725,Selected lowest-risk action
1768694598.624594,25.466666666666722,24.0,25.466666666666725,0.0,60.0,80.0,10.0,safe,60.0,80.0,10.0,25.466666666666725,Selected lowest-risk action
1768694598.829643,25.466666666666722,24.0,25.466666666666725,0.0,60.0,80.0,10.0,safe,60.0,80.0,10.0,25.466666666666725,Selected lowest-risk action
1768694599.034685,25.466666666666722,24.0,25.466666666666725,0.0,60.0,80.0,10.0,safe,60.0,80.0,10.0,25.466666666666725,Selected lowest-risk action
1768694599.239725,25.466666666666722,24.0,25.466666666666725,0.0,60.0,80.0,10.0,safe,60.0,80.0,10.0,25.466666666666725,Selected lowest-risk action
1768694599.440127,25.466666666666722,24.0,25.466666666666725,0.0,60.0,80.0,10.0,safe,60.0,80.0,10.0,25.466666666666725,Selected lowest-risk action
1768694599.6427891,25.466666666666722,24.0,25.466666666666725,0.0,60.0,80.0,10.0,safe,60.0,80.0,10.0,25.466666666666725,Selected lowest-risk action
1768694599.8479161,25.466666666666722,24.0,25.466666666666725,0.0,60.0,80.0,10.0,safe,60.0,80.0,10.0,25.466666666666725,Selected lowest-risk action
1768694600.052962,25.466666666666722,24.0,25.466666666666725,0.0,60.0,80.0,10.0,safe,60.0,80.0,10.0,25.466666666666725,Selected lowest-risk action
1768694600.2567701,25.466666666666722,24.0,25.466666666666725,0.0,60.0,80.0,10.0,safe,60.0,80.0,10.0,25.466666666666725,Selected lowest-risk action
1768694600.461869,25.466666666666722,24.0,25.466666666666725,0.0,60.0,80.0,10.0,safe,60.0,80.0,10.0,25.466666666666725,Selected lowest-risk action
1768694600.664045,25.466666666666722,24.0,25.466666666666725,0.0,60.0,80.0,10.0,safe,60.0,80.0,10.0,25.466666666666725,Selected lowest-risk action
1768694600.8688462,25.466666666666722,24.0,25.466666666666725,0.0,60.0,80.0,10.0,safe,60.0,80.0,10.0,25.466666666666725,Selected lowest-risk action
1768694601.073408,25.466666666666722,24.0,25.466666666666725,0.0,60.0,80.0,10.0,safe,60.0,80.0,10.0,25.466666666666725,Selected lowest-risk action
1768694601.2784529,25.466666666666722,24.0,25.466666666666725,0.0,60.0,80.0,10.0,safe,60.0,80.0,10.0,25.466666666666725,Selected lowest-risk action
1768694601.482888,25.466666666666722,24.0,25.466666666666725,0.0,60.0,80.0,10.0,safe,60.0,80.0,10.0,25.466666666666725,Selected lowest-risk action
1768694601.687934,25.466666666666722,24.0,25.466666666666725,0.0,60.0,80.0,10.0,safe,60.0,80.0,10.0,25.466666666666725,Selected lowest-risk action
1768694601.892232,25.466666666666722,24.0,25.466666666666725,0.0,60.0,80.0,10.0,safe,60.0,80.0,10.0,25.466666666666725,Selected lowest-risk action
1768694602.09728,25.466666666666722,24.0,25.466666666666725,0.0,60.0,80.0,10.0,safe,60.0,80.0,10.0,25.466666666666725,Selected lowest-risk action
1768694602.3023229,25.466666666666722,24.0,25.466666666666725,0.0,60.0,80.0,10.0,safe,60.0,80.0,10.0,25.466666666666725,Selected lowest-risk action
1768694602.506785,25.466666666666722,24.0,25.466666666666725,0.0,60.0,80.0,10.0,safe,60.0,80.0,10.0,25.466666666666725,Selected lowest-risk action
1768694602.71183,25.466666666666722,24.0,25.466666666666725,0.0,60.0,80.0,10.0,safe,60.0,80.0,10.0,25.466666666666725,Selected lowest-risk action
1768694602.9168751,25.466666666666722,24.0,25.466666666666725,0.0,60.0,80.0,10.0,safe,60.0,80.0,10.0,25.466666666666725,Selected lowest-risk action
1768694603.121918,25.466666666666722,24.0,25.466666666666725,0.0,60.0,80.0,10.0,safe,60.0,80.0,10.0,25.466666666666725,Selected lowest-risk action
1768694603.325501,25.466666666666722,24.0,25.466666666666725,0.0,60.0,80.0,10.0,safe,60.0,80.0,10.0,25.466666666666725,Selected lowest-risk action
1768694603.5263119,25.466666666666722,24.0,25.466666666666725,0.0,60.0,80.0,10.0,safe,60.0,80.0,10.0,25.466666666666725,Selected lowest-risk action
1768694603.726908,25.466666666666722,24.0,25.466666666666725,0.0,60.0,80.0,10.0,safe,60.0,80.0,10.0,25.466666666666725,Selected lowest-risk action
1768694603.928824,25.466666666666722,24.0,25.466666666666725,0.0,60.0,80.0,10.0,safe,60.0,80.0,10.0,25.466666666666725,Selected lowest-risk action
1768694604.129952,25.466666666666722,24.0,25.466666666666725,0.0,60.0,80.0,10.0,safe,60.0,80.0,10.0,25.466666666666725,Selected lowest-risk action
1768694604.3350651,25.466666666666722,24.0,25.466666666666725,0.0,60.0,80.0,10.0,safe,60.0,80.0,10.0,25.466666666666725,Selected lowest-risk action
1768694604.5401092,25.466666666666722,24.0,25.466666666666725,0.0,60.0,80.0,10.0,safe,60.0,80.0,10.0,25.466666666666725,Selected lowest-risk action
1768694604.743913,25.466666666666722,24.0,25.466666666666725,0.0,60.0,80.0,10.0,safe,60.0,80.0,10.0,25.466666666666725,Selected lowest-risk action
1768694604.948964,25.466666666666722,24.0,25.466666666666725,0.0,60.0,80.0,10.0,safe,60.0,80.0,10.0,25.466666666666725,Selected lowest-risk action
1768694605.1540182,25.466666666666722,24.0,25.466666666666725,0.0,60.0,80.0,10.0,safe,60.0,80.0,10.0,25.466666666666725,Selected lowest-risk action
1768694605.359061,25.466666666666722,24.0,25.466666666666725,0.0,60.0,80.0,10.0,safe,60.0,80.0,10.0,25.466666666666725,Selected lowest-risk action
1768694605.564115,25.466666666666722,24.0,25.466666666666725,0.0,60.0,80.0,10.0,safe,60.0,80.0,10.0,25.466666666666725,Selected lowest-risk action
1768694605.7644951,25.466666666666722,24.0,25.466666666666725,0.0,60.0,80.0,10.0,safe,60.0,80.0,10.0,25.466666666666725,Selected lowest-risk action
1768694605.969533,25.466666666666722,24.0,25.466666666666725,0.0,60.0,80.0,10.0,safe,60.0,80.0,10.0,25.466666666666725,Selected lowest-risk action
1768694606.173486,25.466666666666722,24.0,25.466666666666725,0.0,60.0,80.0,10.0,safe,60.0,80.0,10.0,25.466666666666725,Selected lowest-risk action
1768694606.375948,25.466666666666722,24.0,25.466666666666725,0.0,60.0,80.0,10.0,safe,60.0,80.0,10.0,25.466666666666725,Selected lowest-risk action
1768694606.578742,25.466666666666722,24.0,25.466666666666725,0.0,60.0,80.0,10.0,safe,60.0,80.0,10.0,25.466666666666725,Selected lowest-risk action
1768694606.783788,25.466666666666722,24.0,25.466666666666725,0.0,60.0,80.0,10.0,safe,60.0,80.0,10.0,25.466666666666725,Selected lowest-risk action
1768694606.988832,25.466666666666722,24.0,25.466666666666725,0.0,60.0,80.0,10.0,safe,60.0,80.0,10.0,25.466666666666725,Selected lowest-risk action
1768694607.190161,25.466666666666722,24.0,25.466666666666725,0.0,60.0,80.0,10.0,safe,60.0,80.0,10.0,25.466666666666725,Selected lowest-risk action
1768694607.3933702,25.466666666666722,24.0,25.466666666666725,0.0,60.0,80.0,10.0,safe,60.0,80.0,10.0,25.466666666666725,Selected lowest-risk action
1768694607.598426,25.466666666666722,24.0,25.466666666666725,0.0,60.0,80.0,10.0,safe,60.0,80.0,10.0,25.466666666666725,Selected lowest-risk action
1768694607.801559,25.466666666666722,24.0,25.466666666666725,0.0,60.0,80.0,10.0,safe,60.0,80.0,10.0,25.466666666666725,Selected lowest-risk action
1768694608.004874,25.466666666666722,24.0,25.466666666666725,0.0,60.0,80.0,10.0,safe,60.0,80.0,10.0,25.466666666666725,Selected lowest-risk action
1768694608.20684,25.466666666666722,24.0,25.466666666666725,0.0,60.0,80.0,10.0,safe,60.0,80.0,10.0,25.466666666666725,Selected lowest-risk action
1768694608.4118888,25.466666666666722,24.0,25.466666666666725,0.0,60.0,80.0,10.0,safe,60.0,80.0,10.0,25.466666666666725,Selected lowest-risk action
1768694608.616941,25.466666666666722,24.0,25.466666666666725,0.0,60.0,80.0,10.0,safe,60.0,80.0,10.0,25.466666666666725,Selected lowest-risk action
1768694608.8219972,25.466666666666722,24.0,25.466666666666725,0.0,60.0,80.0,10.0,safe,60.0,80.0,10.0,25.466666666666725,Selected lowest-risk action
1768694609.024986,25.466666666666722,24.0,25.466666666666725,0.0,60.0,80.0,10.0,safe,60.0,80.0,10.0,25.466666666666725,Selected lowest-risk action
1768694609.2300239,25.466666666666722,24.0,25.466666666666725,0.0,60.0,80.0,10.0,safe,60.0,80.0,10.0,25.466666666666725,Selected lowest-risk action
1768694609.430793,25.466666666666722,24.0,25.466666666666725,0.0,60.0,80.0,10.0,safe,60.0,80.0,10.0,25.466666666666725,Selected lowest-risk action
1768694609.6324182,25.466666666666722,24.0,25.466666666666725,0.0,60.0,80.0,10.0,safe,60.0,80.0,10.0,25.466666666666725,Selected lowest-risk action
1768694609.837478,25.466666666666722,24.0,25.466666666666725,0.0,60.0,80.0,10.0,safe,60.0,80.0,10.0,25.466666666666725,Selected lowest-risk action
1768694610.0425222,25.466666666666722,24.0,25.466666666666725,0.0,60.0,80.0,10.0,safe,60.0,80.0,10.0,25.466666666666725,Selected lowest-risk action
1768694610.2465332,25.466666666666722,24.0,25.466666666666725,0.0,60.0,80.0,10.0,safe,60.0,80.0,10.0,25.466666666666725,Selected lowest-risk action
1768694610.4474728,25.466666666666722,24.0,25.466666666666725,0.0,60.0,80.0,10.0,safe,60.0,80.0,10.0,25.466666666666725,Selected lowest-risk action
1768694610.6525161,25.466666666666722,24.0,25.466666666666725,0.0,60.0,80.0,10.0,safe,60.0,80.0,10.0,25.466666666666725,Selected lowest-risk action
1768694610.8575602,25.466666666666722,24.0,25.466666666666725,0.0,60.0,80.0,10.0,safe,60.0,80.0,10.0,25.466666666666725,Selected lowest-risk action
1768694611.062609,25.466666666666722,24.0,25.466666666666725,0.0,60.0,80.0,10.0,safe,60.0,80.0,10.0,25.466666666666725,Selected lowest-risk action
1768694611.263972,25.466666666666722,24.0,25.466666666666725,0.0,60.0,80.0,10.0,safe,60.0,80.0,10.0,25.466666666666725,Selected lowest-risk action
1768694611.464722,25.466666666666722,24.0,25.466666666666725,0.0,60.0,80.0,10.0,safe,60.0,80.0,10.0,25.466666666666725,Selected lowest-risk action
1768694611.669766,25.466666666666722,24.0,25.466666666666725,0.0,60.0,80.0,10.0,safe,60.0,80.0,10.0,25.466666666666725,Selected lowest-risk action
1768694611.874382,25.466666666666722,24.0,25.466666666666725,0.0,60.0,80.0,10.0,safe,60.0,80.0,10.0,25.466666666666725,Selected lowest-risk action
1768694612.075737,25.466666666666722,24.0,25.466666666666725,0.0,60.0,80.0,10.0,safe,60.0,80.0,10.0,25.466666666666725,Selected lowest-risk action
1768694612.280777,25.466666666666722,24.0,25.466666666666725,0.0,60.0,80.0,10.0,safe,60.0,80.0,10.0,25.466666666666725,Selected lowest-risk action
1768694612.483993,25.466666666666722,24.0,25.466666666666725,0.0,60.0,80.0,10.0,safe,60.0,80.0,10.0,25.466666666666725,Selected lowest-risk action
1768694612.689034,25.466666666666722,24.0,25.466666666666725,0.0,60.0,80.0,10.0,safe,60.0,80.0,10.0,25.466666666666725,Selected lowest-risk action
1768694612.8902268,25.466666666666722,24.0,25.466666666666725,0.0,60.0,80.0,10.0,safe,60.0,80.0,10.0,25.466666666666725,Selected lowest-risk action
1768694613.09041,25.466666666666722,24.0,25.466666666666725,0.0,60.0,80.0,10.0,safe,60.0,80.0,10.0,25.466666666666725,Selected lowest-risk action
1768694613.295511,25.466666666666722,24.0,25.466666666666725,0.0,60.0,80.0,10.0,safe,60.0,80.0,10.0,25.466666666666725,Selected lowest-risk action
1768694613.500565,25.466666666666722,24.0,25.466666666666725,0.0,60.0,80.0,10.0,safe,60.0,80.0,10.0,25.466666666666725,Selected lowest-risk action
1768694613.705614,25.466666666666722,24.0,25.466666666666725,0.0,60.0,80.0,10.0,safe,60.0,80.0,10.0,25.466666666666725,Selected lowest-risk action
1768694613.906888,25.466666666666722,24.0,25.466666666666725,0.0,60.0,80.0,10.0,safe,60.0,80.0,10.0,25.466666666666725,Selected lowest-risk action
1768694614.108664,25.466666666666722,24.0,25.466666666666725,0.0,60.0,80.0,10.0,safe,60.0,80.0,10.0,25.466666666666725,Selected lowest-risk action
1768694614.313716,25.466666666666722,24.0,25.466666666666725,0.0,60.0,80.0,10.0,safe,60.0,80.0,10.0,25.466666666666725,Selected lowest-risk action
1768694614.518764,25.466666666666722,24.0,25.466666666666725,0.0,60.0,80.0,10.0,safe,60.0,80.0,10.0,25.466666666666725,Selected lowest-risk action
1768694614.723808,25.466666666666722,24.0,25.466666666666725,0.0,60.0,80.0,10.0,safe,60.0,80.0,10.0,25.466666666666725,Selected lowest-risk action
1768694614.928852,25.466666666666722,24.0,25.466666666666725,0.0,60.0,80.0,10.0,safe,60.0,80.0,10.0,25.466666666666725,Selected lowest-risk action
1768694615.1339679,25.466666666666722,24.0,25.466666666666725,0.0,60.0,80.0,10.0,safe,60.0,80.0,10.0,25.466666666666725,Selected lowest-risk action
1768694615.335474,25.466666666666722,24.0,25.466666666666725,0.0,60.0,80.0,10.0,safe,60.0,80.0,10.0,25.466666666666725,Selected lowest-risk action
1768694615.540256,25.466666666666722,24.0,25.466666666666725,0.0,60.0,80.0,10.0,safe,60.0,80.0,10.0,25.466666666666725,Selected lowest-risk action
1768694615.7453032,25.466666666666722,24.0,25.466666666666725,0.0,60.0,80.0,10.0,safe,60.0,80.0,10.0,25.466666666666725,Selected lowest-risk action
1768694615.9480808,25.466666666666722,24.0,25.466666666666725,0.0,60.0,80.0,10.0,safe,60.0,80.0,10.0,25.466666666666725,Selected lowest-risk action
1768694616.153121,25.466666666666722,24.0,25.466666666666725,0.0,60.0,80.0,10.0,safe,60.0,80.0,10.0,25.466666666666725,Selected lowest-risk action
1768694616.3581681,25.466666666666722,24.0,25.466666666666725,0.0,60.0,80.0,10.0,safe,60.0,80.0,10.0,25.466666666666725,Selected lowest-risk action
1768694616.563211,25.466666666666722,24.0,25.466666666666725,0.0,60.0,80.0,10.0,safe,60.0,80.0,10.0,25.466666666666725,Selected lowest-risk action
1768694616.76678,25.466666666666722,24.0,25.466666666666725,0.0,60.0,80.0,10.0,safe,60.0,80.0,10.0,25.466666666666725,Selected lowest-risk action
1768694616.971827,25.466666666666722,24.0,25.466666666666725,0.0,60.0,80.0,10.0,safe,60.0,80.0,10.0,25.466666666666725,Selected lowest-risk action
1768694617.1755369,25.466666666666722,24.0,25.466666666666725,0.0,60.0,80.0,10.0,safe,60.0,80.0,10.0,25.466666666666725,Selected lowest-risk action
1768694617.3805912,25.466666666666722,24.0,25.466666666666725,0.0,60.0,80.0,10.0,safe,60.0,80.0,10.0,25.466666666666725,Selected lowest-risk action
1768694617.581496,25.466666666666722,24.0,25.466666666666725,0.0,60.0,80.0,10.0,safe,60.0,80.0,10.0,25.466666666666725,Selected lowest-risk action
1768694617.786536,25.466666666666722,24.0,25.466666666666725,0.0,60.0,80.0,10.0,safe,60.0,80.0,10.0,25.466666666666725,Selected lowest-risk action
1768694617.990297,25.466666666666722,24.0,25.466666666666725,0.0,60.0,80.0,10.0,safe,60.0,80.0,10.0,25.466666666666725,Selected lowest-risk action
1768694618.1953359,25.466666666666722,24.0,25.466666666666725,0.0,60.0,80.0,10.0,safe,60.0,80.0,10.0,25.466666666666725,Selected lowest-risk action
1768694618.3975492,25.466666666666722,24.0,25.466666666666725,0.0,60.0,80.0,10.0,safe,60.0,80.0,10.0,25.466666666666725,Selected lowest-risk action
1768694618.602598,25.466666666666722,24.0,25.466666666666725,0.0,60.0,80.0,10.0,safe,60.0,80.0,10.0,25.466666666666725,Selected lowest-risk action
1768694618.8076422,25.466666666666722,24.0,25.466666666666725,0.0,60.0,80.0,10.0,safe,60.0,80.0,10.0,25.466666666666725,Selected lowest-risk action
1768694619.0126898,25.466666666666722,24.0,25.466666666666725,0.0,60.0,80.0,10.0,safe,60.0,80.0,10.0,25.466666666666725,Selected lowest-risk action
1768694619.21739,25.466666666666722,24.0,25.466666666666725,0.0,60.0,80.0,10.0,safe,60.0,80.0,10.0,25.466666666666725,Selected lowest-risk action
1768694619.4224372,25.466666666666722,24.0,25.466666666666725,0.0,60.0,80.0,10.0,safe,60.0,80.0,10.0,25.466666666666725,Selected lowest-risk action
1768694619.623693,25.466666666666722,24.0,25.466666666666725,0.0,60.0,80.0,10.0,safe,60.0,80.0,10.0,25.466666666666725,Selected lowest-risk action
1768694619.825134,25.466666666666722,24.0,25.466666666666725,0.0,60.0,80.0,10.0,safe,60.0,80.0,10.0,25.466666666666725,Selected lowest-risk action
1768694620.0301518,25.466666666666722,24.0,25.466666666666725,0.0,60.0,80.0,10.0,safe,60.0,80.0,10.0,25.466666666666725,Selected lowest-risk action
1768694620.2352052,25.466666666666722,24.0,25.466666666666725,0.0,60.0,80.0,10.0,safe,60.0,80.0,10.0,25.466666666666725,Selected lowest-risk action
1768694620.4367292,25.466666666666722,24.0,25.466666666666725,0.0,60.0,80.0,10.0,safe,60.0,80.0,10.0,25.466666666666725,Selected lowest-risk action
1768694620.637774,25.466666666666722,24.0,25.466666666666725,0.0,60.0,80.0,10.0,safe,60.0,80.0,10.0,25.466666666666725,Selected lowest-risk action
1768694620.840677,25.466666666666722,24.0,25.466666666666725,0.0,60.0,80.0,10.0,safe,60.0,80.0,10.0,25.466666666666725,Selected lowest-risk action
1768694621.045707,25.466666666666722,24.0,25.466666666666725,0.0,60.0,80.0,10.0,safe,60.0,80.0,10.0,25.466666666666725,Selected lowest-risk action
1768694621.2500522,25.466666666666722,24.0,25.466666666666725,0.0,60.0,80.0,10.0,safe,60.0,80.0,10.0,25.466666666666725,Selected lowest-risk action
1768694621.454241,25.466666666666722,24.0,25.466666666666725,0.0,60.0,80.0,10.0,safe,60.0,80.0,10.0,25.466666666666725,Selected lowest-risk action
1768694621.6570098,25.466666666666722,24.0,25.466666666666725,0.0,60.0,80.0,10.0,safe,60.0,80.0,10.0,25.466666666666725,Selected lowest-risk action
1768694621.8592918,25.466666666666722,24.0,25.466666666666725,0.0,60.0,80.0,10.0,safe,60.0,80.0,10.0,25.466666666666725,Selected lowest-risk action
1768694622.064246,25.466666666666722,24.0,25.466666666666725,0.0,60.0,80.0,10.0,safe,60.0,80.0,10.0,25.466666666666725,Selected lowest-risk action
1768694622.269304,25.466666666666722,24.0,25.466666666666725,0.0,60.0,80.0,10.0,safe,60.0,80.0,10.0,25.466666666666725,Selected lowest-risk action
1768694622.474354,25.466666666666722,24.0,25.466666666666725,0.0,60.0,80.0,10.0,safe,60.0,80.0,10.0,25.466666666666725,Selected lowest-risk action
1768694622.676812,25.466666666666722,24.0,25.466666666666725,0.0,60.0,80.0,10.0,safe,60.0,80.0,10.0,25.466666666666725,Selected lowest-risk action
1768694622.876905,25.466666666666722,24.0,25.466666666666725,0.0,60.0,80.0,10.0,safe,60.0,80.0,10.0,25.466666666666725,Selected lowest-risk action
1768694623.080427,25.466666666666722,24.0,25.466666666666725,0.0,60.0,80.0,10.0,safe,60.0,80.0,10.0,25.466666666666725,Selected lowest-risk action
1768694623.2854872,25.466666666666722,24.0,25.466666666666725,0.0,60.0,80.0,10.0,safe,60.0,80.0,10.0,25.466666666666725,Selected lowest-risk action
1768694623.490529,25.466666666666722,24.0,25.466666666666725,0.0,60.0,80.0,10.0,safe,60.0,80.0,10.0,25.466666666666725,Selected lowest-risk action
1768694623.69388,25.466666666666722,24.0,25.466666666666725,0.0,60.0,80.0,10.0,safe,60.0,80.0,10.0,25.466666666666725,Selected lowest-risk action
1768694623.898923,25.466666666666722,24.0,25.466666666666725,0.0,60.0,80.0,10.0,safe,60.0,80.0,10.0,25.466666666666725,Selected lowest-risk action
1768694624.10397,25.466666666666722,24.0,25.466666666666725,0.0,60.0,80.0,10.0,safe,60.0,80.0,10.0,25.466666666666725,Selected lowest-risk action
1768694624.309015,25.466666666666722,24.0,25.466666666666725,0.0,60.0,80.0,10.0,safe,60.0,80.0,10.0,25.466666666666725,Selected lowest-risk action
1768694624.5127208,25.466666666666722,24.0,25.466666666666725,0.0,60.0,80.0,10.0,safe,60.0,80.0,10.0,25.466666666666725,Selected lowest-risk action
1768694624.717831,25.466666666666722,24.0,25.466666666666725,0.0,60.0,80.0,10.0,safe,60.0,80.0,10.0,25.466666666666725,Selected lowest-risk action
1768694624.922667,25.466666666666722,24.0,25.466666666666725,0.0,60.0,80.0,10.0,safe,60.0,80.0,10.0,25.466666666666725,Selected lowest-risk action
1768694625.123668,25.466666666666722,24.0,25.466666666666725,0.0,60.0,80.0,10.0,safe,60.0,80.0,10.0,25.466666666666725,Selected lowest-risk action
1768694625.328773,25.466666666666722,24.0,25.466666666666725,0.0,60.0,80.0,10.0,safe,60.0,80.0,10.0,25.466666666666725,Selected lowest-risk action
1768694625.533825,25.466666666666722,24.0,25.466666666666725,0.0,60.0,80.0,10.0,safe,60.0,80.0,10.0,25.466666666666725,Selected lowest-risk action
1768694625.7388642,25.466666666666722,24.0,25.466666666666725,0.0,60.0,80.0,10.0,safe,60.0,80.0,10.0,25.466666666666725,Selected lowest-risk action
1768694625.9425101,25.466666666666722,24.0,25.466666666666725,0.0,60.0,80.0,10.0,safe,60.0,80.0,10.0,25.466666666666725,Selected lowest-risk action
1768694626.147567,25.466666666666722,24.0,25.466666666666725,0.0,60.0,80.0,10.0,safe,60.0,80.0,10.0,25.466666666666725,Selected lowest-risk action
1768694626.3526149,25.466666666666722,24.0,25.466666666666725,0.0,60.0,80.0,10.0,safe,60.0,80.0,10.0,25.466666666666725,Selected lowest-risk action
1768694626.5576599,25.466666666666722,24.0,25.466666666666725,0.0,60.0,80.0,10.0,safe,60.0,80.0,10.0,25.466666666666725,Selected lowest-risk action
1768694626.758831,25.466666666666722,24.0,25.466666666666725,0.0,60.0,80.0,10.0,safe,60.0,80.0,10.0,25.466666666666725,Selected lowest-risk action
1768694626.960761,25.466666666666722,24.0,25.466666666666725,0.0,60.0,80.0,10.0,safe,60.0,80.0,10.0,25.466666666666725,Selected lowest-risk action
1768694627.1618319,25.466666666666722,24.0,25.466666666666725,0.0,60.0,80.0,10.0,safe,60.0,80.0,10.0,25.466666666666725,Selected lowest-risk action
1768694627.366884,25.466666666666722,24.0,25.466666666666725,0.0,60.0,80.0,10.0,safe,60.0,80.0,10.0,25.466666666666725,Selected lowest-risk action
1768694627.570247,25.466666666666722,24.0,25.466666666666725,0.0,60.0,80.0,10.0,safe,60.0,80.0,10.0,25.466666666666725,Selected lowest-risk action
1768694627.775291,25.466666666666722,24.0,25.466666666666725,0.0,60.0,80.0,10.0,safe,60.0,80.0,10.0,25.466666666666725,Selected lowest-risk action
1768694627.980335,25.466666666666722,24.0,25.466666666666725,0.0,60.0,80.0,10.0,safe,60.0,80.0,10.0,25.466666666666725,Selected lowest-risk action
1768694628.185384,25.466666666666722,24.0,25.466666666666725,0.0,60.0,80.0,10.0,safe,60.0,80.0,10.0,25.466666666666725,Selected lowest-risk action
1768694628.390429,25.466666666666722,24.0,25.466666666666725,0.0,60.0,80.0,10.0,safe,60.0,80.0,10.0,25.466666666666725,Selected lowest-risk action
1768694628.592982,25.466666666666722,24.0,25.466666666666725,0.0,60.0,80.0,10.0,safe,60.0,80.0,10.0,25.466666666666725,Selected lowest-risk action
1768694628.798041,25.466666666666722,24.0,25.466666666666725,0.0,60.0,80.0,10.0,safe,60.0,80.0,10.0,25.466666666666725,Selected lowest-risk action
1768694629.001765,25.466666666666722,24.0,25.466666666666725,0.0,60.0,80.0,10.0,safe,60.0,80.0,10.0,25.466666666666725,Selected lowest-risk action
1768694629.206805,25.466666666666722,24.0,25.466666666666725,0.0,60.0,80.0,10.0,safe,60.0,80.0,10.0,25.466666666666725,Selected lowest-risk action
1768694629.4118552,25.466666666666722,24.0,25.466666666666725,0.0,60.0,80.0,10.0,safe,60.0,80.0,10.0,25.466666666666725,Selected lowest-risk action
1768694629.6169002,25.466666666666722,24.0,25.466666666666725,0.0,60.0,80.0,10.0,safe,60.0,80.0,10.0,25.466666666666725,Selected lowest-risk action
1768694629.8177862,25.466666666666722,24.0,25.466666666666725,0.0,60.0,80.0,10.0,safe,60.0,80.0,10.0,25.466666666666725,Selected lowest-risk action
1768694630.0228329,25.466666666666722,24.0,25.466666666666725,0.0,60.0,80.0,10.0,safe,60.0,80.0,10.0,25.466666666666725,Selected lowest-risk action
1768694630.227372,25.466666666666722,24.0,25.466666666666725,0.0,60.0,80.0,10.0,safe,60.0,80.0,10.0,25.466666666666725,Selected lowest-risk action
1768694630.432422,25.466666666666722,24.0,25.466666666666725,0.0,60.0,80.0,10.0,safe,60.0,80.0,10.0,25.466666666666725,Selected lowest-risk action
1768694630.637464,25.466666666666722,24.0,25.466666666666725,0.0,60.0,80.0,10.0,safe,60.0,80.0,10.0,25.466666666666725,Selected lowest-risk action
1768694630.8425071,25.466666666666722,24.0,25.466666666666725,0.0,60.0,80.0,10.0,safe,60.0,80.0,10.0,25.466666666666725,Selected lowest-risk action
1768694631.047555,25.466666666666722,24.0,25.466666666666725,0.0,60.0,80.0,10.0,safe,60.0,80.0,10.0,25.466666666666725,Selected lowest-risk action
1768694631.252362,25.466666666666722,24.0,25.466666666666725,0.0,60.0,80.0,10.0,safe,60.0,80.0,10.0,25.466666666666725,Selected lowest-risk action
1768694631.457076,25.466666666666722,24.0,25.466666666666725,0.0,60.0,80.0,10.0,safe,60.0,80.0,10.0,25.466666666666725,Selected lowest-risk action
1768694631.662188,25.466666666666722,24.0,25.466666666666725,0.0,60.0,80.0,10.0,safe,60.0,80.0,10.0,25.466666666666725,Selected lowest-risk action
1768694631.867231,25.466666666666722,24.0,25.466666666666725,0.0,60.0,80.0,10.0,safe,60.0,80.0,10.0,25.466666666666725,Selected lowest-risk action
1768694632.072285,25.466666666666722,24.0,25.466666666666725,0.0,60.0,80.0,10.0,safe,60.0,80.0,10.0,25.466666666666725,Selected lowest-risk action
1768694632.277334,25.466666666666722,24.0,25.466666666666725,0.0,60.0,80.0,10.0,safe,60.0,80.0,10.0,25.466666666666725,Selected lowest-risk action
1768694632.482056,25.466666666666722,24.0,25.466666666666725,0.0,60.0,80.0,10.0,safe,60.0,80.0,10.0,25.466666666666725,Selected lowest-risk action
1768694632.6862478,25.466666666666722,24.0,25.466666666666725,0.0,60.0,80.0,10.0,safe,60.0,80.0,10.0,25.466666666666725,Selected lowest-risk action
1768694632.89045,25.466666666666722,24.0,25.466666666666725,0.0,60.0,80.0,10.0,safe,60.0,80.0,10.0,25.466666666666725,Selected lowest-risk action
1768694633.0945978,25.466666666666722,24.0,25.466666666666725,0.0,60.0,80.0,10.0,safe,60.0,80.0,10.0,25.466666666666725,Selected lowest-risk action
1768694633.299638,25.466666666666722,24.0,25.466666666666725,0.0,60.0,80.0,10.0,safe,60.0,80.0,10.0,25.466666666666725,Selected lowest-risk action
1768694633.502934,25.466666666666722,24.0,25.466666666666725,0.0,60.0,80.0,10.0,safe,60.0,80.0,10.0,25.466666666666725,Selected lowest-risk action
1768694633.70798,25.466666666666722,24.0,25.466666666666725,0.0,60.0,80.0,10.0,safe,60.0,80.0,10.0,25.466666666666725,Selected lowest-risk action
1768694633.913024,25.466666666666722,24.0,25.466666666666725,0.0,60.0,80.0,10.0,safe,60.0,80.0,10.0,25.466666666666725,Selected lowest-risk action
1768694634.1180742,25.466666666666722,24.0,25.466666666666725,0.0,60.0,80.0,10.0,safe,60.0,80.0,10.0,25.466666666666725,Selected lowest-risk action
1768694634.3187149,25.466666666666722,24.0,25.466666666666725,0.0,60.0,80.0,10.0,safe,60.0,80.0,10.0,25.466666666666725,Selected lowest-risk action
1768694634.521757,25.466666666666722,24.0,25.466666666666725,0.0,60.0,80.0,10.0,safe,60.0,80.0,10.0,25.466666666666725,Selected lowest-risk action
1768694634.7238002,25.466666666666722,24.0,25.466666666666725,0.0,60.0,80.0,10.0,safe,60.0,80.0,10.0,25.466666666666725,Selected lowest-risk action
1768694634.9248269,25.466666666666722,24.0,25.466666666666725,0.0,60.0,80.0,10.0,safe,60.0,80.0,10.0,25.466666666666725,Selected lowest-risk action
1768694635.1298711,25.466666666666722,24.0,25.466666666666725,0.0,60.0,80.0,10.0,safe,60.0,80.0,10.0,25.466666666666725,Selected lowest-risk action
1768694635.334919,25.466666666666722,24.0,25.466666666666725,0.0,60.0,80.0,10.0,safe,60.0,80.0,10.0,25.466666666666725,Selected lowest-risk action
1768694635.53998,25.466666666666722,24.0,25.466666666666725,0.0,60.0,80.0,10.0,safe,60.0,80.0,10.0,25.466666666666725,Selected lowest-risk action
1768694635.745027,25.466666666666722,24.0,25.466666666666725,0.0,60.0,80.0,10.0,safe,60.0,80.0,10.0,25.466666666666725,Selected lowest-risk action
1768694635.947731,25.466666666666722,24.0,25.466666666666725,0.0,60.0,80.0,10.0,safe,60.0,80.0,10.0,25.466666666666725,Selected lowest-risk action
1768694636.152778,25.466666666666722,24.0,25.466666666666725,0.0,60.0,80.0,10.0,safe,60.0,80.0,10.0,25.466666666666725,Selected lowest-risk action
1768694636.3578181,25.466666666666722,24.0,25.466666666666725,0.0,60.0,80.0,10.0,safe,60.0,80.0,10.0,25.466666666666725,Selected lowest-risk action
1768694636.562864,25.466666666666722,24.0,25.466666666666725,0.0,60.0,80.0,10.0,safe,60.0,80.0,10.0,25.466666666666725,Selected lowest-risk action
1768694636.766165,25.466666666666722,24.0,25.466666666666725,0.0,60.0,80.0,10.0,safe,60.0,80.0,10.0,25.466666666666725,Selected lowest-risk action
1768694636.971211,25.466666666666722,24.0,25.466666666666725,0.0,60.0,80.0,10.0,safe,60.0,80.0,10.0,25.466666666666725,Selected lowest-risk action
1768694637.1762571,25.466666666666722,24.0,25.466666666666725,0.0,60.0,80.0,10.0,safe,60.0,80.0,10.0,25.466666666666725,Selected lowest-risk action
1768694637.3773801,25.466666666666722,24.0,25.466666666666725,0.0,60.0,80.0,10.0,safe,60.0,80.0,10.0,25.466666666666725,Selected lowest-risk action
1768694637.581751,25.466666666666722,24.0,25.466666666666725,0.0,60.0,80.0,10.0,safe,60.0,80.0,10.0,25.466666666666725,Selected lowest-risk action
1768694637.7868018,25.466666666666722,24.0,25.466666666666725,0.0,60.0,80.0,10.0,safe,60.0,80.0,10.0,25.466666666666725,Selected lowest-risk action
1768694637.990319,25.466666666666722,24.0,25.466666666666725,0.0,60.0,80.0,10.0,safe,60.0,80.0,10.0,25.466666666666725,Selected lowest-risk action
1768694638.195443,25.466666666666722,24.0,25.466666666666725,0.0,60.0,80.0,10.0,safe,60.0,80.0,10.0,25.466666666666725,Selected lowest-risk action
1768694638.398133,25.466666666666722,24.0,25.466666666666725,0.0,60.0,80.0,10.0,safe,60.0,80.0,10.0,25.466666666666725,Selected lowest-risk action
1768694638.603178,25.466666666666722,24.0,25.466666666666725,0.0,60.0,80.0,10.0,safe,60.0,80.0,10.0,25.466666666666725,Selected lowest-risk action
1768694638.8082318,25.466666666666722,24.0,25.466666666666725,0.0,60.0,80.0,10.0,safe,60.0,80.0,10.0,25.466666666666725,Selected lowest-risk action
1768694639.013281,25.466666666666722,24.0,25.466666666666725,0.0,60.0,80.0,10.0,safe,60.0,80.0,10.0,25.466666666666725,Selected lowest-risk action
1768694639.2180429,25.466666666666722,24.0,25.466666666666725,0.0,60.0,80.0,10.0,safe,60.0,80.0,10.0,25.466666666666725,Selected lowest-risk action
1768694639.4231,25.466666666666722,24.0,25.466666666666725,0.0,60.0,80.0,10.0,safe,60.0,80.0,10.0,25.466666666666725,Selected lowest-risk action
1768694639.627765,25.466666666666722,24.0,25.466666666666725,0.0,60.0,80.0,10.0,safe,60.0,80.0,10.0,25.466666666666725,Selected lowest-risk action
1768694639.832831,25.466666666666722,24.0,25.466666666666725,0.0,60.0,80.0,10.0,safe,60.0,80.0,10.0,25.466666666666725,Selected lowest-risk action
1768694640.037874,25.466666666666722,24.0,25.466666666666725,0.0,60.0,80.0,10.0,safe,60.0,80.0,10.0,25.466666666666725,Selected lowest-risk action
1768694640.242916,25.466666666666722,24.0,25.466666666666725,0.0,60.0,80.0,10.0,safe,60.0,80.0,10.0,25.466666666666725,Selected lowest-risk action
1768694640.4475148,25.466666666666722,24.0,25.466666666666725,0.0,60.0,80.0,10.0,safe,60.0,80.0,10.0,25.466666666666725,Selected lowest-risk action
1768694640.6526248,25.466666666666722,24.0,25.466666666666725,0.0,60.0,80.0,10.0,safe,60.0,80.0,10.0,25.466666666666725,Selected lowest-risk action
1768694640.8576808,25.466666666666722,24.0,25.466666666666725,0.0,60.0,80.0,10.0,safe,60.0,80.0,10.0,25.466666666666725,Selected lowest-risk action
1768694641.062725,25.466666666666722,24.0,25.466666666666725,0.0,60.0,80.0,10.0,safe,60.0,80.0,10.0,25.466666666666725,Selected lowest-risk action
1768694641.267772,25.466666666666722,24.0,25.466666666666725,0.0,60.0,80.0,10.0,safe,60.0,80.0,10.0,25.466666666666725,Selected lowest-risk action
1768694641.469127,25.466666666666722,24.0,25.466666666666725,0.0,60.0,80.0,10.0,safe,60.0,80.0,10.0,25.466666666666725,Selected lowest-risk action
1768694641.6728761,25.466666666666722,24.0,25.466666666666725,0.0,60.0,80.0,10.0,safe,60.0,80.0,10.0,25.466666666666725,Selected lowest-risk action
1768694641.876918,25.466666666666722,24.0,25.466666666666725,0.0,60.0,80.0,10.0,safe,60.0,80.0,10.0,25.466666666666725,Selected lowest-risk action
1768694642.081963,25.466666666666722,24.0,25.466666666666725,0.0,60.0,80.0,10.0,safe,60.0,80.0,10.0,25.466666666666725,Selected lowest-risk action
1768694642.284503,25.466666666666722,24.0,25.466666666666725,0.0,60.0,80.0,10.0,safe,60.0,80.0,10.0,25.466666666666725,Selected lowest-risk action
1768694642.489546,25.466666666666722,24.0,25.466666666666725,0.0,60.0,80.0,10.0,safe,60.0,80.0,10.0,25.466666666666725,Selected lowest-risk action
1768694642.690546,25.466666666666722,24.0,25.466666666666725,0.0,60.0,80.0,10.0,safe,60.0,80.0,10.0,25.466666666666725,Selected lowest-risk action
1768694642.89368,25.466666666666722,24.0,25.466666666666725,0.0,60.0,80.0,10.0,safe,60.0,80.0,10.0,25.466666666666725,Selected lowest-risk action
1768694643.095747,25.466666666666722,24.0,25.466666666666725,0.0,60.0,80.0,10.0,safe,60.0,80.0,10.0,25.466666666666725,Selected lowest-risk action
1768694643.297848,25.466666666666722,24.0,25.466666666666725,0.0,60.0,80.0,10.0,safe,60.0,80.0,10.0,25.466666666666725,Selected lowest-risk action
1768694643.5028899,25.466666666666722,24.0,25.466666666666725,0.0,60.0,80.0,10.0,safe,60.0,80.0,10.0,25.466666666666725,Selected lowest-risk action
1768694643.7079291,25.466666666666722,24.0,25.466666666666725,0.0,60.0,80.0,10.0,safe,60.0,80.0,10.0,25.466666666666725,Selected lowest-risk action
1768694643.9129732,25.466666666666722,24.0,25.466666666666725,0.0,60.0,80.0,10.0,safe,60.0,80.0,10.0,25.466666666666725,Selected lowest-risk action
1768694644.118092,25.466666666666722,24.0,25.466666666666725,0.0,60.0,80.0,10.0,safe,60.0,80.0,10.0,25.466666666666725,Selected lowest-risk action
1768694644.32304,25.466666666666722,24.0,25.466666666666725,0.0,60.0,80.0,10.0,safe,60.0,80.0,10.0,25.466666666666725,Selected lowest-risk action
1768694644.525028,25.466666666666722,24.0,25.466666666666725,0.0,60.0,80.0,10.0,safe,60.0,80.0,10.0,25.466666666666725,Selected lowest-risk action
1768694644.7290628,25.466666666666722,24.0,25.466666666666725,0.0,60.0,80.0,10.0,safe,60.0,80.0,10.0,25.466666666666725,Selected lowest-risk action
1768694644.934124,25.466666666666722,24.0,25.466666666666725,0.0,60.0,80.0,10.0,safe,60.0,80.0,10.0,25.466666666666725,Selected lowest-risk action
1768694645.139167,25.466666666666722,24.0,25.466666666666725,0.0,60.0,80.0,10.0,safe,60.0,80.0,10.0,25.466666666666725,Selected lowest-risk action
1768694645.340578,25.466666666666722,24.0,25.466666666666725,0.0,60.0,80.0,10.0,safe,60.0,80.0,10.0,25.466666666666725,Selected lowest-risk action
1768694645.5456278,25.466666666666722,24.0,25.466666666666725,0.0,60.0,80.0,10.0,safe,60.0,80.0,10.0,25.466666666666725,Selected lowest-risk action
1768694645.750669,25.466666666666722,24.0,25.466666666666725,0.0,60.0,80.0,10.0,safe,60.0,80.0,10.0,25.466666666666725,Selected lowest-risk action
1768694645.9557729,25.466666666666722,24.0,25.466666666666725,0.0,60.0,80.0,10.0,safe,60.0,80.0,10.0,25.466666666666725,Selected lowest-risk action
1768694646.160168,25.466666666666722,24.0,25.466666666666725,0.0,60.0,80.0,10.0,safe,60.0,80.0,10.0,25.466666666666725,Selected lowest-risk action
1768694646.3652081,25.466666666666722,24.0,25.466666666666725,0.0,60.0,80.0,10.0,safe,60.0,80.0,10.0,25.466666666666725,Selected lowest-risk action
1768694646.567605,25.466666666666722,24.0,25.466666666666725,0.0,60.0,80.0,10.0,safe,60.0,80.0,10.0,25.466666666666725,Selected lowest-risk action
1768694646.772712,25.466666666666722,24.0,25.466666666666725,0.0,60.0,80.0,10.0,safe,60.0,80.0,10.0,25.466666666666725,Selected lowest-risk action
1768694646.97564,25.466666666666722,24.0,25.466666666666725,0.0,60.0,80.0,10.0,safe,60.0,80.0,10.0,25.466666666666725,Selected lowest-risk action
1768694647.180686,25.466666666666722,24.0,25.466666666666725,0.0,60.0,80.0,10.0,safe,60.0,80.0,10.0,25.466666666666725,Selected lowest-risk action
1768694647.3857448,25.466666666666722,24.0,25.466666666666725,0.0,60.0,80.0,10.0,safe,60.0,80.0,10.0,25.466666666666725,Selected lowest-risk action
1768694647.590785,25.466666666666722,24.0,25.466666666666725,0.0,60.0,80.0,10.0,safe,60.0,80.0,10.0,25.466666666666725,Selected lowest-risk action
1768694647.795834,25.466666666666722,24.0,25.466666666666725,0.0,60.0,80.0,10.0,safe,60.0,80.0,10.0,25.466666666666725,Selected lowest-risk action
1768694648.000885,25.466666666666722,24.0,25.466666666666725,0.0,60.0,80.0,10.0,safe,60.0,80.0,10.0,25.466666666666725,Selected lowest-risk action
1768694648.205079,25.466666666666722,24.0,25.466666666666725,0.0,60.0,80.0,10.0,safe,60.0,80.0,10.0,25.466666666666725,Selected lowest-risk action
1768694648.4072661,25.466666666666722,24.0,25.466666666666725,0.0,60.0,80.0,10.0,safe,60.0,80.0,10.0,25.466666666666725,Selected lowest-risk action
1768694648.612309,25.466666666666722,24.0,25.466666666666725,0.0,60.0,80.0,10.0,safe,60.0,80.0,10.0,25.466666666666725,Selected lowest-risk action
1768694648.817427,25.466666666666722,24.0,25.466666666666725,0.0,60.0,80.0,10.0,safe,60.0,80.0,10.0,25.466666666666725,Selected lowest-risk action
1768694649.0225432,25.466666666666722,24.0,25.466666666666725,0.0,60.0,80.0,10.0,safe,60.0,80.0,10.0,25.466666666666725,Selected lowest-risk action
1768694649.227597,25.466666666666722,24.0,25.466666666666725,0.0,60.0,80.0,10.0,safe,60.0,80.0,10.0,25.466666666666725,Selected lowest-risk action
1768694649.432361,25.466666666666722,24.0,25.466666666666725,0.0,60.0,80.0,10.0,safe,60.0,80.0,10.0,25.466666666666725,Selected lowest-risk action
1768694649.637407,25.466666666666722,24.0,25.466666666666725,0.0,60.0,80.0,10.0,safe,60.0,80.0,10.0,25.466666666666725,Selected lowest-risk action
1768694649.842468,25.466666666666722,24.0,25.466666666666725,0.0,60.0,80.0,10.0,safe,60.0,80.0,10.0,25.466666666666725,Selected lowest-risk action
1768694650.04751,25.466666666666722,24.0,25.466666666666725,0.0,60.0,80.0,10.0,safe,60.0,80.0,10.0,25.466666666666725,Selected lowest-risk action
1768694650.249012,25.466666666666722,24.0,25.466666666666725,0.0,60.0,80.0,10.0,safe,60.0,80.0,10.0,25.466666666666725,Selected lowest-risk action
1768694650.454106,25.466666666666722,24.0,25.466666666666725,0.0,60.0,80.0,10.0,safe,60.0,80.0,10.0,25.466666666666725,Selected lowest-risk action
1768694650.657287,25.466666666666722,24.0,25.466666666666725,0.0,60.0,80.0,10.0,safe,60.0,80.0,10.0,25.466666666666725,Selected lowest-risk action
1768694650.862335,25.466666666666722,24.0,25.466666666666725,0.0,60.0,80.0,10.0,safe,60.0,80.0,10.0,25.466666666666725,Selected lowest-risk action
1768694651.067452,25.466666666666722,24.0,25.466666666666725,0.0,60.0,80.0,10.0,safe,60.0,80.0,10.0,25.466666666666725,Selected lowest-risk action
1768694651.272494,25.466666666666722,24.0,25.466666666666725,0.0,60.0,80.0,10.0,safe,60.0,80.0,10.0,25.466666666666725,Selected lowest-risk action
1768694651.473952,25.466666666666722,24.0,25.466666666666725,0.0,60.0,80.0,10.0,safe,60.0,80.0,10.0,25.466666666666725,Selected lowest-risk action
1768694651.679002,25.466666666666722,24.0,25.466666666666725,0.0,60.0,80.0,10.0,safe,60.0,80.0,10.0,25.466666666666725,Selected lowest-risk action
1768694651.884107,25.466666666666722,24.0,25.466666666666725,0.0,60.0,80.0,10.0,safe,60.0,80.0,10.0,25.466666666666725,Selected lowest-risk action
1768694652.089163,25.466666666666722,24.0,25.466666666666725,0.0,60.0,80.0,10.0,safe,60.0,80.0,10.0,25.466666666666725,Selected lowest-risk action
1768694652.294199,25.466666666666722,24.0,25.466666666666725,0.0,60.0,80.0,10.0,safe,60.0,80.0,10.0,25.466666666666725,Selected lowest-risk action
1768694652.496118,25.466666666666722,24.0,25.466666666666725,0.0,60.0,80.0,10.0,safe,60.0,80.0,10.0,25.466666666666725,Selected lowest-risk action
1768694652.70116,25.466666666666722,24.0,25.466666666666725,0.0,60.0,80.0,10.0,safe,60.0,80.0,10.0,25.466666666666725,Selected lowest-risk action
1768694652.902805,25.466666666666722,24.0,25.466666666666725,0.0,60.0,80.0,10.0,safe,60.0,80.0,10.0,25.466666666666725,Selected lowest-risk action
1768694653.1073148,25.466666666666722,24.0,25.466666666666725,0.0,60.0,80.0,10.0,safe,60.0,80.0,10.0,25.466666666666725,Selected lowest-risk action
1768694653.3123379,25.466666666666722,24.0,25.466666666666725,0.0,60.0,80.0,10.0,safe,60.0,80.0,10.0,25.466666666666725,Selected lowest-risk action
1768694653.517371,25.466666666666722,24.0,25.466666666666725,0.0,60.0,80.0,10.0,safe,60.0,80.0,10.0,25.466666666666725,Selected lowest-risk action
1768694653.719359,25.466666666666722,24.0,25.466666666666725,0.0,60.0,80.0,10.0,safe,60.0,80.0,10.0,25.466666666666725,Selected lowest-risk action
1768694653.920948,25.466666666666722,24.0,25.466666666666725,0.0,60.0,80.0,10.0,safe,60.0,80.0,10.0,25.466666666666725,Selected lowest-risk action
1768694654.122276,25.466666666666722,24.0,25.466666666666725,0.0,60.0,80.0,10.0,safe,60.0,80.0,10.0,25.466666666666725,Selected lowest-risk action
1768694654.327304,25.466666666666722,24.0,25.466666666666725,0.0,60.0,80.0,10.0,safe,60.0,80.0,10.0,25.466666666666725,Selected lowest-risk action
1768694654.532328,25.466666666666722,24.0,25.466666666666725,0.0,60.0,80.0,10.0,safe,60.0,80.0,10.0,25.466666666666725,Selected lowest-risk action
1768694654.7334888,25.466666666666722,24.0,25.466666666666725,0.0,60.0,80.0,10.0,safe,60.0,80.0,10.0,25.466666666666725,Selected lowest-risk action
1768694654.9354198,25.466666666666722,24.0,25.466666666666725,0.0,60.0,80.0,10.0,safe,60.0,80.0,10.0,25.466666666666725,Selected lowest-risk action
1768694655.140457,25.466666666666722,24.0,25.466666666666725,0.0,60.0,80.0,10.0,safe,60.0,80.0,10.0,25.466666666666725,Selected lowest-risk action
1768694655.342449,25.466666666666722,24.0,25.466666666666725,0.0,60.0,80.0,10.0,safe,60.0,80.0,10.0,25.466666666666725,Selected lowest-risk action
1768694655.545591,25.466666666666722,24.0,25.466666666666725,0.0,60.0,80.0,10.0,safe,60.0,80.0,10.0,25.466666666666725,Selected lowest-risk action
1768694655.750617,25.466666666666722,24.0,25.466666666666725,0.0,60.0,80.0,10.0,safe,60.0,80.0,10.0,25.466666666666725,Selected lowest-risk action
1768694655.95238,25.466666666666722,24.0,25.466666666666725,0.0,60.0,80.0,10.0,safe,60.0,80.0,10.0,25.466666666666725,Selected lowest-risk action
1768694656.1574242,25.466666666666722,24.0,25.466666666666725,0.0,60.0,80.0,10.0,safe,60.0,80.0,10.0,25.466666666666725,Selected lowest-risk action
1768694656.35871,25.466666666666722,24.0,25.466666666666725,0.0,60.0,80.0,10.0,safe,60.0,80.0,10.0,25.466666666666725,Selected lowest-risk action
1768694656.563755,25.466666666666722,24.0,25.466666666666725,0.0,60.0,80.0,10.0,safe,60.0,80.0,10.0,25.466666666666725,Selected lowest-risk action
1768694656.768806,25.466666666666722,24.0,25.466666666666725,0.0,60.0,80.0,10.0,safe,60.0,80.0,10.0,25.466666666666725,Selected lowest-risk action
1768694656.973846,25.466666666666722,24.0,25.466666666666725,0.0,60.0,80.0,10.0,safe,60.0,80.0,10.0,25.466666666666725,Selected lowest-risk action
1768694657.1740239,25.466666666666722,24.0,25.466666666666725,0.0,60.0,80.0,10.0,safe,60.0,80.0,10.0,25.466666666666725,Selected lowest-risk action
1768694657.375463,25.466666666666722,24.0,25.466666666666725,0.0,60.0,80.0,10.0,safe,60.0,80.0,10.0,25.466666666666725,Selected lowest-risk action
1768694657.579365,25.466666666666722,24.0,25.466666666666725,0.0,60.0,80.0,10.0,safe,60.0,80.0,10.0,25.466666666666725,Selected lowest-risk action
1768694657.783641,25.466666666666722,24.0,25.466666666666725,0.0,60.0,80.0,10.0,safe,60.0,80.0,10.0,25.466666666666725,Selected lowest-risk action
1768694657.988668,25.466666666666722,24.0,25.466666666666725,0.0,60.0,80.0,10.0,safe,60.0,80.0,10.0,25.466666666666725,Selected lowest-risk action
1768694658.193696,25.466666666666722,24.0,25.466666666666725,0.0,60.0,80.0,10.0,safe,60.0,80.0,10.0,25.466666666666725,Selected lowest-risk action
1768694658.3985322,25.466666666666722,24.0,25.466666666666725,0.0,60.0,80.0,10.0,safe,60.0,80.0,10.0,25.466666666666725,Selected lowest-risk action
1768694658.6035662,25.466666666666722,24.0,25.466666666666725,0.0,60.0,80.0,10.0,safe,60.0,80.0,10.0,25.466666666666725,Selected lowest-risk action
1768694658.8063822,25.466666666666722,24.0,25.466666666666725,0.0,60.0,80.0,10.0,safe,60.0,80.0,10.0,25.466666666666725,Selected lowest-risk action
1768694659.0104089,25.466666666666722,24.0,25.466666666666725,0.0,60.0,80.0,10.0,safe,60.0,80.0,10.0,25.466666666666725,Selected lowest-risk action
1768694659.212039,25.466666666666722,24.0,25.466666666666725,0.0,60.0,80.0,10.0,safe,60.0,80.0,10.0,25.466666666666725,Selected lowest-risk action
1768694659.4154618,25.466666666666722,24.0,25.466666666666725,0.0,60.0,80.0,10.0,safe,60.0,80.0,10.0,25.466666666666725,Selected lowest-risk action
1768694659.620505,25.466666666666722,24.0,25.466666666666725,0.0,60.0,80.0,10.0,safe,60.0,80.0,10.0,25.466666666666725,Selected lowest-risk action
1768694659.8240662,25.466666666666722,24.0,25.466666666666725,0.0,60.0,80.0,10.0,safe,60.0,80.0,10.0,25.466666666666725,Selected lowest-risk action
1768694660.0291,25.466666666666722,24.0,25.466666666666725,0.0,60.0,80.0,10.0,safe,60.0,80.0,10.0,25.466666666666725,Selected lowest-risk action
1768694660.231504,25.466666666666722,24.0,25.466666666666725,0.0,60.0,80.0,10.0,safe,60.0,80.0,10.0,25.466666666666725,Selected lowest-risk action
1768694660.436588,25.466666666666722,24.0,25.466666666666725,0.0,60.0,80.0,10.0,safe,60.0,80.0,10.0,25.466666666666725,Selected lowest-risk action
1768694660.640741,25.466666666666722,24.0,25.466666666666725,0.0,60.0,80.0,10.0,safe,60.0,80.0,10.0,25.466666666666725,Selected lowest-risk action
1768694660.845849,25.466666666666722,24.0,25.466666666666725,0.0,60.0,80.0,10.0,safe,60.0,80.0,10.0,25.466666666666725,Selected lowest-risk action
1768694661.0508978,25.466666666666722,24.0,25.466666666666725,0.0,60.0,80.0,10.0,safe,60.0,80.0,10.0,25.466666666666725,Selected lowest-risk action
1768694661.2558541,25.466666666666722,24.0,25.466666666666725,0.0,60.0,80.0,10.0,safe,60.0,80.0,10.0,25.466666666666725,Selected lowest-risk action
1768694661.4574049,25.466666666666722,24.0,25.466666666666725,0.0,60.0,80.0,10.0,safe,60.0,80.0,10.0,25.466666666666725,Selected lowest-risk action
1768694661.6624472,25.466666666666722,24.0,25.466666666666725,0.0,60.0,80.0,10.0,safe,60.0,80.0,10.0,25.466666666666725,Selected lowest-risk action
1768694661.867549,25.466666666666722,24.0,25.466666666666725,0.0,60.0,80.0,10.0,safe,60.0,80.0,10.0,25.466666666666725,Selected lowest-risk action
1768694662.072591,25.466666666666722,24.0,25.466666666666725,0.0,60.0,80.0,10.0,safe,60.0,80.0,10.0,25.466666666666725,Selected lowest-risk action
1768694662.277643,25.466666666666722,24.0,25.466666666666725,0.0,60.0,80.0,10.0,safe,60.0,80.0,10.0,25.466666666666725,Selected lowest-risk action
1768694662.482549,25.466666666666722,24.0,25.466666666666725,0.0,60.0,80.0,10.0,safe,60.0,80.0,10.0,25.466666666666725,Selected lowest-risk action
1768694662.687646,25.466666666666722,24.0,25.466666666666725,0.0,60.0,80.0,10.0,safe,60.0,80.0,10.0,25.466666666666725,Selected lowest-risk action
1768694662.8923361,25.466666666666722,24.0,25.466666666666725,0.0,60.0,80.0,10.0,safe,60.0,80.0,10.0,25.466666666666725,Selected lowest-risk action
1768694663.09744,25.466666666666722,24.0,25.466666666666725,0.0,60.0,80.0,10.0,safe,60.0,80.0,10.0,25.466666666666725,Selected lowest-risk action
1768694663.302561,25.466666666666722,24.0,25.466666666666725,0.0,60.0,80.0,10.0,safe,60.0,80.0,10.0,25.466666666666725,Selected lowest-risk action
1768694663.505589,25.466666666666722,24.0,25.466666666666725,0.0,60.0,80.0,10.0,safe,60.0,80.0,10.0,25.466666666666725,Selected lowest-risk action
1768694663.7074199,25.466666666666722,24.0,25.466666666666725,0.0,60.0,80.0,10.0,safe,60.0,80.0,10.0,25.466666666666725,Selected lowest-risk action
1768694663.9124649,25.466666666666722,24.0,25.466666666666725,0.0,60.0,80.0,10.0,safe,60.0,80.0,10.0,25.466666666666725,Selected lowest-risk action
1768694664.117514,25.466666666666722,24.0,25.466666666666725,0.0,60.0,80.0,10.0,safe,60.0,80.0,10.0,25.466666666666725,Selected lowest-risk action
1768694664.322556,25.466666666666722,24.0,25.466666666666725,0.0,60.0,80.0,10.0,safe,60.0,80.0,10.0,25.466666666666725,Selected lowest-risk action
1768694664.525791,25.466666666666722,24.0,25.466666666666725,0.0,60.0,80.0,10.0,safe,60.0,80.0,10.0,25.466666666666725,Selected lowest-risk action
1768694664.730834,25.466666666666722,24.0,25.466666666666725,0.0,60.0,80.0,10.0,safe,60.0,80.0,10.0,25.466666666666725,Selected lowest-risk action
1768694664.935897,25.466666666666722,24.0,25.466666666666725,0.0,60.0,80.0,10.0,safe,60.0,80.0,10.0,25.466666666666725,Selected lowest-risk action
1768694665.140934,25.466666666666722,24.0,25.466666666666725,0.0,60.0,80.0,10.0,safe,60.0,80.0,10.0,25.466666666666725,Selected lowest-risk action
1768694665.345985,25.466666666666722,24.0,25.466666666666725,0.0,60.0,80.0,10.0,safe,60.0,80.0,10.0,25.466666666666725,Selected lowest-risk action
1768694665.55103,25.466666666666722,24.0,25.466666666666725,0.0,60.0,80.0,10.0,safe,60.0,80.0,10.0,25.466666666666725,Selected lowest-risk action
1768694665.756128,25.466666666666722,24.0,25.466666666666725,0.0,60.0,80.0,10.0,safe,60.0,80.0,10.0,25.466666666666725,Selected lowest-risk action
1768694665.960483,25.466666666666722,24.0,25.466666666666725,0.0,60.0,80.0,10.0,safe,60.0,80.0,10.0,25.466666666666725,Selected lowest-risk action
1768694666.1655302,25.466666666666722,24.0,25.466666666666725,0.0,60.0,80.0,10.0,safe,60.0,80.0,10.0,25.466666666666725,Selected lowest-risk action
1768694666.37038,25.466666666666722,24.0,25.466666666666725,0.0,60.0,80.0,10.0,safe,60.0,80.0,10.0,25.466666666666725,Selected lowest-risk action
1768694666.573929,25.466666666666722,24.0,25.466666666666725,0.0,60.0,80.0,10.0,safe,60.0,80.0,10.0,25.466666666666725,Selected lowest-risk action
1768694666.778976,25.466666666666722,24.0,25.466666666666725,0.0,60.0,80.0,10.0,safe,60.0,80.0,10.0,25.466666666666725,Selected lowest-risk action
1768694666.984064,25.466666666666722,24.0,25.466666666666725,0.0,60.0,80.0,10.0,safe,60.0,80.0,10.0,25.466666666666725,Selected lowest-risk action
1768694667.189112,25.466666666666722,24.0,25.466666666666725,0.0,60.0,80.0,10.0,safe,60.0,80.0,10.0,25.466666666666725,Selected lowest-risk action
1768694667.390822,25.466666666666722,24.0,25.466666666666725,0.0,60.0,80.0,10.0,safe,60.0,80.0,10.0,25.466666666666725,Selected lowest-risk action
1768694667.5959291,25.466666666666722,24.0,25.466666666666725,0.0,60.0,80.0,10.0,safe,60.0,80.0,10.0,25.466666666666725,Selected lowest-risk action
1768694667.801024,25.466666666666722,24.0,25.466666666666725,0.0,60.0,80.0,10.0,safe,60.0,80.0,10.0,25.466666666666725,Selected lowest-risk action
1768694668.0056262,25.466666666666722,24.0,25.466666666666725,0.0,60.0,80.0,10.0,safe,60.0,80.0,10.0,25.466666666666725,Selected lowest-risk action
1768694668.20749,25.466666666666722,24.0,25.466666666666725,0.0,60.0,80.0,10.0,safe,60.0,80.0,10.0,25.466666666666725,Selected lowest-risk action
1768694668.412533,25.466666666666722,24.0,25.466666666666725,0.0,60.0,80.0,10.0,safe,60.0,80.0,10.0,25.466666666666725,Selected lowest-risk action
1768694668.61758,25.466666666666722,24.0,25.466666666666725,0.0,60.0,80.0,10.0,safe,60.0,80.0,10.0,25.466666666666725,Selected lowest-risk action
1768694668.822623,25.466666666666722,24.0,25.466666666666725,0.0,60.0,80.0,10.0,safe,60.0,80.0,10.0,25.466666666666725,Selected lowest-risk action
1768694669.026828,25.466666666666722,24.0,25.466666666666725,0.0,60.0,80.0,10.0,safe,60.0,80.0,10.0,25.466666666666725,Selected lowest-risk action
1768694669.230268,25.466666666666722,24.0,25.466666666666725,0.0,60.0,80.0,10.0,safe,60.0,80.0,10.0,25.466666666666725,Selected lowest-risk action
1768694669.435317,25.466666666666722,24.0,25.466666666666725,0.0,60.0,80.0,10.0,safe,60.0,80.0,10.0,25.466666666666725,Selected lowest-risk action
1768694669.639658,25.466666666666722,24.0,25.466666666666725,0.0,60.0,80.0,10.0,safe,60.0,80.0,10.0,25.466666666666725,Selected lowest-risk action
1768694669.8447192,25.466666666666722,24.0,25.466666666666725,0.0,60.0,80.0,10.0,safe,60.0,80.0,10.0,25.466666666666725,Selected lowest-risk action
1768694670.049767,25.466666666666722,24.0,25.466666666666725,0.0,60.0,80.0,10.0,safe,60.0,80.0,10.0,25.466666666666725,Selected lowest-risk action
1768694670.254817,25.466666666666722,24.0,25.466666666666725,0.0,60.0,80.0,10.0,safe,60.0,80.0,10.0,25.466666666666725,Selected lowest-risk action
1768694670.459865,25.466666666666722,24.0,25.466666666666725,0.0,60.0,80.0,10.0,safe,60.0,80.0,10.0,25.466666666666725,Selected lowest-risk action
1768694670.664778,25.466666666666722,24.0,25.466666666666725,0.0,60.0,80.0,10.0,safe,60.0,80.0,10.0,25.466666666666725,Selected lowest-risk action
1768694670.868955,25.466666666666722,24.0,25.466666666666725,0.0,60.0,80.0,10.0,safe,60.0,80.0,10.0,25.466666666666725,Selected lowest-risk action
1768694671.0740108,25.466666666666722,24.0,25.466666666666725,0.0,60.0,80.0,10.0,safe,60.0,80.0,10.0,25.466666666666725,Selected lowest-risk action
1768694671.275904,25.466666666666722,24.0,25.466666666666725,0.0,60.0,80.0,10.0,safe,60.0,80.0,10.0,25.466666666666725,Selected lowest-risk action
1768694671.480951,25.466666666666722,24.0,25.466666666666725,0.0,60.0,80.0,10.0,safe,60.0,80.0,10.0,25.466666666666725,Selected lowest-risk action
1768694671.68555,25.466666666666722,24.0,25.466666666666725,0.0,60.0,80.0,10.0,safe,60.0,80.0,10.0,25.466666666666725,Selected lowest-risk action
1768694671.890595,25.466666666666722,24.0,25.466666666666725,0.0,60.0,80.0,10.0,safe,60.0,80.0,10.0,25.466666666666725,Selected lowest-risk action
1768694672.090872,25.466666666666722,24.0,25.466666666666725,0.0,60.0,80.0,10.0,safe,60.0,80.0,10.0,25.466666666666725,Selected lowest-risk action
1768694672.291806,25.466666666666722,24.0,25.466666666666725,0.0,60.0,80.0,10.0,safe,60.0,80.0,10.0,25.466666666666725,Selected lowest-risk action
1768694672.493129,25.466666666666722,24.0,25.466666666666725,0.0,60.0,80.0,10.0,safe,60.0,80.0,10.0,25.466666666666725,Selected lowest-risk action
1768694672.695492,25.466666666666722,24.0,25.466666666666725,0.0,60.0,80.0,10.0,safe,60.0,80.0,10.0,25.466666666666725,Selected lowest-risk action
1768694672.895699,25.466666666666722,24.0,25.466666666666725,0.0,60.0,80.0,10.0,safe,60.0,80.0,10.0,25.466666666666725,Selected lowest-risk action
1768694673.1007402,25.466666666666722,24.0,25.466666666666725,0.0,60.0,80.0,10.0,safe,60.0,80.0,10.0,25.466666666666725,Selected lowest-risk action
1768694673.302291,25.466666666666722,24.0,25.466666666666725,0.0,60.0,80.0,10.0,safe,60.0,80.0,10.0,25.466666666666725,Selected lowest-risk action
1768694673.505684,25.466666666666722,24.0,25.466666666666725,0.0,60.0,80.0,10.0,safe,60.0,80.0,10.0,25.466666666666725,Selected lowest-risk action
1768694673.7106729,25.466666666666722,24.0,25.466666666666725,0.0,60.0,80.0,10.0,safe,60.0,80.0,10.0,25.466666666666725,Selected lowest-risk action
1768694673.91572,25.466666666666722,24.0,25.466666666666725,0.0,60.0,80.0,10.0,safe,60.0,80.0,10.0,25.466666666666725,Selected lowest-risk action
1768694674.118326,25.466666666666722,24.0,25.466666666666725,0.0,60.0,80.0,10.0,safe,60.0,80.0,10.0,25.466666666666725,Selected lowest-risk action
1768694674.323381,25.466666666666722,24.0,25.466666666666725,0.0,60.0,80.0,10.0,safe,60.0,80.0,10.0,25.466666666666725,Selected lowest-risk action
1768694674.526156,25.466666666666722,24.0,25.466666666666725,0.0,60.0,80.0,10.0,safe,60.0,80.0,10.0,25.466666666666725,Selected lowest-risk action
1768694674.7262871,25.466666666666722,24.0,25.466666666666725,0.0,60.0,80.0,10.0,safe,60.0,80.0,10.0,25.466666666666725,Selected lowest-risk action
1768694674.931388,25.466666666666722,24.0,25.466666666666725,0.0,60.0,80.0,10.0,safe,60.0,80.0,10.0,25.466666666666725,Selected lowest-risk action
1768694675.136439,25.466666666666722,24.0,25.466666666666725,0.0,60.0,80.0,10.0,safe,60.0,80.0,10.0,25.466666666666725,Selected lowest-risk action
1768694675.339947,25.466666666666722,24.0,25.466666666666725,0.0,60.0,80.0,10.0,safe,60.0,80.0,10.0,25.466666666666725,Selected lowest-risk action
1768694675.544992,25.466666666666722,24.0,25.466666666666725,0.0,60.0,80.0,10.0,safe,60.0,80.0,10.0,25.466666666666725,Selected lowest-risk action
1768694675.750036,25.466666666666722,24.0,25.466666666666725,0.0,60.0,80.0,10.0,safe,60.0,80.0,10.0,25.466666666666725,Selected lowest-risk action
1768694675.955128,25.466666666666722,24.0,25.466666666666725,0.0,60.0,80.0,10.0,safe,60.0,80.0,10.0,25.466666666666725,Selected lowest-risk action
1768694676.1575801,25.466666666666722,24.0,25.466666666666725,0.0,60.0,80.0,10.0,safe,60.0,80.0,10.0,25.466666666666725,Selected lowest-risk action
1768694676.362626,25.466666666666722,24.0,25.466666666666725,0.0,60.0,80.0,10.0,safe,60.0,80.0,10.0,25.466666666666725,Selected lowest-risk action
1768694676.5676658,25.466666666666722,24.0,25.466666666666725,0.0,60.0,80.0,10.0,safe,60.0,80.0,10.0,25.466666666666725,Selected lowest-risk action
1768694676.7727108,25.466666666666722,24.0,25.466666666666725,0.0,60.0,80.0,10.0,safe,60.0,80.0,10.0,25.466666666666725,Selected lowest-risk action
1768694676.977443,25.466666666666722,24.0,25.466666666666725,0.0,60.0,80.0,10.0,safe,60.0,80.0,10.0,25.466666666666725,Selected lowest-risk action
1768694677.181164,25.466666666666722,24.0,25.466666666666725,0.0,60.0,80.0,10.0,safe,60.0,80.0,10.0,25.466666666666725,Selected lowest-risk action
1768694677.3817449,25.466666666666722,24.0,25.466666666666725,0.0,60.0,80.0,10.0,safe,60.0,80.0,10.0,25.466666666666725,Selected lowest-risk action
1768694677.586786,25.466666666666722,24.0,25.466666666666725,0.0,60.0,80.0,10.0,safe,60.0,80.0,10.0,25.466666666666725,Selected lowest-risk action
1768694677.789851,25.466666666666722,24.0,25.466666666666725,0.0,60.0,80.0,10.0,safe,60.0,80.0,10.0,25.466666666666725,Selected lowest-risk action
1768694677.9937322,25.466666666666722,24.0,25.466666666666725,0.0,60.0,80.0,10.0,safe,60.0,80.0,10.0,25.466666666666725,Selected lowest-risk action
1768694678.198781,25.466666666666722,24.0,25.466666666666725,0.0,60.0,80.0,10.0,safe,60.0,80.0,10.0,25.466666666666725,Selected lowest-risk action
1768694678.40107,25.466666666666722,24.0,25.466666666666725,0.0,60.0,80.0,10.0,safe,60.0,80.0,10.0,25.466666666666725,Selected lowest-risk action
1768694678.6020212,25.466666666666722,24.0,25.466666666666725,0.0,60.0,80.0,10.0,safe,60.0,80.0,10.0,25.466666666666725,Selected lowest-risk action
1768694678.807064,25.466666666666722,24.0,25.466666666666725,0.0,60.0,80.0,10.0,safe,60.0,80.0,10.0,25.466666666666725,Selected lowest-risk action
1768694679.007604,25.466666666666722,24.0,25.466666666666725,0.0,60.0,80.0,10.0,safe,60.0,80.0,10.0,25.466666666666725,Selected lowest-risk action
1768694679.2126489,25.466666666666722,24.0,25.466666666666725,0.0,60.0,80.0,10.0,safe,60.0,80.0,10.0,25.466666666666725,Selected lowest-risk action
1768694679.416485,25.466666666666722,24.0,25.466666666666725,0.0,60.0,80.0,10.0,safe,60.0,80.0,10.0,25.466666666666725,Selected lowest-risk action
1768694679.6171231,25.466666666666722,24.0,25.466666666666725,0.0,60.0,80.0,10.0,safe,60.0,80.0,10.0,25.466666666666725,Selected lowest-risk action
1768694679.818706,25.466666666666722,24.0,25.466666666666725,0.0,60.0,80.0,10.0,safe,60.0,80.0,10.0,25.466666666666725,Selected lowest-risk action
1768694680.023755,25.466666666666722,24.0,25.466666666666725,0.0,60.0,80.0,10.0,safe,60.0,80.0,10.0,25.466666666666725,Selected lowest-risk action
1768694680.2364779,25.466666666666722,24.0,25.466666666666725,0.0,60.0,80.0,10.0,safe,60.0,80.0,10.0,25.466666666666725,Selected lowest-risk action
1768694680.440942,25.466666666666722,24.0,25.466666666666725,0.0,60.0,80.0,10.0,safe,60.0,80.0,10.0,25.466666666666725,Selected lowest-risk action
1768694680.642269,25.466666666666722,24.0,25.466666666666725,0.0,60.0,80.0,10.0,safe,60.0,80.0,10.0,25.466666666666725,Selected lowest-risk action
1768694680.8473148,25.466666666666722,24.0,25.466666666666725,0.0,60.0,80.0,10.0,safe,60.0,80.0,10.0,25.466666666666725,Selected lowest-risk action
1768694681.052366,25.466666666666722,24.0,25.466666666666725,0.0,60.0,80.0,10.0,safe,60.0,80.0,10.0,25.466666666666725,Selected lowest-risk action
1768694681.257473,25.466666666666722,24.0,25.466666666666725,0.0,60.0,80.0,10.0,safe,60.0,80.0,10.0,25.466666666666725,Selected lowest-risk action
1768694681.4576168,25.466666666666722,24.0,25.466666666666725,0.0,60.0,80.0,10.0,safe,60.0,80.0,10.0,25.466666666666725,Selected lowest-risk action
1768694681.662315,25.466666666666722,24.0,25.466666666666725,0.0,60.0,80.0,10.0,safe,60.0,80.0,10.0,25.466666666666725,Selected lowest-risk action
1768694681.8673558,25.466666666666722,24.0,25.466666666666725,0.0,60.0,80.0,10.0,safe,60.0,80.0,10.0,25.466666666666725,Selected lowest-risk action
1768694682.069429,25.466666666666722,24.0,25.466666666666725,0.0,60.0,80.0,10.0,safe,60.0,80.0,10.0,25.466666666666725,Selected lowest-risk action
1768694682.2744708,25.466666666666722,24.0,25.466666666666725,0.0,60.0,80.0,10.0,safe,60.0,80.0,10.0,25.466666666666725,Selected lowest-risk action
1768694682.4784691,25.466666666666722,24.0,25.466666666666725,0.0,60.0,80.0,10.0,safe,60.0,80.0,10.0,25.466666666666725,Selected lowest-risk action
1768694682.683517,25.466666666666722,24.0,25.466666666666725,0.0,60.0,80.0,10.0,safe,60.0,80.0,10.0,25.466666666666725,Selected lowest-risk action
1768694682.8885581,25.466666666666722,24.0,25.466666666666725,0.0,60.0,80.0,10.0,safe,60.0,80.0,10.0,25.466666666666725,Selected lowest-risk action
1768694683.090988,25.466666666666722,24.0,25.466666666666725,0.0,60.0,80.0,10.0,safe,60.0,80.0,10.0,25.466666666666725,Selected lowest-risk action
1768694683.2960398,25.466666666666722,24.0,25.466666666666725,0.0,60.0,80.0,10.0,safe,60.0,80.0,10.0,25.466666666666725,Selected lowest-risk action
1768694683.500176,25.466666666666722,24.0,25.466666666666725,0.0,60.0,80.0,10.0,safe,60.0,80.0,10.0,25.466666666666725,Selected lowest-risk action
1768694683.7033758,25.466666666666722,24.0,25.466666666666725,0.0,60.0,80.0,10.0,safe,60.0,80.0,10.0,25.466666666666725,Selected lowest-risk action
1768694683.908437,25.466666666666722,24.0,25.466666666666725,0.0,60.0,80.0,10.0,safe,60.0,80.0,10.0,25.466666666666725,Selected lowest-risk action
1768694684.110946,25.466666666666722,24.0,25.466666666666725,0.0,60.0,80.0,10.0,safe,60.0,80.0,10.0,25.466666666666725,Selected lowest-risk action
1768694684.3160572,25.466666666666722,24.0,25.466666666666725,0.0,60.0,80.0,10.0,safe,60.0,80.0,10.0,25.466666666666725,Selected lowest-risk action
1768694684.5206451,25.466666666666722,24.0,25.466666666666725,0.0,60.0,80.0,10.0,safe,60.0,80.0,10.0,25.466666666666725,Selected lowest-risk action
1768694684.725686,25.466666666666722,24.0,25.466666666666725,0.0,60.0,80.0,10.0,safe,60.0,80.0,10.0,25.466666666666725,Selected lowest-risk action
1768694684.925958,25.466666666666722,24.0,25.466666666666725,0.0,60.0,80.0,10.0,safe,60.0,80.0,10.0,25.466666666666725,Selected lowest-risk action
1768694685.130995,25.466666666666722,24.0,25.466666666666725,0.0,60.0,80.0,10.0,safe,60.0,80.0,10.0,25.466666666666725,Selected lowest-risk action
1768694685.336045,25.466666666666722,24.0,25.466666666666725,0.0,60.0,80.0,10.0,safe,60.0,80.0,10.0,25.466666666666725,Selected lowest-risk action
1768694685.541009,25.466666666666722,24.0,25.466666666666725,0.0,60.0,80.0,10.0,safe,60.0,80.0,10.0,25.466666666666725,Selected lowest-risk action
1768694685.7460659,25.466666666666722,24.0,25.466666666666725,0.0,60.0,80.0,10.0,safe,60.0,80.0,10.0,25.466666666666725,Selected lowest-risk action
1768694685.951106,25.466666666666722,24.0,25.466666666666725,0.0,60.0,80.0,10.0,safe,60.0,80.0,10.0,25.466666666666725,Selected lowest-risk action
1768694686.156149,25.466666666666722,24.0,25.466666666666725,0.0,60.0,80.0,10.0,safe,60.0,80.0,10.0,25.466666666666725,Selected lowest-risk action
1768694686.361197,25.466666666666722,24.0,25.466666666666725,0.0,60.0,80.0,10.0,safe,60.0,80.0,10.0,25.466666666666725,Selected lowest-risk action
1768694686.566242,25.466666666666722,24.0,25.466666666666725,0.0,60.0,80.0,10.0,safe,60.0,80.0,10.0,25.466666666666725,Selected lowest-risk action
1768694686.771343,25.466666666666722,24.0,25.466666666666725,0.0,60.0,80.0,10.0,safe,60.0,80.0,10.0,25.466666666666725,Selected lowest-risk action
1768694686.974346,25.466666666666722,24.0,25.466666666666725,0.0,60.0,80.0,10.0,safe,60.0,80.0,10.0,25.466666666666725,Selected lowest-risk action
1768694687.1794581,25.466666666666722,24.0,25.466666666666725,0.0,60.0,80.0,10.0,safe,60.0,80.0,10.0,25.466666666666725,Selected lowest-risk action
1768694687.384512,25.466666666666722,24.0,25.466666666666725,0.0,60.0,80.0,10.0,safe,60.0,80.0,10.0,25.466666666666725,Selected lowest-risk action
1768694687.5895512,25.466666666666722,24.0,25.466666666666725,0.0,60.0,80.0,10.0,safe,60.0,80.0,10.0,25.466666666666725,Selected lowest-risk action
1768694687.79097,25.466666666666722,24.0,25.466666666666725,0.0,60.0,80.0,10.0,safe,60.0,80.0,10.0,25.466666666666725,Selected lowest-risk action
1768694687.996011,25.466666666666722,24.0,25.466666666666725,0.0,60.0,80.0,10.0,safe,60.0,80.0,10.0,25.466666666666725,Selected lowest-risk action
1768694688.199111,25.466666666666722,24.0,25.466666666666725,0.0,60.0,80.0,10.0,safe,60.0,80.0,10.0,25.466666666666725,Selected lowest-risk action
1768694688.404151,25.466666666666722,24.0,25.466666666666725,0.0,60.0,80.0,10.0,safe,60.0,80.0,10.0,25.466666666666725,Selected lowest-risk action
1768694688.60771,25.466666666666722,24.0,25.466666666666725,0.0,60.0,80.0,10.0,safe,60.0,80.0,10.0,25.466666666666725,Selected lowest-risk action
1768694688.810595,25.466666666666722,24.0,25.466666666666725,0.0,60.0,80.0,10.0,safe,60.0,80.0,10.0,25.466666666666725,Selected lowest-risk action
1768694689.0156312,25.466666666666722,24.0,25.466666666666725,0.0,60.0,80.0,10.0,safe,60.0,80.0,10.0,25.466666666666725,Selected lowest-risk action
1768694689.22067,25.466666666666722,24.0,25.466666666666725,0.0,60.0,80.0,10.0,safe,60.0,80.0,10.0,25.466666666666725,Selected lowest-risk action
1768694689.4257128,25.466666666666722,24.0,25.466666666666725,0.0,60.0,80.0,10.0,safe,60.0,80.0,10.0,25.466666666666725,Selected lowest-risk action
1768694689.63076,25.466666666666722,24.0,25.466666666666725,0.0,60.0,80.0,10.0,safe,60.0,80.0,10.0,25.466666666666725,Selected lowest-risk action
1768694689.8330848,25.466666666666722,24.0,25.466666666666725,0.0,60.0,80.0,10.0,safe,60.0,80.0,10.0,25.466666666666725,Selected lowest-risk action
1768694690.038132,25.466666666666722,24.0,25.466666666666725,0.0,60.0,80.0,10.0,safe,60.0,80.0,10.0,25.466666666666725,Selected lowest-risk action
1768694690.243176,25.466666666666722,24.0,25.466666666666725,0.0,60.0,80.0,10.0,safe,60.0,80.0,10.0,25.466666666666725,Selected lowest-risk action
1768694690.4482172,25.466666666666722,24.0,25.466666666666725,0.0,60.0,80.0,10.0,safe,60.0,80.0,10.0,25.466666666666725,Selected lowest-risk action
1768694690.653258,25.466666666666722,24.0,25.466666666666725,0.0,60.0,80.0,10.0,safe,60.0,80.0,10.0,25.466666666666725,Selected lowest-risk action
1768694690.858308,25.466666666666722,24.0,25.466666666666725,0.0,60.0,80.0,10.0,safe,60.0,80.0,10.0,25.466666666666725,Selected lowest-risk action
1768694691.063421,25.466666666666722,24.0,25.466666666666725,0.0,60.0,80.0,10.0,safe,60.0,80.0,10.0,25.466666666666725,Selected lowest-risk action
1768694691.2684748,25.466666666666722,24.0,25.466666666666725,0.0,60.0,80.0,10.0,safe,60.0,80.0,10.0,25.466666666666725,Selected lowest-risk action
1768694691.469846,25.466666666666722,24.0,25.466666666666725,0.0,60.0,80.0,10.0,safe,60.0,80.0,10.0,25.466666666666725,Selected lowest-risk action
1768694691.674461,25.466666666666722,24.0,25.466666666666725,0.0,60.0,80.0,10.0,safe,60.0,80.0,10.0,25.466666666666725,Selected lowest-risk action
1768694691.8795662,25.466666666666722,24.0,25.466666666666725,0.0,60.0,80.0,10.0,safe,60.0,80.0,10.0,25.466666666666725,Selected lowest-risk action
1768694692.0825028,25.466666666666722,24.0,25.466666666666725,0.0,60.0,80.0,10.0,safe,60.0,80.0,10.0,25.466666666666725,Selected lowest-risk action
1768694692.287622,25.466666666666722,24.0,25.466666666666725,0.0,60.0,80.0,10.0,safe,60.0,80.0,10.0,25.466666666666725,Selected lowest-risk action
1768694692.491104,25.466666666666722,24.0,25.466666666666725,0.0,60.0,80.0,10.0,safe,60.0,80.0,10.0,25.466666666666725,Selected lowest-risk action
1768694692.693973,25.466666666666722,24.0,25.466666666666725,0.0,60.0,80.0,10.0,safe,60.0,80.0,10.0,25.466666666666725,Selected lowest-risk action
1768694692.898922,25.466666666666722,24.0,25.466666666666725,0.0,60.0,80.0,10.0,safe,60.0,80.0,10.0,25.466666666666725,Selected lowest-risk action
1768694693.1039748,25.466666666666722,24.0,25.466666666666725,0.0,60.0,80.0,10.0,safe,60.0,80.0,10.0,25.466666666666725,Selected lowest-risk action
1768694693.309015,25.466666666666722,24.0,25.466666666666725,0.0,60.0,80.0,10.0,safe,60.0,80.0,10.0,25.466666666666725,Selected lowest-risk action
1768694693.51407,25.466666666666722,24.0,25.466666666666725,0.0,60.0,80.0,10.0,safe,60.0,80.0,10.0,25.466666666666725,Selected lowest-risk action
1768694693.719174,25.466666666666722,24.0,25.466666666666725,0.0,60.0,80.0,10.0,safe,60.0,80.0,10.0,25.466666666666725,Selected lowest-risk action
1768694693.9234262,25.466666666666722,24.0,25.466666666666725,0.0,60.0,80.0,10.0,safe,60.0,80.0,10.0,25.466666666666725,Selected lowest-risk action
1768694694.124434,25.466666666666722,24.0,25.466666666666725,0.0,60.0,80.0,10.0,safe,60.0,80.0,10.0,25.466666666666725,Selected lowest-risk action
1768694694.32954,25.466666666666722,24.0,25.466666666666725,0.0,60.0,80.0,10.0,safe,60.0,80.0,10.0,25.466666666666725,Selected lowest-risk action
1768694694.5346391,25.466666666666722,24.0,25.466666666666725,0.0,60.0,80.0,10.0,safe,60.0,80.0,10.0,25.466666666666725,Selected lowest-risk action
1768694694.739688,25.466666666666722,24.0,25.466666666666725,0.0,60.0,80.0,10.0,safe,60.0,80.0,10.0,25.466666666666725,Selected lowest-risk action
1768694694.9430678,25.466666666666722,24.0,25.466666666666725,0.0,60.0,80.0,10.0,safe,60.0,80.0,10.0,25.466666666666725,Selected lowest-risk action
1768694695.1481118,25.466666666666722,24.0,25.466666666666725,0.0,60.0,80.0,10.0,safe,60.0,80.0,10.0,25.466666666666725,Selected lowest-risk action
1768694695.353164,25.466666666666722,24.0,25.466666666666725,0.0,60.0,80.0,10.0,safe,60.0,80.0,10.0,25.466666666666725,Selected lowest-risk action
1768694695.557785,25.466666666666722,24.0,25.466666666666725,0.0,60.0,80.0,10.0,safe,60.0,80.0,10.0,25.466666666666725,Selected lowest-risk action
1768694695.761705,25.466666666666722,24.0,25.466666666666725,0.0,60.0,80.0,10.0,safe,60.0,80.0,10.0,25.466666666666725,Selected lowest-risk action
1768694695.964993,25.466666666666722,24.0,25.466666666666725,0.0,60.0,80.0,10.0,safe,60.0,80.0,10.0,25.466666666666725,Selected lowest-risk action
1768694696.1700401,25.466666666666722,24.0,25.466666666666725,0.0,60.0,80.0,10.0,safe,60.0,80.0,10.0,25.466666666666725,Selected lowest-risk action
1768694696.373043,25.466666666666722,24.0,25.466666666666725,0.0,60.0,80.0,10.0,safe,60.0,80.0,10.0,25.466666666666725,Selected lowest-risk action
1768694696.578091,25.466666666666722,24.0,25.466666666666725,0.0,60.0,80.0,10.0,safe,60.0,80.0,10.0,25.466666666666725,Selected lowest-risk action
1768694696.782303,25.466666666666722,24.0,25.466666666666725,0.0,60.0,80.0,10.0,safe,60.0,80.0,10.0,25.466666666666725,Selected lowest-risk action
1768694696.9873421,25.466666666666722,24.0,25.466666666666725,0.0,60.0,80.0,10.0,safe,60.0,80.0,10.0,25.466666666666725,Selected lowest-risk action
1768694697.192384,25.466666666666722,24.0,25.466666666666725,0.0,60.0,80.0,10.0,safe,60.0,80.0,10.0,25.466666666666725,Selected lowest-risk action
1768694697.3955462,25.466666666666722,24.0,25.466666666666725,0.0,60.0,80.0,10.0,safe,60.0,80.0,10.0,25.466666666666725,Selected lowest-risk action
1768694697.600589,25.466666666666722,24.0,25.466666666666725,0.0,60.0,80.0,10.0,safe,60.0,80.0,10.0,25.466666666666725,Selected lowest-risk action
1768694697.805634,25.466666666666722,24.0,25.466666666666725,0.0,60.0,80.0,10.0,safe,60.0,80.0,10.0,25.466666666666725,Selected lowest-risk action
1768694698.010751,25.466666666666722,24.0,25.466666666666725,0.0,60.0,80.0,10.0,safe,60.0,80.0,10.0,25.466666666666725,Selected lowest-risk action
1768694698.215208,25.466666666666722,24.0,25.466666666666725,0.0,60.0,80.0,10.0,safe,60.0,80.0,10.0,25.466666666666725,Selected lowest-risk action
1768694698.4203022,25.466666666666722,24.0,25.466666666666725,0.0,60.0,80.0,10.0,safe,60.0,80.0,10.0,25.466666666666725,Selected lowest-risk action
1768694698.6253598,25.466666666666722,24.0,25.466666666666725,0.0,60.0,80.0,10.0,safe,60.0,80.0,10.0,25.466666666666725,Selected lowest-risk action
1768694698.830411,25.466666666666722,24.0,25.466666666666725,0.0,60.0,80.0,10.0,safe,60.0,80.0,10.0,25.466666666666725,Selected lowest-risk action
1768694699.03552,25.466666666666722,24.0,25.466666666666725,0.0,60.0,80.0,10.0,safe,60.0,80.0,10.0,25.466666666666725,Selected lowest-risk action
1768694699.23959,25.466666666666722,24.0,25.466666666666725,0.0,60.0,80.0,10.0,safe,60.0,80.0,10.0,25.466666666666725,Selected lowest-risk action
1768694699.443202,25.466666666666722,24.0,25.466666666666725,0.0,60.0,80.0,10.0,safe,60.0,80.0,10.0,25.466666666666725,Selected lowest-risk action
1768694699.64825,25.466666666666722,24.0,25.466666666666725,0.0,60.0,80.0,10.0,safe,60.0,80.0,10.0,25.466666666666725,Selected lowest-risk action
1768694699.8523688,25.466666666666722,24.0,25.466666666666725,0.0,60.0,80.0,10.0,safe,60.0,80.0,10.0,25.466666666666725,Selected lowest-risk action
1768694700.057419,25.466666666666722,24.0,25.466666666666725,0.0,60.0,80.0,10.0,safe,60.0,80.0,10.0,25.466666666666725,Selected lowest-risk action
1768694700.262521,25.466666666666722,24.0,25.466666666666725,0.0,60.0,80.0,10.0,safe,60.0,80.0,10.0,25.466666666666725,Selected lowest-risk action
1768694700.467572,25.466666666666722,24.0,25.466666666666725,0.0,60.0,80.0,10.0,safe,60.0,80.0,10.0,25.466666666666725,Selected lowest-risk action
1768694700.670347,25.466666666666722,24.0,25.466666666666725,0.0,60.0,80.0,10.0,safe,60.0,80.0,10.0,25.466666666666725,Selected lowest-risk action
1768694700.8753989,25.466666666666722,24.0,25.466666666666725,0.0,60.0,80.0,10.0,safe,60.0,80.0,10.0,25.466666666666725,Selected lowest-risk action
1768694701.0781,25.466666666666722,24.0,25.466666666666725,0.0,60.0,80.0,10.0,safe,60.0,80.0,10.0,25.466666666666725,Selected lowest-risk action
1768694701.281017,25.466666666666722,24.0,25.466666666666725,0.0,60.0,80.0,10.0,safe,60.0,80.0,10.0,25.466666666666725,Selected lowest-risk action
1768694701.486102,25.466666666666722,24.0,25.466666666666725,0.0,60.0,80.0,10.0,safe,60.0,80.0,10.0,25.466666666666725,Selected lowest-risk action
1768694701.688213,25.466666666666722,24.0,25.466666666666725,0.0,60.0,80.0,10.0,safe,60.0,80.0,10.0,25.466666666666725,Selected lowest-risk action
1768694701.891689,25.466666666666722,24.0,25.466666666666725,0.0,60.0,80.0,10.0,safe,60.0,80.0,10.0,25.466666666666725,Selected lowest-risk action
1768694702.096805,25.466666666666722,24.0,25.466666666666725,0.0,60.0,80.0,10.0,safe,60.0,80.0,10.0,25.466666666666725,Selected lowest-risk action
1768694702.298838,25.466666666666722,24.0,25.466666666666725,0.0,60.0,80.0,10.0,safe,60.0,80.0,10.0,25.466666666666725,Selected lowest-risk action
1768694702.499261,25.466666666666722,24.0,25.466666666666725,0.0,60.0,80.0,10.0,safe,60.0,80.0,10.0,25.466666666666725,Selected lowest-risk action
1768694702.704308,25.466666666666722,24.0,25.466666666666725,0.0,60.0,80.0,10.0,safe,60.0,80.0,10.0,25.466666666666725,Selected lowest-risk action
1768694702.9069178,25.466666666666722,24.0,25.466666666666725,0.0,60.0,80.0,10.0,safe,60.0,80.0,10.0,25.466666666666725,Selected lowest-risk action
1768694703.1119611,25.466666666666722,24.0,25.466666666666725,0.0,60.0,80.0,10.0,safe,60.0,80.0,10.0,25.466666666666725,Selected lowest-risk action
1768694703.31701,25.466666666666722,24.0,25.466666666666725,0.0,60.0,80.0,10.0,safe,60.0,80.0,10.0,25.466666666666725,Selected lowest-risk action
1768694703.522052,25.466666666666722,24.0,25.466666666666725,0.0,60.0,80.0,10.0,safe,60.0,80.0,10.0,25.466666666666725,Selected lowest-risk action
1768694703.724535,25.466666666666722,24.0,25.466666666666725,0.0,60.0,80.0,10.0,safe,60.0,80.0,10.0,25.466666666666725,Selected lowest-risk action
1768694703.929628,25.466666666666722,24.0,25.466666666666725,0.0,60.0,80.0,10.0,safe,60.0,80.0,10.0,25.466666666666725,Selected lowest-risk action
1768694704.134672,25.466666666666722,24.0,25.466666666666725,0.0,60.0,80.0,10.0,safe,60.0,80.0,10.0,25.466666666666725,Selected lowest-risk action
1768694704.3359842,25.466666666666722,24.0,25.466666666666725,0.0,60.0,80.0,10.0,safe,60.0,80.0,10.0,25.466666666666725,Selected lowest-risk action
1768694704.54103,25.466666666666722,24.0,25.466666666666725,0.0,60.0,80.0,10.0,safe,60.0,80.0,10.0,25.466666666666725,Selected lowest-risk action
1768694704.742095,25.466666666666722,24.0,25.466666666666725,0.0,60.0,80.0,10.0,safe,60.0,80.0,10.0,25.466666666666725,Selected lowest-risk action
1768694704.9437382,25.466666666666722,24.0,25.466666666666725,0.0,60.0,80.0,10.0,safe,60.0,80.0,10.0,25.466666666666725,Selected lowest-risk action
1768694705.1487849,25.466666666666722,24.0,25.466666666666725,0.0,60.0,80.0,10.0,safe,60.0,80.0,10.0,25.466666666666725,Selected lowest-risk action
1768694705.353845,25.466666666666722,24.0,25.466666666666725,0.0,60.0,80.0,10.0,safe,60.0,80.0,10.0,25.466666666666725,Selected lowest-risk action
1768694705.558493,25.466666666666722,24.0,25.466666666666725,0.0,60.0,80.0,10.0,safe,60.0,80.0,10.0,25.466666666666725,Selected lowest-risk action
1768694705.7635462,25.466666666666722,24.0,25.466666666666725,0.0,60.0,80.0,10.0,safe,60.0,80.0,10.0,25.466666666666725,Selected lowest-risk action
1768694705.968632,25.466666666666722,24.0,25.466666666666725,0.0,60.0,80.0,10.0,safe,60.0,80.0,10.0,25.466666666666725,Selected lowest-risk action
1768694706.173684,25.466666666666722,24.0,25.466666666666725,0.0,60.0,80.0,10.0,safe,60.0,80.0,10.0,25.466666666666725,Selected lowest-risk action
1768694706.3787289,25.466666666666722,24.0,25.466666666666725,0.0,60.0,80.0,10.0,safe,60.0,80.0,10.0,25.466666666666725,Selected lowest-risk action
1768694706.583772,25.466666666666722,24.0,25.466666666666725,0.0,60.0,80.0,10.0,safe,60.0,80.0,10.0,25.466666666666725,Selected lowest-risk action
1768694706.788883,25.466666666666722,24.0,25.466666666666725,0.0,60.0,80.0,10.0,safe,60.0,80.0,10.0,25.466666666666725,Selected lowest-risk action
1768694706.993223,25.466666666666722,24.0,25.466666666666725,0.0,60.0,80.0,10.0,safe,60.0,80.0,10.0,25.466666666666725,Selected lowest-risk action
1768694707.198281,25.466666666666722,24.0,25.466666666666725,0.0,60.0,80.0,10.0,safe,60.0,80.0,10.0,25.466666666666725,Selected lowest-risk action
1768694707.402626,25.466666666666722,24.0,25.466666666666725,0.0,60.0,80.0,10.0,safe,60.0,80.0,10.0,25.466666666666725,Selected lowest-risk action
1768694707.607739,25.466666666666722,24.0,25.466666666666725,0.0,60.0,80.0,10.0,safe,60.0,80.0,10.0,25.466666666666725,Selected lowest-risk action
1768694707.812785,25.466666666666722,24.0,25.466666666666725,0.0,60.0,80.0,10.0,safe,60.0,80.0,10.0,25.466666666666725,Selected lowest-risk action
1768694708.015393,25.466666666666722,24.0,25.466666666666725,0.0,60.0,80.0,10.0,safe,60.0,80.0,10.0,25.466666666666725,Selected lowest-risk action
1768694708.220442,25.466666666666722,24.0,25.466666666666725,0.0,60.0,80.0,10.0,safe,60.0,80.0,10.0,25.466666666666725,Selected lowest-risk action
1768694708.424584,25.466666666666722,24.0,25.466666666666725,0.0,60.0,80.0,10.0,safe,60.0,80.0,10.0,25.466666666666725,Selected lowest-risk action
1768694708.629632,25.466666666666722,24.0,25.466666666666725,0.0,60.0,80.0,10.0,safe,60.0,80.0,10.0,25.466666666666725,Selected lowest-risk action
1768694708.8335109,25.466666666666722,24.0,25.466666666666725,0.0,60.0,80.0,10.0,safe,60.0,80.0,10.0,25.466666666666725,Selected lowest-risk action
1768694709.0337322,25.466666666666722,24.0,25.466666666666725,0.0,60.0,80.0,10.0,safe,60.0,80.0,10.0,25.466666666666725,Selected lowest-risk action
1768694709.236723,25.466666666666722,24.0,25.466666666666725,0.0,60.0,80.0,10.0,safe,60.0,80.0,10.0,25.466666666666725,Selected lowest-risk action
1768694709.441262,25.466666666666722,24.0,25.466666666666725,0.0,60.0,80.0,10.0,safe,60.0,80.0,10.0,25.466666666666725,Selected lowest-risk action
1768694709.646306,25.466666666666722,24.0,25.466666666666725,0.0,60.0,80.0,10.0,safe,60.0,80.0,10.0,25.466666666666725,Selected lowest-risk action
1768694709.8513432,25.466666666666722,24.0,25.466666666666725,0.0,60.0,80.0,10.0,safe,60.0,80.0,10.0,25.466666666666725,Selected lowest-risk action
1768694710.056396,25.466666666666722,24.0,25.466666666666725,0.0,60.0,80.0,10.0,safe,60.0,80.0,10.0,25.466666666666725,Selected lowest-risk action
1768694710.260149,25.466666666666722,24.0,25.466666666666725,0.0,60.0,80.0,10.0,safe,60.0,80.0,10.0,25.466666666666725,Selected lowest-risk action
1768694710.46207,25.466666666666722,24.0,25.466666666666725,0.0,60.0,80.0,10.0,safe,60.0,80.0,10.0,25.466666666666725,Selected lowest-risk action
1768694710.6671119,25.466666666666722,24.0,25.466666666666725,0.0,60.0,80.0,10.0,safe,60.0,80.0,10.0,25.466666666666725,Selected lowest-risk action
1768694710.872216,25.466666666666722,24.0,25.466666666666725,0.0,60.0,80.0,10.0,safe,60.0,80.0,10.0,25.466666666666725,Selected lowest-risk action
1768694711.075855,25.466666666666722,24.0,25.466666666666725,0.0,60.0,80.0,10.0,safe,60.0,80.0,10.0,25.466666666666725,Selected lowest-risk action
1768694711.28097,25.466666666666722,24.0,25.466666666666725,0.0,60.0,80.0,10.0,safe,60.0,80.0,10.0,25.466666666666725,Selected lowest-risk action
1768694711.48243,25.466666666666722,24.0,25.466666666666725,0.0,60.0,80.0,10.0,safe,60.0,80.0,10.0,25.466666666666725,Selected lowest-risk action
1768694711.687542,25.466666666666722,24.0,25.466666666666725,0.0,60.0,80.0,10.0,safe,60.0,80.0,10.0,25.466666666666725,Selected lowest-risk action
1768694711.8912342,25.466666666666722,24.0,25.466666666666725,0.0,60.0,80.0,10.0,safe,60.0,80.0,10.0,25.466666666666725,Selected lowest-risk action
1768694712.091292,25.466666666666722,24.0,25.466666666666725,0.0,60.0,80.0,10.0,safe,60.0,80.0,10.0,25.466666666666725,Selected lowest-risk action
1768694712.296341,25.466666666666722,24.0,25.466666666666725,0.0,60.0,80.0,10.0,safe,60.0,80.0,10.0,25.466666666666725,Selected lowest-risk action
1768694712.5013828,25.466666666666722,24.0,25.466666666666725,0.0,60.0,80.0,10.0,safe,60.0,80.0,10.0,25.466666666666725,Selected lowest-risk action
1768694712.7019782,25.466666666666722,24.0,25.466666666666725,0.0,60.0,80.0,10.0,safe,60.0,80.0,10.0,25.466666666666725,Selected lowest-risk action
1768694712.907029,25.466666666666722,24.0,25.466666666666725,0.0,60.0,80.0,10.0,safe,60.0,80.0,10.0,25.466666666666725,Selected lowest-risk action
1768694713.107952,25.466666666666722,24.0,25.466666666666725,0.0,60.0,80.0,10.0,safe,60.0,80.0,10.0,25.466666666666725,Selected lowest-risk action
1768694713.312994,25.466666666666722,24.0,25.466666666666725,0.0,60.0,80.0,10.0,safe,60.0,80.0,10.0,25.466666666666725,Selected lowest-risk action
1768694713.518039,25.466666666666722,24.0,25.466666666666725,0.0,60.0,80.0,10.0,safe,60.0,80.0,10.0,25.466666666666725,Selected lowest-risk action
1768694713.7230499,25.466666666666722,24.0,25.466666666666725,0.0,60.0,80.0,10.0,safe,60.0,80.0,10.0,25.466666666666725,Selected lowest-risk action
1768694713.928148,25.466666666666722,24.0,25.466666666666725,0.0,60.0,80.0,10.0,safe,60.0,80.0,10.0,25.466666666666725,Selected lowest-risk action
1768694714.133194,25.466666666666722,24.0,25.466666666666725,0.0,60.0,80.0,10.0,safe,60.0,80.0,10.0,25.466666666666725,Selected lowest-risk action
1768694714.333934,25.466666666666722,24.0,25.466666666666725,0.0,60.0,80.0,10.0,safe,60.0,80.0,10.0,25.466666666666725,Selected lowest-risk action
1768694714.5366652,25.466666666666722,24.0,25.466666666666725,0.0,60.0,80.0,10.0,safe,60.0,80.0,10.0,25.466666666666725,Selected lowest-risk action
1768694714.741715,25.466666666666722,24.0,25.466666666666725,0.0,60.0,80.0,10.0,safe,60.0,80.0,10.0,25.466666666666725,Selected lowest-risk action
1768694714.9467509,25.466666666666722,24.0,25.466666666666725,0.0,60.0,80.0,10.0,safe,60.0,80.0,10.0,25.466666666666725,Selected lowest-risk action
1768694715.151788,25.466666666666722,24.0,25.466666666666725,0.0,60.0,80.0,10.0,safe,60.0,80.0,10.0,25.466666666666725,Selected lowest-risk action
1768694715.3568928,25.466666666666722,24.0,25.466666666666725,0.0,60.0,80.0,10.0,safe,60.0,80.0,10.0,25.466666666666725,Selected lowest-risk action
1768694715.558007,25.466666666666722,24.0,25.466666666666725,0.0,60.0,80.0,10.0,safe,60.0,80.0,10.0,25.466666666666725,Selected lowest-risk action
1768694715.76304,25.466666666666722,24.0,25.466666666666725,0.0,60.0,80.0,10.0,safe,60.0,80.0,10.0,25.466666666666725,Selected lowest-risk action
1768694715.968079,25.466666666666722,24.0,25.466666666666725,0.0,60.0,80.0,10.0,safe,60.0,80.0,10.0,25.466666666666725,Selected lowest-risk action
1768694716.173124,25.466666666666722,24.0,25.466666666666725,0.0,60.0,80.0,10.0,safe,60.0,80.0,10.0,25.466666666666725,Selected lowest-risk action
1768694716.37817,25.466666666666722,24.0,25.466666666666725,0.0,60.0,80.0,10.0,safe,60.0,80.0,10.0,25.466666666666725,Selected lowest-risk action
1768694716.58321,25.466666666666722,24.0,25.466666666666725,0.0,60.0,80.0,10.0,safe,60.0,80.0,10.0,25.466666666666725,Selected lowest-risk action
1768694716.7883048,25.466666666666722,24.0,25.466666666666725,0.0,60.0,80.0,10.0,safe,60.0,80.0,10.0,25.466666666666725,Selected lowest-risk action
1768694716.993186,25.466666666666722,24.0,25.466666666666725,0.0,60.0,80.0,10.0,safe,60.0,80.0,10.0,25.466666666666725,Selected lowest-risk action
1768694717.198302,25.466666666666722,24.0,25.466666666666725,0.0,60.0,80.0,10.0,safe,60.0,80.0,10.0,25.466666666666725,Selected lowest-risk action
1768694717.40334,25.466666666666722,24.0,25.466666666666725,0.0,60.0,80.0,10.0,safe,60.0,80.0,10.0,25.466666666666725,Selected lowest-risk action
1768694717.6046898,25.466666666666722,24.0,25.466666666666725,0.0,60.0,80.0,10.0,safe,60.0,80.0,10.0,25.466666666666725,Selected lowest-risk action
1768694717.8097339,25.466666666666722,24.0,25.466666666666725,0.0,60.0,80.0,10.0,safe,60.0,80.0,10.0,25.466666666666725,Selected lowest-risk action
1768694718.014574,25.466666666666722,24.0,25.466666666666725,0.0,60.0,80.0,10.0,safe,60.0,80.0,10.0,25.466666666666725,Selected lowest-risk action
1768694718.219622,25.466666666666722,24.0,25.466666666666725,0.0,60.0,80.0,10.0,safe,60.0,80.0,10.0,25.466666666666725,Selected lowest-risk action
1768694718.4244952,25.466666666666722,24.0,25.466666666666725,0.0,60.0,80.0,10.0,safe,60.0,80.0,10.0,25.466666666666725,Selected lowest-risk action
1768694718.62725,25.466666666666722,24.0,25.466666666666725,0.0,60.0,80.0,10.0,safe,60.0,80.0,10.0,25.466666666666725,Selected lowest-risk action
1768694718.832302,25.466666666666722,24.0,25.466666666666725,0.0,60.0,80.0,10.0,safe,60.0,80.0,10.0,25.466666666666725,Selected lowest-risk action
1768694719.037348,25.466666666666722,24.0,25.466666666666725,0.0,60.0,80.0,10.0,safe,60.0,80.0,10.0,25.466666666666725,Selected lowest-risk action
1768694719.241406,25.466666666666722,24.0,25.466666666666725,0.0,60.0,80.0,10.0,safe,60.0,80.0,10.0,25.466666666666725,Selected lowest-risk action
1768694719.446455,25.466666666666722,24.0,25.466666666666725,0.0,60.0,80.0,10.0,safe,60.0,80.0,10.0,25.466666666666725,Selected lowest-risk action
1768694719.646824,25.466666666666722,24.0,25.466666666666725,0.0,60.0,80.0,10.0,safe,60.0,80.0,10.0,25.466666666666725,Selected lowest-risk action
1768694719.851861,25.466666666666722,24.0,25.466666666666725,0.0,60.0,80.0,10.0,safe,60.0,80.0,10.0,25.466666666666725,Selected lowest-risk action
1768694720.056909,25.466666666666722,24.0,25.466666666666725,0.0,60.0,80.0,10.0,safe,60.0,80.0,10.0,25.466666666666725,Selected lowest-risk action
1768694720.261966,25.466666666666722,24.0,25.466666666666725,0.0,60.0,80.0,10.0,safe,60.0,80.0,10.0,25.466666666666725,Selected lowest-risk action
1768694720.463509,25.466666666666722,24.0,25.466666666666725,0.0,60.0,80.0,10.0,safe,60.0,80.0,10.0,25.466666666666725,Selected lowest-risk action
1768694720.6685529,25.466666666666722,24.0,25.466666666666725,0.0,60.0,80.0,10.0,safe,60.0,80.0,10.0,25.466666666666725,Selected lowest-risk action
1768694720.873593,25.466666666666722,24.0,25.466666666666725,0.0,60.0,80.0,10.0,safe,60.0,80.0,10.0,25.466666666666725,Selected lowest-risk action
1768694721.078638,25.466666666666722,24.0,25.466666666666725,0.0,60.0,80.0,10.0,safe,60.0,80.0,10.0,25.466666666666725,Selected lowest-risk action
1768694721.2806988,25.466666666666722,24.0,25.466666666666725,0.0,60.0,80.0,10.0,safe,60.0,80.0,10.0,25.466666666666725,Selected lowest-risk action
1768694721.48085,25.466666666666722,24.0,25.466666666666725,0.0,60.0,80.0,10.0,safe,60.0,80.0,10.0,25.466666666666725,Selected lowest-risk action
1768694721.6858811,25.466666666666722,24.0,25.466666666666725,0.0,60.0,80.0,10.0,safe,60.0,80.0,10.0,25.466666666666725,Selected lowest-risk action
1768694721.890642,25.466666666666722,24.0,25.466666666666725,0.0,60.0,80.0,10.0,safe,60.0,80.0,10.0,25.466666666666725,Selected lowest-risk action
1768694722.0914109,25.466666666666722,24.0,25.466666666666725,0.0,60.0,80.0,10.0,safe,60.0,80.0,10.0,25.466666666666725,Selected lowest-risk action
1768694722.292463,25.466666666666722,24.0,25.466666666666725,0.0,60.0,80.0,10.0,safe,60.0,80.0,10.0,25.466666666666725,Selected lowest-risk action
1768694722.4975228,25.466666666666722,24.0,25.466666666666725,0.0,60.0,80.0,10.0,safe,60.0,80.0,10.0,25.466666666666725,Selected lowest-risk action
1768694722.7025752,25.466666666666722,24.0,25.466666666666725,0.0,60.0,80.0,10.0,safe,60.0,80.0,10.0,25.466666666666725,Selected lowest-risk action
1768694722.907305,25.466666666666722,24.0,25.466666666666725,0.0,60.0,80.0,10.0,safe,60.0,80.0,10.0,25.466666666666725,Selected lowest-risk action
1768694723.111007,25.466666666666722,24.0,25.466666666666725,0.0,60.0,80.0,10.0,safe,60.0,80.0,10.0,25.466666666666725,Selected lowest-risk action
1768694723.314882,25.466666666666722,24.0,25.466666666666725,0.0,60.0,80.0,10.0,safe,60.0,80.0,10.0,25.466666666666725,Selected lowest-risk action
1768694723.5199301,25.466666666666722,24.0,25.466666666666725,0.0,60.0,80.0,10.0,safe,60.0,80.0,10.0,25.466666666666725,Selected lowest-risk action
1768694723.7249768,25.466666666666722,24.0,25.466666666666725,0.0,60.0,80.0,10.0,safe,60.0,80.0,10.0,25.466666666666725,Selected lowest-risk action
1768694723.930026,25.466666666666722,24.0,25.466666666666725,0.0,60.0,80.0,10.0,safe,60.0,80.0,10.0,25.466666666666725,Selected lowest-risk action
1768694724.1350741,25.466666666666722,24.0,25.466666666666725,0.0,60.0,80.0,10.0,safe,60.0,80.0,10.0,25.466666666666725,Selected lowest-risk action
1768694724.3401148,25.466666666666722,24.0,25.466666666666725,0.0,60.0,80.0,10.0,safe,60.0,80.0,10.0,25.466666666666725,Selected lowest-risk action
1768694724.5427158,25.466666666666722,24.0,25.466666666666725,0.0,60.0,80.0,10.0,safe,60.0,80.0,10.0,25.466666666666725,Selected lowest-risk action
1768694724.7429178,25.466666666666722,24.0,25.466666666666725,0.0,60.0,80.0,10.0,safe,60.0,80.0,10.0,25.466666666666725,Selected lowest-risk action
1768694724.9445262,25.466666666666722,24.0,25.466666666666725,0.0,60.0,80.0,10.0,safe,60.0,80.0,10.0,25.466666666666725,Selected lowest-risk action
1768694725.14957,25.466666666666722,24.0,25.466666666666725,0.0,60.0,80.0,10.0,safe,60.0,80.0,10.0,25.466666666666725,Selected lowest-risk action
1768694725.3532102,25.466666666666722,24.0,25.466666666666725,0.0,60.0,80.0,10.0,safe,60.0,80.0,10.0,25.466666666666725,Selected lowest-risk action
1768694725.556993,25.466666666666722,24.0,25.466666666666725,0.0,60.0,80.0,10.0,safe,60.0,80.0,10.0,25.466666666666725,Selected lowest-risk action
1768694725.759517,25.466666666666722,24.0,25.466666666666725,0.0,60.0,80.0,10.0,safe,60.0,80.0,10.0,25.466666666666725,Selected lowest-risk action
1768694725.963677,25.466666666666722,24.0,25.466666666666725,0.0,60.0,80.0,10.0,safe,60.0,80.0,10.0,25.466666666666725,Selected lowest-risk action
1768694726.16838,25.466666666666722,24.0,25.466666666666725,0.0,60.0,80.0,10.0,safe,60.0,80.0,10.0,25.466666666666725,Selected lowest-risk action
1768694726.373348,25.466666666666722,24.0,25.466666666666725,0.0,60.0,80.0,10.0,safe,60.0,80.0,10.0,25.466666666666725,Selected lowest-risk action
1768694726.57443,25.466666666666722,24.0,25.466666666666725,0.0,60.0,80.0,10.0,safe,60.0,80.0,10.0,25.466666666666725,Selected lowest-risk action
1768694726.7794838,25.466666666666722,24.0,25.466666666666725,0.0,60.0,80.0,10.0,safe,60.0,80.0,10.0,25.466666666666725,Selected lowest-risk action
1768694726.982872,25.466666666666722,24.0,25.466666666666725,0.0,60.0,80.0,10.0,safe,60.0,80.0,10.0,25.466666666666725,Selected lowest-risk action
1768694727.1862028,25.466666666666722,24.0,25.466666666666725,0.0,60.0,80.0,10.0,safe,60.0,80.0,10.0,25.466666666666725,Selected lowest-risk action
1768694727.3912609,25.466666666666722,24.0,25.466666666666725,0.0,60.0,80.0,10.0,safe,60.0,80.0,10.0,25.466666666666725,Selected lowest-risk action
1768694727.593539,25.466666666666722,24.0,25.466666666666725,0.0,60.0,80.0,10.0,safe,60.0,80.0,10.0,25.466666666666725,Selected lowest-risk action
1768694727.798583,25.466666666666722,24.0,25.466666666666725,0.0,60.0,80.0,10.0,safe,60.0,80.0,10.0,25.466666666666725,Selected lowest-risk action
1768694728.000779,25.466666666666722,24.0,25.466666666666725,0.0,60.0,80.0,10.0,safe,60.0,80.0,10.0,25.466666666666725,Selected lowest-risk action
1768694728.205819,25.466666666666722,24.0,25.466666666666725,0.0,60.0,80.0,10.0,safe,60.0,80.0,10.0,25.466666666666725,Selected lowest-risk action
1768694728.409333,25.466666666666722,24.0,25.466666666666725,0.0,60.0,80.0,10.0,safe,60.0,80.0,10.0,25.466666666666725,Selected lowest-risk action
1768694728.612333,25.466666666666722,24.0,25.466666666666725,0.0,60.0,80.0,10.0,safe,60.0,80.0,10.0,25.466666666666725,Selected lowest-risk action
1768694728.816559,25.466666666666722,24.0,25.466666666666725,0.0,60.0,80.0,10.0,safe,60.0,80.0,10.0,25.466666666666725,Selected lowest-risk action
1768694729.020736,25.466666666666722,24.0,25.466666666666725,0.0,60.0,80.0,10.0,safe,60.0,80.0,10.0,25.466666666666725,Selected lowest-risk action
1768694729.225775,25.466666666666722,24.0,25.466666666666725,0.0,60.0,80.0,10.0,safe,60.0,80.0,10.0,25.466666666666725,Selected lowest-risk action
1768694729.4308212,25.466666666666722,24.0,25.466666666666725,0.0,60.0,80.0,10.0,safe,60.0,80.0,10.0,25.466666666666725,Selected lowest-risk action
1768694729.6321971,25.466666666666722,24.0,25.466666666666725,0.0,60.0,80.0,10.0,safe,60.0,80.0,10.0,25.466666666666725,Selected lowest-risk action
1768694729.834857,25.466666666666722,24.0,25.466666666666725,0.0,60.0,80.0,10.0,safe,60.0,80.0,10.0,25.466666666666725,Selected lowest-risk action
1768694730.039905,25.466666666666722,24.0,25.466666666666725,0.0,60.0,80.0,10.0,safe,60.0,80.0,10.0,25.466666666666725,Selected lowest-risk action
1768694730.24365,25.466666666666722,24.0,25.466666666666725,0.0,60.0,80.0,10.0,safe,60.0,80.0,10.0,25.466666666666725,Selected lowest-risk action
1768694730.4440398,25.466666666666722,24.0,25.466666666666725,0.0,60.0,80.0,10.0,safe,60.0,80.0,10.0,25.466666666666725,Selected lowest-risk action
1768694730.649083,25.466666666666722,24.0,25.466666666666725,0.0,60.0,80.0,10.0,safe,60.0,80.0,10.0,25.466666666666725,Selected lowest-risk action
1768694730.854133,25.466666666666722,24.0,25.466666666666725,0.0,60.0,80.0,10.0,safe,60.0,80.0,10.0,25.466666666666725,Selected lowest-risk action
1768694731.0581918,25.466666666666722,24.0,25.466666666666725,0.0,60.0,80.0,10.0,safe,60.0,80.0,10.0,25.466666666666725,Selected lowest-risk action
1768694731.2632372,25.466666666666722,24.0,25.466666666666725,0.0,60.0,80.0,10.0,safe,60.0,80.0,10.0,25.466666666666725,Selected lowest-risk action
1768694731.4675992,25.466666666666722,24.0,25.466666666666725,0.0,60.0,80.0,10.0,safe,60.0,80.0,10.0,25.466666666666725,Selected lowest-risk action
1768694731.670527,25.466666666666722,24.0,25.466666666666725,0.0,60.0,80.0,10.0,safe,60.0,80.0,10.0,25.466666666666725,Selected lowest-risk action
1768694731.874655,25.466666666666722,24.0,25.466666666666725,0.0,60.0,80.0,10.0,safe,60.0,80.0,10.0,25.466666666666725,Selected lowest-risk action
1768694732.076375,25.466666666666722,24.0,25.466666666666725,0.0,60.0,80.0,10.0,safe,60.0,80.0,10.0,25.466666666666725,Selected lowest-risk action
1768694732.2814898,25.466666666666722,24.0,25.466666666666725,0.0,60.0,80.0,10.0,safe,60.0,80.0,10.0,25.466666666666725,Selected lowest-risk action
1768694732.483958,25.466666666666722,24.0,25.466666666666725,0.0,60.0,80.0,10.0,safe,60.0,80.0,10.0,25.466666666666725,Selected lowest-risk action
1768694732.688998,25.466666666666722,24.0,25.466666666666725,0.0,60.0,80.0,10.0,safe,60.0,80.0,10.0,25.466666666666725,Selected lowest-risk action
1768694732.89253,25.466666666666722,24.0,25.466666666666725,0.0,60.0,80.0,10.0,safe,60.0,80.0,10.0,25.466666666666725,Selected lowest-risk action
1768694733.097573,25.466666666666722,24.0,25.466666666666725,0.0,60.0,80.0,10.0,safe,60.0,80.0,10.0,25.466666666666725,Selected lowest-risk action
1768694733.298749,25.466666666666722,24.0,25.466666666666725,0.0,60.0,80.0,10.0,safe,60.0,80.0,10.0,25.466666666666725,Selected lowest-risk action
1768694733.502511,25.466666666666722,24.0,25.466666666666725,0.0,60.0,80.0,10.0,safe,60.0,80.0,10.0,25.466666666666725,Selected lowest-risk action
1768694733.7057889,25.466666666666722,24.0,25.466666666666725,0.0,60.0,80.0,10.0,safe,60.0,80.0,10.0,25.466666666666725,Selected lowest-risk action
1768694733.9081979,25.466666666666722,24.0,25.466666666666725,0.0,60.0,80.0,10.0,safe,60.0,80.0,10.0,25.466666666666725,Selected lowest-risk action
1768694734.1132429,25.466666666666722,24.0,25.466666666666725,0.0,60.0,80.0,10.0,safe,60.0,80.0,10.0,25.466666666666725,Selected lowest-risk action
1768694734.3182888,25.466666666666722,24.0,25.466666666666725,0.0,60.0,80.0,10.0,safe,60.0,80.0,10.0,25.466666666666725,Selected lowest-risk action
1768694734.5225742,25.466666666666722,24.0,25.466666666666725,0.0,60.0,80.0,10.0,safe,60.0,80.0,10.0,25.466666666666725,Selected lowest-risk action
1768694734.726718,25.466666666666722,24.0,25.466666666666725,0.0,60.0,80.0,10.0,safe,60.0,80.0,10.0,25.466666666666725,Selected lowest-risk action
1768694734.929985,25.466666666666722,24.0,25.466666666666725,0.0,60.0,80.0,10.0,safe,60.0,80.0,10.0,25.466666666666725,Selected lowest-risk action
1768694735.135024,25.466666666666722,24.0,25.466666666666725,0.0,60.0,80.0,10.0,safe,60.0,80.0,10.0,25.466666666666725,Selected lowest-risk action
1768694735.338203,25.466666666666722,24.0,25.466666666666725,0.0,60.0,80.0,10.0,safe,60.0,80.0,10.0,25.466666666666725,Selected lowest-risk action
1768694735.538496,25.466666666666722,24.0,25.466666666666725,0.0,60.0,80.0,10.0,safe,60.0,80.0,10.0,25.466666666666725,Selected lowest-risk action
1768694735.741548,25.466666666666722,24.0,25.466666666666725,0.0,60.0,80.0,10.0,safe,60.0,80.0,10.0,25.466666666666725,Selected lowest-risk action
1768694735.942987,25.466666666666722,24.0,25.466666666666725,0.0,60.0,80.0,10.0,safe,60.0,80.0,10.0,25.466666666666725,Selected lowest-risk action
1768694736.145108,25.466666666666722,24.0,25.466666666666725,0.0,60.0,80.0,10.0,safe,60.0,80.0,10.0,25.466666666666725,Selected lowest-risk action
1768694736.350163,25.466666666666722,24.0,25.466666666666725,0.0,60.0,80.0,10.0,safe,60.0,80.0,10.0,25.466666666666725,Selected lowest-risk action
1768694736.5537212,25.466666666666722,24.0,25.466666666666725,0.0,60.0,80.0,10.0,safe,60.0,80.0,10.0,25.466666666666725,Selected lowest-risk action
1768694736.758226,25.466666666666722,24.0,25.466666666666725,0.0,60.0,80.0,10.0,safe,60.0,80.0,10.0,25.466666666666725,Selected lowest-risk action
1768694736.9632719,25.466666666666722,24.0,25.466666666666725,0.0,60.0,80.0,10.0,safe,60.0,80.0,10.0,25.466666666666725,Selected lowest-risk action
1768694737.1683872,25.466666666666722,24.0,25.466666666666725,0.0,60.0,80.0,10.0,safe,60.0,80.0,10.0,25.466666666666725,Selected lowest-risk action
1768694737.373436,25.466666666666722,24.0,25.466666666666725,0.0,60.0,80.0,10.0,safe,60.0,80.0,10.0,25.466666666666725,Selected lowest-risk action
1768694737.5748858,25.466666666666722,24.0,25.466666666666725,0.0,60.0,80.0,10.0,safe,60.0,80.0,10.0,25.466666666666725,Selected lowest-risk action
1768694737.779933,25.466666666666722,24.0,25.466666666666725,0.0,60.0,80.0,10.0,safe,60.0,80.0,10.0,25.466666666666725,Selected lowest-risk action
1768694737.984144,25.466666666666722,24.0,25.466666666666725,0.0,60.0,80.0,10.0,safe,60.0,80.0,10.0,25.466666666666725,Selected lowest-risk action
1768694738.189235,25.466666666666722,24.0,25.466666666666725,0.0,60.0,80.0,10.0,safe,60.0,80.0,10.0,25.466666666666725,Selected lowest-risk action
1768694738.3923268,25.466666666666722,24.0,25.466666666666725,0.0,60.0,80.0,10.0,safe,60.0,80.0,10.0,25.466666666666725,Selected lowest-risk action
1768694738.596338,25.466666666666722,24.0,25.466666666666725,0.0,60.0,80.0,10.0,safe,60.0,80.0,10.0,25.466666666666725,Selected lowest-risk action
1768694738.801381,25.466666666666722,24.0,25.466666666666725,0.0,60.0,80.0,10.0,safe,60.0,80.0,10.0,25.466666666666725,Selected lowest-risk action
1768694739.001855,25.466666666666722,24.0,25.466666666666725,0.0,60.0,80.0,10.0,safe,60.0,80.0,10.0,25.466666666666725,Selected lowest-risk action
1768694739.206966,25.466666666666722,24.0,25.466666666666725,0.0,60.0,80.0,10.0,safe,60.0,80.0,10.0,25.466666666666725,Selected lowest-risk action
1768694739.411798,25.466666666666722,24.0,25.466666666666725,0.0,60.0,80.0,10.0,safe,60.0,80.0,10.0,25.466666666666725,Selected lowest-risk action
1768694739.6134772,25.466666666666722,24.0,25.466666666666725,0.0,60.0,80.0,10.0,safe,60.0,80.0,10.0,25.466666666666725,Selected lowest-risk action
1768694739.815555,25.466666666666722,24.0,25.466666666666725,0.0,60.0,80.0,10.0,safe,60.0,80.0,10.0,25.466666666666725,Selected lowest-risk action
1768694740.017518,25.466666666666722,24.0,25.466666666666725,0.0,60.0,80.0,10.0,safe,60.0,80.0,10.0,25.466666666666725,Selected lowest-risk action
1768694740.224732,25.466666666666722,24.0,25.466666666666725,0.0,60.0,80.0,10.0,safe,60.0,80.0,10.0,25.466666666666725,Selected lowest-risk action
1768694740.42591,25.466666666666722,24.0,25.466666666666725,0.0,60.0,80.0,10.0,safe,60.0,80.0,10.0,25.466666666666725,Selected lowest-risk action
1768694740.630949,25.466666666666722,24.0,25.466666666666725,0.0,60.0,80.0,10.0,safe,60.0,80.0,10.0,25.466666666666725,Selected lowest-risk action
1768694740.831549,25.466666666666722,24.0,25.466666666666725,0.0,60.0,80.0,10.0,safe,60.0,80.0,10.0,25.466666666666725,Selected lowest-risk action
1768694741.0366342,25.466666666666722,24.0,25.466666666666725,0.0,60.0,80.0,10.0,safe,60.0,80.0,10.0,25.466666666666725,Selected lowest-risk action
1768694741.2415428,25.466666666666722,24.0,25.466666666666725,0.0,60.0,80.0,10.0,safe,60.0,80.0,10.0,25.466666666666725,Selected lowest-risk action
1768694741.444173,25.466666666666722,24.0,25.466666666666725,0.0,60.0,80.0,10.0,safe,60.0,80.0,10.0,25.466666666666725,Selected lowest-risk action
1768694741.649295,25.466666666666722,24.0,25.466666666666725,0.0,60.0,80.0,10.0,safe,60.0,80.0,10.0,25.466666666666725,Selected lowest-risk action
1768694741.8504791,25.466666666666722,24.0,25.466666666666725,0.0,60.0,80.0,10.0,safe,60.0,80.0,10.0,25.466666666666725,Selected lowest-risk action
1768694742.05558,25.466666666666722,24.0,25.466666666666725,0.0,60.0,80.0,10.0,safe,60.0,80.0,10.0,25.466666666666725,Selected lowest-risk action
1768694742.2585988,25.466666666666722,24.0,25.466666666666725,0.0,60.0,80.0,10.0,safe,60.0,80.0,10.0,25.466666666666725,Selected lowest-risk action
1768694742.463648,25.466666666666722,24.0,25.466666666666725,0.0,60.0,80.0,10.0,safe,60.0,80.0,10.0,25.466666666666725,Selected lowest-risk action
1768694742.6687539,25.466666666666722,24.0,25.466666666666725,0.0,60.0,80.0,10.0,safe,60.0,80.0,10.0,25.466666666666725,Selected lowest-risk action
1768694742.870949,25.466666666666722,24.0,25.466666666666725,0.0,60.0,80.0,10.0,safe,60.0,80.0,10.0,25.466666666666725,Selected lowest-risk action
1768694743.076003,25.466666666666722,24.0,25.466666666666725,0.0,60.0,80.0,10.0,safe,60.0,80.0,10.0,25.466666666666725,Selected lowest-risk action
1768694743.280405,25.466666666666722,24.0,25.466666666666725,0.0,60.0,80.0,10.0,safe,60.0,80.0,10.0,25.466666666666725,Selected lowest-risk action
1768694743.485504,25.466666666666722,24.0,25.466666666666725,0.0,60.0,80.0,10.0,safe,60.0,80.0,10.0,25.466666666666725,Selected lowest-risk action
1768694743.690557,25.466666666666722,24.0,25.466666666666725,0.0,60.0,80.0,10.0,safe,60.0,80.0,10.0,25.466666666666725,Selected lowest-risk action
1768694743.8920808,25.466666666666722,24.0,25.466666666666725,0.0,60.0,80.0,10.0,safe,60.0,80.0,10.0,25.466666666666725,Selected lowest-risk action
1768694744.097195,25.466666666666722,24.0,25.466666666666725,0.0,60.0,80.0,10.0,safe,60.0,80.0,10.0,25.466666666666725,Selected lowest-risk action
1768694744.3022468,25.466666666666722,24.0,25.466666666666725,0.0,60.0,80.0,10.0,safe,60.0,80.0,10.0,25.466666666666725,Selected lowest-risk action
1768694744.504975,25.466666666666722,24.0,25.466666666666725,0.0,60.0,80.0,10.0,safe,60.0,80.0,10.0,25.466666666666725,Selected lowest-risk action
1768694744.7100239,25.466666666666722,24.0,25.466666666666725,0.0,60.0,80.0,10.0,safe,60.0,80.0,10.0,25.466666666666725,Selected lowest-risk action
1768694744.915144,25.466666666666722,24.0,25.466666666666725,0.0,60.0,80.0,10.0,safe,60.0,80.0,10.0,25.466666666666725,Selected lowest-risk action
1768694745.120189,25.466666666666722,24.0,25.466666666666725,0.0,60.0,80.0,10.0,safe,60.0,80.0,10.0,25.466666666666725,Selected lowest-risk action
1768694745.321304,25.466666666666722,24.0,25.466666666666725,0.0,60.0,80.0,10.0,safe,60.0,80.0,10.0,25.466666666666725,Selected lowest-risk action
1768694745.526361,25.466666666666722,24.0,25.466666666666725,0.0,60.0,80.0,10.0,safe,60.0,80.0,10.0,25.466666666666725,Selected lowest-risk action
1768694745.731463,25.466666666666722,24.0,25.466666666666725,0.0,60.0,80.0,10.0,safe,60.0,80.0,10.0,25.466666666666725,Selected lowest-risk action
1768694745.9365509,25.466666666666722,24.0,25.466666666666725,0.0,60.0,80.0,10.0,safe,60.0,80.0,10.0,25.466666666666725,Selected lowest-risk action
1768694746.136794,25.466666666666722,24.0,25.466666666666725,0.0,60.0,80.0,10.0,safe,60.0,80.0,10.0,25.466666666666725,Selected lowest-risk action
1768694746.3418381,25.466666666666722,24.0,25.466666666666725,0.0,60.0,80.0,10.0,safe,60.0,80.0,10.0,25.466666666666725,Selected lowest-risk action
1768694746.546947,25.466666666666722,24.0,25.466666666666725,0.0,60.0,80.0,10.0,safe,60.0,80.0,10.0,25.466666666666725,Selected lowest-risk action
1768694746.751105,25.466666666666722,24.0,25.466666666666725,0.0,60.0,80.0,10.0,safe,60.0,80.0,10.0,25.466666666666725,Selected lowest-risk action
1768694746.951296,25.466666666666722,24.0,25.466666666666725,0.0,60.0,80.0,10.0,safe,60.0,80.0,10.0,25.466666666666725,Selected lowest-risk action
1768694747.154222,25.466666666666722,24.0,25.466666666666725,0.0,60.0,80.0,10.0,safe,60.0,80.0,10.0,25.466666666666725,Selected lowest-risk action
1768694747.3552692,25.466666666666722,24.0,25.466666666666725,0.0,60.0,80.0,10.0,safe,60.0,80.0,10.0,25.466666666666725,Selected lowest-risk action
1768694747.5603142,25.466666666666722,24.0,25.466666666666725,0.0,60.0,80.0,10.0,safe,60.0,80.0,10.0,25.466666666666725,Selected lowest-risk action
1768694747.765355,25.466666666666722,24.0,25.466666666666725,0.0,60.0,80.0,10.0,safe,60.0,80.0,10.0,25.466666666666725,Selected lowest-risk action
1768694747.9703941,25.466666666666722,24.0,25.466666666666725,0.0,60.0,80.0,10.0,safe,60.0,80.0,10.0,25.466666666666725,Selected lowest-risk action
1768694748.175447,25.466666666666722,24.0,25.466666666666725,0.0,60.0,80.0,10.0,safe,60.0,80.0,10.0,25.466666666666725,Selected lowest-risk action
1768694748.380484,25.466666666666722,24.0,25.466666666666725,0.0,60.0,80.0,10.0,safe,60.0,80.0,10.0,25.466666666666725,Selected lowest-risk action
1768694748.585522,25.466666666666722,24.0,25.466666666666725,0.0,60.0,80.0,10.0,safe,60.0,80.0,10.0,25.466666666666725,Selected lowest-risk action
1768694748.790557,25.466666666666722,24.0,25.466666666666725,0.0,60.0,80.0,10.0,safe,60.0,80.0,10.0,25.466666666666725,Selected lowest-risk action
1768694748.995599,25.466666666666722,24.0,25.466666666666725,0.0,60.0,80.0,10.0,safe,60.0,80.0,10.0,25.466666666666725,Selected lowest-risk action
1768694749.200646,25.466666666666722,24.0,25.466666666666725,0.0,60.0,80.0,10.0,safe,60.0,80.0,10.0,25.466666666666725,Selected lowest-risk action
1768694749.405689,25.466666666666722,24.0,25.466666666666725,0.0,60.0,80.0,10.0,safe,60.0,80.0,10.0,25.466666666666725,Selected lowest-risk action
1768694749.60835,25.466666666666722,24.0,25.466666666666725,0.0,60.0,80.0,10.0,safe,60.0,80.0,10.0,25.466666666666725,Selected lowest-risk action
1768694749.8130612,25.466666666666722,24.0,25.466666666666725,0.0,60.0,80.0,10.0,safe,60.0,80.0,10.0,25.466666666666725,Selected lowest-risk action
1768694750.018124,25.466666666666722,24.0,25.466666666666725,0.0,60.0,80.0,10.0,safe,60.0,80.0,10.0,25.466666666666725,Selected lowest-risk action
1768694750.218488,25.466666666666722,24.0,25.466666666666725,0.0,60.0,80.0,10.0,safe,60.0,80.0,10.0,25.466666666666725,Selected lowest-risk action
1768694750.423452,25.466666666666722,24.0,25.466666666666725,0.0,60.0,80.0,10.0,safe,60.0,80.0,10.0,25.466666666666725,Selected lowest-risk action
1768694750.6250181,25.466666666666722,24.0,25.466666666666725,0.0,60.0,80.0,10.0,safe,60.0,80.0,10.0,25.466666666666725,Selected lowest-risk action
1768694750.825123,25.466666666666722,24.0,25.466666666666725,0.0,60.0,80.0,10.0,safe,60.0,80.0,10.0,25.466666666666725,Selected lowest-risk action
1768694751.028579,25.466666666666722,24.0,25.466666666666725,0.0,60.0,80.0,10.0,safe,60.0,80.0,10.0,25.466666666666725,Selected lowest-risk action
1768694751.2336378,25.466666666666722,24.0,25.466666666666725,0.0,60.0,80.0,10.0,safe,60.0,80.0,10.0,25.466666666666725,Selected lowest-risk action
1768694751.438689,25.466666666666722,24.0,25.466666666666725,0.0,60.0,80.0,10.0,safe,60.0,80.0,10.0,25.466666666666725,Selected lowest-risk action
1768694751.641768,25.466666666666722,24.0,25.466666666666725,0.0,60.0,80.0,10.0,safe,60.0,80.0,10.0,25.466666666666725,Selected lowest-risk action
1768694751.844865,25.466666666666722,24.0,25.466666666666725,0.0,60.0,80.0,10.0,safe,60.0,80.0,10.0,25.466666666666725,Selected lowest-risk action
1768694752.0499048,25.466666666666722,24.0,25.466666666666725,0.0,60.0,80.0,10.0,safe,60.0,80.0,10.0,25.466666666666725,Selected lowest-risk action
1768694752.2508318,25.466666666666722,24.0,25.466666666666725,0.0,60.0,80.0,10.0,safe,60.0,80.0,10.0,25.466666666666725,Selected lowest-risk action
1768694752.4510112,25.466666666666722,24.0,25.466666666666725,0.0,60.0,80.0,10.0,safe,60.0,80.0,10.0,25.466666666666725,Selected lowest-risk action
1768694752.6534872,25.466666666666722,24.0,25.466666666666725,0.0,60.0,80.0,10.0,safe,60.0,80.0,10.0,25.466666666666725,Selected lowest-risk action
1768694752.858526,25.466666666666722,24.0,25.466666666666725,0.0,60.0,80.0,10.0,safe,60.0,80.0,10.0,25.466666666666725,Selected lowest-risk action
1768694753.0635672,25.466666666666722,24.0,25.466666666666725,0.0,60.0,80.0,10.0,safe,60.0,80.0,10.0,25.466666666666725,Selected lowest-risk action
1768694753.268686,25.466666666666722,24.0,25.466666666666725,0.0,60.0,80.0,10.0,safe,60.0,80.0,10.0,25.466666666666725,Selected lowest-risk action
1768694753.4703841,25.466666666666722,24.0,25.466666666666725,0.0,60.0,80.0,10.0,safe,60.0,80.0,10.0,25.466666666666725,Selected lowest-risk action
1768694753.6750772,25.466666666666722,24.0,25.466666666666725,0.0,60.0,80.0,10.0,safe,60.0,80.0,10.0,25.466666666666725,Selected lowest-risk action
1768694753.880194,25.466666666666722,24.0,25.466666666666725,0.0,60.0,80.0,10.0,safe,60.0,80.0,10.0,25.466666666666725,Selected lowest-risk action
1768694754.085237,25.466666666666722,24.0,25.466666666666725,0.0,60.0,80.0,10.0,safe,60.0,80.0,10.0,25.466666666666725,Selected lowest-risk action
1768694754.290282,25.466666666666722,24.0,25.466666666666725,0.0,60.0,80.0,10.0,safe,60.0,80.0,10.0,25.466666666666725,Selected lowest-risk action
1768694754.491748,25.466666666666722,24.0,25.466666666666725,0.0,60.0,80.0,10.0,safe,60.0,80.0,10.0,25.466666666666725,Selected lowest-risk action
1768694754.69298,25.466666666666722,24.0,25.466666666666725,0.0,60.0,80.0,10.0,safe,60.0,80.0,10.0,25.466666666666725,Selected lowest-risk action
1768694754.898023,25.466666666666722,24.0,25.466666666666725,0.0,60.0,80.0,10.0,safe,60.0,80.0,10.0,25.466666666666725,Selected lowest-risk action
1768694755.103075,25.466666666666722,24.0,25.466666666666725,0.0,60.0,80.0,10.0,safe,60.0,80.0,10.0,25.466666666666725,Selected lowest-risk action
1768694755.303693,25.466666666666722,24.0,25.466666666666725,0.0,60.0,80.0,10.0,safe,60.0,80.0,10.0,25.466666666666725,Selected lowest-risk action
1768694755.508737,25.466666666666722,24.0,25.466666666666725,0.0,60.0,80.0,10.0,safe,60.0,80.0,10.0,25.466666666666725,Selected lowest-risk action
1768694755.7137768,25.466666666666722,24.0,25.466666666666725,0.0,60.0,80.0,10.0,safe,60.0,80.0,10.0,25.466666666666725,Selected lowest-risk action
1768694755.9188192,25.466666666666722,24.0,25.466666666666725,0.0,60.0,80.0,10.0,safe,60.0,80.0,10.0,25.466666666666725,Selected lowest-risk action
1768694756.123862,25.466666666666722,24.0,25.466666666666725,0.0,60.0,80.0,10.0,safe,60.0,80.0,10.0,25.466666666666725,Selected lowest-risk action
1768694756.3289669,25.466666666666722,24.0,25.466666666666725,0.0,60.0,80.0,10.0,safe,60.0,80.0,10.0,25.466666666666725,Selected lowest-risk action
1768694756.534013,25.466666666666722,24.0,25.466666666666725,0.0,60.0,80.0,10.0,safe,60.0,80.0,10.0,25.466666666666725,Selected lowest-risk action
1768694756.739059,25.466666666666722,24.0,25.466666666666725,0.0,60.0,80.0,10.0,safe,60.0,80.0,10.0,25.466666666666725,Selected lowest-risk action
1768694756.941767,25.466666666666722,24.0,25.466666666666725,0.0,60.0,80.0,10.0,safe,60.0,80.0,10.0,25.466666666666725,Selected lowest-risk action
1768694757.14681,25.466666666666722,24.0,25.466666666666725,0.0,60.0,80.0,10.0,safe,60.0,80.0,10.0,25.466666666666725,Selected lowest-risk action
1768694757.351857,25.466666666666722,24.0,25.466666666666725,0.0,60.0,80.0,10.0,safe,60.0,80.0,10.0,25.466666666666725,Selected lowest-risk action
1768694757.556902,25.466666666666722,24.0,25.466666666666725,0.0,60.0,80.0,10.0,safe,60.0,80.0,10.0,25.466666666666725,Selected lowest-risk action
1768694757.761945,25.466666666666722,24.0,25.466666666666725,0.0,60.0,80.0,10.0,safe,60.0,80.0,10.0,25.466666666666725,Selected lowest-risk action
1768694757.9669828,25.466666666666722,24.0,25.466666666666725,0.0,60.0,80.0,10.0,safe,60.0,80.0,10.0,25.466666666666725,Selected lowest-risk action
1768694758.172021,25.466666666666722,24.0,25.466666666666725,0.0,60.0,80.0,10.0,safe,60.0,80.0,10.0,25.466666666666725,Selected lowest-risk action
1768694758.3752372,25.466666666666722,24.0,25.466666666666725,0.0,60.0,80.0,10.0,safe,60.0,80.0,10.0,25.466666666666725,Selected lowest-risk action
1768694758.5802839,25.466666666666722,24.0,25.466666666666725,0.0,60.0,80.0,10.0,safe,60.0,80.0,10.0,25.466666666666725,Selected lowest-risk action
1768694758.7849689,25.466666666666722,24.0,25.466666666666725,0.0,60.0,80.0,10.0,safe,60.0,80.0,10.0,25.466666666666725,Selected lowest-risk action
1768694758.9873338,25.466666666666722,24.0,25.466666666666725,0.0,60.0,80.0,10.0,safe,60.0,80.0,10.0,25.466666666666725,Selected lowest-risk action
1768694759.191818,25.466666666666722,24.0,25.466666666666725,0.0,60.0,80.0,10.0,safe,60.0,80.0,10.0,25.466666666666725,Selected lowest-risk action
1768694759.396851,25.466666666666722,24.0,25.466666666666725,0.0,60.0,80.0,10.0,safe,60.0,80.0,10.0,25.466666666666725,Selected lowest-risk action
1768694759.601892,25.466666666666722,24.0,25.466666666666725,0.0,60.0,80.0,10.0,safe,60.0,80.0,10.0,25.466666666666725,Selected lowest-risk action
1768694759.806936,25.466666666666722,24.0,25.466666666666725,0.0,60.0,80.0,10.0,safe,60.0,80.0,10.0,25.466666666666725,Selected lowest-risk action
1768694760.0119958,25.466666666666722,24.0,25.466666666666725,0.0,60.0,80.0,10.0,safe,60.0,80.0,10.0,25.466666666666725,Selected lowest-risk action
1768694760.214887,25.466666666666722,24.0,25.466666666666725,0.0,60.0,80.0,10.0,safe,60.0,80.0,10.0,25.466666666666725,Selected lowest-risk action
1768694760.419989,25.466666666666722,24.0,25.466666666666725,0.0,60.0,80.0,10.0,safe,60.0,80.0,10.0,25.466666666666725,Selected lowest-risk action
1768694760.625041,25.466666666666722,24.0,25.466666666666725,0.0,60.0,80.0,10.0,safe,60.0,80.0,10.0,25.466666666666725,Selected lowest-risk action
1768694760.8251572,25.466666666666722,24.0,25.466666666666725,0.0,60.0,80.0,10.0,safe,60.0,80.0,10.0,25.466666666666725,Selected lowest-risk action
1768694761.0302238,25.466666666666722,24.0,25.466666666666725,0.0,60.0,80.0,10.0,safe,60.0,80.0,10.0,25.466666666666725,Selected lowest-risk action
1768694761.232076,25.466666666666722,24.0,25.466666666666725,0.0,60.0,80.0,10.0,safe,60.0,80.0,10.0,25.466666666666725,Selected lowest-risk action
1768694761.434348,25.466666666666722,24.0,25.466666666666725,0.0,60.0,80.0,10.0,safe,60.0,80.0,10.0,25.466666666666725,Selected lowest-risk action
1768694761.6390421,25.466666666666722,24.0,25.466666666666725,0.0,60.0,80.0,10.0,safe,60.0,80.0,10.0,25.466666666666725,Selected lowest-risk action
1768694761.8440871,25.466666666666722,24.0,25.466666666666725,0.0,60.0,80.0,10.0,safe,60.0,80.0,10.0,25.466666666666725,Selected lowest-risk action
1768694762.0491369,25.466666666666722,24.0,25.466666666666725,0.0,60.0,80.0,10.0,safe,60.0,80.0,10.0,25.466666666666725,Selected lowest-risk action
1768694762.2539132,25.466666666666722,24.0,25.466666666666725,0.0,60.0,80.0,10.0,safe,60.0,80.0,10.0,25.466666666666725,Selected lowest-risk action
1768694762.458486,25.466666666666722,24.0,25.466666666666725,0.0,60.0,80.0,10.0,safe,60.0,80.0,10.0,25.466666666666725,Selected lowest-risk action
1768694762.663532,25.466666666666722,24.0,25.466666666666725,0.0,60.0,80.0,10.0,safe,60.0,80.0,10.0,25.466666666666725,Selected lowest-risk action
1768694762.8658218,25.466666666666722,24.0,25.466666666666725,0.0,60.0,80.0,10.0,safe,60.0,80.0,10.0,25.466666666666725,Selected lowest-risk action
1768694763.070867,25.466666666666722,24.0,25.466666666666725,0.0,60.0,80.0,10.0,safe,60.0,80.0,10.0,25.466666666666725,Selected lowest-risk action
1768694763.275179,25.466666666666722,24.0,25.466666666666725,0.0,60.0,80.0,10.0,safe,60.0,80.0,10.0,25.466666666666725,Selected lowest-risk action
1768694763.480226,25.466666666666722,24.0,25.466666666666725,0.0,60.0,80.0,10.0,safe,60.0,80.0,10.0,25.466666666666725,Selected lowest-risk action
1768694763.682438,25.466666666666722,24.0,25.466666666666725,0.0,60.0,80.0,10.0,safe,60.0,80.0,10.0,25.466666666666725,Selected lowest-risk action
1768694763.8825521,25.466666666666722,24.0,25.466666666666725,0.0,60.0,80.0,10.0,safe,60.0,80.0,10.0,25.466666666666725,Selected lowest-risk action
1768694764.087593,25.466666666666722,24.0,25.466666666666725,0.0,60.0,80.0,10.0,safe,60.0,80.0,10.0,25.466666666666725,Selected lowest-risk action
1768694764.291776,25.466666666666722,24.0,25.466666666666725,0.0,60.0,80.0,10.0,safe,60.0,80.0,10.0,25.466666666666725,Selected lowest-risk action
1768694764.4918568,25.466666666666722,24.0,25.466666666666725,0.0,60.0,80.0,10.0,safe,60.0,80.0,10.0,25.466666666666725,Selected lowest-risk action
1768694764.696901,25.466666666666722,24.0,25.466666666666725,0.0,60.0,80.0,10.0,safe,60.0,80.0,10.0,25.466666666666725,Selected lowest-risk action
1768694764.8996868,25.466666666666722,24.0,25.466666666666725,0.0,60.0,80.0,10.0,safe,60.0,80.0,10.0,25.466666666666725,Selected lowest-risk action
1768694765.1047401,25.466666666666722,24.0,25.466666666666725,0.0,60.0,80.0,10.0,safe,60.0,80.0,10.0,25.466666666666725,Selected lowest-risk action
1768694765.3093069,25.466666666666722,24.0,25.466666666666725,0.0,60.0,80.0,10.0,safe,60.0,80.0,10.0,25.466666666666725,Selected lowest-risk action
1768694765.514208,25.466666666666722,24.0,25.466666666666725,0.0,60.0,80.0,10.0,safe,60.0,80.0,10.0,25.466666666666725,Selected lowest-risk action
1768694765.714966,25.466666666666722,24.0,25.466666666666725,0.0,60.0,80.0,10.0,safe,60.0,80.0,10.0,25.466666666666725,Selected lowest-risk action
1768694765.916372,25.466666666666722,24.0,25.466666666666725,0.0,60.0,80.0,10.0,safe,60.0,80.0,10.0,25.466666666666725,Selected lowest-risk action
1768694766.121418,25.466666666666722,24.0,25.466666666666725,0.0,60.0,80.0,10.0,safe,60.0,80.0,10.0,25.466666666666725,Selected lowest-risk action
1768694766.325264,25.466666666666722,24.0,25.466666666666725,0.0,60.0,80.0,10.0,safe,60.0,80.0,10.0,25.466666666666725,Selected lowest-risk action
1768694766.530318,25.466666666666722,24.0,25.466666666666725,0.0,60.0,80.0,10.0,safe,60.0,80.0,10.0,25.466666666666725,Selected lowest-risk action
1768694766.735362,25.466666666666722,24.0,25.466666666666725,0.0,60.0,80.0,10.0,safe,60.0,80.0,10.0,25.466666666666725,Selected lowest-risk action
1768694766.9363468,25.466666666666722,24.0,25.466666666666725,0.0,60.0,80.0,10.0,safe,60.0,80.0,10.0,25.466666666666725,Selected lowest-risk action
1768694767.137771,25.466666666666722,24.0,25.466666666666725,0.0,60.0,80.0,10.0,safe,60.0,80.0,10.0,25.466666666666725,Selected lowest-risk action
1768694767.342805,25.466666666666722,24.0,25.466666666666725,0.0,60.0,80.0,10.0,safe,60.0,80.0,10.0,25.466666666666725,Selected lowest-risk action
1768694767.542974,25.466666666666722,24.0,25.466666666666725,0.0,60.0,80.0,10.0,safe,60.0,80.0,10.0,25.466666666666725,Selected lowest-risk action
1768694767.7480168,25.466666666666722,24.0,25.466666666666725,0.0,60.0,80.0,10.0,safe,60.0,80.0,10.0,25.466666666666725,Selected lowest-risk action
1768694767.951638,25.466666666666722,24.0,25.466666666666725,0.0,60.0,80.0,10.0,safe,60.0,80.0,10.0,25.466666666666725,Selected lowest-risk action
1768694768.153405,25.466666666666722,24.0,25.466666666666725,0.0,60.0,80.0,10.0,safe,60.0,80.0,10.0,25.466666666666725,Selected lowest-risk action
1768694768.3544981,25.466666666666722,24.0,25.466666666666725,0.0,60.0,80.0,10.0,safe,60.0,80.0,10.0,25.466666666666725,Selected lowest-risk action
1768694768.559531,25.466666666666722,24.0,25.466666666666725,0.0,60.0,80.0,10.0,safe,60.0,80.0,10.0,25.466666666666725,Selected lowest-risk action
1768694768.764574,25.466666666666722,24.0,25.466666666666725,0.0,60.0,80.0,10.0,safe,60.0,80.0,10.0,25.466666666666725,Selected lowest-risk action
1768694768.966413,25.466666666666722,24.0,25.466666666666725,0.0,60.0,80.0,10.0,safe,60.0,80.0,10.0,25.466666666666725,Selected lowest-risk action
1768694769.167329,25.466666666666722,24.0,25.466666666666725,0.0,60.0,80.0,10.0,safe,60.0,80.0,10.0,25.466666666666725,Selected lowest-risk action
1768694769.3717492,25.466666666666722,24.0,25.466666666666725,0.0,60.0,80.0,10.0,safe,60.0,80.0,10.0,25.466666666666725,Selected lowest-risk action
1768694769.5732281,25.466666666666722,24.0,25.466666666666725,0.0,60.0,80.0,10.0,safe,60.0,80.0,10.0,25.466666666666725,Selected lowest-risk action
1768694769.778273,25.466666666666722,24.0,25.466666666666725,0.0,60.0,80.0,10.0,safe,60.0,80.0,10.0,25.466666666666725,Selected lowest-risk action
1768694769.9809432,25.466666666666722,24.0,25.466666666666725,0.0,60.0,80.0,10.0,safe,60.0,80.0,10.0,25.466666666666725,Selected lowest-risk action
1768694770.185977,25.466666666666722,24.0,25.466666666666725,0.0,60.0,80.0,10.0,safe,60.0,80.0,10.0,25.466666666666725,Selected lowest-risk action
1768694770.391021,25.466666666666722,24.0,25.466666666666725,0.0,60.0,80.0,10.0,safe,60.0,80.0,10.0,25.466666666666725,Selected lowest-risk action
1768694770.591903,25.466666666666722,24.0,25.466666666666725,0.0,60.0,80.0,10.0,safe,60.0,80.0,10.0,25.466666666666725,Selected lowest-risk action
1768694770.796948,25.466666666666722,24.0,25.466666666666725,0.0,60.0,80.0,10.0,safe,60.0,80.0,10.0,25.466666666666725,Selected lowest-risk action
1768694771.002008,25.466666666666722,24.0,25.466666666666725,0.0,60.0,80.0,10.0,safe,60.0,80.0,10.0,25.466666666666725,Selected lowest-risk action
1768694771.20444,25.466666666666722,24.0,25.466666666666725,0.0,60.0,80.0,10.0,safe,60.0,80.0,10.0,25.466666666666725,Selected lowest-risk action
1768694771.4095,25.466666666666722,24.0,25.466666666666725,0.0,60.0,80.0,10.0,safe,60.0,80.0,10.0,25.466666666666725,Selected lowest-risk action
1768694771.614549,25.466666666666722,24.0,25.466666666666725,0.0,60.0,80.0,10.0,safe,60.0,80.0,10.0,25.466666666666725,Selected lowest-risk action
1768694771.8185952,25.466666666666722,24.0,25.466666666666725,0.0,60.0,80.0,10.0,safe,60.0,80.0,10.0,25.466666666666725,Selected lowest-risk action
1768694772.023641,25.466666666666722,24.0,25.466666666666725,0.0,60.0,80.0,10.0,safe,60.0,80.0,10.0,25.466666666666725,Selected lowest-risk action
1768694772.226248,25.466666666666722,24.0,25.466666666666725,0.0,60.0,80.0,10.0,safe,60.0,80.0,10.0,25.466666666666725,Selected lowest-risk action
1768694772.426614,25.466666666666722,24.0,25.466666666666725,0.0,60.0,80.0,10.0,safe,60.0,80.0,10.0,25.466666666666725,Selected lowest-risk action
1768694772.6316621,25.466666666666722,24.0,25.466666666666725,0.0,60.0,80.0,10.0,safe,60.0,80.0,10.0,25.466666666666725,Selected lowest-risk action
1768694772.836689,25.466666666666722,24.0,25.466666666666725,0.0,60.0,80.0,10.0,safe,60.0,80.0,10.0,25.466666666666725,Selected lowest-risk action
1768694773.0373068,25.466666666666722,24.0,25.466666666666725,0.0,60.0,80.0,10.0,safe,60.0,80.0,10.0,25.466666666666725,Selected lowest-risk action
1768694773.2423282,25.466666666666722,24.0,25.466666666666725,0.0,60.0,80.0,10.0,safe,60.0,80.0,10.0,25.466666666666725,Selected lowest-risk action
1768694773.444875,25.466666666666722,24.0,25.466666666666725,0.0,60.0,80.0,10.0,safe,60.0,80.0,10.0,25.466666666666725,Selected lowest-risk action
1768694773.650041,25.466666666666722,24.0,25.466666666666725,0.0,60.0,80.0,10.0,safe,60.0,80.0,10.0,25.466666666666725,Selected lowest-risk action
1768694773.855093,25.466666666666722,24.0,25.466666666666725,0.0,60.0,80.0,10.0,safe,60.0,80.0,10.0,25.466666666666725,Selected lowest-risk action
1768694774.0584269,25.466666666666722,24.0,25.466666666666725,0.0,60.0,80.0,10.0,safe,60.0,80.0,10.0,25.466666666666725,Selected lowest-risk action
1768694774.2586439,25.466666666666722,24.0,25.466666666666725,0.0,60.0,80.0,10.0,safe,60.0,80.0,10.0,25.466666666666725,Selected lowest-risk action
1768694774.459392,25.466666666666722,24.0,25.466666666666725,0.0,60.0,80.0,10.0,safe,60.0,80.0,10.0,25.466666666666725,Selected lowest-risk action
1768694774.6644402,25.466666666666722,24.0,25.466666666666725,0.0,60.0,80.0,10.0,safe,60.0,80.0,10.0,25.466666666666725,Selected lowest-risk action
1768694774.868876,25.466666666666722,24.0,25.466666666666725,0.0,60.0,80.0,10.0,safe,60.0,80.0,10.0,25.466666666666725,Selected lowest-risk action
1768694775.073921,25.466666666666722,24.0,25.466666666666725,0.0,60.0,80.0,10.0,safe,60.0,80.0,10.0,25.466666666666725,Selected lowest-risk action
1768694775.276331,25.466666666666722,24.0,25.466666666666725,0.0,60.0,80.0,10.0,safe,60.0,80.0,10.0,25.466666666666725,Selected lowest-risk action
1768694775.479292,25.466666666666722,24.0,25.466666666666725,0.0,60.0,80.0,10.0,safe,60.0,80.0,10.0,25.466666666666725,Selected lowest-risk action
1768694775.68257,25.466666666666722,24.0,25.466666666666725,0.0,60.0,80.0,10.0,safe,60.0,80.0,10.0,25.466666666666725,Selected lowest-risk action
1768694775.885396,25.466666666666722,24.0,25.466666666666725,0.0,60.0,80.0,10.0,safe,60.0,80.0,10.0,25.466666666666725,Selected lowest-risk action
1768694776.08629,25.466666666666722,24.0,25.466666666666725,0.0,60.0,80.0,10.0,safe,60.0,80.0,10.0,25.466666666666725,Selected lowest-risk action
1768694776.2913458,25.466666666666722,24.0,25.466666666666725,0.0,60.0,80.0,10.0,safe,60.0,80.0,10.0,25.466666666666725,Selected lowest-risk action
1768694776.4963892,25.466666666666722,24.0,25.466666666666725,0.0,60.0,80.0,10.0,safe,60.0,80.0,10.0,25.466666666666725,Selected lowest-risk action
1768694776.701439,25.466666666666722,24.0,25.466666666666725,0.0,60.0,80.0,10.0,safe,60.0,80.0,10.0,25.466666666666725,Selected lowest-risk action
1768694776.903507,25.466666666666722,24.0,25.466666666666725,0.0,60.0,80.0,10.0,safe,60.0,80.0,10.0,25.466666666666725,Selected lowest-risk action
1768694777.108574,25.466666666666722,24.0,25.466666666666725,0.0,60.0,80.0,10.0,safe,60.0,80.0,10.0,25.466666666666725,Selected lowest-risk action
1768694777.313604,25.466666666666722,24.0,25.466666666666725,0.0,60.0,80.0,10.0,safe,60.0,80.0,10.0,25.466666666666725,Selected lowest-risk action
1768694777.518642,25.466666666666722,24.0,25.466666666666725,0.0,60.0,80.0,10.0,safe,60.0,80.0,10.0,25.466666666666725,Selected lowest-risk action
1768694777.723684,25.466666666666722,24.0,25.466666666666725,0.0,60.0,80.0,10.0,safe,60.0,80.0,10.0,25.466666666666725,Selected lowest-risk action
1768694777.928715,25.466666666666722,24.0,25.466666666666725,0.0,60.0,80.0,10.0,safe,60.0,80.0,10.0,25.466666666666725,Selected lowest-risk action
1768694778.1337569,25.466666666666722,24.0,25.466666666666725,0.0,60.0,80.0,10.0,safe,60.0,80.0,10.0,25.466666666666725,Selected lowest-risk action
1768694778.33504,25.466666666666722,24.0,25.466666666666725,0.0,60.0,80.0,10.0,safe,60.0,80.0,10.0,25.466666666666725,Selected lowest-risk action
1768694778.538197,25.466666666666722,24.0,25.466666666666725,0.0,60.0,80.0,10.0,safe,60.0,80.0,10.0,25.466666666666725,Selected lowest-risk action
1768694778.742016,25.466666666666722,24.0,25.466666666666725,0.0,60.0,80.0,10.0,safe,60.0,80.0,10.0,25.466666666666725,Selected lowest-risk action
1768694778.945123,25.466666666666722,24.0,25.466666666666725,0.0,60.0,80.0,10.0,safe,60.0,80.0,10.0,25.466666666666725,Selected lowest-risk action
1768694779.14656,25.466666666666722,24.0,25.466666666666725,0.0,60.0,80.0,10.0,safe,60.0,80.0,10.0,25.466666666666725,Selected lowest-risk action
1768694779.351604,25.466666666666722,24.0,25.466666666666725,0.0,60.0,80.0,10.0,safe,60.0,80.0,10.0,25.466666666666725,Selected lowest-risk action
1768694779.556513,25.466666666666722,24.0,25.466666666666725,0.0,60.0,80.0,10.0,safe,60.0,80.0,10.0,25.466666666666725,Selected lowest-risk action
1768694779.758692,25.466666666666722,24.0,25.466666666666725,0.0,60.0,80.0,10.0,safe,60.0,80.0,10.0,25.466666666666725,Selected lowest-risk action
1768694779.963754,25.466666666666722,24.0,25.466666666666725,0.0,60.0,80.0,10.0,safe,60.0,80.0,10.0,25.466666666666725,Selected lowest-risk action
1768694780.168799,25.466666666666722,24.0,25.466666666666725,0.0,60.0,80.0,10.0,safe,60.0,80.0,10.0,25.466666666666725,Selected lowest-risk action
1768694780.373853,25.466666666666722,24.0,25.466666666666725,0.0,60.0,80.0,10.0,safe,60.0,80.0,10.0,25.466666666666725,Selected lowest-risk action
1768694780.576601,25.466666666666722,24.0,25.466666666666725,0.0,60.0,80.0,10.0,safe,60.0,80.0,10.0,25.466666666666725,Selected lowest-risk action
1768694780.7784488,25.466666666666722,24.0,25.466666666666725,0.0,60.0,80.0,10.0,safe,60.0,80.0,10.0,25.466666666666725,Selected lowest-risk action
1768694780.983546,25.466666666666722,24.0,25.466666666666725,0.0,60.0,80.0,10.0,safe,60.0,80.0,10.0,25.466666666666725,Selected lowest-risk action
1768694781.188596,25.466666666666722,24.0,25.466666666666725,0.0,60.0,80.0,10.0,safe,60.0,80.0,10.0,25.466666666666725,Selected lowest-risk action
1768694781.3920481,25.466666666666722,24.0,25.466666666666725,0.0,60.0,80.0,10.0,safe,60.0,80.0,10.0,25.466666666666725,Selected lowest-risk action
1768694781.592298,25.466666666666722,24.0,25.466666666666725,0.0,60.0,80.0,10.0,safe,60.0,80.0,10.0,25.466666666666725,Selected lowest-risk action
1768694781.7948108,25.466666666666722,24.0,25.466666666666725,0.0,60.0,80.0,10.0,safe,60.0,80.0,10.0,25.466666666666725,Selected lowest-risk action
1768694781.9998589,25.466666666666722,24.0,25.466666666666725,0.0,60.0,80.0,10.0,safe,60.0,80.0,10.0,25.466666666666725,Selected lowest-risk action
1768694782.204054,25.466666666666722,24.0,25.466666666666725,0.0,60.0,80.0,10.0,safe,60.0,80.0,10.0,25.466666666666725,Selected lowest-risk action
1768694782.4061818,25.466666666666722,24.0,25.466666666666725,0.0,60.0,80.0,10.0,safe,60.0,80.0,10.0,25.466666666666725,Selected lowest-risk action
1768694782.608752,25.466666666666722,24.0,25.466666666666725,0.0,60.0,80.0,10.0,safe,60.0,80.0,10.0,25.466666666666725,Selected lowest-risk action
1768694782.8111749,25.466666666666722,24.0,25.466666666666725,0.0,60.0,80.0,10.0,safe,60.0,80.0,10.0,25.466666666666725,Selected lowest-risk action
1768694783.011864,25.466666666666722,24.0,25.466666666666725,0.0,60.0,80.0,10.0,safe,60.0,80.0,10.0,25.466666666666725,Selected lowest-risk action
1768694783.2144718,25.466666666666722,24.0,25.466666666666725,0.0,60.0,80.0,10.0,safe,60.0,80.0,10.0,25.466666666666725,Selected lowest-risk action
1768694783.4195101,25.466666666666722,24.0,25.466666666666725,0.0,60.0,80.0,10.0,safe,60.0,80.0,10.0,25.466666666666725,Selected lowest-risk action
1768694783.6199539,25.466666666666722,24.0,25.466666666666725,0.0,60.0,80.0,10.0,safe,60.0,80.0,10.0,25.466666666666725,Selected lowest-risk action
1768694783.825003,25.466666666666722,24.0,25.466666666666725,0.0,60.0,80.0,10.0,safe,60.0,80.0,10.0,25.466666666666725,Selected lowest-risk action
1768694784.026714,25.466666666666722,24.0,25.466666666666725,0.0,60.0,80.0,10.0,safe,60.0,80.0,10.0,25.466666666666725,Selected lowest-risk action
1768694784.2309608,25.466666666666722,24.0,25.466666666666725,0.0,60.0,80.0,10.0,safe,60.0,80.0,10.0,25.466666666666725,Selected lowest-risk action
1768694784.435782,25.466666666666722,24.0,25.466666666666725,0.0,60.0,80.0,10.0,safe,60.0,80.0,10.0,25.466666666666725,Selected lowest-risk action
1768694784.6408372,25.466666666666722,24.0,25.466666666666725,0.0,60.0,80.0,10.0,safe,60.0,80.0,10.0,25.466666666666725,Selected lowest-risk action
1768694784.843157,25.466666666666722,24.0,25.466666666666725,0.0,60.0,80.0,10.0,safe,60.0,80.0,10.0,25.466666666666725,Selected lowest-risk action
1768694785.048191,25.466666666666722,24.0,25.466666666666725,0.0,60.0,80.0,10.0,safe,60.0,80.0,10.0,25.466666666666725,Selected lowest-risk action
1768694785.253237,25.466666666666722,24.0,25.466666666666725,0.0,60.0,80.0,10.0,safe,60.0,80.0,10.0,25.466666666666725,Selected lowest-risk action
1768694785.458282,25.466666666666722,24.0,25.466666666666725,0.0,60.0,80.0,10.0,safe,60.0,80.0,10.0,25.466666666666725,Selected lowest-risk action
1768694785.658761,25.466666666666722,24.0,25.466666666666725,0.0,60.0,80.0,10.0,safe,60.0,80.0,10.0,25.466666666666725,Selected lowest-risk action
1768694785.863817,25.466666666666722,24.0,25.466666666666725,0.0,60.0,80.0,10.0,safe,60.0,80.0,10.0,25.466666666666725,Selected lowest-risk action
1768694786.067322,25.466666666666722,24.0,25.466666666666725,0.0,60.0,80.0,10.0,safe,60.0,80.0,10.0,25.466666666666725,Selected lowest-risk action
1768694786.272365,25.466666666666722,24.0,25.466666666666725,0.0,60.0,80.0,10.0,safe,60.0,80.0,10.0,25.466666666666725,Selected lowest-risk action
1768694786.4754229,25.466666666666722,24.0,25.466666666666725,0.0,60.0,80.0,10.0,safe,60.0,80.0,10.0,25.466666666666725,Selected lowest-risk action
1768694786.680468,25.466666666666722,24.0,25.466666666666725,0.0,60.0,80.0,10.0,safe,60.0,80.0,10.0,25.466666666666725,Selected lowest-risk action
1768694786.885516,25.466666666666722,24.0,25.466666666666725,0.0,60.0,80.0,10.0,safe,60.0,80.0,10.0,25.466666666666725,Selected lowest-risk action
1768694787.088823,25.466666666666722,24.0,25.466666666666725,0.0,60.0,80.0,10.0,safe,60.0,80.0,10.0,25.466666666666725,Selected lowest-risk action
1768694787.2928262,25.466666666666722,24.0,25.466666666666725,0.0,60.0,80.0,10.0,safe,60.0,80.0,10.0,25.466666666666725,Selected lowest-risk action
1768694787.497875,25.466666666666722,24.0,25.466666666666725,0.0,60.0,80.0,10.0,safe,60.0,80.0,10.0,25.466666666666725,Selected lowest-risk action
1768694787.7000651,25.466666666666722,24.0,25.466666666666725,0.0,60.0,80.0,10.0,safe,60.0,80.0,10.0,25.466666666666725,Selected lowest-risk action
1768694787.904503,25.466666666666722,24.0,25.466666666666725,0.0,60.0,80.0,10.0,safe,60.0,80.0,10.0,25.466666666666725,Selected lowest-risk action
1768694788.108778,25.466666666666722,24.0,25.466666666666725,0.0,60.0,80.0,10.0,safe,60.0,80.0,10.0,25.466666666666725,Selected lowest-risk action
1768694788.313813,25.466666666666722,24.0,25.466666666666725,0.0,60.0,80.0,10.0,safe,60.0,80.0,10.0,25.466666666666725,Selected lowest-risk action
1768694788.51886,25.466666666666722,24.0,25.466666666666725,0.0,60.0,80.0,10.0,safe,60.0,80.0,10.0,25.466666666666725,Selected lowest-risk action
1768694788.723904,25.466666666666722,24.0,25.466666666666725,0.0,60.0,80.0,10.0,safe,60.0,80.0,10.0,25.466666666666725,Selected lowest-risk action
1768694788.9254458,25.466666666666722,24.0,25.466666666666725,0.0,60.0,80.0,10.0,safe,60.0,80.0,10.0,25.466666666666725,Selected lowest-risk action
1768694789.128721,25.466666666666722,24.0,25.466666666666725,0.0,60.0,80.0,10.0,safe,60.0,80.0,10.0,25.466666666666725,Selected lowest-risk action
1768694789.33329,25.466666666666722,24.0,25.466666666666725,0.0,60.0,80.0,10.0,safe,60.0,80.0,10.0,25.466666666666725,Selected lowest-risk action
1768694789.537436,25.466666666666722,24.0,25.466666666666725,0.0,60.0,80.0,10.0,safe,60.0,80.0,10.0,25.466666666666725,Selected lowest-risk action
1768694789.740824,25.466666666666722,24.0,25.466666666666725,0.0,60.0,80.0,10.0,safe,60.0,80.0,10.0,25.466666666666725,Selected lowest-risk action
1768694789.945886,25.466666666666722,24.0,25.466666666666725,0.0,60.0,80.0,10.0,safe,60.0,80.0,10.0,25.466666666666725,Selected lowest-risk action
1768694790.150935,25.466666666666722,24.0,25.466666666666725,0.0,60.0,80.0,10.0,safe,60.0,80.0,10.0,25.466666666666725,Selected lowest-risk action
1768694790.3529541,25.466666666666722,24.0,25.466666666666725,0.0,60.0,80.0,10.0,safe,60.0,80.0,10.0,25.466666666666725,Selected lowest-risk action
1768694790.557717,25.466666666666722,24.0,25.466666666666725,0.0,60.0,80.0,10.0,safe,60.0,80.0,10.0,25.466666666666725,Selected lowest-risk action
1768694790.759706,25.466666666666722,24.0,25.466666666666725,0.0,60.0,80.0,10.0,safe,60.0,80.0,10.0,25.466666666666725,Selected lowest-risk action
1768694790.9647481,25.466666666666722,24.0,25.466666666666725,0.0,60.0,80.0,10.0,safe,60.0,80.0,10.0,25.466666666666725,Selected lowest-risk action
1768694791.169794,25.466666666666722,24.0,25.466666666666725,0.0,60.0,80.0,10.0,safe,60.0,80.0,10.0,25.466666666666725,Selected lowest-risk action
1768694791.374837,25.466666666666722,24.0,25.466666666666725,0.0,60.0,80.0,10.0,safe,60.0,80.0,10.0,25.466666666666725,Selected lowest-risk action
1768694791.575474,25.466666666666722,24.0,25.466666666666725,0.0,60.0,80.0,10.0,safe,60.0,80.0,10.0,25.466666666666725,Selected lowest-risk action
1768694791.780586,25.466666666666722,24.0,25.466666666666725,0.0,60.0,80.0,10.0,safe,60.0,80.0,10.0,25.466666666666725,Selected lowest-risk action
1768694791.984145,25.466666666666722,24.0,25.466666666666725,0.0,60.0,80.0,10.0,safe,60.0,80.0,10.0,25.466666666666725,Selected lowest-risk action
1768694792.189177,25.466666666666722,24.0,25.466666666666725,0.0,60.0,80.0,10.0,safe,60.0,80.0,10.0,25.466666666666725,Selected lowest-risk action
1768694792.390532,25.466666666666722,24.0,25.466666666666725,0.0,60.0,80.0,10.0,safe,60.0,80.0,10.0,25.466666666666725,Selected lowest-risk action
1768694792.595577,25.466666666666722,24.0,25.466666666666725,0.0,60.0,80.0,10.0,safe,60.0,80.0,10.0,25.466666666666725,Selected lowest-risk action
1768694792.800617,25.466666666666722,24.0,25.466666666666725,0.0,60.0,80.0,10.0,safe,60.0,80.0,10.0,25.466666666666725,Selected lowest-risk action
1768694793.0056581,25.466666666666722,24.0,25.466666666666725,0.0,60.0,80.0,10.0,safe,60.0,80.0,10.0,25.466666666666725,Selected lowest-risk action
1768694793.2107022,25.466666666666722,24.0,25.466666666666725,0.0,60.0,80.0,10.0,safe,60.0,80.0,10.0,25.466666666666725,Selected lowest-risk action
1768694793.415746,25.466666666666722,24.0,25.466666666666725,0.0,60.0,80.0,10.0,safe,60.0,80.0,10.0,25.466666666666725,Selected lowest-risk action
1768694793.620797,25.466666666666722,24.0,25.466666666666725,0.0,60.0,80.0,10.0,safe,60.0,80.0,10.0,25.466666666666725,Selected lowest-risk action
1768694793.8258402,25.466666666666722,24.0,25.466666666666725,0.0,60.0,80.0,10.0,safe,60.0,80.0,10.0,25.466666666666725,Selected lowest-risk action
1768694794.0308821,25.466666666666722,24.0,25.466666666666725,0.0,60.0,80.0,10.0,safe,60.0,80.0,10.0,25.466666666666725,Selected lowest-risk action
1768694794.235931,25.466666666666722,24.0,25.466666666666725,0.0,60.0,80.0,10.0,safe,60.0,80.0,10.0,25.466666666666725,Selected lowest-risk action
1768694794.440974,25.466666666666722,24.0,25.466666666666725,0.0,60.0,80.0,10.0,safe,60.0,80.0,10.0,25.466666666666725,Selected lowest-risk action
1768694794.646013,25.466666666666722,24.0,25.466666666666725,0.0,60.0,80.0,10.0,safe,60.0,80.0,10.0,25.466666666666725,Selected lowest-risk action
1768694794.851053,25.466666666666722,24.0,25.466666666666725,0.0,60.0,80.0,10.0,safe,60.0,80.0,10.0,25.466666666666725,Selected lowest-risk action
1768694795.0523589,25.466666666666722,24.0,25.466666666666725,0.0,60.0,80.0,10.0,safe,60.0,80.0,10.0,25.466666666666725,Selected lowest-risk action
1768694795.254167,25.466666666666722,24.0,25.466666666666725,0.0,60.0,80.0,10.0,safe,60.0,80.0,10.0,25.466666666666725,Selected lowest-risk action
1768694795.458508,25.466666666666722,24.0,25.466666666666725,0.0,60.0,80.0,10.0,safe,60.0,80.0,10.0,25.466666666666725,Selected lowest-risk action
1768694795.66357,25.466666666666722,24.0,25.466666666666725,0.0,60.0,80.0,10.0,safe,60.0,80.0,10.0,25.466666666666725,Selected lowest-risk action
1768694795.8666859,25.466666666666722,24.0,25.466666666666725,0.0,60.0,80.0,10.0,safe,60.0,80.0,10.0,25.466666666666725,Selected lowest-risk action
1768694796.0717251,25.466666666666722,24.0,25.466666666666725,0.0,60.0,80.0,10.0,safe,60.0,80.0,10.0,25.466666666666725,Selected lowest-risk action
1768694796.276775,25.466666666666722,24.0,25.466666666666725,0.0,60.0,80.0,10.0,safe,60.0,80.0,10.0,25.466666666666725,Selected lowest-risk action
1768694796.481825,25.466666666666722,24.0,25.466666666666725,0.0,60.0,80.0,10.0,safe,60.0,80.0,10.0,25.466666666666725,Selected lowest-risk action
1768694796.684206,25.466666666666722,24.0,25.466666666666725,0.0,60.0,80.0,10.0,safe,60.0,80.0,10.0,25.466666666666725,Selected lowest-risk action
1768694796.886039,25.466666666666722,24.0,25.466666666666725,0.0,60.0,80.0,10.0,safe,60.0,80.0,10.0,25.466666666666725,Selected lowest-risk action
1768694797.0868669,25.466666666666722,24.0,25.466666666666725,0.0,60.0,80.0,10.0,safe,60.0,80.0,10.0,25.466666666666725,Selected lowest-risk action
1768694797.289564,25.466666666666722,24.0,25.466666666666725,0.0,60.0,80.0,10.0,safe,60.0,80.0,10.0,25.466666666666725,Selected lowest-risk action
1768694797.492241,25.466666666666722,24.0,25.466666666666725,0.0,60.0,80.0,10.0,safe,60.0,80.0,10.0,25.466666666666725,Selected lowest-risk action
1768694797.697289,25.466666666666722,24.0,25.466666666666725,0.0,60.0,80.0,10.0,safe,60.0,80.0,10.0,25.466666666666725,Selected lowest-risk action
1768694797.901997,25.466666666666722,24.0,25.466666666666725,0.0,60.0,80.0,10.0,safe,60.0,80.0,10.0,25.466666666666725,Selected lowest-risk action
1768694798.1045089,25.466666666666722,24.0,25.466666666666725,0.0,60.0,80.0,10.0,safe,60.0,80.0,10.0,25.466666666666725,Selected lowest-risk action
1768694798.308896,25.466666666666722,24.0,25.466666666666725,0.0,60.0,80.0,10.0,safe,60.0,80.0,10.0,25.466666666666725,Selected lowest-risk action
1768694798.5135748,25.466666666666722,24.0,25.466666666666725,0.0,60.0,80.0,10.0,safe,60.0,80.0,10.0,25.466666666666725,Selected lowest-risk action
1768694798.7151308,25.466666666666722,24.0,25.466666666666725,0.0,60.0,80.0,10.0,safe,60.0,80.0,10.0,25.466666666666725,Selected lowest-risk action
1768694798.9201741,25.466666666666722,24.0,25.466666666666725,0.0,60.0,80.0,10.0,safe,60.0,80.0,10.0,25.466666666666725,Selected lowest-risk action
1768694799.121644,25.466666666666722,24.0,25.466666666666725,0.0,60.0,80.0,10.0,safe,60.0,80.0,10.0,25.466666666666725,Selected lowest-risk action
1768694799.3244631,25.466666666666722,24.0,25.466666666666725,0.0,60.0,80.0,10.0,safe,60.0,80.0,10.0,25.466666666666725,Selected lowest-risk action
1768694799.52879,25.466666666666722,24.0,25.466666666666725,0.0,60.0,80.0,10.0,safe,60.0,80.0,10.0,25.466666666666725,Selected lowest-risk action
1768694799.733818,25.466666666666722,24.0,25.466666666666725,0.0,60.0,80.0,10.0,safe,60.0,80.0,10.0,25.466666666666725,Selected lowest-risk action
1768694799.93887,25.466666666666722,24.0,25.466666666666725,0.0,60.0,80.0,10.0,safe,60.0,80.0,10.0,25.466666666666725,Selected lowest-risk action
1768694800.1439118,25.466666666666722,24.0,25.466666666666725,0.0,60.0,80.0,10.0,safe,60.0,80.0,10.0,25.466666666666725,Selected lowest-risk action
1768694800.348958,25.466666666666722,24.0,25.466666666666725,0.0,60.0,80.0,10.0,safe,60.0,80.0,10.0,25.466666666666725,Selected lowest-risk action
1768694800.552939,25.466666666666722,24.0,25.466666666666725,0.0,60.0,80.0,10.0,safe,60.0,80.0,10.0,25.466666666666725,Selected lowest-risk action
1768694800.7551,25.466666666666722,24.0,25.466666666666725,0.0,60.0,80.0,10.0,safe,60.0,80.0,10.0,25.466666666666725,Selected lowest-risk action
1768694800.958743,25.466666666666722,24.0,25.466666666666725,0.0,60.0,80.0,10.0,safe,60.0,80.0,10.0,25.466666666666725,Selected lowest-risk action
1768694801.158933,25.466666666666722,24.0,25.466666666666725,0.0,60.0,80.0,10.0,safe,60.0,80.0,10.0,25.466666666666725,Selected lowest-risk action
1768694801.359803,25.466666666666722,24.0,25.466666666666725,0.0,60.0,80.0,10.0,safe,60.0,80.0,10.0,25.466666666666725,Selected lowest-risk action
1768694801.564845,25.466666666666722,24.0,25.466666666666725,0.0,60.0,80.0,10.0,safe,60.0,80.0,10.0,25.466666666666725,Selected lowest-risk action
1768694801.766756,25.466666666666722,24.0,25.466666666666725,0.0,60.0,80.0,10.0,safe,60.0,80.0,10.0,25.466666666666725,Selected lowest-risk action
1768694801.967372,25.466666666666722,24.0,25.466666666666725,0.0,60.0,80.0,10.0,safe,60.0,80.0,10.0,25.466666666666725,Selected lowest-risk action
1768694802.172409,25.466666666666722,24.0,25.466666666666725,0.0,60.0,80.0,10.0,safe,60.0,80.0,10.0,25.466666666666725,Selected lowest-risk action
1768694802.376837,25.466666666666722,24.0,25.466666666666725,0.0,60.0,80.0,10.0,safe,60.0,80.0,10.0,25.466666666666725,Selected lowest-risk action
1768694802.581883,25.466666666666722,24.0,25.466666666666725,0.0,60.0,80.0,10.0,safe,60.0,80.0,10.0,25.466666666666725,Selected lowest-risk action
1768694802.784287,25.466666666666722,24.0,25.466666666666725,0.0,60.0,80.0,10.0,safe,60.0,80.0,10.0,25.466666666666725,Selected lowest-risk action
1768694802.98664,25.466666666666722,24.0,25.466666666666725,0.0,60.0,80.0,10.0,safe,60.0,80.0,10.0,25.466666666666725,Selected lowest-risk action
1768694803.1916852,25.466666666666722,24.0,25.466666666666725,0.0,60.0,80.0,10.0,safe,60.0,80.0,10.0,25.466666666666725,Selected lowest-risk action
1768694803.3967192,25.466666666666722,24.0,25.466666666666725,0.0,60.0,80.0,10.0,safe,60.0,80.0,10.0,25.466666666666725,Selected lowest-risk action
1768694803.6017568,25.466666666666722,24.0,25.466666666666725,0.0,60.0,80.0,10.0,safe,60.0,80.0,10.0,25.466666666666725,Selected lowest-risk action
1768694803.8067899,25.466666666666722,24.0,25.466666666666725,0.0,60.0,80.0,10.0,safe,60.0,80.0,10.0,25.466666666666725,Selected lowest-risk action
1768694804.011828,25.466666666666722,24.0,25.466666666666725,0.0,60.0,80.0,10.0,safe,60.0,80.0,10.0,25.466666666666725,Selected lowest-risk action
1768694804.216866,25.466666666666722,24.0,25.466666666666725,0.0,60.0,80.0,10.0,safe,60.0,80.0,10.0,25.466666666666725,Selected lowest-risk action
1768694804.4177878,25.466666666666722,24.0,25.466666666666725,0.0,60.0,80.0,10.0,safe,60.0,80.0,10.0,25.466666666666725,Selected lowest-risk action
1768694804.622814,25.466666666666722,24.0,25.466666666666725,0.0,60.0,80.0,10.0,safe,60.0,80.0,10.0,25.466666666666725,Selected lowest-risk action
1768694804.8278558,25.466666666666722,24.0,25.466666666666725,0.0,60.0,80.0,10.0,safe,60.0,80.0,10.0,25.466666666666725,Selected lowest-risk action
1768694805.032913,25.466666666666722,24.0,25.466666666666725,0.0,60.0,80.0,10.0,safe,60.0,80.0,10.0,25.466666666666725,Selected lowest-risk action
1768694805.237955,25.466666666666722,24.0,25.466666666666725,0.0,60.0,80.0,10.0,safe,60.0,80.0,10.0,25.466666666666725,Selected lowest-risk action
1768694805.442317,25.466666666666722,24.0,25.466666666666725,0.0,60.0,80.0,10.0,safe,60.0,80.0,10.0,25.466666666666725,Selected lowest-risk action
1768694805.647361,25.466666666666722,24.0,25.466666666666725,0.0,60.0,80.0,10.0,safe,60.0,80.0,10.0,25.466666666666725,Selected lowest-risk action
1768694805.8524039,25.466666666666722,24.0,25.466666666666725,0.0,60.0,80.0,10.0,safe,60.0,80.0,10.0,25.466666666666725,Selected lowest-risk action
1768694806.0574489,25.466666666666722,24.0,25.466666666666725,0.0,60.0,80.0,10.0,safe,60.0,80.0,10.0,25.466666666666725,Selected lowest-risk action
1768694806.257864,25.466666666666722,24.0,25.466666666666725,0.0,60.0,80.0,10.0,safe,60.0,80.0,10.0,25.466666666666725,Selected lowest-risk action
1768694806.461716,25.466666666666722,24.0,25.466666666666725,0.0,60.0,80.0,10.0,safe,60.0,80.0,10.0,25.466666666666725,Selected lowest-risk action
1768694806.6662002,25.466666666666722,24.0,25.466666666666725,0.0,60.0,80.0,10.0,safe,60.0,80.0,10.0,25.466666666666725,Selected lowest-risk action
1768694806.87077,25.466666666666722,24.0,25.466666666666725,0.0,60.0,80.0,10.0,safe,60.0,80.0,10.0,25.466666666666725,Selected lowest-risk action
1768694807.074774,25.466666666666722,24.0,25.466666666666725,0.0,60.0,80.0,10.0,safe,60.0,80.0,10.0,25.466666666666725,Selected lowest-risk action
1768694807.2794821,25.466666666666722,24.0,25.466666666666725,0.0,60.0,80.0,10.0,safe,60.0,80.0,10.0,25.466666666666725,Selected lowest-risk action
1768694807.480244,25.466666666666722,24.0,25.466666666666725,0.0,60.0,80.0,10.0,safe,60.0,80.0,10.0,25.466666666666725,Selected lowest-risk action
1768694807.685291,25.466666666666722,24.0,25.466666666666725,0.0,60.0,80.0,10.0,safe,60.0,80.0,10.0,25.466666666666725,Selected lowest-risk action
1768694807.8903239,25.466666666666722,24.0,25.466666666666725,0.0,60.0,80.0,10.0,safe,60.0,80.0,10.0,25.466666666666725,Selected lowest-risk action
1768694808.091326,25.466666666666722,24.0,25.466666666666725,0.0,60.0,80.0,10.0,safe,60.0,80.0,10.0,25.466666666666725,Selected lowest-risk action
1768694808.2945862,25.466666666666722,24.0,25.466666666666725,0.0,60.0,80.0,10.0,safe,60.0,80.0,10.0,25.466666666666725,Selected lowest-risk action
1768694808.499546,25.466666666666722,24.0,25.466666666666725,0.0,60.0,80.0,10.0,safe,60.0,80.0,10.0,25.466666666666725,Selected lowest-risk action
1768694808.704588,25.466666666666722,24.0,25.466666666666725,0.0,60.0,80.0,10.0,safe,60.0,80.0,10.0,25.466666666666725,Selected lowest-risk action
1768694808.909636,25.466666666666722,24.0,25.466666666666725,0.0,60.0,80.0,10.0,safe,60.0,80.0,10.0,25.466666666666725,Selected lowest-risk action
1768694809.114678,25.466666666666722,24.0,25.466666666666725,0.0,60.0,80.0,10.0,safe,60.0,80.0,10.0,25.466666666666725,Selected lowest-risk action
1768694809.319714,25.466666666666722,24.0,25.466666666666725,0.0,60.0,80.0,10.0,safe,60.0,80.0,10.0,25.466666666666725,Selected lowest-risk action
1768694809.5247612,25.466666666666722,24.0,25.466666666666725,0.0,60.0,80.0,10.0,safe,60.0,80.0,10.0,25.466666666666725,Selected lowest-risk action
1768694809.727823,25.466666666666722,24.0,25.466666666666725,0.0,60.0,80.0,10.0,safe,60.0,80.0,10.0,25.466666666666725,Selected lowest-risk action
1768694809.930918,25.466666666666722,24.0,25.466666666666725,0.0,60.0,80.0,10.0,safe,60.0,80.0,10.0,25.466666666666725,Selected lowest-risk action
1768694810.135966,25.466666666666722,24.0,25.466666666666725,0.0,60.0,80.0,10.0,safe,60.0,80.0,10.0,25.466666666666725,Selected lowest-risk action
1768694810.3376262,25.466666666666722,24.0,25.466666666666725,0.0,60.0,80.0,10.0,safe,60.0,80.0,10.0,25.466666666666725,Selected lowest-risk action
1768694810.538839,25.466666666666722,24.0,25.466666666666725,0.0,60.0,80.0,10.0,safe,60.0,80.0,10.0,25.466666666666725,Selected lowest-risk action
1768694810.743862,25.466666666666722,24.0,25.466666666666725,0.0,60.0,80.0,10.0,safe,60.0,80.0,10.0,25.466666666666725,Selected lowest-risk action
1768694810.944397,25.466666666666722,24.0,25.466666666666725,0.0,60.0,80.0,10.0,safe,60.0,80.0,10.0,25.466666666666725,Selected lowest-risk action
1768694811.149438,25.466666666666722,24.0,25.466666666666725,0.0,60.0,80.0,10.0,safe,60.0,80.0,10.0,25.466666666666725,Selected lowest-risk action
1768694811.354531,25.466666666666722,24.0,25.466666666666725,0.0,60.0,80.0,10.0,safe,60.0,80.0,10.0,25.466666666666725,Selected lowest-risk action
1768694811.559037,25.466666666666722,24.0,25.466666666666725,0.0,60.0,80.0,10.0,safe,60.0,80.0,10.0,25.466666666666725,Selected lowest-risk action
1768694811.764081,25.466666666666722,24.0,25.466666666666725,0.0,60.0,80.0,10.0,safe,60.0,80.0,10.0,25.466666666666725,Selected lowest-risk action
1768694811.969128,25.466666666666722,24.0,25.466666666666725,0.0,60.0,80.0,10.0,safe,60.0,80.0,10.0,25.466666666666725,Selected lowest-risk action
1768694812.1741729,25.466666666666722,24.0,25.466666666666725,0.0,60.0,80.0,10.0,safe,60.0,80.0,10.0,25.466666666666725,Selected lowest-risk action
1768694812.375734,25.466666666666722,24.0,25.466666666666725,0.0,60.0,80.0,10.0,safe,60.0,80.0,10.0,25.466666666666725,Selected lowest-risk action
1768694812.5807822,25.466666666666722,24.0,25.466666666666725,0.0,60.0,80.0,10.0,safe,60.0,80.0,10.0,25.466666666666725,Selected lowest-risk action
1768694812.783544,25.466666666666722,24.0,25.466666666666725,0.0,60.0,80.0,10.0,safe,60.0,80.0,10.0,25.466666666666725,Selected lowest-risk action
1768694812.98705,25.466666666666722,24.0,25.466666666666725,0.0,60.0,80.0,10.0,safe,60.0,80.0,10.0,25.466666666666725,Selected lowest-risk action
1768694813.192093,25.466666666666722,24.0,25.466666666666725,0.0,60.0,80.0,10.0,safe,60.0,80.0,10.0,25.466666666666725,Selected lowest-risk action
1768694813.3959339,25.466666666666722,24.0,25.466666666666725,0.0,60.0,80.0,10.0,safe,60.0,80.0,10.0,25.466666666666725,Selected lowest-risk action
1768694813.600964,25.466666666666722,24.0,25.466666666666725,0.0,60.0,80.0,10.0,safe,60.0,80.0,10.0,25.466666666666725,Selected lowest-risk action
1768694813.805994,25.466666666666722,24.0,25.466666666666725,0.0,60.0,80.0,10.0,safe,60.0,80.0,10.0,25.466666666666725,Selected lowest-risk action
1768694814.009082,25.466666666666722,24.0,25.466666666666725,0.0,60.0,80.0,10.0,safe,60.0,80.0,10.0,25.466666666666725,Selected lowest-risk action
1768694814.2121542,25.466666666666722,24.0,25.466666666666725,0.0,60.0,80.0,10.0,safe,60.0,80.0,10.0,25.466666666666725,Selected lowest-risk action
1768694814.4162738,25.466666666666722,24.0,25.466666666666725,0.0,60.0,80.0,10.0,safe,60.0,80.0,10.0,25.466666666666725,Selected lowest-risk action
1768694814.621322,25.466666666666722,24.0,25.466666666666725,0.0,60.0,80.0,10.0,safe,60.0,80.0,10.0,25.466666666666725,Selected lowest-risk action
1768694814.82573,25.466666666666722,24.0,25.466666666666725,0.0,60.0,80.0,10.0,safe,60.0,80.0,10.0,25.466666666666725,Selected lowest-risk action
1768694815.027023,25.466666666666722,24.0,25.466666666666725,0.0,60.0,80.0,10.0,safe,60.0,80.0,10.0,25.466666666666725,Selected lowest-risk action
1768694815.232063,25.466666666666722,24.0,25.466666666666725,0.0,60.0,80.0,10.0,safe,60.0,80.0,10.0,25.466666666666725,Selected lowest-risk action
1768694815.434793,25.466666666666722,24.0,25.466666666666725,0.0,60.0,80.0,10.0,safe,60.0,80.0,10.0,25.466666666666725,Selected lowest-risk action
1768694815.636658,25.466666666666722,24.0,25.466666666666725,0.0,60.0,80.0,10.0,safe,60.0,80.0,10.0,25.466666666666725,Selected lowest-risk action
1768694815.841281,25.466666666666722,24.0,25.466666666666725,0.0,60.0,80.0,10.0,safe,60.0,80.0,10.0,25.466666666666725,Selected lowest-risk action
1768694816.042433,25.466666666666722,24.0,25.466666666666725,0.0,60.0,80.0,10.0,safe,60.0,80.0,10.0,25.466666666666725,Selected lowest-risk action
1768694816.2474759,25.466666666666722,24.0,25.466666666666725,0.0,60.0,80.0,10.0,safe,60.0,80.0,10.0,25.466666666666725,Selected lowest-risk action
1768694816.4525151,25.466666666666722,24.0,25.466666666666725,0.0,60.0,80.0,10.0,safe,60.0,80.0,10.0,25.466666666666725,Selected lowest-risk action
1768694816.65754,25.466666666666722,24.0,25.466666666666725,0.0,60.0,80.0,10.0,safe,60.0,80.0,10.0,25.466666666666725,Selected lowest-risk action
1768694816.860513,25.466666666666722,24.0,25.466666666666725,0.0,60.0,80.0,10.0,safe,60.0,80.0,10.0,25.466666666666725,Selected lowest-risk action
1768694817.06554,25.466666666666722,24.0,25.466666666666725,0.0,60.0,80.0,10.0,safe,60.0,80.0,10.0,25.466666666666725,Selected lowest-risk action
1768694817.268008,25.466666666666722,24.0,25.466666666666725,0.0,60.0,80.0,10.0,safe,60.0,80.0,10.0,25.466666666666725,Selected lowest-risk action
1768694817.473043,25.466666666666722,24.0,25.466666666666725,0.0,60.0,80.0,10.0,safe,60.0,80.0,10.0,25.466666666666725,Selected lowest-risk action
1768694817.6780841,25.466666666666722,24.0,25.466666666666725,0.0,60.0,80.0,10.0,safe,60.0,80.0,10.0,25.466666666666725,Selected lowest-risk action
1768694817.8831081,25.466666666666722,24.0,25.466666666666725,0.0,60.0,80.0,10.0,safe,60.0,80.0,10.0,25.466666666666725,Selected lowest-risk action
1768694818.0881548,25.466666666666722,24.0,25.466666666666725,0.0,60.0,80.0,10.0,safe,60.0,80.0,10.0,25.466666666666725,Selected lowest-risk action
1768694818.293196,25.466666666666722,24.0,25.466666666666725,0.0,60.0,80.0,10.0,safe,60.0,80.0,10.0,25.466666666666725,Selected lowest-risk action
1768694818.498241,25.466666666666722,24.0,25.466666666666725,0.0,60.0,80.0,10.0,safe,60.0,80.0,10.0,25.466666666666725,Selected lowest-risk action
1768694818.703348,25.466666666666722,24.0,25.466666666666725,0.0,60.0,80.0,10.0,safe,60.0,80.0,10.0,25.466666666666725,Selected lowest-risk action
1768694818.904181,25.466666666666722,24.0,25.466666666666725,0.0,60.0,80.0,10.0,safe,60.0,80.0,10.0,25.466666666666725,Selected lowest-risk action
1768694819.1091259,25.466666666666722,24.0,25.466666666666725,0.0,60.0,80.0,10.0,safe,60.0,80.0,10.0,25.466666666666725,Selected lowest-risk action
1768694819.3120499,25.466666666666722,24.0,25.466666666666725,0.0,60.0,80.0,10.0,safe,60.0,80.0,10.0,25.466666666666725,Selected lowest-risk action
1768694819.516958,25.466666666666722,24.0,25.466666666666725,0.0,60.0,80.0,10.0,safe,60.0,80.0,10.0,25.466666666666725,Selected lowest-risk action
1768694819.721323,25.466666666666722,24.0,25.466666666666725,0.0,60.0,80.0,10.0,safe,60.0,80.0,10.0,25.466666666666725,Selected lowest-risk action
1768694819.926368,25.466666666666722,24.0,25.466666666666725,0.0,60.0,80.0,10.0,safe,60.0,80.0,10.0,25.466666666666725,Selected lowest-risk action
1768694820.131414,25.466666666666722,24.0,25.466666666666725,0.0,60.0,80.0,10.0,safe,60.0,80.0,10.0,25.466666666666725,Selected lowest-risk action
1768694820.333127,25.466666666666722,24.0,25.466666666666725,0.0,60.0,80.0,10.0,safe,60.0,80.0,10.0,25.466666666666725,Selected lowest-risk action
1768694820.534464,25.466666666666722,24.0,25.466666666666725,0.0,60.0,80.0,10.0,safe,60.0,80.0,10.0,25.466666666666725,Selected lowest-risk action
1768694820.73951,25.466666666666722,24.0,25.466666666666725,0.0,60.0,80.0,10.0,safe,60.0,80.0,10.0,25.466666666666725,Selected lowest-risk action
1768694820.944221,25.466666666666722,24.0,25.466666666666725,0.0,60.0,80.0,10.0,safe,60.0,80.0,10.0,25.466666666666725,Selected lowest-risk action
1768694821.149277,25.466666666666722,24.0,25.466666666666725,0.0,60.0,80.0,10.0,safe,60.0,80.0,10.0,25.466666666666725,Selected lowest-risk action
1768694821.349807,25.466666666666722,24.0,25.466666666666725,0.0,60.0,80.0,10.0,safe,60.0,80.0,10.0,25.466666666666725,Selected lowest-risk action
1768694821.554847,25.466666666666722,24.0,25.466666666666725,0.0,60.0,80.0,10.0,safe,60.0,80.0,10.0,25.466666666666725,Selected lowest-risk action
1768694821.759568,25.466666666666722,24.0,25.466666666666725,0.0,60.0,80.0,10.0,safe,60.0,80.0,10.0,25.466666666666725,Selected lowest-risk action
1768694821.963116,25.466666666666722,24.0,25.466666666666725,0.0,60.0,80.0,10.0,safe,60.0,80.0,10.0,25.466666666666725,Selected lowest-risk action
1768694822.1669812,25.466666666666722,24.0,25.466666666666725,0.0,60.0,80.0,10.0,safe,60.0,80.0,10.0,25.466666666666725,Selected lowest-risk action
1768694822.3720262,25.466666666666722,24.0,25.466666666666725,0.0,60.0,80.0,10.0,safe,60.0,80.0,10.0,25.466666666666725,Selected lowest-risk action
1768694822.576464,25.466666666666722,24.0,25.466666666666725,0.0,60.0,80.0,10.0,safe,60.0,80.0,10.0,25.466666666666725,Selected lowest-risk action
1768694822.781149,25.466666666666722,24.0,25.466666666666725,0.0,60.0,80.0,10.0,safe,60.0,80.0,10.0,25.466666666666725,Selected lowest-risk action
1768694822.98321,25.466666666666722,24.0,25.466666666666725,0.0,60.0,80.0,10.0,safe,60.0,80.0,10.0,25.466666666666725,Selected lowest-risk action
1768694823.188261,25.466666666666722,24.0,25.466666666666725,0.0,60.0,80.0,10.0,safe,60.0,80.0,10.0,25.466666666666725,Selected lowest-risk action
1768694823.3933,25.466666666666722,24.0,25.466666666666725,0.0,60.0,80.0,10.0,safe,60.0,80.0,10.0,25.466666666666725,Selected lowest-risk action
1768694823.5956638,25.466666666666722,24.0,25.466666666666725,0.0,60.0,80.0,10.0,safe,60.0,80.0,10.0,25.466666666666725,Selected lowest-risk action
1768694823.800708,25.466666666666722,24.0,25.466666666666725,0.0,60.0,80.0,10.0,safe,60.0,80.0,10.0,25.466666666666725,Selected lowest-risk action
1768694824.003822,25.466666666666722,24.0,25.466666666666725,0.0,60.0,80.0,10.0,safe,60.0,80.0,10.0,25.466666666666725,Selected lowest-risk action
1768694824.204936,25.466666666666722,24.0,25.466666666666725,0.0,60.0,80.0,10.0,safe,60.0,80.0,10.0,25.466666666666725,Selected lowest-risk action
1768694824.408193,25.466666666666722,24.0,25.466666666666725,0.0,60.0,80.0,10.0,safe,60.0,80.0,10.0,25.466666666666725,Selected lowest-risk action
1768694824.609159,25.466666666666722,24.0,25.466666666666725,0.0,60.0,80.0,10.0,safe,60.0,80.0,10.0,25.466666666666725,Selected lowest-risk action
1768694824.8142002,25.466666666666722,24.0,25.466666666666725,0.0,60.0,80.0,10.0,safe,60.0,80.0,10.0,25.466666666666725,Selected lowest-risk action
1768694825.014265,25.466666666666722,24.0,25.466666666666725,0.0,60.0,80.0,10.0,safe,60.0,80.0,10.0,25.466666666666725,Selected lowest-risk action
1768694825.219306,25.466666666666722,24.0,25.466666666666725,0.0,60.0,80.0,10.0,safe,60.0,80.0,10.0,25.466666666666725,Selected lowest-risk action
1768694825.4196422,25.466666666666722,24.0,25.466666666666725,0.0,60.0,80.0,10.0,safe,60.0,80.0,10.0,25.466666666666725,Selected lowest-risk action
1768694825.624751,25.466666666666722,24.0,25.466666666666725,0.0,60.0,80.0,10.0,safe,60.0,80.0,10.0,25.466666666666725,Selected lowest-risk action
1768694825.8285508,25.466666666666722,24.0,25.466666666666725,0.0,60.0,80.0,10.0,safe,60.0,80.0,10.0,25.466666666666725,Selected lowest-risk action
1768694826.0310762,25.466666666666722,24.0,25.466666666666725,0.0,60.0,80.0,10.0,safe,60.0,80.0,10.0,25.466666666666725,Selected lowest-risk action
1768694826.2361221,25.466666666666722,24.0,25.466666666666725,0.0,60.0,80.0,10.0,safe,60.0,80.0,10.0,25.466666666666725,Selected lowest-risk action
1768694826.4411688,25.466666666666722,24.0,25.466666666666725,0.0,60.0,80.0,10.0,safe,60.0,80.0,10.0,25.466666666666725,Selected lowest-risk action
1768694826.6425111,25.466666666666722,24.0,25.466666666666725,0.0,60.0,80.0,10.0,safe,60.0,80.0,10.0,25.466666666666725,Selected lowest-risk action
1768694826.847557,25.466666666666722,24.0,25.466666666666725,0.0,60.0,80.0,10.0,safe,60.0,80.0,10.0,25.466666666666725,Selected lowest-risk action
1768694827.052613,25.466666666666722,24.0,25.466666666666725,0.0,60.0,80.0,10.0,safe,60.0,80.0,10.0,25.466666666666725,Selected lowest-risk action
1768694827.253834,25.466666666666722,24.0,25.466666666666725,0.0,60.0,80.0,10.0,safe,60.0,80.0,10.0,25.466666666666725,Selected lowest-risk action
1768694827.455232,25.466666666666722,24.0,25.466666666666725,0.0,60.0,80.0,10.0,safe,60.0,80.0,10.0,25.466666666666725,Selected lowest-risk action
1768694827.6591969,25.466666666666722,24.0,25.466666666666725,0.0,60.0,80.0,10.0,safe,60.0,80.0,10.0,25.466666666666725,Selected lowest-risk action
1768694827.864227,25.466666666666722,24.0,25.466666666666725,0.0,60.0,80.0,10.0,safe,60.0,80.0,10.0,25.466666666666725,Selected lowest-risk action
1768694828.066544,25.466666666666722,24.0,25.466666666666725,0.0,60.0,80.0,10.0,safe,60.0,80.0,10.0,25.466666666666725,Selected lowest-risk action
1768694828.270706,25.466666666666722,24.0,25.466666666666725,0.0,60.0,80.0,10.0,safe,60.0,80.0,10.0,25.466666666666725,Selected lowest-risk action
1768694828.472054,25.466666666666722,24.0,25.466666666666725,0.0,60.0,80.0,10.0,safe,60.0,80.0,10.0,25.466666666666725,Selected lowest-risk action
1768694828.677082,25.466666666666722,24.0,25.466666666666725,0.0,60.0,80.0,10.0,safe,60.0,80.0,10.0,25.466666666666725,Selected lowest-risk action
1768694828.882129,25.466666666666722,24.0,25.466666666666725,0.0,60.0,80.0,10.0,safe,60.0,80.0,10.0,25.466666666666725,Selected lowest-risk action
1768694829.087167,25.466666666666722,24.0,25.466666666666725,0.0,60.0,80.0,10.0,safe,60.0,80.0,10.0,25.466666666666725,Selected lowest-risk action
1768694829.292214,25.466666666666722,24.0,25.466666666666725,0.0,60.0,80.0,10.0,safe,60.0,80.0,10.0,25.466666666666725,Selected lowest-risk action
1768694829.497257,25.466666666666722,24.0,25.466666666666725,0.0,60.0,80.0,10.0,safe,60.0,80.0,10.0,25.466666666666725,Selected lowest-risk action
1768694829.702303,25.466666666666722,24.0,25.466666666666725,0.0,60.0,80.0,10.0,safe,60.0,80.0,10.0,25.466666666666725,Selected lowest-risk action
1768694829.903299,25.466666666666722,24.0,25.466666666666725,0.0,60.0,80.0,10.0,safe,60.0,80.0,10.0,25.466666666666725,Selected lowest-risk action
1768694830.1066618,25.466666666666722,24.0,25.466666666666725,0.0,60.0,80.0,10.0,safe,60.0,80.0,10.0,25.466666666666725,Selected lowest-risk action
1768694830.3068259,25.466666666666722,24.0,25.466666666666725,0.0,60.0,80.0,10.0,safe,60.0,80.0,10.0,25.466666666666725,Selected lowest-risk action
1768694830.511856,25.466666666666722,24.0,25.466666666666725,0.0,60.0,80.0,10.0,safe,60.0,80.0,10.0,25.466666666666725,Selected lowest-risk action
1768694830.713332,25.466666666666722,24.0,25.466666666666725,0.0,60.0,80.0,10.0,safe,60.0,80.0,10.0,25.466666666666725,Selected lowest-risk action
1768694830.914175,25.466666666666722,24.0,25.466666666666725,0.0,60.0,80.0,10.0,safe,60.0,80.0,10.0,25.466666666666725,Selected lowest-risk action
1768694831.119221,25.466666666666722,24.0,25.466666666666725,0.0,60.0,80.0,10.0,safe,60.0,80.0,10.0,25.466666666666725,Selected lowest-risk action
1768694831.320742,25.466666666666722,24.0,25.466666666666725,0.0,60.0,80.0,10.0,safe,60.0,80.0,10.0,25.466666666666725,Selected lowest-risk action
1768694831.525167,25.466666666666722,24.0,25.466666666666725,0.0,60.0,80.0,10.0,safe,60.0,80.0,10.0,25.466666666666725,Selected lowest-risk action
1768694831.7302122,25.466666666666722,24.0,25.466666666666725,0.0,60.0,80.0,10.0,safe,60.0,80.0,10.0,25.466666666666725,Selected lowest-risk action
1768694831.933748,25.466666666666722,24.0,25.466666666666725,0.0,60.0,80.0,10.0,safe,60.0,80.0,10.0,25.466666666666725,Selected lowest-risk action
1768694832.1377401,25.466666666666722,24.0,25.466666666666725,0.0,60.0,80.0,10.0,safe,60.0,80.0,10.0,25.466666666666725,Selected lowest-risk action
1768694832.342585,25.466666666666722,24.0,25.466666666666725,0.0,60.0,80.0,10.0,safe,60.0,80.0,10.0,25.466666666666725,Selected lowest-risk action
1768694832.546278,25.466666666666722,24.0,25.466666666666725,0.0,60.0,80.0,10.0,safe,60.0,80.0,10.0,25.466666666666725,Selected lowest-risk action
1768694832.749946,25.466666666666722,24.0,25.466666666666725,0.0,60.0,80.0,10.0,safe,60.0,80.0,10.0,25.466666666666725,Selected lowest-risk action
1768694832.954998,25.466666666666722,24.0,25.466666666666725,0.0,60.0,80.0,10.0,safe,60.0,80.0,10.0,25.466666666666725,Selected lowest-risk action
1768694833.1581671,25.466666666666722,24.0,25.466666666666725,0.0,60.0,80.0,10.0,safe,60.0,80.0,10.0,25.466666666666725,Selected lowest-risk action
1768694833.3603141,25.466666666666722,24.0,25.466666666666725,0.0,60.0,80.0,10.0,safe,60.0,80.0,10.0,25.466666666666725,Selected lowest-risk action
1768694833.565362,25.466666666666722,24.0,25.466666666666725,0.0,60.0,80.0,10.0,safe,60.0,80.0,10.0,25.466666666666725,Selected lowest-risk action
1768694833.76826,25.466666666666722,24.0,25.466666666666725,0.0,60.0,80.0,10.0,safe,60.0,80.0,10.0,25.466666666666725,Selected lowest-risk action
1768694833.97173,25.466666666666722,24.0,25.466666666666725,0.0,60.0,80.0,10.0,safe,60.0,80.0,10.0,25.466666666666725,Selected lowest-risk action
1768694834.174975,25.466666666666722,24.0,25.466666666666725,0.0,60.0,80.0,10.0,safe,60.0,80.0,10.0,25.466666666666725,Selected lowest-risk action
1768694834.380008,25.466666666666722,24.0,25.466666666666725,0.0,60.0,80.0,10.0,safe,60.0,80.0,10.0,25.466666666666725,Selected lowest-risk action
1768694834.584158,25.466666666666722,24.0,25.466666666666725,0.0,60.0,80.0,10.0,safe,60.0,80.0,10.0,25.466666666666725,Selected lowest-risk action
1768694834.789196,25.466666666666722,24.0,25.466666666666725,0.0,60.0,80.0,10.0,safe,60.0,80.0,10.0,25.466666666666725,Selected lowest-risk action
1768694834.990255,25.466666666666722,24.0,25.466666666666725,0.0,60.0,80.0,10.0,safe,60.0,80.0,10.0,25.466666666666725,Selected lowest-risk action
1768694835.1926432,25.466666666666722,24.0,25.466666666666725,0.0,60.0,80.0,10.0,safe,60.0,80.0,10.0,25.466666666666725,Selected lowest-risk action
1768694835.39768,25.466666666666722,24.0,25.466666666666725,0.0,60.0,80.0,10.0,safe,60.0,80.0,10.0,25.466666666666725,Selected lowest-risk action
1768694835.599228,25.466666666666722,24.0,25.466666666666725,0.0,60.0,80.0,10.0,safe,60.0,80.0,10.0,25.466666666666725,Selected lowest-risk action
1768694835.804257,25.466666666666722,24.0,25.466666666666725,0.0,60.0,80.0,10.0,safe,60.0,80.0,10.0,25.466666666666725,Selected lowest-risk action
1768694836.0093682,25.466666666666722,24.0,25.466666666666725,0.0,60.0,80.0,10.0,safe,60.0,80.0,10.0,25.466666666666725,Selected lowest-risk action
1768694836.21437,25.466666666666722,24.0,25.466666666666725,0.0,60.0,80.0,10.0,safe,60.0,80.0,10.0,25.466666666666725,Selected lowest-risk action
1768694836.4194171,25.466666666666722,24.0,25.466666666666725,0.0,60.0,80.0,10.0,safe,60.0,80.0,10.0,25.466666666666725,Selected lowest-risk action
1768694836.620641,25.466666666666722,24.0,25.466666666666725,0.0,60.0,80.0,10.0,safe,60.0,80.0,10.0,25.466666666666725,Selected lowest-risk action
1768694836.825705,25.466666666666722,24.0,25.466666666666725,0.0,60.0,80.0,10.0,safe,60.0,80.0,10.0,25.466666666666725,Selected lowest-risk action
1768694837.026005,25.466666666666722,24.0,25.466666666666725,0.0,60.0,80.0,10.0,safe,60.0,80.0,10.0,25.466666666666725,Selected lowest-risk action
1768694837.226214,25.466666666666722,24.0,25.466666666666725,0.0,60.0,80.0,10.0,safe,60.0,80.0,10.0,25.466666666666725,Selected lowest-risk action
1768694837.4309618,25.466666666666722,24.0,25.466666666666725,0.0,60.0,80.0,10.0,safe,60.0,80.0,10.0,25.466666666666725,Selected lowest-risk action
1768694837.6332018,25.466666666666722,24.0,25.466666666666725,0.0,60.0,80.0,10.0,safe,60.0,80.0,10.0,25.466666666666725,Selected lowest-risk action
1768694837.834199,25.466666666666722,24.0,25.466666666666725,0.0,60.0,80.0,10.0,safe,60.0,80.0,10.0,25.466666666666725,Selected lowest-risk action
1768694838.036161,25.466666666666722,24.0,25.466666666666725,0.0,60.0,80.0,10.0,safe,60.0,80.0,10.0,25.466666666666725,Selected lowest-risk action
1768694838.241209,25.466666666666722,24.0,25.466666666666725,0.0,60.0,80.0,10.0,safe,60.0,80.0,10.0,25.466666666666725,Selected lowest-risk action
1768694838.445913,25.466666666666722,24.0,25.466666666666725,0.0,60.0,80.0,10.0,safe,60.0,80.0,10.0,25.466666666666725,Selected lowest-risk action
1768694838.650953,25.466666666666722,24.0,25.466666666666725,0.0,60.0,80.0,10.0,safe,60.0,80.0,10.0,25.466666666666725,Selected lowest-risk action
1768694838.855996,25.466666666666722,24.0,25.466666666666725,0.0,60.0,80.0,10.0,safe,60.0,80.0,10.0,25.466666666666725,Selected lowest-risk action
1768694839.059335,25.466666666666722,24.0,25.466666666666725,0.0,60.0,80.0,10.0,safe,60.0,80.0,10.0,25.466666666666725,Selected lowest-risk action
1768694839.263962,25.466666666666722,24.0,25.466666666666725,0.0,60.0,80.0,10.0,safe,60.0,80.0,10.0,25.466666666666725,Selected lowest-risk action
1768694839.465518,25.466666666666722,24.0,25.466666666666725,0.0,60.0,80.0,10.0,safe,60.0,80.0,10.0,25.466666666666725,Selected lowest-risk action
1768694839.670562,25.466666666666722,24.0,25.466666666666725,0.0,60.0,80.0,10.0,safe,60.0,80.0,10.0,25.466666666666725,Selected lowest-risk action
1768694839.872986,25.466666666666722,24.0,25.466666666666725,0.0,60.0,80.0,10.0,safe,60.0,80.0,10.0,25.466666666666725,Selected lowest-risk action
1768694840.078041,25.466666666666722,24.0,25.466666666666725,0.0,60.0,80.0,10.0,safe,60.0,80.0,10.0,25.466666666666725,Selected lowest-risk action
1768694840.28242,25.466666666666722,24.0,25.466666666666725,0.0,60.0,80.0,10.0,safe,60.0,80.0,10.0,25.466666666666725,Selected lowest-risk action
1768694840.4874592,25.466666666666722,24.0,25.466666666666725,0.0,60.0,80.0,10.0,safe,60.0,80.0,10.0,25.466666666666725,Selected lowest-risk action
1768694840.692502,25.466666666666722,24.0,25.466666666666725,0.0,60.0,80.0,10.0,safe,60.0,80.0,10.0,25.466666666666725,Selected lowest-risk action
1768694840.897354,25.466666666666722,24.0,25.466666666666725,0.0,60.0,80.0,10.0,safe,60.0,80.0,10.0,25.466666666666725,Selected lowest-risk action
1768694841.1023932,25.466666666666722,24.0,25.466666666666725,0.0,60.0,80.0,10.0,safe,60.0,80.0,10.0,25.466666666666725,Selected lowest-risk action
1768694841.303143,25.466666666666722,24.0,25.466666666666725,0.0,60.0,80.0,10.0,safe,60.0,80.0,10.0,25.466666666666725,Selected lowest-risk action
1768694841.50819,25.466666666666722,24.0,25.466666666666725,0.0,60.0,80.0,10.0,safe,60.0,80.0,10.0,25.466666666666725,Selected lowest-risk action
1768694841.7084959,25.466666666666722,24.0,25.466666666666725,0.0,60.0,80.0,10.0,safe,60.0,80.0,10.0,25.466666666666725,Selected lowest-risk action
1768694841.9093509,25.466666666666722,24.0,25.466666666666725,0.0,60.0,80.0,10.0,safe,60.0,80.0,10.0,25.466666666666725,Selected lowest-risk action
1768694842.114392,25.466666666666722,24.0,25.466666666666725,0.0,60.0,80.0,10.0,safe,60.0,80.0,10.0,25.466666666666725,Selected lowest-risk action
1768694842.318568,25.466666666666722,24.0,25.466666666666725,0.0,60.0,80.0,10.0,safe,60.0,80.0,10.0,25.466666666666725,Selected lowest-risk action
1768694842.522086,25.466666666666722,24.0,25.466666666666725,0.0,60.0,80.0,10.0,safe,60.0,80.0,10.0,25.466666666666725,Selected lowest-risk action
1768694842.726027,25.466666666666722,24.0,25.466666666666725,0.0,60.0,80.0,10.0,safe,60.0,80.0,10.0,25.466666666666725,Selected lowest-risk action
1768694842.92704,25.466666666666722,24.0,25.466666666666725,0.0,60.0,80.0,10.0,safe,60.0,80.0,10.0,25.466666666666725,Selected lowest-risk action
1768694843.1321568,25.466666666666722,24.0,25.466666666666725,0.0,60.0,80.0,10.0,safe,60.0,80.0,10.0,25.466666666666725,Selected lowest-risk action
1768694843.334593,25.466666666666722,24.0,25.466666666666725,0.0,60.0,80.0,10.0,safe,60.0,80.0,10.0,25.466666666666725,Selected lowest-risk action
1768694843.539639,25.466666666666722,24.0,25.466666666666725,0.0,60.0,80.0,10.0,safe,60.0,80.0,10.0,25.466666666666725,Selected lowest-risk action
1768694843.744682,25.466666666666722,24.0,25.466666666666725,0.0,60.0,80.0,10.0,safe,60.0,80.0,10.0,25.466666666666725,Selected lowest-risk action
1768694843.949725,25.466666666666722,24.0,25.466666666666725,0.0,60.0,80.0,10.0,safe,60.0,80.0,10.0,25.466666666666725,Selected lowest-risk action
1768694844.154758,25.466666666666722,24.0,25.466666666666725,0.0,60.0,80.0,10.0,safe,60.0,80.0,10.0,25.466666666666725,Selected lowest-risk action
1768694844.359375,25.466666666666722,24.0,25.466666666666725,0.0,60.0,80.0,10.0,safe,60.0,80.0,10.0,25.466666666666725,Selected lowest-risk action
1768694844.561339,25.466666666666722,24.0,25.466666666666725,0.0,60.0,80.0,10.0,safe,60.0,80.0,10.0,25.466666666666725,Selected lowest-risk action
1768694844.766388,25.466666666666722,24.0,25.466666666666725,0.0,60.0,80.0,10.0,safe,60.0,80.0,10.0,25.466666666666725,Selected lowest-risk action
1768694844.9705758,25.466666666666722,24.0,25.466666666666725,0.0,60.0,80.0,10.0,safe,60.0,80.0,10.0,25.466666666666725,Selected lowest-risk action
1768694845.17562,25.466666666666722,24.0,25.466666666666725,0.0,60.0,80.0,10.0,safe,60.0,80.0,10.0,25.466666666666725,Selected lowest-risk action
1768694845.380667,25.466666666666722,24.0,25.466666666666725,0.0,60.0,80.0,10.0,safe,60.0,80.0,10.0,25.466666666666725,Selected lowest-risk action
1768694845.5843751,25.466666666666722,24.0,25.466666666666725,0.0,60.0,80.0,10.0,safe,60.0,80.0,10.0,25.466666666666725,Selected lowest-risk action
1768694845.785748,25.466666666666722,24.0,25.466666666666725,0.0,60.0,80.0,10.0,safe,60.0,80.0,10.0,25.466666666666725,Selected lowest-risk action
1768694845.9907892,25.466666666666722,24.0,25.466666666666725,0.0,60.0,80.0,10.0,safe,60.0,80.0,10.0,25.466666666666725,Selected lowest-risk action
1768694846.192723,25.466666666666722,24.0,25.466666666666725,0.0,60.0,80.0,10.0,safe,60.0,80.0,10.0,25.466666666666725,Selected lowest-risk action
1768694846.394135,25.466666666666722,24.0,25.466666666666725,0.0,60.0,80.0,10.0,safe,60.0,80.0,10.0,25.466666666666725,Selected lowest-risk action
1768694846.599179,25.466666666666722,24.0,25.466666666666725,0.0,60.0,80.0,10.0,safe,60.0,80.0,10.0,25.466666666666725,Selected lowest-risk action
1768694846.804223,25.466666666666722,24.0,25.466666666666725,0.0,60.0,80.0,10.0,safe,60.0,80.0,10.0,25.466666666666725,Selected lowest-risk action
1768694847.009269,25.466666666666722,24.0,25.466666666666725,0.0,60.0,80.0,10.0,safe,60.0,80.0,10.0,25.466666666666725,Selected lowest-risk action
1768694847.214036,25.466666666666722,24.0,25.466666666666725,0.0,60.0,80.0,10.0,safe,60.0,80.0,10.0,25.466666666666725,Selected lowest-risk action
1768694847.418595,25.466666666666722,24.0,25.466666666666725,0.0,60.0,80.0,10.0,safe,60.0,80.0,10.0,25.466666666666725,Selected lowest-risk action
1768694847.62364,25.466666666666722,24.0,25.466666666666725,0.0,60.0,80.0,10.0,safe,60.0,80.0,10.0,25.466666666666725,Selected lowest-risk action
1768694847.828684,25.466666666666722,24.0,25.466666666666725,0.0,60.0,80.0,10.0,safe,60.0,80.0,10.0,25.466666666666725,Selected lowest-risk action
1768694848.033725,25.466666666666722,24.0,25.466666666666725,0.0,60.0,80.0,10.0,safe,60.0,80.0,10.0,25.466666666666725,Selected lowest-risk action
1768694848.2387671,25.466666666666722,24.0,25.466666666666725,0.0,60.0,80.0,10.0,safe,60.0,80.0,10.0,25.466666666666725,Selected lowest-risk action
1768694848.4427562,25.466666666666722,24.0,25.466666666666725,0.0,60.0,80.0,10.0,safe,60.0,80.0,10.0,25.466666666666725,Selected lowest-risk action
1768694848.647391,25.466666666666722,24.0,25.466666666666725,0.0,60.0,80.0,10.0,safe,60.0,80.0,10.0,25.466666666666725,Selected lowest-risk action
1768694848.852423,25.466666666666722,24.0,25.466666666666725,0.0,60.0,80.0,10.0,safe,60.0,80.0,10.0,25.466666666666725,Selected lowest-risk action
1768694849.0574489,25.466666666666722,24.0,25.466666666666725,0.0,60.0,80.0,10.0,safe,60.0,80.0,10.0,25.466666666666725,Selected lowest-risk action
1768694849.262487,25.466666666666722,24.0,25.466666666666725,0.0,60.0,80.0,10.0,safe,60.0,80.0,10.0,25.466666666666725,Selected lowest-risk action
1768694849.467255,25.466666666666722,24.0,25.466666666666725,0.0,60.0,80.0,10.0,safe,60.0,80.0,10.0,25.466666666666725,Selected lowest-risk action
1768694849.6712499,25.466666666666722,24.0,25.466666666666725,0.0,60.0,80.0,10.0,safe,60.0,80.0,10.0,25.466666666666725,Selected lowest-risk action
1768694849.8751512,25.466666666666722,24.0,25.466666666666725,0.0,60.0,80.0,10.0,safe,60.0,80.0,10.0,25.466666666666725,Selected lowest-risk action
1768694850.076173,25.466666666666722,24.0,25.466666666666725,0.0,60.0,80.0,10.0,safe,60.0,80.0,10.0,25.466666666666725,Selected lowest-risk action
1768694850.277632,25.466666666666722,24.0,25.466666666666725,0.0,60.0,80.0,10.0,safe,60.0,80.0,10.0,25.466666666666725,Selected lowest-risk action
1768694850.478645,25.466666666666722,24.0,25.466666666666725,0.0,60.0,80.0,10.0,safe,60.0,80.0,10.0,25.466666666666725,Selected lowest-risk action
1768694850.680554,25.466666666666722,24.0,25.466666666666725,0.0,60.0,80.0,10.0,safe,60.0,80.0,10.0,25.466666666666725,Selected lowest-risk action
1768694850.880779,25.466666666666722,24.0,25.466666666666725,0.0,60.0,80.0,10.0,safe,60.0,80.0,10.0,25.466666666666725,Selected lowest-risk action
1768694851.0858262,25.466666666666722,24.0,25.466666666666725,0.0,60.0,80.0,10.0,safe,60.0,80.0,10.0,25.466666666666725,Selected lowest-risk action
1768694851.290875,25.466666666666722,24.0,25.466666666666725,0.0,60.0,80.0,10.0,safe,60.0,80.0,10.0,25.466666666666725,Selected lowest-risk action
1768694851.493338,25.466666666666722,24.0,25.466666666666725,0.0,60.0,80.0,10.0,safe,60.0,80.0,10.0,25.466666666666725,Selected lowest-risk action
1768694851.698391,25.466666666666722,24.0,25.466666666666725,0.0,60.0,80.0,10.0,safe,60.0,80.0,10.0,25.466666666666725,Selected lowest-risk action
1768694851.902493,25.466666666666722,24.0,25.466666666666725,0.0,60.0,80.0,10.0,safe,60.0,80.0,10.0,25.466666666666725,Selected lowest-risk action
1768694852.1075351,25.466666666666722,24.0,25.466666666666725,0.0,60.0,80.0,10.0,safe,60.0,80.0,10.0,25.466666666666725,Selected lowest-risk action
1768694852.309464,25.466666666666722,24.0,25.466666666666725,0.0,60.0,80.0,10.0,safe,60.0,80.0,10.0,25.466666666666725,Selected lowest-risk action
1768694852.5130272,25.466666666666722,24.0,25.466666666666725,0.0,60.0,80.0,10.0,safe,60.0,80.0,10.0,25.466666666666725,Selected lowest-risk action
1768694852.718068,25.466666666666722,24.0,25.466666666666725,0.0,60.0,80.0,10.0,safe,60.0,80.0,10.0,25.466666666666725,Selected lowest-risk action
1768694852.923109,25.466666666666722,24.0,25.466666666666725,0.0,60.0,80.0,10.0,safe,60.0,80.0,10.0,25.466666666666725,Selected lowest-risk action
1768694853.128215,25.466666666666722,24.0,25.466666666666725,0.0,60.0,80.0,10.0,safe,60.0,80.0,10.0,25.466666666666725,Selected lowest-risk action
1768694853.333311,25.466666666666722,24.0,25.466666666666725,0.0,60.0,80.0,10.0,safe,60.0,80.0,10.0,25.466666666666725,Selected lowest-risk action
1768694853.538302,25.466666666666722,24.0,25.466666666666725,0.0,60.0,80.0,10.0,safe,60.0,80.0,10.0,25.466666666666725,Selected lowest-risk action
1768694853.742507,25.466666666666722,24.0,25.466666666666725,0.0,60.0,80.0,10.0,safe,60.0,80.0,10.0,25.466666666666725,Selected lowest-risk action
1768694853.945409,25.466666666666722,24.0,25.466666666666725,0.0,60.0,80.0,10.0,safe,60.0,80.0,10.0,25.466666666666725,Selected lowest-risk action
1768694854.150198,25.466666666666722,24.0,25.466666666666725,0.0,60.0,80.0,10.0,safe,60.0,80.0,10.0,25.466666666666725,Selected lowest-risk action
1768694854.3552399,25.466666666666722,24.0,25.466666666666725,0.0,60.0,80.0,10.0,safe,60.0,80.0,10.0,25.466666666666725,Selected lowest-risk action
1768694854.5594912,25.466666666666722,24.0,25.466666666666725,0.0,60.0,80.0,10.0,safe,60.0,80.0,10.0,25.466666666666725,Selected lowest-risk action
1768694854.764535,25.466666666666722,24.0,25.466666666666725,0.0,60.0,80.0,10.0,safe,60.0,80.0,10.0,25.466666666666725,Selected lowest-risk action
1768694854.969595,25.466666666666722,24.0,25.466666666666725,0.0,60.0,80.0,10.0,safe,60.0,80.0,10.0,25.466666666666725,Selected lowest-risk action
1768694855.174626,25.466666666666722,24.0,25.466666666666725,0.0,60.0,80.0,10.0,safe,60.0,80.0,10.0,25.466666666666725,Selected lowest-risk action
1768694855.375236,25.466666666666722,24.0,25.466666666666725,0.0,60.0,80.0,10.0,safe,60.0,80.0,10.0,25.466666666666725,Selected lowest-risk action
1768694855.578887,25.466666666666722,24.0,25.466666666666725,0.0,60.0,80.0,10.0,safe,60.0,80.0,10.0,25.466666666666725,Selected lowest-risk action
1768694855.7839339,25.466666666666722,24.0,25.466666666666725,0.0,60.0,80.0,10.0,safe,60.0,80.0,10.0,25.466666666666725,Selected lowest-risk action
1768694855.988968,25.466666666666722,24.0,25.466666666666725,0.0,60.0,80.0,10.0,safe,60.0,80.0,10.0,25.466666666666725,Selected lowest-risk action
1768694856.192838,25.466666666666722,24.0,25.466666666666725,0.0,60.0,80.0,10.0,safe,60.0,80.0,10.0,25.466666666666725,Selected lowest-risk action
1768694856.397611,25.466666666666722,24.0,25.466666666666725,0.0,60.0,80.0,10.0,safe,60.0,80.0,10.0,25.466666666666725,Selected lowest-risk action
1768694856.598589,25.466666666666722,24.0,25.466666666666725,0.0,60.0,80.0,10.0,safe,60.0,80.0,10.0,25.466666666666725,Selected lowest-risk action
1768694856.803225,25.466666666666722,24.0,25.466666666666725,0.0,60.0,80.0,10.0,safe,60.0,80.0,10.0,25.466666666666725,Selected lowest-risk action
1768694857.0079281,25.466666666666722,24.0,25.466666666666725,0.0,60.0,80.0,10.0,safe,60.0,80.0,10.0,25.466666666666725,Selected lowest-risk action
1768694857.212971,25.466666666666722,24.0,25.466666666666725,0.0,60.0,80.0,10.0,safe,60.0,80.0,10.0,25.466666666666725,Selected lowest-risk action
1768694857.413198,25.466666666666722,24.0,25.466666666666725,0.0,60.0,80.0,10.0,safe,60.0,80.0,10.0,25.466666666666725,Selected lowest-risk action
1768694857.6182241,25.466666666666722,24.0,25.466666666666725,0.0,60.0,80.0,10.0,safe,60.0,80.0,10.0,25.466666666666725,Selected lowest-risk action
1768694857.8196108,25.466666666666722,24.0,25.466666666666725,0.0,60.0,80.0,10.0,safe,60.0,80.0,10.0,25.466666666666725,Selected lowest-risk action
1768694858.024651,25.466666666666722,24.0,25.466666666666725,0.0,60.0,80.0,10.0,safe,60.0,80.0,10.0,25.466666666666725,Selected lowest-risk action
1768694858.229706,25.466666666666722,24.0,25.466666666666725,0.0,60.0,80.0,10.0,safe,60.0,80.0,10.0,25.466666666666725,Selected lowest-risk action
1768694858.434318,25.466666666666722,24.0,25.466666666666725,0.0,60.0,80.0,10.0,safe,60.0,80.0,10.0,25.466666666666725,Selected lowest-risk action
1768694858.63709,25.466666666666722,24.0,25.466666666666725,0.0,60.0,80.0,10.0,safe,60.0,80.0,10.0,25.466666666666725,Selected lowest-risk action
1768694858.841929,25.466666666666722,24.0,25.466666666666725,0.0,60.0,80.0,10.0,safe,60.0,80.0,10.0,25.466666666666725,Selected lowest-risk action
1768694859.0440068,25.466666666666722,24.0,25.466666666666725,0.0,60.0,80.0,10.0,safe,60.0,80.0,10.0,25.466666666666725,Selected lowest-risk action
1768694859.2490509,25.466666666666722,24.0,25.466666666666725,0.0,60.0,80.0,10.0,safe,60.0,80.0,10.0,25.466666666666725,Selected lowest-risk action
1768694859.453697,25.466666666666722,24.0,25.466666666666725,0.0,60.0,80.0,10.0,safe,60.0,80.0,10.0,25.466666666666725,Selected lowest-risk action
1768694859.6587489,25.466666666666722,24.0,25.466666666666725,0.0,60.0,80.0,10.0,safe,60.0,80.0,10.0,25.466666666666725,Selected lowest-risk action
1768694859.863161,25.466666666666722,24.0,25.466666666666725,0.0,60.0,80.0,10.0,safe,60.0,80.0,10.0,25.466666666666725,Selected lowest-risk action
1768694860.068225,25.466666666666722,24.0,25.466666666666725,0.0,60.0,80.0,10.0,safe,60.0,80.0,10.0,25.466666666666725,Selected lowest-risk action
1768694860.273246,25.466666666666722,24.0,25.466666666666725,0.0,60.0,80.0,10.0,safe,60.0,80.0,10.0,25.466666666666725,Selected lowest-risk action
1768694860.478018,25.466666666666722,24.0,25.466666666666725,0.0,60.0,80.0,10.0,safe,60.0,80.0,10.0,25.466666666666725,Selected lowest-risk action
1768694860.6830568,25.466666666666722,24.0,25.466666666666725,0.0,60.0,80.0,10.0,safe,60.0,80.0,10.0,25.466666666666725,Selected lowest-risk action
1768694860.8881469,25.466666666666722,24.0,25.466666666666725,0.0,60.0,80.0,10.0,safe,60.0,80.0,10.0,25.466666666666725,Selected lowest-risk action
1768694861.09196,25.466666666666722,24.0,25.466666666666725,0.0,60.0,80.0,10.0,safe,60.0,80.0,10.0,25.466666666666725,Selected lowest-risk action
1768694861.293301,25.466666666666722,24.0,25.466666666666725,0.0,60.0,80.0,10.0,safe,60.0,80.0,10.0,25.466666666666725,Selected lowest-risk action
1768694861.498344,25.466666666666722,24.0,25.466666666666725,0.0,60.0,80.0,10.0,safe,60.0,80.0,10.0,25.466666666666725,Selected lowest-risk action
1768694861.703399,25.466666666666722,24.0,25.466666666666725,0.0,60.0,80.0,10.0,safe,60.0,80.0,10.0,25.466666666666725,Selected lowest-risk action
1768694861.905899,25.466666666666722,24.0,25.466666666666725,0.0,60.0,80.0,10.0,safe,60.0,80.0,10.0,25.466666666666725,Selected lowest-risk action
1768694862.1095622,25.466666666666722,24.0,25.466666666666725,0.0,60.0,80.0,10.0,safe,60.0,80.0,10.0,25.466666666666725,Selected lowest-risk action
1768694862.312354,25.466666666666722,24.0,25.466666666666725,0.0,60.0,80.0,10.0,safe,60.0,80.0,10.0,25.466666666666725,Selected lowest-risk action
1768694862.514933,25.466666666666722,24.0,25.466666666666725,0.0,60.0,80.0,10.0,safe,60.0,80.0,10.0,25.466666666666725,Selected lowest-risk action
1768694862.7198231,25.466666666666722,24.0,25.466666666666725,0.0,60.0,80.0,10.0,safe,60.0,80.0,10.0,25.466666666666725,Selected lowest-risk action
1768694862.9248698,25.466666666666722,24.0,25.466666666666725,0.0,60.0,80.0,10.0,safe,60.0,80.0,10.0,25.466666666666725,Selected lowest-risk action
1768694863.127425,25.466666666666722,24.0,25.466666666666725,0.0,60.0,80.0,10.0,safe,60.0,80.0,10.0,25.466666666666725,Selected lowest-risk action
1768694863.332465,25.466666666666722,24.0,25.466666666666725,0.0,60.0,80.0,10.0,safe,60.0,80.0,10.0,25.466666666666725,Selected lowest-risk action
1768694863.535705,25.466666666666722,24.0,25.466666666666725,0.0,60.0,80.0,10.0,safe,60.0,80.0,10.0,25.466666666666725,Selected lowest-risk action
1768694863.739122,25.466666666666722,24.0,25.466666666666725,0.0,60.0,80.0,10.0,safe,60.0,80.0,10.0,25.466666666666725,Selected lowest-risk action
1768694863.942919,25.466666666666722,24.0,25.466666666666725,0.0,60.0,80.0,10.0,safe,60.0,80.0,10.0,25.466666666666725,Selected lowest-risk action
1768694864.14796,25.466666666666722,24.0,25.466666666666725,0.0,60.0,80.0,10.0,safe,60.0,80.0,10.0,25.466666666666725,Selected lowest-risk action
1768694864.3530009,25.466666666666722,24.0,25.466666666666725,0.0,60.0,80.0,10.0,safe,60.0,80.0,10.0,25.466666666666725,Selected lowest-risk action
1768694864.558042,25.466666666666722,24.0,25.466666666666725,0.0,60.0,80.0,10.0,safe,60.0,80.0,10.0,25.466666666666725,Selected lowest-risk action
1768694864.7587252,25.466666666666722,24.0,25.466666666666725,0.0,60.0,80.0,10.0,safe,60.0,80.0,10.0,25.466666666666725,Selected lowest-risk action
1768694864.9596028,25.466666666666722,24.0,25.466666666666725,0.0,60.0,80.0,10.0,safe,60.0,80.0,10.0,25.466666666666725,Selected lowest-risk action
1768694865.164659,25.466666666666722,24.0,25.466666666666725,0.0,60.0,80.0,10.0,safe,60.0,80.0,10.0,25.466666666666725,Selected lowest-risk action
1768694865.367053,25.466666666666722,24.0,25.466666666666725,0.0,60.0,80.0,10.0,safe,60.0,80.0,10.0,25.466666666666725,Selected lowest-risk action
1768694865.568768,25.466666666666722,24.0,25.466666666666725,0.0,60.0,80.0,10.0,safe,60.0,80.0,10.0,25.466666666666725,Selected lowest-risk action
1768694865.77041,25.466666666666722,24.0,25.466666666666725,0.0,60.0,80.0,10.0,safe,60.0,80.0,10.0,25.466666666666725,Selected lowest-risk action
1768694865.9754019,25.466666666666722,24.0,25.466666666666725,0.0,60.0,80.0,10.0,safe,60.0,80.0,10.0,25.466666666666725,Selected lowest-risk action
1768694866.1804988,25.466666666666722,24.0,25.466666666666725,0.0,60.0,80.0,10.0,safe,60.0,80.0,10.0,25.466666666666725,Selected lowest-risk action
1768694866.383727,25.466666666666722,24.0,25.466666666666725,0.0,60.0,80.0,10.0,safe,60.0,80.0,10.0,25.466666666666725,Selected lowest-risk action
1768694866.584555,25.466666666666722,24.0,25.466666666666725,0.0,60.0,80.0,10.0,safe,60.0,80.0,10.0,25.466666666666725,Selected lowest-risk action
1768694866.789598,25.466666666666722,24.0,25.466666666666725,0.0,60.0,80.0,10.0,safe,60.0,80.0,10.0,25.466666666666725,Selected lowest-risk action
1768694866.9919732,25.466666666666722,24.0,25.466666666666725,0.0,60.0,80.0,10.0,safe,60.0,80.0,10.0,25.466666666666725,Selected lowest-risk action
1768694867.1929579,25.466666666666722,24.0,25.466666666666725,0.0,60.0,80.0,10.0,safe,60.0,80.0,10.0,25.466666666666725,Selected lowest-risk action
1768694867.3979928,25.466666666666722,24.0,25.466666666666725,0.0,60.0,80.0,10.0,safe,60.0,80.0,10.0,25.466666666666725,Selected lowest-risk action
1768694867.6030562,25.466666666666722,24.0,25.466666666666725,0.0,60.0,80.0,10.0,safe,60.0,80.0,10.0,25.466666666666725,Selected lowest-risk action
1768694867.808098,25.466666666666722,24.0,25.466666666666725,0.0,60.0,80.0,10.0,safe,60.0,80.0,10.0,25.466666666666725,Selected lowest-risk action
1768694868.0087051,25.466666666666722,24.0,25.466666666666725,0.0,60.0,80.0,10.0,safe,60.0,80.0,10.0,25.466666666666725,Selected lowest-risk action
1768694868.212688,25.466666666666722,24.0,25.466666666666725,0.0,60.0,80.0,10.0,safe,60.0,80.0,10.0,25.466666666666725,Selected lowest-risk action
1768694868.417728,25.466666666666722,24.0,25.466666666666725,0.0,60.0,80.0,10.0,safe,60.0,80.0,10.0,25.466666666666725,Selected lowest-risk action
1768694868.6228411,25.466666666666722,24.0,25.466666666666725,0.0,60.0,80.0,10.0,safe,60.0,80.0,10.0,25.466666666666725,Selected lowest-risk action
1768694868.826357,25.466666666666722,24.0,25.466666666666725,0.0,60.0,80.0,10.0,safe,60.0,80.0,10.0,25.466666666666725,Selected lowest-risk action
1768694869.031399,25.466666666666722,24.0,25.466666666666725,0.0,60.0,80.0,10.0,safe,60.0,80.0,10.0,25.466666666666725,Selected lowest-risk action
1768694869.236442,25.466666666666722,24.0,25.466666666666725,0.0,60.0,80.0,10.0,safe,60.0,80.0,10.0,25.466666666666725,Selected lowest-risk action
1768694869.441489,25.466666666666722,24.0,25.466666666666725,0.0,60.0,80.0,10.0,safe,60.0,80.0,10.0,25.466666666666725,Selected lowest-risk action
1768694869.645531,25.466666666666722,24.0,25.466666666666725,0.0,60.0,80.0,10.0,safe,60.0,80.0,10.0,25.466666666666725,Selected lowest-risk action
1768694869.849643,25.466666666666722,24.0,25.466666666666725,0.0,60.0,80.0,10.0,safe,60.0,80.0,10.0,25.466666666666725,Selected lowest-risk action
1768694870.053785,25.466666666666722,24.0,25.466666666666725,0.0,60.0,80.0,10.0,safe,60.0,80.0,10.0,25.466666666666725,Selected lowest-risk action
1768694870.258828,25.466666666666722,24.0,25.466666666666725,0.0,60.0,80.0,10.0,safe,60.0,80.0,10.0,25.466666666666725,Selected lowest-risk action
1768694870.462105,25.466666666666722,24.0,25.466666666666725,0.0,60.0,80.0,10.0,safe,60.0,80.0,10.0,25.466666666666725,Selected lowest-risk action
1768694870.667076,25.466666666666722,24.0,25.466666666666725,0.0,60.0,80.0,10.0,safe,60.0,80.0,10.0,25.466666666666725,Selected lowest-risk action
1768694870.872124,25.466666666666722,24.0,25.466666666666725,0.0,60.0,80.0,10.0,safe,60.0,80.0,10.0,25.466666666666725,Selected lowest-risk action
1768694871.076331,25.466666666666722,24.0,25.466666666666725,0.0,60.0,80.0,10.0,safe,60.0,80.0,10.0,25.466666666666725,Selected lowest-risk action
1768694871.279132,25.466666666666722,24.0,25.466666666666725,0.0,60.0,80.0,10.0,safe,60.0,80.0,10.0,25.466666666666725,Selected lowest-risk action
1768694871.4841769,25.466666666666722,24.0,25.466666666666725,0.0,60.0,80.0,10.0,safe,60.0,80.0,10.0,25.466666666666725,Selected lowest-risk action
1768694871.6892228,25.466666666666722,24.0,25.466666666666725,0.0,60.0,80.0,10.0,safe,60.0,80.0,10.0,25.466666666666725,Selected lowest-risk action
1768694871.894269,25.466666666666722,24.0,25.466666666666725,0.0,60.0,80.0,10.0,safe,60.0,80.0,10.0,25.466666666666725,Selected lowest-risk action
1768694872.099316,25.466666666666722,24.0,25.466666666666725,0.0,60.0,80.0,10.0,safe,60.0,80.0,10.0,25.466666666666725,Selected lowest-risk action
1768694872.304359,25.466666666666722,24.0,25.466666666666725,0.0,60.0,80.0,10.0,safe,60.0,80.0,10.0,25.466666666666725,Selected lowest-risk action
1768694872.509399,25.466666666666722,24.0,25.466666666666725,0.0,60.0,80.0,10.0,safe,60.0,80.0,10.0,25.466666666666725,Selected lowest-risk action
1768694872.7144299,25.466666666666722,24.0,25.466666666666725,0.0,60.0,80.0,10.0,safe,60.0,80.0,10.0,25.466666666666725,Selected lowest-risk action
1768694872.918261,25.466666666666722,24.0,25.466666666666725,0.0,60.0,80.0,10.0,safe,60.0,80.0,10.0,25.466666666666725,Selected lowest-risk action
1768694873.1233,25.466666666666722,24.0,25.466666666666725,0.0,60.0,80.0,10.0,safe,60.0,80.0,10.0,25.466666666666725,Selected lowest-risk action
1768694873.328346,25.466666666666722,24.0,25.466666666666725,0.0,60.0,80.0,10.0,safe,60.0,80.0,10.0,25.466666666666725,Selected lowest-risk action
1768694873.531401,25.466666666666722,24.0,25.466666666666725,0.0,60.0,80.0,10.0,safe,60.0,80.0,10.0,25.466666666666725,Selected lowest-risk action
1768694873.73469,25.466666666666722,24.0,25.466666666666725,0.0,60.0,80.0,10.0,safe,60.0,80.0,10.0,25.466666666666725,Selected lowest-risk action
1768694873.937751,25.466666666666722,24.0,25.466666666666725,0.0,60.0,80.0,10.0,safe,60.0,80.0,10.0,25.466666666666725,Selected lowest-risk action
1768694874.139712,25.466666666666722,24.0,25.466666666666725,0.0,60.0,80.0,10.0,safe,60.0,80.0,10.0,25.466666666666725,Selected lowest-risk action
1768694874.3430378,25.466666666666722,24.0,25.466666666666725,0.0,60.0,80.0,10.0,safe,60.0,80.0,10.0,25.466666666666725,Selected lowest-risk action
1768694874.548084,25.466666666666722,24.0,25.466666666666725,0.0,60.0,80.0,10.0,safe,60.0,80.0,10.0,25.466666666666725,Selected lowest-risk action
1768694874.748181,25.466666666666722,24.0,25.466666666666725,0.0,60.0,80.0,10.0,safe,60.0,80.0,10.0,25.466666666666725,Selected lowest-risk action
1768694874.953225,25.466666666666722,24.0,25.466666666666725,0.0,60.0,80.0,10.0,safe,60.0,80.0,10.0,25.466666666666725,Selected lowest-risk action
1768694875.1582751,25.466666666666722,24.0,25.466666666666725,0.0,60.0,80.0,10.0,safe,60.0,80.0,10.0,25.466666666666725,Selected lowest-risk action
1768694875.363328,25.466666666666722,24.0,25.466666666666725,0.0,60.0,80.0,10.0,safe,60.0,80.0,10.0,25.466666666666725,Selected lowest-risk action
1768694875.563647,25.466666666666722,24.0,25.466666666666725,0.0,60.0,80.0,10.0,safe,60.0,80.0,10.0,25.466666666666725,Selected lowest-risk action
1768694875.768685,25.466666666666722,24.0,25.466666666666725,0.0,60.0,80.0,10.0,safe,60.0,80.0,10.0,25.466666666666725,Selected lowest-risk action
1768694875.9724538,25.466666666666722,24.0,25.466666666666725,0.0,60.0,80.0,10.0,safe,60.0,80.0,10.0,25.466666666666725,Selected lowest-risk action
1768694876.177493,25.466666666666722,24.0,25.466666666666725,0.0,60.0,80.0,10.0,safe,60.0,80.0,10.0,25.466666666666725,Selected lowest-risk action
1768694876.382536,25.466666666666722,24.0,25.466666666666725,0.0,60.0,80.0,10.0,safe,60.0,80.0,10.0,25.466666666666725,Selected lowest-risk action
1768694876.587575,25.466666666666722,24.0,25.466666666666725,0.0,60.0,80.0,10.0,safe,60.0,80.0,10.0,25.466666666666725,Selected lowest-risk action
1768694876.7926211,25.466666666666722,24.0,25.466666666666725,0.0,60.0,80.0,10.0,safe,60.0,80.0,10.0,25.466666666666725,Selected lowest-risk action
1768694876.993063,25.466666666666722,24.0,25.466666666666725,0.0,60.0,80.0,10.0,safe,60.0,80.0,10.0,25.466666666666725,Selected lowest-risk action
1768694877.198106,25.466666666666722,24.0,25.466666666666725,0.0,60.0,80.0,10.0,safe,60.0,80.0,10.0,25.466666666666725,Selected lowest-risk action
1768694877.400907,25.466666666666722,24.0,25.466666666666725,0.0,60.0,80.0,10.0,safe,60.0,80.0,10.0,25.466666666666725,Selected lowest-risk action
1768694877.60544,25.466666666666722,24.0,25.466666666666725,0.0,60.0,80.0,10.0,safe,60.0,80.0,10.0,25.466666666666725,Selected lowest-risk action
1768694877.808704,25.466666666666722,24.0,25.466666666666725,0.0,60.0,80.0,10.0,safe,60.0,80.0,10.0,25.466666666666725,Selected lowest-risk action
1768694878.01376,25.466666666666722,24.0,25.466666666666725,0.0,60.0,80.0,10.0,safe,60.0,80.0,10.0,25.466666666666725,Selected lowest-risk action
1768694878.216963,25.466666666666722,24.0,25.466666666666725,0.0,60.0,80.0,10.0,safe,60.0,80.0,10.0,25.466666666666725,Selected lowest-risk action
1768694878.417908,25.466666666666722,24.0,25.466666666666725,0.0,60.0,80.0,10.0,safe,60.0,80.0,10.0,25.466666666666725,Selected lowest-risk action
1768694878.622963,25.466666666666722,24.0,25.466666666666725,0.0,60.0,80.0,10.0,safe,60.0,80.0,10.0,25.466666666666725,Selected lowest-risk action
1768694878.826423,25.466666666666722,24.0,25.466666666666725,0.0,60.0,80.0,10.0,safe,60.0,80.0,10.0,25.466666666666725,Selected lowest-risk action
1768694879.031101,25.466666666666722,24.0,25.466666666666725,0.0,60.0,80.0,10.0,safe,60.0,80.0,10.0,25.466666666666725,Selected lowest-risk action
1768694879.236146,25.466666666666722,24.0,25.466666666666725,0.0,60.0,80.0,10.0,safe,60.0,80.0,10.0,25.466666666666725,Selected lowest-risk action
1768694879.436929,25.466666666666722,24.0,25.466666666666725,0.0,60.0,80.0,10.0,safe,60.0,80.0,10.0,25.466666666666725,Selected lowest-risk action
1768694879.641966,25.466666666666722,24.0,25.466666666666725,0.0,60.0,80.0,10.0,safe,60.0,80.0,10.0,25.466666666666725,Selected lowest-risk action
1768694879.8470058,25.466666666666722,24.0,25.466666666666725,0.0,60.0,80.0,10.0,safe,60.0,80.0,10.0,25.466666666666725,Selected lowest-risk action
1768694880.050953,25.466666666666722,24.0,25.466666666666725,0.0,60.0,80.0,10.0,safe,60.0,80.0,10.0,25.466666666666725,Selected lowest-risk action
1768694880.2559948,25.466666666666722,24.0,25.466666666666725,0.0,60.0,80.0,10.0,safe,60.0,80.0,10.0,25.466666666666725,Selected lowest-risk action
1768694880.458875,25.466666666666722,24.0,25.466666666666725,0.0,60.0,80.0,10.0,safe,60.0,80.0,10.0,25.466666666666725,Selected lowest-risk action
1768694880.663915,25.466666666666722,24.0,25.466666666666725,0.0,60.0,80.0,10.0,safe,60.0,80.0,10.0,25.466666666666725,Selected lowest-risk action
1768694880.867129,25.466666666666722,24.0,25.466666666666725,0.0,60.0,80.0,10.0,safe,60.0,80.0,10.0,25.466666666666725,Selected lowest-risk action
1768694881.072174,25.466666666666722,24.0,25.466666666666725,0.0,60.0,80.0,10.0,safe,60.0,80.0,10.0,25.466666666666725,Selected lowest-risk action
1768694881.277235,25.466666666666722,24.0,25.466666666666725,0.0,60.0,80.0,10.0,safe,60.0,80.0,10.0,25.466666666666725,Selected lowest-risk action
1768694881.482274,25.466666666666722,24.0,25.466666666666725,0.0,60.0,80.0,10.0,safe,60.0,80.0,10.0,25.466666666666725,Selected lowest-risk action
1768694881.687331,25.466666666666722,24.0,25.466666666666725,0.0,60.0,80.0,10.0,safe,60.0,80.0,10.0,25.466666666666725,Selected lowest-risk action
1768694881.8877702,25.466666666666722,24.0,25.466666666666725,0.0,60.0,80.0,10.0,safe,60.0,80.0,10.0,25.466666666666725,Selected lowest-risk action
1768694882.091924,25.466666666666722,24.0,25.466666666666725,0.0,60.0,80.0,10.0,safe,60.0,80.0,10.0,25.466666666666725,Selected lowest-risk action
1768694882.295149,25.466666666666722,24.0,25.466666666666725,0.0,60.0,80.0,10.0,safe,60.0,80.0,10.0,25.466666666666725,Selected lowest-risk action
1768694882.500192,25.466666666666722,24.0,25.466666666666725,0.0,60.0,80.0,10.0,safe,60.0,80.0,10.0,25.466666666666725,Selected lowest-risk action
1768694882.7036622,25.466666666666722,24.0,25.466666666666725,0.0,60.0,80.0,10.0,safe,60.0,80.0,10.0,25.466666666666725,Selected lowest-risk action
1768694882.908704,25.466666666666722,24.0,25.466666666666725,0.0,60.0,80.0,10.0,safe,60.0,80.0,10.0,25.466666666666725,Selected lowest-risk action
1768694883.112961,25.466666666666722,24.0,25.466666666666725,0.0,60.0,80.0,10.0,safe,60.0,80.0,10.0,25.466666666666725,Selected lowest-risk action
1768694883.318002,25.466666666666722,24.0,25.466666666666725,0.0,60.0,80.0,10.0,safe,60.0,80.0,10.0,25.466666666666725,Selected lowest-risk action
1768694883.523045,25.466666666666722,24.0,25.466666666666725,0.0,60.0,80.0,10.0,safe,60.0,80.0,10.0,25.466666666666725,Selected lowest-risk action
1768694883.724572,25.466666666666722,24.0,25.466666666666725,0.0,60.0,80.0,10.0,safe,60.0,80.0,10.0,25.466666666666725,Selected lowest-risk action
1768694883.929596,25.466666666666722,24.0,25.466666666666725,0.0,60.0,80.0,10.0,safe,60.0,80.0,10.0,25.466666666666725,Selected lowest-risk action
1768694884.134629,25.466666666666722,24.0,25.466666666666725,0.0,60.0,80.0,10.0,safe,60.0,80.0,10.0,25.466666666666725,Selected lowest-risk action
1768694884.338571,25.466666666666722,24.0,25.466666666666725,0.0,60.0,80.0,10.0,safe,60.0,80.0,10.0,25.466666666666725,Selected lowest-risk action
1768694884.546887,25.466666666666722,24.0,25.466666666666725,0.0,60.0,80.0,10.0,safe,60.0,80.0,10.0,25.466666666666725,Selected lowest-risk action
1768694884.751936,25.466666666666722,24.0,25.466666666666725,0.0,60.0,80.0,10.0,safe,60.0,80.0,10.0,25.466666666666725,Selected lowest-risk action
1768694884.954346,25.466666666666722,24.0,25.466666666666725,0.0,60.0,80.0,10.0,safe,60.0,80.0,10.0,25.466666666666725,Selected lowest-risk action
1768694885.1593962,25.466666666666722,24.0,25.466666666666725,0.0,60.0,80.0,10.0,safe,60.0,80.0,10.0,25.466666666666725,Selected lowest-risk action
1768694885.361307,25.466666666666722,24.0,25.466666666666725,0.0,60.0,80.0,10.0,safe,60.0,80.0,10.0,25.466666666666725,Selected lowest-risk action
1768694885.5663419,25.466666666666722,24.0,25.466666666666725,0.0,60.0,80.0,10.0,safe,60.0,80.0,10.0,25.466666666666725,Selected lowest-risk action
1768694885.7714932,25.466666666666722,24.0,25.466666666666725,0.0,60.0,80.0,10.0,safe,60.0,80.0,10.0,25.466666666666725,Selected lowest-risk action
1768694885.9765298,25.466666666666722,24.0,25.466666666666725,0.0,60.0,80.0,10.0,safe,60.0,80.0,10.0,25.466666666666725,Selected lowest-risk action
1768694886.18158,25.466666666666722,24.0,25.466666666666725,0.0,60.0,80.0,10.0,safe,60.0,80.0,10.0,25.466666666666725,Selected lowest-risk action
1768694886.386616,25.466666666666722,24.0,25.466666666666725,0.0,60.0,80.0,10.0,safe,60.0,80.0,10.0,25.466666666666725,Selected lowest-risk action
1768694886.5873559,25.466666666666722,24.0,25.466666666666725,0.0,60.0,80.0,10.0,safe,60.0,80.0,10.0,25.466666666666725,Selected lowest-risk action
1768694886.792274,25.466666666666722,24.0,25.466666666666725,0.0,60.0,80.0,10.0,safe,60.0,80.0,10.0,25.466666666666725,Selected lowest-risk action
1768694886.993283,25.466666666666722,24.0,25.466666666666725,0.0,60.0,80.0,10.0,safe,60.0,80.0,10.0,25.466666666666725,Selected lowest-risk action
1768694887.197788,25.466666666666722,24.0,25.466666666666725,0.0,60.0,80.0,10.0,safe,60.0,80.0,10.0,25.466666666666725,Selected lowest-risk action
1768694887.4028292,25.466666666666722,24.0,25.466666666666725,0.0,60.0,80.0,10.0,safe,60.0,80.0,10.0,25.466666666666725,Selected lowest-risk action
1768694887.607869,25.466666666666722,24.0,25.466666666666725,0.0,60.0,80.0,10.0,safe,60.0,80.0,10.0,25.466666666666725,Selected lowest-risk action
1768694887.8124511,25.466666666666722,24.0,25.466666666666725,0.0,60.0,80.0,10.0,safe,60.0,80.0,10.0,25.466666666666725,Selected lowest-risk action
1768694888.0133948,25.466666666666722,24.0,25.466666666666725,0.0,60.0,80.0,10.0,safe,60.0,80.0,10.0,25.466666666666725,Selected lowest-risk action
1768694888.2167811,25.466666666666722,24.0,25.466666666666725,0.0,60.0,80.0,10.0,safe,60.0,80.0,10.0,25.466666666666725,Selected lowest-risk action
1768694888.421831,25.466666666666722,24.0,25.466666666666725,0.0,60.0,80.0,10.0,safe,60.0,80.0,10.0,25.466666666666725,Selected lowest-risk action
1768694888.625418,25.466666666666722,24.0,25.466666666666725,0.0,60.0,80.0,10.0,safe,60.0,80.0,10.0,25.466666666666725,Selected lowest-risk action
1768694888.830467,25.466666666666722,24.0,25.466666666666725,0.0,60.0,80.0,10.0,safe,60.0,80.0,10.0,25.466666666666725,Selected lowest-risk action
1768694889.0355158,25.466666666666722,24.0,25.466666666666725,0.0,60.0,80.0,10.0,safe,60.0,80.0,10.0,25.466666666666725,Selected lowest-risk action
1768694889.240562,25.466666666666722,24.0,25.466666666666725,0.0,60.0,80.0,10.0,safe,60.0,80.0,10.0,25.466666666666725,Selected lowest-risk action
1768694889.443241,25.466666666666722,24.0,25.466666666666725,0.0,60.0,80.0,10.0,safe,60.0,80.0,10.0,25.466666666666725,Selected lowest-risk action
1768694889.6477172,25.466666666666722,24.0,25.466666666666725,0.0,60.0,80.0,10.0,safe,60.0,80.0,10.0,25.466666666666725,Selected lowest-risk action
1768694889.851902,25.466666666666722,24.0,25.466666666666725,0.0,60.0,80.0,10.0,safe,60.0,80.0,10.0,25.466666666666725,Selected lowest-risk action
1768694890.052955,25.466666666666722,24.0,25.466666666666725,0.0,60.0,80.0,10.0,safe,60.0,80.0,10.0,25.466666666666725,Selected lowest-risk action
1768694890.2580009,25.466666666666722,24.0,25.466666666666725,0.0,60.0,80.0,10.0,safe,60.0,80.0,10.0,25.466666666666725,Selected lowest-risk action
1768694890.462235,25.466666666666722,24.0,25.466666666666725,0.0,60.0,80.0,10.0,safe,60.0,80.0,10.0,25.466666666666725,Selected lowest-risk action
1768694890.6657379,25.466666666666722,24.0,25.466666666666725,0.0,60.0,80.0,10.0,safe,60.0,80.0,10.0,25.466666666666725,Selected lowest-risk action
1768694890.8702679,25.466666666666722,24.0,25.466666666666725,0.0,60.0,80.0,10.0,safe,60.0,80.0,10.0,25.466666666666725,Selected lowest-risk action
1768694891.0753121,25.466666666666722,24.0,25.466666666666725,0.0,60.0,80.0,10.0,safe,60.0,80.0,10.0,25.466666666666725,Selected lowest-risk action
1768694891.280362,25.466666666666722,24.0,25.466666666666725,0.0,60.0,80.0,10.0,safe,60.0,80.0,10.0,25.466666666666725,Selected lowest-risk action
1768694891.48547,25.466666666666722,24.0,25.466666666666725,0.0,60.0,80.0,10.0,safe,60.0,80.0,10.0,25.466666666666725,Selected lowest-risk action
1768694891.69052,25.466666666666722,24.0,25.466666666666725,0.0,60.0,80.0,10.0,safe,60.0,80.0,10.0,25.466666666666725,Selected lowest-risk action
1768694891.89057,25.466666666666722,24.0,25.466666666666725,0.0,60.0,80.0,10.0,safe,60.0,80.0,10.0,25.466666666666725,Selected lowest-risk action
1768694892.095617,25.466666666666722,24.0,25.466666666666725,0.0,60.0,80.0,10.0,safe,60.0,80.0,10.0,25.466666666666725,Selected lowest-risk action
1768694892.300083,25.466666666666722,24.0,25.466666666666725,0.0,60.0,80.0,10.0,safe,60.0,80.0,10.0,25.466666666666725,Selected lowest-risk action
1768694892.505128,25.466666666666722,24.0,25.466666666666725,0.0,60.0,80.0,10.0,safe,60.0,80.0,10.0,25.466666666666725,Selected lowest-risk action
