####
#
# OBJ File Generated by Meshlab
#
####
# Object Rigged Hand1.obj
#
# Vertices: 1086
# Faces: 518
#
####
mtllib ./Rigged Hand1.obj.mtl

vn -144.1867218 -39960.0937500 1780.6280518
v 168.6463928 3.5285950 -4.2693005
vn 636.3987427 -19404.9609375 34972.0312500
v 164.0877838 2.8643799 -5.7257004
vn -6591.8784180 -21822.8457031 -32868.0898438
v 164.4545898 3.0769958 -1.7603016
vn -923.5751953 39948.0468750 -1816.9197998
v 164.3656006 -0.4142151 -3.6835022
vn -1575.7760010 -39891.1054688 2493.4521484
v 164.2391968 3.8807983 -3.8008995
vn 2148.3044434 -19565.0996094 34822.2968750
v 167.4911957 2.5759888 -5.9161015
vn -3677.6418457 -22699.9238281 -32729.0234375
v 167.7917938 2.7551880 -2.2364998
vn -6370.9575195 -22249.0976562 -32624.9804688
v 165.9851990 2.8262024 -1.9961014
vn -5400.8154297 -21808.7089844 -33093.9843750
v 163.4815826 3.0789795 -1.6097012
vn -557.8626709 39996.0468750 76.3710022
v 163.4295807 -0.5452271 -3.6251011
vn -2850.8911133 -19994.2558594 34526.8398438
v 170.3243866 2.4862061 -5.9467010
vn -2865.3923340 -2110.6784668 39841.3750000
v 171.9917908 1.5812073 -6.0529003
vn -5920.4809570 -39532.5039062 1459.3613281
v 170.4113922 3.3241882 -4.2457008
vn -26094.4160156 -30168.9160156 2986.4267578
v 171.3189850 3.0375977 -4.2455025
vn -12316.1523438 -25671.6425781 -28094.1230469
v 172.4323883 2.3016052 -2.8243008
vn -7472.5664062 -29393.8925781 26079.8867188
v 172.0759888 2.3652039 -5.8003006
vn -39091.0859375 -7015.8261719 4760.8540039
v 173.9439850 1.7924194 -4.5409012
vn -2307.1416016 39774.2734375 3561.6030273
v 170.7863922 -0.6279907 1.8256989
vn -1779.9240723 -23293.7539062 32468.9648438
v 169.2571869 2.4216003 0.0052986
vn -3074.5563965 39776.6601562 2892.2172852
v 169.5393982 -0.7980042 1.8132992
vn -1105.6881104 -19179.7851562 -35084.3867188
v 164.3735962 2.7987976 4.0140991
vn -4944.5639648 39397.0429688 4839.9355469
v 174.4401855 -0.9750061 1.6506996
vn 4059.0734863 39583.9765625 4078.4143066
v 172.6771851 -0.9303894 1.6980972
vn -10564.1953125 -25426.7441406 -29015.1542969
v 174.4915924 1.7279968 3.4354992
vn -9309.3505859 -31122.9238281 23338.8164062
v 174.3057861 1.9764099 0.3340988
vn -38539.9882812 -10515.7500000 2022.1781006
v 176.2205963 1.2857971 1.7221012
vn -3040.4782715 -29653.9921875 26672.0253906
v 174.2603912 1.9383850 0.5202980
vn -25826.1132812 -30545.1308594 -87.6584549
v 175.8841858 1.8415833 1.8366985
vn -37548.8789062 13770.5996094 -672.8233032
v 173.5699921 0.2308044 7.1793003
vn -4050.1386719 -19992.4511719 34407.8320312
v 167.4433899 2.1390076 5.1716976
vn -2391.4028320 39921.9062500 -723.3636475
v 167.7099915 -0.9514160 6.9969006
vn -2868.9587402 -39885.4921875 957.8345337
v 167.1743927 2.9864197 6.7664986
vn -6729.3745117 -39428.7617188 298.1109924
v 165.5071869 3.1856079 6.6540985
vn -7831.8979492 -615.0328979 39220.9609375
v 172.0003815 0.9455872 5.5014992
vn -2037.4863281 -19701.1562500 -34752.1757812
v 170.0583801 1.9203796 8.6884975
vn -3925.1215820 39785.4960938 1306.9732666
v 172.0108032 -1.0225830 7.1844997
vn -9604.6972656 -26003.1250000 -28837.2695312
v 171.8855896 1.6502075 8.6136990
vn -11985.2490234 -29429.2285156 24295.5761719
v 172.0484009 1.7297974 5.7252998
vn -38771.9531250 -9692.3603516 -1671.7062988
v 173.6691895 1.0379944 7.1657009
vn -10590.6708984 -38199.9531250 5348.0629883
v 172.0133972 1.7731934 6.0902977
vn -5306.2656250 -29113.0644531 -26912.3320312
v 171.8779907 1.7269897 8.3786983
vn 13323.8916016 -37712.2929688 -507.5381470
v 171.0439911 2.1561890 7.1486988
vn -30076.8476562 -26334.4433594 -1371.4396973
v 173.3817902 1.5785828 7.1890965
vn -6917.8598633 -39396.4687500 -249.5496216
v 172.0925903 2.1589966 7.1091003
vn 825.2354736 -39960.9296875 -1563.2479248
v 163.0963898 2.4568176 11.7672977
vn -4100.9248047 -39424.3085938 -5376.5034180
v 161.8522034 2.4662170 11.5046978
vn -2257.1103516 39866.5585938 2358.7263184
v 160.1777954 -0.8500061 10.7157001
vn -15349.1054688 -20190.3710938 30931.4472656
v 165.5859833 1.6398010 10.8036976
vn -16185.4619141 -1100.8790283 36562.5429688
v 166.9019928 0.5773926 11.1298962
vn 1775.1180420 3410.8356934 -39814.7695312
v 166.3169861 0.4017944 13.9820995
vn -1552.0992432 39909.8789062 2189.3103027
v 166.4833984 -1.1958008 12.4338970
vn -10024.1708984 -38630.0703125 -2689.6564941
v 165.3289948 2.2330017 12.2720966
vn -28626.1894531 -27042.2871094 -7018.3203125
v 166.0877838 1.8869934 12.5099010
vn -6749.2021484 -24786.8691406 -30660.4023438
v 166.4512024 1.1387939 13.8994999
vn -18687.6816406 -28785.0253906 20547.3515625
v 166.9725952 1.2873840 11.3918972
vn -38548.4140625 -6465.2231445 -8498.3125000
v 168.0453949 0.6004028 12.8688984
vn -31872.7812500 -22575.7148438 -8629.2294922
v 167.8345947 1.0973816 12.8836994
vn -37663.8281250 -10457.6367188 -8489.6689453
v 166.1277924 1.4652100 12.5202999
vn -464.5770874 -22435.1777344 -33112.6484375
v 166.3673859 1.1611938 13.7552967
vn -14517.6601562 -21006.3574219 30789.1425781
v 166.8881989 1.2251892 11.4804974
vn -9079.6191406 -38801.3242188 -3466.7817383
v 166.8287964 1.6821899 12.6714993
vn -29722.4667969 5359.9511719 -26226.8281250
v 159.1411896 -0.5881958 -11.6123009
vn -7054.0961914 38428.3632812 8573.2998047
v 158.1827850 -2.0584106 -12.8973007
vn -12141.1064453 -37366.4492188 -7506.1816406
v 158.3325958 1.2330017 -12.0991011
vn 15466.6767578 -3010.2658691 36765.7578125
v 153.7778015 -0.2005920 -12.7347012
vn 7502.2763672 -6034.1777344 38824.0312500
v 154.7097931 -0.1101990 -12.9443016
vn -2067.4699707 39814.2890625 3247.8442383
v 155.8063965 -2.4518127 -11.4635010
vn -6471.6879883 39469.7500000 -506.7771912
v 149.6261902 -3.7940063 -1.6487026
vn 24800.3144531 12193.3222656 28918.2988281
v 146.2311859 -1.4075928 -6.3643017
vn 15342.2685547 17417.6718750 32576.6816406
v 143.8999939 -1.4234009 -4.4349022
vn 8625.2851562 -4682.9301758 -38777.2500000
v 143.6004028 0.3929749 9.1156979
vn -5211.4956055 39548.3710938 -2960.9523926
v 149.5283966 -3.4421997 1.2950993
vn 1363.6185303 39960.2304688 -1149.4106445
v 144.0193939 -3.6709900 0.8369007
vn 3205.3964844 -39564.0585938 -4940.8037109
v 150.2075958 3.9150085 5.5102997
vn 3253.1369629 -39844.0468750 1367.2786865
v 150.7653809 4.1889954 1.4714985
vn 846.4536743 -37907.3828125 -12740.2724609
v 156.6819916 3.5143738 10.0043011
vn 7919.9628906 -5035.2382812 -38883.4296875
v 156.1843872 1.9927979 11.4914989
vn -13710.8623047 37314.4179688 -4432.4897461
v 159.0538025 -1.1538086 1.5150986
vn -16633.3144531 36359.9453125 -1134.9006348
v 158.0521851 -1.1052246 5.7468987
vn -1775.2725830 -17579.7519531 35885.9531250
v 159.0157928 3.1694031 -5.3337002
vn -5684.0429688 -39069.6015625 6423.2851562
v 159.0484009 4.4522095 -3.0921021
vn 17590.0546875 -10518.5146484 34350.4218750
v 156.5821991 -0.0020142 -12.8857012
vn -5767.4418945 39199.7617188 -5487.8095703
v 154.5829926 -2.4228210 -10.2367020
vn -12515.8007812 36646.7187500 10018.6513672
v 151.1705933 -3.3371887 -4.8659019
vn -34454.0703125 -11850.4296875 16507.1250000
v 153.3243866 0.8114014 -6.4525013
vn -35271.7617188 -16893.6875000 -8396.8427734
v 153.2653961 0.7135925 -6.7525024
vn 23874.1816406 9705.9687500 30591.1464844
v 148.4003906 -0.8970032 -8.8335018
vn -10737.5703125 38395.4843750 -3239.1513672
v 153.2303925 -2.5294189 -8.0855007
vn 1367.7019043 -18365.0488281 -35508.5195312
v 137.5195923 1.5624084 7.6798992
vn 61.7036095 -38755.2070312 9901.0478516
v 137.7421875 3.0609741 -1.5622997
vn 6681.1308594 -18594.7968750 -34779.2578125
v 153.4367981 1.7117920 11.2295017
vn -10452.5048828 38474.8164062 -3230.2021484
v 156.3647919 -1.9154053 1.2250996
vn -721.5044556 -26319.1054688 30112.8691406
v 161.0843964 2.8599854 -5.3961010
vn -3778.0549316 38704.5429688 9364.0458984
v 160.2467957 -0.2877808 -3.5627003
vn -9128.6611328 -38671.7578125 4600.3701172
v 160.2337952 4.2575989 -3.2003021
vn -7434.7241211 -26661.6425781 28877.0234375
v 161.8639832 3.0010071 -0.3581028
vn -790.8726807 39849.3945312 -3376.5500488
v 161.8569946 -0.9956055 1.7702999
vn -13320.4638672 -37709.2421875 -760.8348389
v 160.6341858 4.7124023 1.9730988
vn -17600.9296875 -35120.9296875 -7531.8164062
v 159.7913971 3.5899963 4.1304970
vn 2716.9406738 -16548.0917969 -36315.0039062
v 160.9861908 2.4515991 8.1434994
vn -14534.2011719 -35656.0312500 -10835.3691406
v 159.3857880 4.1513977 6.3946991
vn -23400.7539062 2470.6374512 32346.5820312
v 173.2091980 1.3555908 -5.8683014
vn -29737.2597656 4793.3139648 -26319.5800781
v 173.5431976 1.2520142 -3.0501003
vn -4812.8354492 -22403.4023438 -32786.0507812
v 168.9095917 2.7999878 -2.3929024
vn -25223.8457031 30836.5234375 3587.0947266
v 173.1537933 -0.0108032 -4.4639015
vn -36853.5937500 14794.1289062 4790.3222656
v 173.7873993 0.9922180 -4.5235004
vn -2203.7834473 39938.6640625 -216.9582672
v 169.1061859 -0.2803955 -4.0411015
vn 1468.5026855 23370.5390625 32429.3417969
v 168.9187927 0.4226074 -5.7503014
vn -3149.0334473 39859.3750000 -1146.4414062
v 167.8135986 -0.4046021 -3.9299011
vn -3695.7944336 21885.4824219 -33277.1328125
v 165.9115906 0.2799988 -2.0249004
vn -1146.2922363 -39874.9414062 2945.4423828
v 163.1855927 3.8450012 -3.7055016
vn -3464.4758301 23199.1972656 32400.5429688
v 171.9861908 0.3236084 -5.9153004
vn 2556.7390137 22891.8730469 32702.0781250
v 170.4998016 0.3537903 -5.8507004
vn -8887.8330078 24581.4296875 -30278.0488281
v 172.2857819 0.2546082 -2.8137016
vn -2663.1469727 23191.4804688 -32481.7402344
v 170.7574005 0.2966003 -2.5687008
vn -9496.9990234 -178.8965149 -38855.8320312
v 172.3691864 1.5090027 -2.6151009
vn -6201.9819336 39484.5664062 1582.7482910
v 172.2309875 -0.3555908 -4.4009018
vn 1499.1265869 39969.5664062 432.5330811
v 170.6999969 -0.4028015 -4.2531013
vn -6774.5971680 -20230.6210938 -33835.2968750
v 170.6696014 2.5124207 -2.5021019
vn -18620.7910156 -32128.4355469 -14867.0927734
v 171.5945892 2.6171875 -2.9289017
vn -17341.2265625 -32227.9824219 16144.3359375
v 171.2927856 2.5943909 -5.5797005
vn 15585.5029297 -36791.3164062 -1868.6560059
v 171.3351898 2.8056030 -4.2787018
vn -7599.6289062 -29763.8457031 -25619.5214844
v 172.3717957 2.4378052 -3.1145000
vn -29852.0527344 -14492.9111328 -22334.0820312
v 173.6413879 1.9974060 -3.1763020
vn -24107.8730469 -17673.8476562 26579.0566406
v 173.3251953 2.1047974 -5.7027016
vn -1805.8532715 -27202.4511719 29270.5703125
v 172.0723877 2.4116211 -5.5579014
vn -30411.0039062 -25673.5585938 4004.9934082
v 173.7213898 2.3433838 -4.4849014
vn -13389.2177734 -35622.0117188 12320.7812500
v 171.3975983 2.5239868 -5.3261013
vn -5865.0390625 -34219.8242188 -19864.6816406
v 172.4239807 2.6488037 -3.3255005
vn -1286.1176758 -31145.7734375 25065.6582031
v 172.1513977 2.5953979 -5.4469013
vn -17487.1152344 -35847.3984375 3027.4736328
v 173.3629913 2.6867981 -4.4963017
vn -4809.3168945 -39678.6523438 1573.3917236
v 172.3991852 2.8793945 -4.4003010
vn -37169.8007812 14204.2812500 4079.8034668
v 176.0919952 0.4418030 1.6805000
vn -29.6681309 39992.8085938 758.2904663
v 165.5876007 -0.5068054 1.7332993
vn -5320.8789062 -39610.1875000 -1649.8892822
v 165.4171906 3.7021790 1.9726982
vn -2705.8227539 -23268.7441406 32422.9042969
v 170.3237915 2.5088196 0.0698986
vn -1687.8009033 -39920.0859375 -1881.1934814
v 170.1385956 3.1000061 1.9158993
vn 1320.0432129 22069.2871094 33334.7382812
v 165.5185852 0.2726135 -0.1755009
vn -4510.0297852 -22567.1425781 32716.7304688
v 165.4443970 2.8827820 -0.1343021
vn -3945.4687500 39763.4648438 -1816.7861328
v 164.4881897 -0.6083984 1.7526989
vn -857.6383667 21573.8476562 33672.4531250
v 167.3269958 -0.0383911 -0.1522999
vn -4443.7329102 21010.0097656 33746.6054688
v 169.5365906 0.0526123 0.0330982
vn -3766.5927734 -23015.8945312 32497.4140625
v 167.2119904 2.5285950 -0.1195011
vn 4840.6845703 39653.9765625 2032.3746338
v 167.3585968 -0.8677979 1.7358990
vn -7079.9257812 -39345.5000000 -1344.2731934
v 167.1727905 3.3016052 1.9874992
vn -2344.9187012 -39895.0234375 -1699.6934814
v 169.0577850 3.1000061 1.9650993
vn -3765.1679688 22985.9062500 32518.8007812
v 164.4809875 0.0256042 -0.1257019
vn 4.1281567 24350.1406250 -31734.3867188
v 164.4807892 0.1278076 3.6744976
vn -4612.9526367 -39704.6445312 -1504.1126709
v 164.2984009 3.7829895 1.9412994
vn -6625.4672852 -24912.8906250 -30585.1562500
v 161.7425995 3.1225891 3.9798965
vn -5102.8408203 20765.7480469 33804.5195312
v 174.2413940 -0.0708008 0.1820984
vn 1343.7864990 20327.7929688 34423.4765625
v 172.5497894 0.0619812 0.0628986
vn -6417.5004883 26179.4824219 -29554.2050781
v 174.3573914 -0.4410095 3.3180981
vn 240.3807678 25085.6132812 -31155.3339844
v 172.6123962 -0.2994080 3.5184975
vn -6071.1918945 -2888.7106934 39430.9101562
v 174.2429962 1.2006226 0.0599003
vn -7243.9614258 1678.8609619 -39302.7656250
v 174.4109955 0.8859863 3.5910988
vn -4860.0029297 -22099.3222656 32984.8632812
v 172.3307953 2.2037964 0.0492992
vn -6279.3813477 -39456.8398438 -1930.7435303
v 172.2290039 2.8101807 1.8272991
vn -24992.4414062 -31227.3164062 -483.0705261
v 173.3397827 2.5115967 1.8130989
vn 13866.8613281 -37428.8398438 -2606.2824707
v 173.3787994 2.2798157 1.8491001
vn -17703.6660156 -32382.1894531 -15426.4257812
v 173.5895844 2.0312195 3.2840996
vn -17690.3125000 -33719.9062500 12248.3242188
v 173.4359894 2.2062073 0.4428978
vn -5489.6391602 -29740.8085938 -26179.1718750
v 174.4467926 1.8259888 3.1682987
vn -28186.5644531 -15550.1650391 -23742.5898438
v 175.8813934 1.4346008 3.0982990
vn -25540.6308594 -21355.4218750 22172.5683594
v 175.6895905 1.6755981 0.5398979
vn -13370.2255859 -37232.9414062 5911.5009766
v 173.5427856 2.0952148 0.7644978
vn 15527.4599609 -36751.7773438 -2864.5131836
v 173.5039825 2.4320068 1.9288979
vn -4045.3652344 -33313.1484375 -21768.5527344
v 174.4187927 2.0365906 2.9794998
vn -3955.0417480 -35895.0625000 17201.8203125
v 174.2859955 2.1650085 0.8142986
vn -14195.1298828 -37380.2539062 -1102.5487061
v 175.3899841 2.1716003 1.8640995
vn -4711.9648438 -39669.3554688 -2034.8190918
v 174.4455872 2.3469849 1.9008999
vn -7960.6210938 -20922.7910156 33149.1484375
v 164.1617889 2.6325989 4.6440983
vn -4641.1215820 -20424.5410156 34077.8359375
v 168.4479828 2.2448120 5.2672977
vn -2674.8044434 39909.4375000 288.0181885
v 168.7407837 -0.8338013 6.9996986
vn -2343.1555176 22069.9375000 33278.0429688
v 168.7837830 -0.0518188 5.4176979
vn -983.3896484 -21998.1406250 -33393.3476562
v 168.2889862 2.2394104 8.4802990
vn -409.4192810 -22230.2011719 -33251.3320312
v 167.2888031 2.2219849 8.4986973
vn 1172.9014893 -20611.1152344 -34260.8671875
v 164.0083923 2.5902100 8.4820995
vn -113.2690506 39996.3046875 -532.3376465
v 164.2495880 -0.6271973 6.5864983
vn -1549.7847900 -39815.4882812 -3510.8076172
v 162.9717865 3.4544067 6.5168972
vn -3515.9604492 23592.3828125 32109.7812500
v 165.8095856 -0.3363953 5.0548992
vn -5491.9916992 22708.5175781 32467.8613281
v 167.7451935 -0.2604065 5.3507004
vn -1743.1293945 20998.8906250 -34000.1289062
v 167.5453949 -0.2363892 8.5977001
vn -7737.0805664 -19964.6171875 33786.8671875
v 165.6529999 2.2650146 4.8958988
vn 5609.8569336 39594.8046875 -884.1630859
v 165.7778015 -0.9613953 6.8297005
vn -6500.9511719 22513.9062500 32417.0078125
v 163.2175903 -0.0235901 4.5946980
vn 1003.3096313 24275.4101562 -31775.7558594
v 163.0897980 -0.1006165 8.1738987
vn 4963.3618164 -18738.1015625 -34989.2734375
v 162.9101868 2.3966064 8.4232998
vn 2099.5683594 39548.7578125 5611.4482422
v 161.1783905 -0.9985962 6.0268993
vn -6121.5668945 -38926.5703125 -6873.8173828
v 161.5229950 3.5856018 6.4365005
vn -5943.5478516 23309.0449219 31958.7773438
v 171.9835968 -0.2918091 5.7024975
vn -753.0955200 22315.7363281 33187.9726562
v 170.4493866 -0.1735840 5.5268993
vn -3373.8493652 23805.6445312 -31967.3144531
v 171.8029938 -0.4249878 8.6454983
vn 3153.3640137 22558.3867188 -32881.2421875
v 170.2119904 -0.2958069 8.6770992
vn -3893.2922363 -927.0722046 -39799.2890625
v 171.8065948 0.8499756 8.8072987
vn -7177.8925781 -20105.7792969 33826.5585938
v 170.2721863 1.9749756 5.4204998
vn -6636.5356445 -39438.7304688 -737.2655640
v 170.0351868 2.7225952 7.0306988
vn -26384.5468750 -29987.5195312 -2145.9377441
v 171.0021973 2.4087830 7.1310997
vn -17890.7949219 -31675.6972656 -16630.4042969
v 171.0807953 1.9769897 8.4442997
vn -19980.2675781 -32326.9335938 12480.3427734
v 171.2509918 2.0039978 5.8598995
vn -26023.8007812 -16161.8847656 -25720.7304688
v 173.1577911 1.2947998 8.4400997
vn -28065.0078125 -19083.3984375 21170.2597656
v 173.2689972 1.3959961 5.9874973
vn 14255.3847656 -37371.7617188 368.9755554
v 171.1607819 2.2958069 7.0870991
vn -15066.6943359 -35877.3789062 9263.3212891
v 171.2997894 1.9161987 6.1131001
vn -4549.2255859 -33339.9101562 -21627.6621094
v 171.9328003 1.9136047 8.2148991
vn -5517.3378906 -31023.0546875 24640.0019531
v 172.0505829 1.9053955 5.9740982
vn -18671.6562500 -35369.2890625 -619.1112061
v 173.0255890 1.9239807 7.1405010
vn -35637.9179688 17008.4707031 -6375.8608398
v 167.8963928 -0.1378174 12.7988987
vn -312.6824036 39998.2070312 215.7895355
v 163.9241791 -0.7157898 11.9248981
vn -4818.0576172 -39070.5898438 -7090.5502930
v 160.1413879 2.8399963 10.9940968
vn -5826.5136719 21386.2500000 33296.8593750
v 164.2789917 -0.0312195 10.5683002
vn -10958.4814453 -22094.9257812 31491.6914062
v 164.1585846 2.0068054 10.4582996
vn 3925.8869629 -21883.3515625 -33252.1757812
v 163.5533905 2.0096130 13.3722973
vn -3298.4233398 39862.3281250 -340.6146545
v 163.1055908 -0.8089905 11.7077007
vn -11346.7910156 20561.0722656 32380.4472656
v 162.0558014 -0.1152039 9.7725010
vn -11518.1982422 21386.5371094 31779.6777344
v 163.4601898 -0.1313782 10.3150997
vn 4784.7978516 22015.5917969 -33051.7773438
v 162.8728027 -0.0996094 13.1822987
vn -13021.3593750 -24754.8730469 28594.4257812
v 162.0893860 2.1246033 9.8225002
vn -9029.2490234 -23725.8046875 30912.1269531
v 163.3773956 1.9855957 10.2777004
vn 8234.7841797 -22104.3320312 -32304.6035156
v 162.8339996 1.9216003 13.2640972
vn -673.5162964 39921.2070312 2417.4907227
v 161.7257843 -0.8782043 11.2788982
vn 7808.2426758 -20596.8300781 -33388.6601562
v 161.4905853 1.8012085 13.0166988
vn -18845.3730469 -33389.8203125 -11400.5556641
v 158.6619873 2.6265869 8.5206966
vn -5366.8247070 39605.3281250 -1617.3386230
v 157.9783936 -0.8341980 9.7987003
vn -3496.3447266 -38854.9960938 -8835.4736328
v 158.0271912 3.3489990 10.3540974
vn -10844.9707031 22749.3750000 31062.0839844
v 166.7369843 -0.5484009 11.2374973
vn -4143.5131836 21516.5585938 33464.4531250
v 165.5545807 -0.3097839 10.8769016
vn 3136.7983398 26061.5429688 -30182.0664062
v 166.1757812 -0.7166138 13.6787014
vn 10715.7597656 23683.9414062 -30401.3808594
v 164.8611908 -0.4230042 13.5696964
vn -17852.2500000 -29428.6972656 -20377.6757812
v 165.8727875 1.4743958 13.6570988
vn -24180.2519531 -30822.3554688 8080.7646484
v 166.3581848 1.5596008 11.3772984
vn -22855.7910156 -13233.5498047 -30041.4160156
v 167.4603882 0.7947998 13.8639011
vn -32843.2539062 -16830.3183594 15429.2490234
v 167.8943939 0.9548035 11.8248997
vn -3871.4782715 -31700.6230469 -24084.9121094
v 166.5047913 1.4136047 13.5852985
vn -13704.3564453 -32030.2890625 19653.2949219
v 166.9455872 1.4755859 11.6816998
vn -21420.3691406 -33160.5000000 -6445.9169922
v 167.5797882 1.4237976 12.8290997
vn 6761.9272461 -32186.6054688 -22766.1914062
v 149.2667999 2.4823914 9.1279011
vn 5737.0239258 -24532.5468750 -31068.3339844
v 143.8577881 1.8882141 8.5146999
vn 1607.5971680 39618.8554688 -5269.0385742
v 143.6279907 -3.8416138 5.3806992
vn -1083.3397217 -37372.3828125 14217.3095703
v 150.5065918 2.4334106 -6.6219025
vn 26901.2148438 10187.5810547 27794.5781250
v 147.1763916 -1.1575928 -7.5029011
vn -1166.3768311 -7329.8398438 39305.3906250
v 156.1357880 -0.0578003 -13.0691004
vn -24436.6289062 2160.6987305 -31594.0390625
v 158.4175873 -0.5778198 -10.8711004
vn -37240.2500000 -2271.7294922 14422.3369141
v 159.4627838 -0.3201904 -13.2525015
vn 3434.6110840 -36333.7304688 -16372.6679688
v 144.0433960 2.9658203 6.9291000
vn 12474.6240234 -19554.2988281 32588.5527344
v 144.0727844 1.3514099 -4.9691010
vn -4168.0092773 -39548.5898438 -4305.5219727
v 154.8329926 1.5378113 -10.9157009
vn -2007.1374512 39846.1406250 -2873.5158691
v 154.9065857 -2.4644165 -10.7001009
vn -18730.8457031 -5069.6879883 -34977.9140625
v 155.8123932 -0.1665955 -9.4717016
vn 8608.1757812 17943.3730469 34697.7695312
v 157.4073944 -1.6719971 -13.5389013
vn -23099.5253906 -7432.2841797 31798.9609375
v 159.1073914 -0.0692139 -13.8521013
vn 2158.2177734 -33160.7617188 22264.4687500
v 157.8019867 1.3203735 -12.8053007
vn -24477.9609375 -20961.5722656 -23694.7812500
v 158.8151855 0.7413940 -11.5143013
vn -38929.4609375 2897.0424805 -8723.8193359
v 159.5633850 -0.5145874 -12.3715019
vn -24324.0742188 28457.8886719 -14088.6035156
v 158.8871918 -1.6997986 -12.1303005
vn -26787.1250000 25046.8613281 15972.0214844
v 159.1779938 -1.6364136 -13.3763008
vn -29922.0839844 -26439.3066406 2373.3391113
v 159.2655945 0.9083862 -12.6669016
vn 3012.6340332 -39853.7929688 -1612.4411621
v 150.4958038 3.8008118 3.6546974
vn 2153.0134277 -39921.1757812 -1290.2723389
v 144.1367950 3.4424133 3.3266983
vn 9144.7773438 23803.0429688 30818.6445312
v 154.6513977 -1.7254028 -12.7713013
vn 3500.8193359 -31898.6289062 23879.3320312
v 154.9847870 1.4132080 -12.4019012
vn -13344.4550781 -27963.1308594 -25298.0136719
v 156.3921967 1.0063782 -10.3969011
vn -13776.3691406 26753.0761719 -26353.0917969
v 156.8287964 -1.9458008 -10.3743019
vn -15795.8066406 22835.6914062 -28792.7832031
v 155.6891937 -1.7456055 -9.7389011
vn -5109.2978516 -39038.2421875 -7064.8085938
v 155.8217926 1.4931946 -11.1987009
vn 201.1971130 -37226.3828125 14634.0957031
v 150.2815857 2.7452087 -5.9959011
vn -20837.0566406 4758.7768555 33810.8242188
v 154.0657959 0.3143921 -6.0669003
vn -16611.6875000 32383.2460938 16594.5136719
v 154.0277863 -2.0205994 -4.5405025
vn -9700.0996094 37908.5000000 8297.8525391
v 150.7435913 -3.7308044 -3.6961002
vn -647.7576294 39950.6601562 1877.7454834
v 143.9888000 -3.6011963 2.1112976
vn 8210.5029297 -3170.0615234 -39019.7265625
v 148.8749847 0.8631897 10.5762997
vn 4489.2631836 35813.5234375 -17240.6113281
v 143.5231934 -3.2200012 7.1601009
vn -9322.1699219 36274.5820312 -14044.6562500
v 154.5969849 -2.0122070 9.2210979
vn -1515.0108643 37728.5195312 -13200.9218750
v 137.6797943 -3.1647949 5.6350975
vn -411.2307129 35728.8320312 -17980.0527344
v 148.2439880 -3.0604248 8.4339008
vn 8063.0390625 -22052.0253906 -32383.5820312
v 157.3459930 2.1979980 11.8538990
vn 1159.4191895 39865.0585938 3071.4121094
v 143.8119965 -3.7856140 3.4058990
vn 1646.8198242 -39593.2421875 -5446.4531250
v 144.1147919 3.4558105 5.0921001
vn 1536.8001709 -39933.6015625 1716.4777832
v 144.0834045 3.5238037 1.4853001
vn 4283.7895508 -31273.4941406 24568.6464844
v 150.5785828 3.8056030 -4.4361019
vn 6890.3286133 -33029.3750000 21484.5195312
v 143.8587952 2.7106018 -3.8561020
vn -14576.3759766 36505.5820312 7407.5869141
v 158.4957886 -0.2810059 8.0614986
vn 2452.7878418 -39524.9257812 5636.0229492
v 143.9331970 3.0561829 -2.0719013
vn -436.0103455 -38415.3320312 11138.7998047
v 124.7231903 3.1620178 -1.6915016
vn -565.0983887 -31464.8457031 24690.9902344
v 124.7253876 2.4433899 -3.2000999
vn -510.0299988 -39975.2500000 1311.4436035
v 124.7238007 3.5217896 1.6004982
vn 318.4542542 -38743.2617188 -9942.7871094
v 124.7175751 3.0740051 5.3213005
vn -4553.1259766 39721.8554688 1201.6630859
v 124.7539825 -4.8649902 2.6501007
vn -4612.3813477 37981.7382812 -11666.7958984
v 124.7545929 -4.7398071 5.7064972
vn -1691.7922363 -669.1655884 -39958.6132812
v 124.7347870 -0.9779968 8.5574970
vn -8207.7548828 -38991.6015625 3505.4777832
v 158.9897919 4.3114014 -0.5723019
vn -10004.0732422 33025.6015625 20229.4101562
v 158.9425964 -0.5856018 -3.9997005
vn -14539.6240234 36882.1992188 -5320.1059570
v 157.3065948 -0.7835999 7.6864986
vn -4618.4946289 -38504.6835938 -9801.0009766
v 157.0767975 3.3294067 8.2764988
vn 1230.2578125 24490.4980469 -31602.2578125
v 156.3143921 -0.4125977 10.9748974
vn -3877.8471680 10273.3945312 38463.2343750
v 159.0877991 1.0538025 -5.4935017
vn -13555.0849609 37231.3398438 5485.2407227
v 158.7703857 -1.1598206 -1.1021004
vn -7294.7504883 -38967.9140625 -5318.7534180
v 158.7675934 4.3390198 4.1382999
vn -15532.1865234 36675.3046875 -3697.8210449
v 158.4145966 -0.6838074 3.6006985
vn -10487.7158203 37656.0390625 -8487.1103516
v 156.8493958 -1.0473938 9.5128994
vn -6247.7631836 -38311.2421875 -9654.7841797
v 158.2713928 4.4947815 6.2800999
vn -7044.6713867 -39374.4257812 -166.5894775
v 159.5867920 4.8649902 1.9196987
vn 10965.6464844 -13516.9423828 36014.5468750
v 157.7023926 0.9299927 -12.9249020
vn -272.6122131 -21910.5000000 33464.2539062
v 158.6765900 0.8890076 -13.4067011
vn 17909.8007812 -498.1391602 35762.9921875
v 156.6661835 -1.1195984 -13.1527004
vn 12541.2724609 -5854.3203125 37529.2421875
v 157.3675995 -1.1628113 -13.4703007
vn 18005.1542969 -12224.0722656 33561.6914062
v 157.4241943 0.1139832 -13.4923010
vn 11125.5332031 -31032.6015625 22653.9375000
v 157.6763916 1.1220093 -12.9715014
vn 17602.9550781 7144.0976562 35200.8320312
v 157.3219910 -1.1166077 -13.5803003
vn 23098.3437500 -29273.8496094 14474.4218750
v 156.9383850 1.0769958 -12.5103016
vn -25914.2148438 18514.0546875 -24200.9082031
v 155.4149933 -1.5939941 -9.4845009
vn -3714.9699707 -39812.9960938 -1060.7416992
v 154.2557831 1.5771790 -10.5985012
vn 25041.2265625 275.2136230 31190.7324219
v 152.9953918 -0.2984009 -12.1601019
vn 19250.9960938 -24970.9941406 24614.0078125
v 148.0861969 1.7196045 -7.4321022
vn 18439.3339844 -27141.2480469 22876.7226562
v 148.8997803 1.5225830 -8.6257019
vn -17855.1992188 -31460.1015625 17072.0449219
v 152.0377960 2.1982117 -6.4981022
vn -1782.4213867 -38884.2304688 9210.8837891
v 150.9922028 2.0817871 -7.3351021
vn -12720.4990234 37824.6875000 2735.4411621
v 151.6059875 -2.9129944 -6.1447010
vn -31079.6796875 -12942.7138672 -21599.5449219
v 154.0663910 0.3450012 -7.7877026
vn 15531.1816406 -28039.2773438 23928.6835938
v 150.9309998 1.3750000 -10.0527000
vn 11334.1660156 33735.2656250 18261.1386719
v 151.4525909 -2.1978149 -9.6277018
vn -2537.6528320 -39796.9921875 3124.1643066
v 152.4235840 1.7619934 -8.8907003
vn 24300.2695312 5611.3374023 31273.1582031
v 150.8175964 -0.5861816 -10.4815006
vn 5542.8730469 -5192.8349609 39272.2773438
v 137.6547852 0.9194031 -3.4435005
vn 544.0323486 -39070.5429688 -8555.5351562
v 137.6723938 3.2911987 5.0790997
vn 1705.1466064 -34217.8671875 -20645.3574219
v 137.5825958 2.8075867 6.6807003
vn 1378.0977783 21142.5957031 33927.7460938
v 137.7256012 -1.8377991 -2.8581009
vn -2171.9323730 39908.9804688 1599.0083008
v 137.7699890 -3.3514099 2.7094994
vn -1602.7393799 39849.0039062 3080.3645020
v 137.7745972 -3.2413940 0.7012997
vn 1632.0942383 -29827.4531250 26601.8828125
v 137.6777954 2.5899963 -2.7841015
vn -11337.0898438 21733.3828125 31609.0332031
v 156.1529999 -0.4446106 -5.1198997
vn -3963.4206543 -8294.7041016 38929.2929688
v 155.7771912 1.8676147 -5.7617016
vn -11247.4414062 37841.7265625 6442.0190430
v 155.7489929 -1.8774109 -2.2679024
vn 5.0915699 -33270.1640625 22205.7871094
v 155.8861847 3.7091980 -4.9703026
vn 2725.1735840 -39442.3359375 -6072.5722656
v 155.1297913 4.3478088 5.9676971
vn 5544.9165039 -35702.4101562 -17163.6953125
v 153.8511963 3.1492004 9.6768970
vn -12942.1582031 37840.3906250 -778.5878906
v 155.5525970 -2.0823975 5.4172993
vn 2750.3244629 -39854.1406250 -2020.8376465
v 155.6883850 4.1543884 3.9516983
vn 3702.6662598 -39801.6445312 1456.0042725
v 150.5477905 4.0008240 -2.5517025
vn -5703.7324219 39581.4882812 879.7096558
v 149.4909973 -3.2742004 2.5860996
vn 4195.9428711 -37381.5195312 -13602.0869141
v 149.7281952 3.2933960 7.3058987
vn 2628.8583984 -34334.3476562 20352.9453125
v 150.5413971 2.9406128 -5.4437008
vn 3202.1318359 -39809.9062500 2217.7885742
v 150.7455902 3.6848145 -0.7049007
vn -4098.3310547 39402.0156250 -5539.4521484
v 148.6605988 -3.7723999 6.4010983
vn -4069.7973633 39539.9062500 -4475.8295898
v 160.4461975 -0.7358093 1.7798996
vn -4769.5756836 20515.9414062 34005.1171875
v 161.3877869 -0.0227966 4.3276997
vn -13849.3164062 37422.5898438 -2783.3151855
v 159.7015839 0.1781921 3.9363003
vn 3099.2812500 25610.5371094 -30569.5214844
v 160.9151917 -0.4817810 7.7698994
vn -4216.9379883 23895.8789062 31799.4511719
v 161.9559937 -0.2968140 -0.1635017
vn -16386.8964844 36309.6562500 3616.5334473
v 160.4461975 -0.1248169 -0.7307014
vn -1615.4986572 16937.0351562 36201.2109375
v 159.9629974 0.8473816 -5.4637012
vn -8186.5034180 -39140.5546875 -999.4144287
v 162.1557922 4.2429810 1.9664993
vn -23157.1035156 -32316.3125000 4405.1469727
v 160.1227875 3.3174133 -0.6511021
vn -4907.3056641 -39548.3164062 3442.3325195
v 161.4701843 3.9919739 -3.4067001
vn -10635.8857422 -28800.0371094 -25640.5234375
v 161.6044006 3.1860046 -1.2313004
vn -12340.7431641 -29907.1855469 23521.6289062
v 160.6157990 3.2171936 4.1412983
vn 3098.7004395 39657.5156250 4204.7817383
v 159.8533936 -0.8619995 5.7726974
vn -23043.9609375 24325.2851562 -21846.2128906
v 173.1513977 0.3716125 -3.1307011
vn -18504.4902344 22490.3613281 27418.3925781
v 172.8695984 0.4411926 -5.7599010
vn 3417.8127441 24296.4199219 31591.1875000
v 164.1835938 0.2120056 -5.5481014
vn -3207.4204102 21827.5468750 -33365.7226562
v 164.5263977 0.4620056 -1.8497009
vn -2982.4123535 22108.1816406 -33201.4179688
v 169.1401825 0.4217834 -2.3727016
vn -201.2908173 -19542.0449219 34900.8398438
v 168.5879822 2.6798096 -5.9439011
vn -1289.8985596 24096.8535156 31901.0722656
v 167.7106018 0.2425842 -5.7119007
vn -5327.4560547 21808.2285156 -33106.1914062
v 167.9117889 0.3153992 -2.2497005
vn -881.0897217 -39939.6132812 2012.8922119
v 167.5401917 3.4523926 -4.1093006
vn 2172.5925293 23004.2128906 32650.9843750
v 163.2099915 0.2722168 -5.4829025
vn -5608.3295898 22089.6484375 -32872.4062500
v 163.5961914 0.3877869 -1.7743015
vn 3292.5715332 -19690.7382812 34661.7148438
v 163.1177979 2.8133850 -5.6703014
vn 1226.3813477 24570.9082031 31539.9296875
v 165.6333923 0.1009827 -5.6567020
vn 480.1192627 -19612.9218750 34858.3320312
v 165.6247864 2.6322021 -5.8661022
vn 1379.6616211 39913.9375000 -2230.4602051
v 165.7003937 -0.5256042 -3.7711010
vn -5295.9096680 -39571.3593750 2462.0126953
v 165.8679962 3.5843811 -3.9533005
vn -14846.0087891 -35612.7851562 -10551.1240234
v 171.6569977 2.5567932 -3.2327003
vn -24047.3203125 -27100.4453125 -16949.7207031
v 173.4751892 2.3483887 -3.4253025
vn -19625.7070312 -28048.5996094 20690.7812500
v 173.2301941 2.3308105 -5.4531002
vn 9043.5234375 -33036.6289062 -20659.0527344
v 171.7539978 2.7227783 -3.3265018
vn 16455.3925781 -36433.8789062 -1339.0903320
v 171.4445953 2.9697876 -4.2965012
vn 14838.3027344 -30550.1093750 21130.9335938
v 171.4955902 2.6834106 -5.2987003
vn -15951.2968750 -33552.4257812 -14825.3681641
v 173.2657928 2.5903931 -3.5720997
vn -12889.6347656 -31042.6835938 21684.3203125
v 173.0367889 2.5388184 -5.3699017
vn -21802.0429688 25404.6035156 -21892.4121094
v 175.3707886 -0.3171997 3.0208969
vn -19246.1699219 20665.4238281 28328.8867188
v 175.2431946 0.0068054 0.4216995
vn -25282.9414062 1347.7716064 30967.0351562
v 175.5945892 0.9244080 0.3636990
vn -28372.0195312 6080.4462891 -27532.8398438
v 175.7697906 0.6238098 3.1660995
vn 765.4717407 20624.4550781 34264.3632812
v 170.7085876 0.2672119 0.1052990
vn 3953.1369629 25265.3105469 -30757.7246094
v 165.6391907 0.1643982 3.7464981
vn -849.6213379 24677.2773438 -31469.2050781
v 170.7039948 -0.0849915 3.6524982
vn -2279.9184570 -19158.1523438 -35039.5156250
v 165.5541992 2.7268066 4.1062984
vn -4427.5771484 -20575.6679688 -34015.2773438
v 170.3605957 2.2669983 3.8044987
vn -25213.1171875 30635.2343750 5077.5795898
v 175.4375916 -0.6127930 1.6646976
vn -3927.8488770 24978.3378906 -30994.4433594
v 169.4877930 -0.2318115 3.7066994
vn -2466.5620117 -20134.1484375 -34475.1054688
v 169.2615967 2.2182007 3.9347000
vn -3572.1027832 -21986.6152344 33223.9296875
v 164.3871918 3.0683899 -0.1975021
vn 898.6527100 25507.9941406 -30798.3007812
v 167.3259888 -0.2391968 3.7588978
vn -3104.1520996 -19403.7382812 -34840.4921875
v 167.2581940 2.3299866 4.0972977
vn -1239.6287842 22317.0585938 -33172.4726562
v 161.6543884 0.2503967 3.7242985
vn -5305.0043945 -18895.7871094 -34854.0820312
v 172.4418030 1.9418030 3.6858978
vn -13835.7226562 -35956.8750000 -10755.3105469
v 173.6711884 1.9536133 3.0000992
vn -20638.9453125 -29557.5058594 -17331.7226562
v 175.6593933 1.7630005 2.9040985
vn -18432.5078125 -33229.1484375 12492.6748047
v 175.5033875 1.8976135 0.8448982
vn 11268.2958984 -31274.0449219 -22247.7011719
v 173.7537842 2.1113892 2.9347000
vn 9616.2890625 -35541.6210938 15630.7656250
v 173.6385803 2.2461853 0.8892975
vn -12421.0957031 -34454.1250000 -16081.9882812
v 175.3473969 1.9975891 2.7726974
vn -11920.6513672 -35648.3085938 13678.3378906
v 175.2229919 2.0946045 0.9496994
vn -19063.1542969 23307.9980469 -26331.2382812
v 172.7399902 -0.3486023 8.4560986
vn -20217.4394531 22968.5019531 25762.4531250
v 172.8633881 -0.2337952 5.9782982
vn -27434.5136719 3101.7919922 28943.5156250
v 173.1995850 0.6549988 5.8642979
vn -25352.4726562 3079.3520508 -30785.8808594
v 173.0757904 0.5460205 8.5520992
vn -2406.6308594 23591.9824219 32212.2187500
v 164.2863922 0.0243835 4.7700996
vn 5576.0507812 22481.9375000 -32610.9003906
v 164.1609955 0.1467896 8.3920994
vn 2294.5415039 21448.3105469 -33685.3945312
v 168.5762024 -0.1286011 8.5756969
vn -24694.1640625 31464.5996094 421.9882202
v 172.9625854 -0.7550049 7.1762981
vn -2354.7155762 -39911.0312500 -1251.2399902
v 163.9795990 3.4343872 6.5594997
vn -1510.6221924 -39970.2695312 310.4164429
v 168.2135925 2.9931946 6.8608990
vn -5718.5454102 -22245.7675781 32747.8964844
v 163.1989899 2.7134094 4.5190983
vn -4649.3310547 39702.9648438 1434.9229736
v 163.1934052 -0.7337952 6.3780994
vn 3060.7089844 21593.0097656 -33531.6953125
v 165.6407928 -0.1951904 8.5692997
vn -982.5709839 -21774.9980469 -33539.3007812
v 165.5151825 2.3455811 8.5408993
vn -8705.4082031 -22667.2050781 31787.0136719
v 161.6907806 2.8689880 4.3170986
vn 2743.9838867 39885.9023438 1259.2957764
v 170.3911896 -0.9782104 7.1242981
vn -15495.0507812 -35234.9960938 -10881.1367188
v 171.1817932 1.8885803 8.1738987
vn -21294.2519531 -27848.5312500 -19261.7460938
v 173.0021820 1.5939941 8.2348995
vn -21818.2363281 -25066.3242188 22263.0781250
v 173.1141968 1.5804138 6.1696968
vn 9210.5390625 -33439.2343750 -19924.4648438
v 171.2973938 2.0257874 8.1248989
vn 13130.2265625 -29536.8183594 23562.1347656
v 171.3959808 2.0305786 6.0518970
vn -14632.1806641 -32997.0742188 -17236.3886719
v 172.8051910 1.8228149 8.0995007
vn -17763.9570312 -31110.3867188 17792.8750000
v 172.9067993 1.8123779 6.2224979
vn -13000.4082031 26481.3925781 -27013.4414062
v 166.9555969 -0.6676025 13.6424999
vn -24226.3574219 23084.2988281 21913.4531250
v 167.4273834 -0.5270081 11.6303005
vn -32469.6601562 3990.0317383 23017.4179688
v 167.7977905 0.2705994 11.6458988
vn -19951.4375000 8366.3798828 -33644.3828125
v 167.3419952 0.1033936 13.8642979
vn 9915.8212891 21901.0996094 -31969.0312500
v 163.5917969 0.0167847 13.3575001
vn -16245.0791016 -25160.2500000 26515.2773438
v 160.5541840 2.5364075 9.2967014
vn 7765.9199219 -18053.1542969 -34839.2734375
v 159.7141876 1.9522095 12.5820980
vn -22685.6328125 32829.4882812 -2754.5827637
v 167.2889862 -1.0070190 12.6296978
vn -982.6250610 -39985.5000000 -441.4629211
v 163.8875885 2.5307922 11.8771000
vn -12358.6435547 19601.1777344 32604.5742188
v 160.5291901 0.1955872 9.1993008
vn 9323.3271484 24998.8886719 -29801.5390625
v 159.7819977 -0.3018188 12.3178997
vn 6797.3452148 23386.6855469 -31731.0546875
v 161.4403839 -0.2214050 12.8400974
vn 8292.2031250 26140.7324219 -29118.7578125
v 157.3963928 -0.3334045 11.3402996
vn 1202.2208252 -17868.6914062 -35766.8164062
v 164.9453888 1.5562134 13.7287006
vn 7801.3178711 39090.5234375 3327.3215332
v 165.2073975 -1.0142212 12.1640987
vn -27720.1757812 -27051.7968750 9989.6357422
v 167.7407837 1.1627808 12.0236988
vn -16619.6503906 -23252.1562500 -27984.3710938
v 167.3117981 1.0681763 13.6956997
vn -362.4797058 -32453.7363281 23379.9960938
v 166.1811829 1.4904175 11.4722996
vn 7864.1713867 -32154.3652344 -22455.5605469
v 165.7065887 1.4191895 13.5049000
vn 3324.2824707 -34751.7929688 -19525.9492188
v 165.9943848 1.5509949 13.4170971
vn 1292.5092773 -39963.9023438 -1103.0692139
v 166.0760040 1.8403931 12.5144978
vn -3748.4770508 -35498.8320312 18049.4492188
v 166.4071960 1.6154175 11.6474972
vn -14203.3554688 -29228.9863281 -23322.3437500
v 167.1965942 1.3084106 13.5740986
vn -23565.0273438 -29384.5644531 13462.4492188
v 167.6013947 1.3577881 12.0260983
vn 2648.1735840 -39755.9960938 3528.2539062
v 143.9745941 3.2525940 -0.3941021
vn -3216.6777344 39326.2265625 6565.2001953
v 157.3089905 -2.2685852 -12.3637018
vn -7242.4765625 -38457.9726562 -8278.3798828
v 157.4643860 1.3625793 -11.6747007
vn 4720.5678711 21315.5429688 -33516.6289062
v 149.0183868 -1.8038025 10.0649014
vn 7789.4648438 21322.2636719 -32934.5703125
v 143.5428009 -2.1293945 8.4336987
vn 4991.6538086 38867.1015625 8027.0034180
v 144.1893921 -3.6422119 -2.2581005
vn -24602.5234375 24614.2109375 19719.4628906
v 153.9189911 -1.5610046 -5.1569023
vn 8352.3359375 34459.8828125 18513.6562500
v 148.2437897 -3.3363953 -6.0259018
vn 5132.8740234 12763.7802734 37559.8203125
v 156.1595917 -1.5504150 -13.2493010
vn 61.6120453 -26883.7988281 29618.5488281
v 156.6601868 1.3843994 -12.5923004
vn -17709.2792969 -24213.7031250 -26459.0000000
v 157.9779968 0.8370056 -11.0371008
vn -19721.0898438 29246.5878906 -18860.4472656
v 158.2607880 -1.8699951 -11.4459009
vn 3086.3083496 24084.9824219 -31786.6171875
v 137.5877838 -2.2556152 7.2094975
vn 11661.9658203 -31483.7734375 21743.3066406
v 153.9557800 1.4136047 -12.2335014
vn -16494.8808594 -30149.6308594 -20467.5195312
v 155.4573975 1.1493835 -10.0689011
vn 15100.5009766 27426.3378906 24895.2109375
v 153.8372040 -1.8810120 -12.3687010
vn -14038.6962891 -28570.7714844 24220.3789062
v 158.9373932 1.0698242 -13.2617016
vn -7272.1425781 12674.8496094 37235.2617188
v 158.6454010 -1.4120178 -13.9589014
vn -34502.0937500 -15963.3144531 -12441.0117188
v 159.4655914 0.5639954 -12.0671005
vn -33456.5507812 21294.6503906 -5215.1333008
v 159.4532013 -1.4678040 -12.6679010
vn -33170.4648438 14741.3095703 -16805.2031250
v 154.1413879 -1.5066223 -7.5279007
vn -19598.4218750 -1416.3763428 -34841.0156250
v 156.8929901 -0.4714050 -9.8821011
vn 20022.0000000 -23376.1386719 25547.5332031
v 146.9177856 1.7615967 -6.6985016
vn -12022.2099609 -23532.5859375 30028.0644531
v 152.5185852 2.2104187 -6.1121025
vn 10176.4521484 35912.6679688 14377.7890625
v 147.3327942 -3.8644104 -4.5383015
vn -5808.9013672 39469.7578125 2897.5209961
v 149.0907898 -3.6538086 4.0918980
vn -9464.0263672 38712.3828125 3432.8391113
v 159.3257904 -0.6202087 5.7648983
vn 2927.8244629 -39882.4179688 906.1170654
v 156.2007904 4.6743774 1.6599007
vn -125.7360687 -39972.2460938 1484.7043457
v 137.7623901 3.4093933 1.6033001
vn -2734.0268555 -20563.6484375 34200.3242188
v 159.9297943 3.0614014 -5.3433018
vn -578.5567627 -39731.1328125 4593.7915039
v 124.7241974 3.4420166 -0.3625011
vn -1276.3878174 -2869.0371094 39876.5625000
v 124.7293854 0.6475830 -3.9177017
vn -252.3651428 -39868.9843750 -3225.0620117
v 124.7217865 3.5361938 3.5618992
vn 419.0885620 -32323.6074219 -23558.6386719
v 124.7167816 2.3433838 7.0184975
vn -4257.1679688 39416.9531250 5308.5571289
v 124.7517853 -4.7084045 1.5055008
vn -4645.2988281 39674.2031250 -2092.7509766
v 124.7547913 -4.8020020 4.0135002
vn -3637.7580566 39552.5429688 4729.0234375
v 124.7472076 -4.4553833 0.6774998
vn -2794.9030762 37278.0117188 14231.6162109
v 124.7409821 -4.1900024 -0.9259014
vn -3653.1767578 25404.7128906 -30679.8867188
v 124.7475891 -3.6781921 7.5052967
vn -530.7885742 -16636.8359375 -36372.1718750
v 124.7241974 0.7896118 8.2068996
vn -1853.4660645 21698.6347656 33551.9726562
v 124.7337799 -2.5130005 -3.0871010
vn -12658.4326172 37584.0234375 -5215.9223633
v 155.2747955 -1.9154053 7.4192982
vn -1230.1027832 22340.3808594 -33157.1250000
v 153.8297882 -1.1423950 10.6356983
vn 4627.9155273 371.9361877 39729.6445312
v 158.4231873 -0.9976196 -13.9297009
vn -3342.8410645 -10761.3359375 38379.9375000
v 158.6743927 0.0549927 -13.9821005
vn 29127.2792969 -11134.5087891 25052.4472656
v 156.6053925 0.0669861 -12.9895010
vn 7030.1381836 -11983.4541016 37509.6601562
v 158.2993927 0.1401978 -13.9491005
vn 2586.2719727 -29445.7617188 26949.1972656
v 158.4866028 0.9907837 -13.4129009
vn 21901.6054688 -26318.6074219 20679.7324219
v 157.0574036 1.0093994 -12.7289009
vn 27878.0468750 4299.1147461 28360.7636719
v 156.7162018 -1.0238037 -13.2471008
vn 9570.3984375 5708.4960938 38416.4179688
v 158.1995850 -0.9187927 -13.9623013
vn -25790.7089844 -8228.5859375 -29447.0781250
v 155.5347900 0.0341797 -9.3361006
vn 15729.2265625 -29853.1679688 21479.7714844
v 153.2331848 1.3927917 -11.6933002
vn -18763.3789062 -31726.9277344 -15535.0712891
v 155.1069946 1.2379761 -9.8317013
vn 16395.9238281 30651.1757812 19790.9003906
v 153.2521820 -2.0270081 -11.7511005
vn -20056.1269531 -34350.5117188 4218.3847656
v 152.2737885 1.9634094 -7.0063019
vn -36286.1250000 16765.7128906 1492.9488525
v 153.7173920 -1.5464172 -5.8183022
vn 7808.3442383 34361.8945312 18928.5683594
v 149.4373932 -2.6878052 -7.4801006
vn -19341.4160156 -33779.9335938 -9210.1318359
v 153.4199829 1.5426025 -8.2655010
vn 164.1170807 -39721.2851562 4710.9643555
v 137.7553864 3.2017822 -0.1681023
vn 69.4024277 39882.1367188 3067.7158203
v 137.7785950 -3.2781982 1.6072979
vn 874.8088379 39838.3710938 -3484.2292480
v 137.7493896 -3.3056030 4.0450993
vn 2438.6757812 1214.8687744 -39907.1132812
v 137.5209961 0.0711975 7.9707012
vn 386.6876221 -39959.2460938 -1763.5020752
v 137.7507935 3.3531799 3.3738995
vn 2017.3221436 37351.2656250 14170.8818359
v 137.7575989 -3.2717896 -0.9811020
vn 2519.4482422 -39868.1718750 2044.9818115
v 156.0593872 4.0243835 -0.6765003
vn 3189.5649414 -38356.2578125 -10891.4941406
v 154.3003998 3.4647827 7.9382992
vn -11804.1347656 38187.5898438 -1539.8138428
v 156.1085815 -1.7560120 3.0800991
vn 1368.3872070 -39819.1406250 3544.6274414
v 155.7553864 4.3753967 -2.8649025
vn -3945.8300781 18758.7265625 35107.5664062
v 160.2704010 0.5445862 4.0686989
vn -2403.7053223 25055.1875000 -31087.9472656
v 159.2890015 -0.3044128 7.5596981
vn -9934.6015625 23962.6171875 -30448.2734375
v 161.6729889 0.3465881 -1.4727020
vn 744.3668213 39824.9492188 3663.3398438
v 161.3391876 -0.5523987 -3.5347023
vn 3974.5502930 20405.1230469 34173.5937500
v 161.0589905 0.5869751 -5.3889008
vn -8709.4423828 -19728.9843750 -33688.4765625
v 159.5383911 2.4599915 8.0202999
vn -11326.4101562 -37224.4843750 -9276.3515625
v 160.3967896 3.8858032 6.4046974
vn 15009.5625000 17884.4960938 32478.5839844
v 157.3507996 -1.3904114 -13.4551010
vn 5090.6108398 10085.0634766 38371.5742188
v 158.4317932 -1.0928040 -13.9203014
vn 4199.5161133 -38074.5000000 11519.4267578
v 157.7717896 1.2085876 -12.7171011
vn 788.1359863 -6297.2773438 39493.3398438
v 157.0914001 0.8365784 -12.6739016
vn 10565.8046875 -38563.3867188 1108.9431152
v 165.7477875 1.7606201 12.4618969
vn -29084.2773438 -26884.6699219 -5596.4169922
v 166.0467987 1.2915955 13.3127003
vn -10571.5097656 -36474.3046875 -12564.5927734
v 166.4749908 1.2806091 13.5187016
vn -20813.0058594 -26559.2421875 -21480.8320312
v 167.3229828 1.1146240 13.6372967
vn -13465.6025391 -37535.0351562 3130.4055176
v 166.8795929 1.3563843 11.7320995
vn -27290.0898438 -28215.5761719 -7689.7944336
v 166.4178009 1.4030151 11.7546978
vn -2641.0385742 -16545.6171875 36321.7304688
v 171.9803925 1.6275940 5.7964973
vn -22862.1679688 -31143.0019531 10365.1123047
v 173.0967865 1.6346130 6.2563000
vn -7809.5434570 -39057.9531250 3672.6105957
v 174.2815857 2.0001831 0.7384987
vn -8855.6767578 -10278.5058594 37628.8437500
v 158.6938019 0.0690002 -13.9755011
vn -4230.6401367 -32204.0937500 23345.2070312
v 158.7315979 0.9801941 -13.3265009
vn -0.0222872 0.9974014 -0.0685112
v -168.9297943 3.2294006 -4.2509003
vn 0.0334952 0.5164691 -0.8556505
v -164.3906097 2.7095947 -5.4691010
vn -0.1672621 0.5643584 0.8084077
v -164.7026215 2.9057922 -2.0025024
vn -0.0093839 -0.9986498 0.0510928
v -164.6590118 -0.1145935 -3.6993008
vn -0.0687817 0.9953575 -0.0673251
v -164.5112152 3.5821838 -3.7819023
vn 0.0403833 0.4821115 -0.8751788
v -167.7952118 2.4320068 -5.6531010
vn -0.1047881 0.5656787 0.8179408
v -168.0541840 2.5857849 -2.4821014
vn -0.1732004 0.5458254 0.8198026
v -166.2272186 2.6618042 -2.2417011
vn -0.1533933 0.5476627 0.8225181
v -163.7312164 2.9143982 -1.8565006
vn -0.0598345 -0.9982063 0.0020367
v -163.7134247 -0.2453918 -3.6285019
vn -0.0523655 0.5195035 -0.8528622
v -170.5989838 2.3359985 -5.6877022
vn -0.0661094 0.0597681 -0.9960207
v -172.2646027 1.5513916 -5.7549019
vn -0.2015683 0.9787529 -0.0375889
v -170.6566010 3.0281982 -4.2359009
vn -0.6515220 0.7555594 -0.0681851
v -171.4316254 2.7984009 -4.2271004
vn -0.2471953 0.6354559 0.7314987
v -172.6388092 2.1110229 -3.0391006
vn -0.1362027 0.7469438 -0.6507870
v -172.3170013 2.1409912 -5.6079025
vn -0.9870575 0.0926450 -0.1308985
v -173.9418182 1.7536011 -4.5025005
vn 0.0149135 -0.9960295 -0.0877663
v -171.0785980 -0.3291931 1.8525009
vn -0.0485173 0.5770882 -0.8152394
v -169.5328217 2.2497864 0.2507000
vn -0.0858565 -0.9938915 -0.0693420
v -169.8047943 -0.5000000 1.8354988
vn -0.0149180 0.4888532 0.8722386
v -164.6569977 2.6561890 3.7502995
vn -0.1320194 -0.9834331 -0.1242183
v -174.6962128 -0.6795959 1.6877003
vn 0.0769508 -0.9912720 -0.1070442
v -172.9941864 -0.6331787 1.7315006
vn -0.2002614 0.6627832 0.7215357
v -174.7086029 1.5357971 3.2178993
vn -0.1992492 0.7994334 -0.5667504
v -174.5292206 1.7384033 0.5028992
vn -0.9814103 0.1774781 -0.0730434
v -176.2205963 1.2238159 1.7418976
vn -0.0964511 0.7735065 -0.6264064
v -174.5207977 1.7067871 0.7078972
vn -0.7310273 0.6823329 -0.0045820
v -175.9680023 1.6262207 1.8348999
vn -0.9465283 -0.3220524 0.0191428
v -173.5767975 0.3215942 7.1734982
vn -0.1084694 0.4900658 -0.8649104
v -167.7024078 1.9926147 5.4313011
vn -0.0661056 -0.9974589 0.0265675
v -167.9798126 -0.6521912 6.9904976
vn -0.0621825 0.9975528 -0.0319688
v -167.4502106 2.6871948 6.7740974
vn -0.1570547 0.9875200 -0.0117541
v -165.7530060 2.8894043 6.6576977
vn -0.1906193 0.0119330 -0.9815915
v -172.2366180 0.9311829 5.7957001
vn -0.0318102 0.5368608 0.8430710
v -170.3390045 1.7637939 8.4328976
vn -0.1008215 -0.9944400 -0.0303980
v -172.2748260 -0.7239990 7.1931019
vn -0.1754005 0.6951620 0.6971259
v -172.1098175 1.4504089 8.4006977
vn -0.2568395 0.7610379 -0.5956969
v -172.2510223 1.5050049 5.9022999
vn -0.9869778 0.1586872 0.0263284
v -173.6674042 0.9819946 7.1564999
vn -0.1372324 0.9798120 0.1453811
v -172.2313995 1.4848022 6.0568981
vn -0.1292294 0.9051516 0.4049697
v -172.1089935 1.4630127 8.2507000
vn -0.6714844 0.7386288 0.0594659
v -171.1572113 1.9167786 7.1298981
vn -0.8084271 0.5870897 0.0420872
v -173.4402313 1.3922119 7.1740971
vn -0.1724273 0.9849520 0.0117694
v -172.3342133 1.8634033 7.1054993
vn 0.0482846 0.9980915 0.0384969
v -163.4001923 2.1571960 11.7574978
vn -0.0600053 0.9879900 0.1423911
v -162.1232147 2.1694031 11.4674969
vn -0.0644579 -0.9931578 -0.0973798
v -160.4606171 -0.5509949 10.7362995
vn -0.3595180 0.5359948 -0.7638431
v -165.7706146 1.4823914 11.0348988
vn -0.3994853 0.0304709 -0.9162331
v -167.0742035 0.5579834 11.4039021
vn 0.0463525 -0.0852746 0.9952787
v -166.6249847 0.4205933 13.6830997
vn -0.0377506 -0.9976510 -0.0571606
v -166.7654266 -0.8963928 12.4511013
vn -0.2877256 0.9549752 0.0723625
v -165.5428314 1.9442139 12.2516994
vn -0.7463048 0.6306698 0.2128020
v -166.1652069 1.6857910 12.4538975
vn -0.1014524 0.6160861 0.7811181
v -166.7006073 0.9670105 13.6572971
vn -0.4381569 0.7189593 -0.5395519
v -167.1244049 1.0736084 11.5482998
vn -0.9760702 0.0750907 0.2040795
v -168.0464325 0.5675964 12.8080997
vn -0.8436780 0.4824501 0.2354770
v -167.8827972 0.9369812 12.8173008
vn -0.9640388 -0.1673838 0.2064267
v -166.1255951 1.4729919 12.4662991
vn 0.0198011 0.5299941 0.8477702
v -166.6628265 1.0000000 13.5022984
vn -0.3272834 0.4977241 -0.8032162
v -167.0806122 1.0710144 11.7174969
vn -0.2244214 0.9704280 0.0889068
v -167.0550079 1.3910217 12.6448994
vn -0.7545875 -0.1434449 0.6403291
v -159.2122040 -0.5444031 -11.8095016
vn -0.1686436 -0.9650003 -0.2008325
v -158.4238129 -1.7687988 -12.8371010
vn -0.2964852 0.9288440 0.2221384
v -158.5345917 0.9549866 -12.1655016
vn 0.4237490 0.0784205 -0.9023786
v -154.2032013 -0.2196045 -12.4663010
vn 0.1881546 0.1591102 -0.9691656
v -155.0628204 -0.1517944 -12.6535015
vn -0.0194298 -0.9950479 -0.0974791
v -156.0876007 -2.1524048 -11.4457016
vn -0.1442622 -0.9860486 0.0830448
v -149.8812103 -3.4963989 -1.6573009
vn 0.6290511 -0.3197072 -0.7085775
v -146.7028046 -1.3021851 -6.1475010
vn 0.3872208 -0.4394927 -0.8104976
v -144.3088226 -1.2896118 -4.1927013
vn 0.2112241 0.0886673 0.9734077
v -143.9584198 0.3658142 8.8240986
vn -0.1333561 -0.9860764 0.0993460
v -149.7817841 -3.1455994 1.2724991
vn 0.0103896 -0.9996828 0.0229432
v -144.3182220 -3.3713989 0.8244991
vn 0.0738473 0.9898034 0.1218022
v -150.5246124 3.6184082 5.4728985
vn 0.0749895 0.9966363 -0.0330544
v -151.0826263 3.8901978 1.4820995
vn -0.0035168 0.9621149 0.2726216
v -156.9776154 3.2272034 9.9174976
vn 0.2293456 0.2914867 0.9286744
v -156.5395966 1.8981934 11.2136974
vn -0.3325234 -0.9374858 0.1027063
v -159.2416229 -0.8746033 1.4839001
vn -0.3992037 -0.9144130 0.0669734
v -158.2256012 -0.8305969 5.7268982
vn -0.0678340 0.5387807 -0.8397106
v -159.2944183 2.9972229 -5.0885010
vn -0.1174713 0.9840153 -0.1338443
v -159.2958221 4.1589966 -3.0483017
vn 0.2249764 0.2481761 -0.9422283
v -156.9463959 -0.0772095 -12.6043005
vn -0.1363785 -0.9846523 0.1089070
v -154.8262177 -2.1293945 -10.2765007
vn -0.3310243 -0.9224790 -0.1986340
v -151.3751984 -3.0625916 -4.7831020
vn -0.7874247 0.3401592 -0.5140565
v -153.3780060 0.7076111 -6.3041019
vn -0.8964250 0.4282910 0.1139694
v -153.2925873 0.5795898 -6.7903004
vn 0.6271614 -0.2543597 -0.7361859
v -148.8820038 -0.8269958 -8.6111012
vn -0.3099245 -0.9433603 0.1183982
v -153.4358063 -2.2431946 -8.1061001
vn 0.0640374 0.4209065 0.9048408
v -137.8300018 1.4172058 7.4178982
vn 0.0035822 0.9744509 -0.2245720
v -138.0370026 2.7684021 -1.4957008
vn 0.1560638 0.3118283 0.9372339
v -153.7764130 1.6199951 10.9476986
vn -0.2463728 -0.9687910 0.0272859
v -156.5788116 -1.6268005 1.2022991
vn 0.0227575 0.4974035 -0.8672208
v -161.3764191 2.7117920 -5.1353016
vn -0.0951481 -0.9808092 -0.1701767
v -160.4938202 -0.0010071 -3.4875011
vn -0.1734983 0.9814876 -0.0811194
v -160.4535980 3.9687805 -3.1661015
vn -0.2066260 0.4847224 -0.8499117
v -162.0895844 2.8504028 -0.1077003
vn 0.0101303 -0.9937625 0.1110564
v -162.1436005 -0.6965942 1.7452984
vn -0.2198573 0.9753464 0.0190332
v -160.8216095 4.4317932 1.9642982
vn -0.5318639 0.8176352 0.2204392
v -159.9364166 3.3370056 4.0669003
vn 0.0823547 0.4374647 0.8954566
v -161.2961884 2.3275757 7.8706989
vn -0.2849984 0.9222941 0.2610550
v -159.5685883 3.8859863 6.3083000
vn -0.5602379 -0.1031921 -0.8218789
v -173.3306122 1.3934021 -5.6249008
vn -0.7215259 -0.1708579 0.6709754
v -173.6172028 1.3069763 -3.2479000
vn -0.1069625 0.5951517 0.7964631
v -169.1708221 2.6217957 -2.6319008
vn -0.6085910 -0.7894016 -0.0803875
v -173.2642059 0.2261963 -4.4391003
vn -0.9255134 -0.3597580 -0.1183183
v -173.7994232 1.0916138 -4.4871025
vn -0.0147446 -0.9997832 0.0147038
v -169.3921967 0.0195923 -4.0431004
vn 0.0065452 -0.5734251 -0.8192319
v -169.2162323 0.5965881 -5.5057011
vn -0.0784647 -0.9964802 0.0295040
v -168.0807953 -0.1055908 -3.9373016
vn -0.0716468 -0.5685015 0.8195565
v -166.1810150 0.4512024 -2.2702999
vn -0.0062648 0.9963655 -0.0849503
v -163.4738007 3.5462036 -3.6807022
vn -0.0701244 -0.5775370 -0.8133472
v -172.2568207 0.4970093 -5.6715012
vn 0.0628730 -0.5674371 -0.8210130
v -170.8116302 0.5271912 -5.6067009
vn -0.2123681 -0.6231475 0.7527198
v -172.5157928 0.4384155 -3.0423012
vn -0.0707768 -0.5849360 0.8079855
v -171.0309906 0.4710083 -2.8121014
vn -0.2342817 0.0183080 0.9719964
v -172.5928192 1.4942017 -2.9067020
vn -0.1594619 -0.9862732 -0.0428602
v -172.4784088 -0.0592041 -4.3883018
vn 0.0157801 -0.9996649 -0.0205215
v -170.9996185 -0.1028137 -4.2471008
vn -0.1541037 0.5392062 0.8279545
v -170.9144135 2.3546143 -2.7525005
vn -0.3312504 0.9046602 0.2680730
v -171.7740326 2.3855896 -3.0821018
vn -0.2951665 0.9236708 -0.2443544
v -171.4838104 2.3573914 -5.4263020
vn -0.6810794 0.7280035 -0.0783698
v -171.4484100 2.5665894 -4.2555008
vn -0.1444385 0.8586601 0.4917727
v -172.6003876 2.1809998 -3.2553024
vn -0.7408487 0.3117886 0.5949211
v -173.7084198 1.9002075 -3.3485012
vn -0.5785599 0.4331488 -0.6911227
v -173.4354095 1.9808044 -5.4995022
vn -0.0515509 0.9030366 -0.4264593
v -172.3318024 2.1462097 -5.4223022
vn -0.8352366 0.5411644 -0.0975757
v -173.7715912 2.1690063 -4.4587021
vn -0.4522453 0.8845780 -0.1139996
v -171.5472260 2.2640076 -5.2821007
vn -0.1522514 0.8538346 0.4977811
v -172.6674042 2.3913879 -3.4717007
vn -0.0454251 0.8038132 -0.5931450
v -172.4253998 2.3531799 -5.2711010
vn -0.4815666 0.8714989 -0.0926459
v -173.5140228 2.4237976 -4.4703007
vn -0.1183804 0.9922548 -0.0376379
v -172.6566010 2.5817871 -4.3891010
vn -0.9371207 -0.3342034 -0.1005635
v -176.1020355 0.5368042 1.7108974
vn 0.0563319 -0.9983385 -0.0121262
v -165.8965912 -0.2073975 1.7409000
vn -0.1481919 0.9881693 0.0395052
v -165.6652069 3.4057922 1.9606972
vn -0.0466067 0.6193780 -0.7837083
v -170.6009979 2.3236084 0.3052979
vn -0.0609845 0.9970342 0.0469453
v -170.4126129 2.8009949 1.9016972
vn 0.0005056 -0.5056947 -0.8627123
v -165.8112030 0.4277954 0.0812988
vn -0.1339979 0.5682061 -0.8119030
v -165.7040253 2.7091980 0.1080990
vn -0.0869144 -0.9952400 0.0440827
v -164.7521820 -0.3099976 1.7416973
vn 0.0059702 -0.5634918 -0.8261002
v -167.6232147 0.1318054 0.0946980
vn -0.1117199 -0.5491057 -0.8282522
v -169.7988129 0.2182007 0.2814980
vn -0.1000648 0.5631964 -0.8202420
v -167.4728241 2.3612061 0.1274986
vn 0.0777208 -0.9956821 -0.0507611
v -167.6739960 -0.5691833 1.7528973
vn -0.1655048 0.9855909 0.0349108
v -167.4175873 3.0056152 1.9764996
vn -0.0519440 0.9976202 0.0453403
v -169.3364105 2.8008118 1.9508991
vn -0.0897407 -0.5964307 -0.7976323
v -164.7438202 0.2058105 0.1124992
vn 0.0151011 -0.6473370 0.7620543
v -164.7722015 0.3132019 3.4384995
vn -0.0982394 0.9942166 0.0433858
v -164.5576019 3.4851990 1.9306984
vn -0.1619100 0.4524201 0.8769841
v -161.9835968 2.9866028 3.7176991
vn -0.1149198 -0.5221310 -0.8450874
v -174.5000153 0.0863953 0.4354992
vn 0.0346579 -0.5020335 -0.8641535
v -172.8556061 0.2157898 0.3203011
vn -0.1440408 -0.6646798 0.7331119
v -174.6067963 -0.2438049 3.0960979
vn -0.0000332 -0.6224792 0.7826364
v -172.9084015 -0.1105957 3.2852974
vn -0.1491392 0.0738053 -0.9860580
v -174.4918060 1.1683960 0.3548985
vn -0.1769455 -0.0411648 0.9833595
v -174.6518097 0.8873901 3.2954998
vn -0.1027610 0.5836003 -0.8055128
v -172.5918121 2.0321960 0.2932987
vn -0.1921937 0.9802625 0.0463373
v -172.4730072 2.5146179 1.8132992
vn -0.6191518 0.7846522 0.0311784
v -173.4606171 2.2659912 1.8038979
vn -0.6416802 0.7658057 -0.0422877
v -173.5052032 2.0303955 1.8526993
vn -0.3297198 0.9050534 0.2686323
v -173.7646027 1.8049927 3.1262989
vn -0.3144830 0.9344103 -0.1672662
v -173.6182098 1.9638062 0.5806980
vn -0.1088746 0.9084922 0.4034703
v -174.6838226 1.5584106 3.0449009
vn -0.7177004 0.3118297 0.6226303
v -175.9540253 1.3352051 2.9204998
vn -0.6253494 0.4985906 -0.6002879
v -175.7862091 1.5310059 0.7148972
vn -0.4532095 0.8908165 0.0323584
v -173.6935883 1.8310242 0.7614994
vn 0.1300217 0.9876861 0.0870095
v -173.8368073 2.1355896 1.9038982
vn -0.1036696 0.8452766 0.5241757
v -174.6766205 1.7819824 2.8246994
vn -0.0966041 0.8963313 -0.4327331
v -174.5442047 1.8955994 0.9414997
vn -0.3824487 0.9236887 0.0230700
v -175.5726166 1.8928223 1.8563004
vn -0.1196331 0.9914873 0.0513898
v -174.7028046 2.0495911 1.8854980
vn -0.1972943 0.5430872 -0.8161687
v -164.3984222 2.4678040 4.8884983
vn -0.0916893 0.5469735 -0.8321136
v -168.7106171 2.0817871 5.5172977
vn -0.0216702 -0.9995508 -0.0207058
v -169.0260162 -0.5339966 7.0068989
vn -0.0901550 -0.5269408 -0.8451068
v -169.0525970 0.1086121 5.6701012
vn -0.0133085 0.5850182 0.8109110
v -168.5778046 2.0642090 8.2368984
vn -0.0216335 0.5547299 0.8317493
v -167.5752106 2.0557861 8.2492962
vn 0.0456136 0.5573432 0.8290284
v -164.3132172 2.4230042 8.2333012
vn 0.0611984 -0.9979803 0.0170334
v -164.5599823 -0.3277893 6.5804996
vn -0.0410022 0.9942777 0.0986453
v -163.2554169 3.1555786 6.4920998
vn -0.0524381 -0.6292523 -0.7754301
v -166.0865936 -0.1477966 5.2876987
vn -0.1446536 -0.5905175 -0.7939550
v -167.9980316 -0.0803833 5.5874996
vn -0.0220748 -0.5427076 0.8396316
v -167.8303986 -0.0726013 8.3463001
vn -0.2146186 0.4762303 -0.8527272
v -165.8852081 2.1188049 5.1506996
vn 0.1023019 -0.9940854 0.0364506
v -166.0988007 -0.6628113 6.8210983
vn -0.1382435 -0.5877326 -0.7971569
v -163.4628143 0.1462097 4.8372974
vn 0.0314230 -0.6154440 0.7875540
v -163.3916168 0.0863953 7.9392986
vn 0.1122787 0.4461569 0.8878838
v -163.2368011 2.2641907 8.1562977
vn -0.0150129 -0.9901428 -0.1392549
v -161.4734344 -0.7005920 6.0615005
vn -0.1436776 0.9728250 0.1815718
v -161.7765961 3.2919922 6.3892994
vn -0.1531739 -0.5855761 -0.7960141
v -172.2347870 -0.1174011 5.9430981
vn -0.0227596 -0.5530392 -0.8328444
v -170.7352142 -0.0068054 5.7762985
vn -0.0723489 -0.6029735 0.7944739
v -172.0748138 -0.2463989 8.4054966
vn 0.0770672 -0.5621784 0.8234174
v -170.5296173 -0.1282043 8.4294987
vn -0.0920836 0.0329107 0.9952073
v -172.0727997 0.8336182 8.5088978
vn -0.1611993 0.5381634 -0.8272817
v -170.5140228 1.8197937 5.6718979
vn -0.2117089 0.9770523 0.0234120
v -170.2756195 2.4273987 7.0247002
vn -0.6332428 0.7717418 0.0584652
v -171.1172028 2.1677856 7.1145000
vn -0.3589282 0.8584166 0.3664583
v -171.2546234 1.7590027 8.2760983
vn -0.3964640 0.9023705 -0.1689494
v -171.4033966 1.7731934 5.9902992
vn -0.6479219 0.3436264 0.6797928
v -173.2510223 1.1875916 8.2434978
vn -0.6808079 0.4397304 -0.5857797
v -173.3494110 1.2686157 6.1568966
vn 0.0669192 0.9976948 -0.0112682
v -171.4803925 1.9971924 7.0912991
vn -0.4352325 0.8991885 0.0450869
v -171.4578094 1.6481934 6.1104984
vn -0.1175711 0.8455594 0.5207747
v -172.1842194 1.6593933 8.0610981
vn -0.1737072 0.7498472 -0.6384003
v -172.2873993 1.6755981 6.1584988
vn -0.5023850 0.8644896 0.0163416
v -173.1702118 1.6632080 7.1356983
vn -0.9011357 -0.4023310 0.1615062
v -167.9167938 -0.0220032 12.7496967
vn 0.0567407 -0.9983878 -0.0015119
v -164.2344208 -0.4163818 11.9302998
vn -0.1183715 0.9740187 0.1930694
v -160.3964081 2.5471802 10.9404964
vn -0.1983917 -0.5221620 -0.8294502
v -164.5160065 0.1247864 10.8183002
vn -0.2487917 0.5921556 -0.7664558
v -164.3791962 1.8277893 10.6881008
vn 0.1185028 0.6179922 0.7772018
v -163.8810272 1.8254089 13.1380978
vn -0.0789497 -0.9967594 0.0154169
v -163.3730316 -0.5101929 11.7024975
vn -0.2399749 -0.5536150 -0.7974474
v -162.2686005 0.0446167 10.0134983
vn -0.2896137 -0.5630187 -0.7740374
v -163.6674042 0.0360107 10.5487003
vn 0.1295977 -0.5574304 0.8200462
v -163.2038116 0.0708008 12.9382992
vn -0.3540896 0.6059693 -0.7123355
v -162.2770233 1.9414062 10.0352993
vn -0.2467301 0.5887807 -0.7697152
v -163.5994110 1.8053894 10.5066967
vn 0.1988818 0.5600862 0.8042074
v -163.1863861 1.7546082 13.0220966
vn -0.0242647 -0.9985963 -0.0470826
v -162.0106049 -0.5785828 11.2908993
vn 0.1798002 0.5037794 0.8449132
v -161.8361969 1.6524048 12.7617016
vn -0.5918561 0.7982219 0.1120189
v -158.7792206 2.3864136 8.4826984
vn -0.0888399 -0.9959623 0.0129045
v -158.2290192 -0.5372009 9.7924976
vn -0.1285178 0.9762837 0.1742221
v -158.2920074 3.0571899 10.2898998
vn -0.2649677 -0.5753022 -0.7738342
v -166.9528046 -0.3768005 11.4710979
vn -0.1099215 -0.5359750 -0.8370472
v -165.8162079 -0.1477966 11.1274967
vn 0.0851024 -0.6795491 0.7286773
v -166.4977875 -0.5180054 13.4558964
vn 0.2807343 -0.6029298 0.7467690
v -165.2364044 -0.2456055 13.3422985
vn -0.4375249 0.8236418 0.3608133
v -166.0540009 1.2735901 13.4643002
vn -0.4713694 0.8779924 -0.0833083
v -166.4775848 1.3388062 11.4830990
vn -0.5560825 0.2821188 0.7817808
v -167.5796051 0.7164001 13.6320972
vn -0.8103368 0.3953666 -0.4324807
v -167.9399872 0.8375854 11.9479008
vn -0.0666155 0.7579979 0.6488463
v -166.7710114 1.1849976 13.3926983
vn -0.3365611 0.7583603 -0.5582260
v -167.1340179 1.2445984 11.8421001
vn -0.5714222 0.8026084 0.1711620
v -167.7016144 1.1824036 12.7791004
vn 0.1645339 0.8193422 0.5491875
v -149.6098175 2.2394104 8.9594975
vn 0.1396220 0.6199498 0.7721192
v -144.1959991 1.6918030 8.2924976
vn 0.0684329 -0.9867547 0.1470785
v -143.9363861 -3.5442200 5.3442974
vn -0.0429825 0.9147042 -0.4018317
v -150.7948151 2.1539917 -6.5132999
vn 0.7030420 -0.2334578 -0.6717361
v -147.6658173 -1.0776062 -7.2909012
vn -0.0778273 0.2087401 -0.9748695
v -156.4250031 -0.1145935 -12.7745008
vn -0.6308041 -0.0617209 0.7734835
v -158.5273895 -0.5598145 -11.1081009
vn -0.9378287 0.0379123 -0.3450218
v -159.4770050 -0.3345947 -13.1423016
vn 0.0762480 0.9135107 0.3996056
v -144.3598175 2.6949768 6.8024998
vn 0.3302895 0.3004673 -0.8947783
v -144.4700165 1.2586060 -4.7037010
vn -0.1097916 0.9883051 0.1058251
v -155.0948029 1.2406006 -10.9427004
vn -0.0084457 -0.9978890 0.0643920
v -155.1844025 -2.1655884 -10.7227011
vn -0.4607108 0.1181665 0.8796489
v -155.9576263 -0.2052002 -9.7299013
vn 0.2527249 -0.5194556 -0.8162696
v -157.7722015 -1.5368042 -13.2809010
vn -0.6639895 0.1426039 -0.7340178
v -159.2300262 -0.1238098 -13.6113014
vn 0.0854003 0.8296018 -0.5517859
v -158.1166229 1.0772095 -12.6313009
vn -0.5375441 0.5142083 0.6683086
v -158.9304047 0.5804138 -11.6943016
vn -0.9798099 -0.0690123 0.1876431
v -159.5644073 -0.4908142 -12.4367018
vn -0.5832072 -0.7354566 0.3449247
v -159.0012054 -1.4830017 -12.2359009
vn -0.6480052 -0.6342514 -0.4216805
v -159.2734222 -1.4415894 -13.2617016
vn -0.7498113 0.6602226 -0.0434650
v -159.3334198 0.7103882 -12.6555014
vn 0.0646334 0.9967439 0.0482094
v -150.8112030 3.5019836 3.6432972
vn 0.0482161 0.9985874 0.0223258
v -144.4432220 3.1430054 3.3172989
vn 0.2247113 -0.5923976 -0.7736730
v -155.0107880 -1.5562134 -12.5325012
vn 0.0777953 0.7933759 -0.6037405
v -155.2992096 1.1744080 -12.2217016
vn -0.3225827 0.7121456 0.6235296
v -156.5832062 0.8005981 -10.5897007
vn -0.3886311 -0.6745343 0.6276699
v -157.0099945 -1.7382202 -10.5601015
vn -0.3747334 -0.5518535 0.7450052
v -155.8727875 -1.5628052 -9.9505005
vn -0.1139701 0.9740304 0.1956415
v -156.0780182 1.2003784 -11.2519016
vn 0.0291667 0.9276760 -0.3722453
v -150.5914154 2.4657898 -5.8883018
vn -0.4411151 -0.0398412 -0.8965657
v -154.2336273 0.3917847 -5.8055019
vn -0.3800184 -0.8137610 -0.4397489
v -154.1966095 -1.7696228 -4.4329014
vn -0.3068765 -0.9515828 -0.0178041
v -150.9680023 -3.4412231 -3.6573009
vn 0.0006721 -0.9989899 -0.0449300
v -144.2816010 -3.3016052 2.1254978
vn 0.2300682 0.2566869 0.9387121
v -149.2311859 0.7962036 10.2907009
vn 0.1140501 -0.8716966 0.4765895
v -143.8481903 -2.9530029 7.0268993
vn -0.2249796 -0.9222852 0.3142836
v -154.8202057 -1.7391968 9.1180973
vn -0.0172855 -0.9598917 0.2798378
v -137.9723969 -2.8818054 5.5354977
vn 0.0083813 -0.8745630 0.4848394
v -148.5395966 -2.7938232 8.2960987
vn 0.2384422 0.3890369 0.8898290
v -157.7115936 2.0767822 11.5892963
vn 0.0141117 -0.9965280 -0.0820535
v -144.1082001 -3.4867859 3.4316978
vn 0.0535525 0.9908912 0.1235586
v -144.4224091 3.1585999 5.0536995
vn 0.0573359 0.9972475 -0.0470122
v -144.3912201 3.2243958 1.4981003
vn 0.0800459 0.9086849 -0.4097371
v -150.9029999 3.5476074 -4.2865009
vn 0.1619219 0.8343142 -0.5269735
v -144.2006073 2.4633789 -3.6933002
vn -0.5192776 -0.8542272 0.0254279
v -158.6327972 -0.0247803 8.0580997
vn 0.0899931 0.9848595 -0.1481657
v -144.2491913 2.7591858 -2.0383015
vn -0.0104099 0.9486741 -0.3160840
v -125.0128021 2.8734131 -1.6095009
vn -0.0190431 0.6830411 -0.7301316
v -125.0128021 2.2362061 -2.9833012
vn -0.0086226 0.9996736 -0.0240500
v -125.0128021 3.2219849 1.6103001
vn 0.0098830 0.9451046 0.3266184
v -125.0128021 2.7833862 5.2468987
vn -0.1154856 -0.9922843 -0.0451116
v -125.0128021 -4.5669861 2.6588974
vn -0.1177064 -0.9553738 0.2709360
v -125.0128021 -4.4539795 5.6218987
vn -0.0529397 -0.0987930 0.9936988
v -125.0128021 -0.9518127 8.2589016
vn -0.2910518 0.9495417 -0.1168737
v -159.2242279 4.0185852 -0.5425014
vn -0.2336269 -0.8576374 -0.4581229
v -159.1606293 -0.3339844 -3.8545017
vn -0.4114563 -0.9005807 0.1402074
v -157.4882050 -0.5068054 7.6550999
vn -0.1770739 0.9455877 0.2729628
v -157.3365936 3.0405884 8.2022991
vn 0.0544708 -0.6320473 0.7730131
v -156.6146088 -0.2283936 10.7384968
vn 0.0231044 -0.3341525 -0.9422358
v -159.3524017 1.1352234 -5.2061005
vn -0.3944089 -0.9147513 -0.0875888
v -158.9629974 -0.8793945 -1.0657005
vn -0.2802796 0.9467367 0.1585339
v -159.0049896 4.0466003 4.1000996
vn -0.4665778 -0.8759603 0.1224695
v -158.5909882 -0.4085999 3.5720997
vn -0.2674195 -0.9461399 0.1825002
v -157.0612030 -0.7646179 9.4532986
vn -0.1396503 0.9636586 0.2277279
v -158.5162201 4.2073975 6.2087002
vn -0.1315215 0.9913004 0.0050556
v -159.8124237 4.5728149 1.9160976
vn 0.3009814 0.0718379 -0.9509204
v -158.0920258 0.9197998 -12.6411018
vn 0.2556429 0.5991531 -0.7587242
v -158.9797821 0.7475891 -13.1425009
vn 0.2639011 0.3972877 -0.8789305
v -157.0286102 -1.1961975 -12.8711004
vn 0.2933410 0.2806247 -0.9138933
v -157.7519989 -1.2664185 -13.2043009
vn 0.4589748 0.2992199 -0.8365462
v -157.8538055 0.0242004 -13.2409019
vn 0.2451735 0.8150268 -0.5249966
v -158.0442047 0.8793945 -12.8119011
vn 0.4170355 -0.2035241 -0.8858101
v -157.7394257 -1.0585938 -13.3137007
vn 0.5541210 0.6619399 -0.5047628
v -157.4008026 0.8692017 -12.3763008
vn -0.5917542 -0.4642070 0.6590439
v -155.5282135 -1.4506226 -9.6775007
vn -0.1072994 0.9936058 0.0351341
v -154.5242157 1.2781982 -10.6015015
vn 0.6122102 0.0284287 -0.7901838
v -153.4762115 -0.2908020 -11.9265003
vn 0.4779979 0.6760527 -0.5607769
v -148.5157928 1.5176086 -7.2574997
vn 0.4779272 0.6471391 -0.5939670
v -149.3318024 1.3285828 -8.4442997
vn -0.3629773 0.8611843 -0.3558217
v -152.2217865 1.9440002 -6.3817005
vn -0.0659502 0.9514601 -0.3006231
v -151.2743988 1.7931824 -7.2541008
vn -0.2875185 -0.9483558 -0.1339946
v -151.8105927 -2.6296082 -6.1011009
vn -0.7754006 0.3157766 0.5468447
v -154.1213837 0.2406006 -7.9379005
vn 0.3935214 0.6932849 -0.6037359
v -151.3404083 1.1640015 -9.8745003
vn 0.2973179 -0.8521131 -0.4307032
v -151.8370209 -1.9468079 -9.4911013
vn -0.0686565 0.9936230 -0.0894416
v -152.6992035 1.4642029 -8.8591003
vn 0.5895219 -0.1594139 -0.7918656
v -151.2889862 -0.5357971 -10.2457018
vn 0.0900535 0.0871203 -0.9921192
v -137.9767914 0.8863831 -3.1469021
vn 0.0155622 0.9860700 0.1656011
v -137.9701996 2.9970093 5.0208988
vn 0.0462595 0.8398836 0.5407917
v -137.8857880 2.5531921 6.5220985
vn 0.0633827 -0.5512741 -0.8319132
v -138.0411835 -1.6781921 -2.6051006
vn -0.0213789 -0.9996074 -0.0181133
v -138.0554047 -3.0520020 2.7234993
vn -0.0109544 -0.9998727 -0.0116020
v -138.0630035 -2.9418030 0.7170982
vn 0.0464045 0.7280068 -0.6839976
v -137.9868011 2.3623962 -2.5893021
vn -0.3045754 -0.5356324 -0.7876115
v -156.3666229 -0.2556152 -4.9007015
vn -0.0672322 0.0678922 -0.9954248
v -156.0366058 1.8316040 -5.4657021
vn -0.2847299 -0.9444656 -0.1640537
v -155.9551849 -1.5947876 -2.2153015
vn 0.0448674 0.7413096 -0.6696618
v -156.1778107 3.4846191 -4.7715015
vn 0.0802089 0.9877449 0.1338902
v -155.4427948 4.0521851 5.9208984
vn 0.1707895 0.9024637 0.3954621
v -154.1854095 2.8810120 9.5492992
vn -0.2932730 -0.9555030 0.0317018
v -155.7494049 -1.7981873 5.4111004
vn 0.0713652 0.9962981 0.0479295
v -156.0022125 3.8554077 3.9370975
vn 0.0813551 0.9965702 0.0151416
v -150.8688202 3.7021790 -2.5425014
vn -0.1516699 -0.9877784 -0.0359189
v -149.7388153 -2.9776001 2.5922985
vn 0.0800445 0.9345316 0.3467617
v -150.0522308 3.0122070 7.2064991
vn 0.0239698 0.8489441 -0.5279388
v -150.8517914 2.7063904 -5.2571011
vn 0.0642284 0.9976761 -0.0227424
v -151.0624237 3.3862000 -0.6895008
vn -0.1114629 -0.9802943 0.1630923
v -148.9230194 -3.4768066 6.3594990
vn -0.0773230 -0.9886690 0.1286651
v -160.6918182 -0.4424133 1.7387009
vn -0.0299944 -0.5740911 -0.8182419
v -161.6558075 0.1436157 4.5760994
vn -0.5335702 -0.8291862 0.1665931
v -159.8682098 0.4482117 3.9016991
vn 0.0951392 -0.6795135 0.7274682
v -161.2344208 -0.2774048 7.5519009
vn -0.1205300 -0.6646104 -0.7374045
v -162.2154083 -0.0968018 0.0576992
vn -0.5868276 -0.7897822 -0.1785428
v -160.5887909 0.1301880 -0.6811008
vn -0.0083155 -0.4155225 -0.9095449
v -160.2498016 0.9778137 -5.1935024
vn -0.2511276 0.9678262 0.0157276
v -162.3876190 3.9494019 1.9591007
vn -0.6100106 0.7846324 -0.1106299
v -160.2444305 3.0731812 -0.6189003
vn -0.1304351 0.9867606 -0.0963869
v -161.7267914 3.6956177 -3.3803024
vn -0.3254146 0.5554306 0.7652466
v -161.7946014 3.0140076 -1.4545002
vn -0.3594953 0.5732269 -0.7363248
v -160.7916107 3.0437927 4.3560982
vn 0.1582587 -0.9507201 -0.2666188
v -160.1631927 -0.5674133 5.8267002
vn -0.5680046 -0.5867718 0.5771220
v -173.2728119 0.5487976 -3.3017006
vn -0.4500608 -0.5402564 -0.7110333
v -173.0260162 0.6051941 -5.5489006
vn 0.1004727 -0.6186593 -0.7792085
v -164.4980011 0.3946228 -5.3111019
vn -0.0815998 -0.5297450 0.8442225
v -164.7891998 0.6207886 -2.1025009
vn -0.0896274 -0.5391072 0.8374547
v -169.4048309 0.5836182 -2.6237011
vn 0.0049827 0.5127451 -0.8585265
v -168.8854218 2.5242004 -5.6875000
vn -0.0346762 -0.6159185 -0.7870464
v -167.9950104 0.4284058 -5.4763012
vn -0.1192378 -0.5629407 0.8178509
v -168.1664276 0.4837952 -2.4949017
vn 0.0033145 0.9990251 -0.0440222
v -167.8312225 3.1528015 -4.0959015
vn 0.0900033 -0.6061154 -0.7902680
v -163.5234222 0.4461975 -5.2392998
vn -0.1357657 -0.5627136 0.8154269
v -163.8472137 0.5594177 -2.0169010
vn 0.0796553 0.4828860 -0.8720529
v -163.4340057 2.6694031 -5.4081001
vn 0.0464995 -0.6319874 -0.7735824
v -165.9408112 0.2905884 -5.4245014
vn 0.0056601 0.4787781 -0.8779177
v -165.9174042 2.4899902 -5.6019001
vn 0.0107913 -0.9981905 0.0591541
v -165.9966278 -0.2257996 -3.7869015
vn -0.1202719 0.9909135 -0.0602092
v -166.1264191 3.2870178 -3.9351025
vn -0.4757757 0.8785647 0.0419713
v -171.7994232 2.2985840 -3.2593021
vn -0.6091614 0.6769602 0.4130948
v -173.5870209 2.1408081 -3.5443001
vn -0.4981308 0.7282443 -0.4706655
v -173.3690033 2.1143799 -5.3136997
vn 0.0192618 0.8934922 0.4486655
v -172.0519867 2.4548035 -3.4613018
vn 0.1225458 0.9924582 -0.0030629
v -171.7784271 2.6726074 -4.2957001
vn 0.1222106 0.8670914 -0.4829257
v -171.8249969 2.4237976 -5.1529007
vn -0.4097148 0.8325698 0.3727753
v -173.4366302 2.3397827 -3.6831017
vn -0.3105308 0.7850645 -0.5359519
v -173.2366180 2.3030090 -5.2097015
vn -0.5358244 -0.6173324 0.5760148
v -175.5018158 -0.1311951 2.8500996
vn -0.4798249 -0.4972022 -0.7228817
v -175.3910065 0.1575928 0.6368999
vn -0.6120626 -0.0887409 -0.7858145
v -175.7014008 0.9555969 0.5968990
vn -0.6901489 -0.2089195 0.6928545
v -175.8530121 0.6889954 2.9614983
vn -0.0272423 -0.4995922 -0.8658323
v -170.9960175 0.4181824 0.3645000
vn 0.0849039 -0.6171453 0.7822551
v -165.9557953 0.3481750 3.5104980
vn -0.0439313 -0.6002867 0.7985775
v -170.9810028 0.0953979 3.4132977
vn -0.0475169 0.5002970 0.8645491
v -165.8318329 2.5769958 3.8468990
vn -0.0996183 0.5502540 0.8290336
v -170.6240082 2.1019897 3.5559006
vn -0.6078772 -0.7845549 -0.1223070
v -175.5502167 -0.3757935 1.7008991
vn -0.0700934 -0.6418479 0.7636218
v -169.7563934 -0.0386047 3.4785004
vn -0.0796919 0.4970122 0.8640764
v -169.5322113 2.0690002 3.6753006
vn -0.0787562 0.5938573 -0.8007066
v -164.6536102 2.8959961 0.0462990
vn 0.0635799 -0.6631469 0.7457841
v -167.6357880 -0.0404053 3.5348988
vn -0.0973841 0.4572686 0.8839807
v -167.5242157 2.1911926 3.8326969
vn -0.0609235 -0.5689870 0.8200867
v -161.9311981 0.4221802 3.4788990
vn -0.1243417 0.5197905 0.8451964
v -172.6949921 1.7905884 3.4298992
vn -0.4177190 0.9084396 0.0157611
v -173.8346100 1.6838074 2.9790993
vn -0.5108222 0.7475209 0.4245859
v -175.8016205 1.5297852 2.7906990
vn -0.4533905 0.8497627 -0.2689621
v -175.6572113 1.6422119 0.9186974
vn 0.0659928 0.8768743 0.4761685
v -174.0670013 1.8487854 2.7912998
vn 0.0497835 0.9368872 -0.3460694
v -173.9468231 1.9656067 0.9942970
vn -0.3134813 0.8552703 0.4126043
v -175.5466156 1.7407837 2.6492977
vn -0.2937906 0.8795736 -0.3742157
v -175.4294281 1.8291931 1.0594997
vn -0.4656646 -0.5651593 0.6809931
v -172.8921967 -0.1773987 8.2536983
vn -0.5126764 -0.5583923 -0.6521971
v -173.0026093 -0.0646057 6.1726990
vn -0.6629320 -0.1364918 -0.7361327
v -173.2906036 0.6994019 6.0818996
vn -0.6163072 -0.1251919 0.7774911
v -173.1810150 0.5879822 8.3218975
vn -0.0968672 -0.5715272 -0.8148457
v -164.5489960 0.1940002 5.0156975
vn 0.1272712 -0.5144739 0.8480087
v -164.4886017 0.3049927 8.1395016
vn 0.0231910 -0.5235673 0.8516687
v -168.8766022 0.0284119 8.3198986
vn -0.5806541 -0.8138244 -0.0230388
v -173.0788116 -0.5124207 7.1811008
vn -0.0767736 0.9963195 0.0381238
v -164.2460175 3.1355896 6.5522995
vn -0.0611292 0.9981108 -0.0061604
v -168.4882050 2.6937866 6.8616982
vn -0.1536133 0.5567126 -0.8163787
v -163.4466095 2.5455933 4.7636986
vn -0.1092303 -0.9933907 -0.0352670
v -163.4526215 -0.4357910 6.3858986
vn 0.1188915 -0.5561566 0.8225294
v -165.9662018 -0.0266113 8.3233013
vn -0.0415048 0.5307919 0.8464853
v -165.7984161 2.1846008 8.2878971
vn -0.2358501 0.5447819 -0.8047282
v -161.9144135 2.7044067 4.5580978
vn 0.0535835 -0.9981860 -0.0274511
v -170.7014008 -0.6788025 7.1332989
vn -0.4764819 0.8788365 -0.0247309
v -171.3312225 1.6255798 8.1598988
vn -0.5312139 0.6951717 0.4843018
v -173.1371918 1.3753967 8.1034985
vn -0.6132980 0.6261865 -0.4814106
v -173.2245941 1.3910217 6.3136997
vn 0.0204697 0.8971376 0.4412767
v -171.5951996 1.7570190 7.9918995
vn 0.0313418 0.8479245 -0.5291896
v -171.6982269 1.7770081 6.2118969
vn -0.3696771 0.8177177 0.4412216
v -172.9882050 1.5762024 7.9690990
vn -0.4314114 0.7620707 -0.4828379
v -173.0698090 1.5845947 6.3682995
vn -0.3151694 -0.6432910 0.6977428
v -167.1536102 -0.4742126 13.4336987
vn -0.6127314 -0.5591213 -0.5585191
v -167.5367889 -0.3581848 11.7971020
vn -0.7876564 -0.1494970 -0.5977023
v -167.8524017 0.3197937 11.8216991
vn -0.4844257 -0.2674603 0.8329446
v -167.4870148 0.1857910 13.6164989
vn 0.2151096 -0.4998519 0.8389732
v -163.9482269 0.1682129 13.1064968
vn -0.3705942 0.6938781 -0.6174085
v -160.7248077 2.3380127 9.4854984
vn 0.1941215 0.4620842 0.8653294
v -160.0638275 1.8178101 12.3198986
vn -0.5253523 -0.8484049 0.0649163
v -167.4211884 -0.7543945 12.6106968
vn -0.0593777 0.9982344 0.0015943
v -164.1576080 2.2317810 11.8738995
vn -0.4281594 -0.4379201 -0.7905097
v -160.7101898 0.3377991 9.4385014
vn 0.2524379 -0.6241623 0.7393894
v -160.1472015 -0.1114197 12.0974979
vn 0.1831448 -0.5835095 0.7911857
v -161.7876129 -0.0427856 12.6052990
vn 0.2102274 -0.6624220 0.7190282
v -157.7512054 -0.1351929 11.1238995
vn 0.0260333 0.5019197 0.8645224
v -165.2474213 1.4073792 13.4684963
vn 0.1690696 -0.9819742 -0.0845106
v -165.5522003 -0.7198181 12.1903019
vn -0.6998236 0.6767088 -0.2287185
v -167.8243866 0.9573975 12.0873013
vn -0.4587981 0.5421942 0.7039388
v -167.4687958 0.9002075 13.4876995
vn 0.0337601 0.8229554 -0.5671020
v -166.4822235 1.2438049 11.6430988
vn 0.2157255 0.8123270 0.5418371
v -166.0637970 1.1766052 13.3407001
vn 0.0930592 0.8515936 0.5158763
v -166.3152008 1.2962036 13.2614994
vn 0.0409899 0.9989028 0.0226518
v -166.3866119 1.5409851 12.5096989
vn -0.1023563 0.8678729 -0.4861276
v -166.6689911 1.3553772 11.7938976
vn -0.3432707 0.7168697 0.6068468
v -167.3866119 1.0917969 13.3937016
vn -0.5851451 0.7265306 -0.3602203
v -167.7200165 1.1383972 12.1330967
vn 0.0624569 0.9908956 -0.1192687
v -144.2830048 2.9545898 -0.3651009
vn -0.0638368 -0.9804518 -0.1861162
v -157.5788116 -1.9725952 -12.3195009
vn -0.1984239 0.9487793 0.2458575
v -157.7010040 1.0772095 -11.7475004
vn 0.1079684 -0.5274435 0.8427017
v -149.3412018 -1.6404114 9.8152981
vn 0.1829780 -0.5284225 0.8290288
v -143.8907928 -1.9643860 8.1895008
vn 0.1646462 -0.9380913 -0.3047560
v -144.5292206 -3.3586121 -2.1723022
vn -0.7180474 -0.5235565 -0.4585810
v -154.0210114 -1.3878174 -5.0029011
vn 0.2083316 -0.8542284 -0.4763317
v -148.6008148 -3.0790100 -5.8859005
vn 0.1201635 -0.3963125 -0.9102182
v -156.4848175 -1.4270020 -12.9777012
vn -0.0532204 0.7705672 -0.6351328
v -156.9355927 1.1528015 -12.4027014
vn -0.4395014 0.5938244 0.6739519
v -158.1393890 0.6549988 -11.2361012
vn -0.5012617 -0.7304730 0.4638382
v -158.4028168 -1.6515808 -11.5861015
vn 0.0363410 -0.6309660 0.7749589
v -137.8907928 -2.0697937 6.9740982
vn 0.2672530 0.7482656 -0.6071857
v -154.3296051 1.1879883 -12.0535021
vn -0.3855665 0.7778180 0.4963240
v -155.6363983 0.9209900 -10.2265015
vn 0.3522917 -0.6663992 -0.6571168
v -154.2418060 -1.6874084 -12.1685019
vn -0.3832790 0.7756124 -0.5015203
v -159.1009979 0.8529968 -13.1001015
vn -0.1643195 -0.4149485 -0.8948838
v -158.8772125 -1.2897949 -13.6917009
vn -0.8504358 0.4045145 0.3363436
v -159.4998016 0.4478149 -12.1651011
vn -0.8416766 -0.5310239 0.0979502
v -159.4916229 -1.3119812 -12.7001009
vn -0.8320046 -0.3365407 0.4410315
v -154.1902313 -1.3916016 -7.6591015
vn -0.4406483 0.0158390 0.8975401
v -157.0464020 -0.4819946 -10.1475019
vn 0.4715670 0.5936343 -0.6520913
v -147.3594208 1.5762024 -6.5157013
vn -0.3130409 0.6923234 -0.6501491
v -152.7170258 2.0021973 -5.9179001
vn 0.2144919 -0.9238524 -0.3170017
v -147.6891937 -3.5874023 -4.4423008
vn -0.1478184 -0.9839503 -0.0999582
v -149.3408051 -3.3576050 4.1142998
vn -0.0350265 -0.9777705 -0.2067318
v -159.5540009 -0.3280029 5.7868977
vn 0.0710377 0.9968872 -0.0341978
v -156.5157928 4.3753967 1.6671009
vn 0.0012398 0.9991505 -0.0411924
v -138.0558014 3.1095886 1.6148987
vn -0.0618679 0.5256127 -0.8484714
v -160.2028046 2.9031982 -5.0891018
vn -0.0100194 0.9922114 -0.1241618
v -125.0128021 3.1440125 -0.3281021
vn -0.0296194 0.0579244 -0.9978815
v -125.0128021 0.6288147 -3.6185017
vn 0.0001980 0.9928765 0.1191480
v -125.0128021 3.2372131 3.5375004
vn 0.0067091 0.7878680 0.6158077
v -125.0128021 2.1024170 6.8398991
vn -0.1027691 -0.9731480 -0.2059648
v -125.0128021 -4.4127808 1.5452976
vn -0.1175189 -0.9922502 0.0403583
v -125.0128021 -4.5043945 3.9985008
vn -0.0905083 -0.9697781 -0.2265803
v -125.0128021 -4.1585999 0.7120991
vn -0.0737246 -0.9195170 -0.3860742
v -125.0128021 -3.9092102 -0.8221016
vn -0.0947488 -0.6537174 0.7507837
v -125.0128021 -3.4836121 7.2784977
vn -0.0131832 0.4031787 0.9150264
v -125.0128021 0.6683960 7.9324970
vn -0.0433798 -0.5565865 -0.8296564
v -125.0128021 -2.3483887 -2.8367023
vn -0.3158402 -0.9429205 0.1055745
v -155.4694061 -1.6343994 7.3820972
vn -0.0322584 -0.5761590 0.8167008
v -154.1139984 -0.9694214 10.3906994
vn 0.4010021 0.0200362 -0.9158580
v -158.7571869 -1.0130005 -13.6331005
vn -0.0201441 0.2549890 -0.9667341
v -158.9374237 -0.0175781 -13.6925011
vn 0.6697275 0.2984717 -0.6799852
v -157.0922089 -0.0235901 -12.7795010
vn 0.2404967 0.3106408 -0.9195997
v -158.6414032 0.0487976 -13.6677017
vn -0.0244727 0.7906104 -0.6118302
v -158.7900238 0.7583923 -13.2237015
vn 0.4701771 0.6653962 -0.5798117
v -157.4944305 0.8035889 -12.5651007
vn 0.5677184 -0.0349121 -0.8224822
v -157.1847992 -1.0057983 -13.0047007
vn 0.1874989 -0.1936670 -0.9629835
v -158.5597992 -0.8680115 -13.6743011
vn -0.6590299 0.2035051 0.7240616
v -155.6248016 -0.0422058 -9.5435009
vn 0.3921840 0.7588058 -0.5200053
v -153.6421967 1.1659851 -11.5351009
vn -0.4744450 0.7942606 0.3795421
v -155.2630157 0.9996033 -9.9515009
vn 0.4013696 -0.7507993 -0.5245978
v -153.6702118 -1.8012085 -11.5985012
vn -0.4506008 0.8874578 -0.0968382
v -152.4242096 1.7008057 -6.9797001
vn -0.8872904 -0.4539617 -0.0814533
v -153.7419891 -1.4122009 -5.8167019
vn 0.2031823 -0.8656399 -0.4575857
v -149.7928314 -2.4306030 -7.3385010
vn -0.4714142 0.8485642 0.2402240
v -153.5682220 1.2911987 -8.3423004
vn -0.0031466 0.9939277 -0.1099904
v -138.0482025 2.9039917 -0.1331024
vn -0.0227709 -0.9983400 -0.0529052
v -138.0640106 -2.9794006 1.6341000
vn -0.0221383 -0.9976314 0.0651262
v -138.0384064 -3.0061951 4.0238972
vn 0.0585287 -0.0561009 0.9967082
v -137.8336029 0.0809937 7.6714993
vn 0.0030300 0.9994921 0.0317249
v -138.0453949 3.0535889 3.3584976
vn 0.0169376 -0.9534671 -0.3010209
v -138.0560150 -2.9894104 -0.8801022
vn 0.0629344 0.9966606 -0.0520282
v -156.3716278 3.7254028 -0.6611004
vn 0.0942030 0.9614104 0.2584877
v -154.6169891 3.1763916 7.8592968
vn -0.2955485 -0.9542605 0.0451443
v -156.3122101 -1.4697876 3.0664978
vn 0.0539299 0.9962912 -0.0670476
v -156.0596161 4.0765991 -2.8411026
vn -0.3130678 -0.4370128 -0.8432132
v -160.4944000 0.6730042 4.3309002
vn -0.1895476 -0.6883083 0.7002167
v -159.5691986 -0.0740051 7.3677006
vn -0.3165484 -0.6228656 0.7154269
v -161.8796234 0.5325928 -1.6919022
vn 0.1059369 -0.9930711 -0.0508644
v -161.6360321 -0.2536011 -3.5087013
vn 0.1010243 -0.5253921 -0.8448416
v -161.3842010 0.7452087 -5.1359005
vn -0.3227841 0.3416049 0.8826758
v -159.7463837 2.3558044 7.7521000
vn -0.2410601 0.9339404 0.2639042
v -160.6080170 3.6058044 6.3353004
vn 0.3762631 -0.4339804 -0.8185885
v -157.7519989 -1.2664185 -13.2043009
vn 0.0308788 -0.3118982 -0.9496136
v -158.7571869 -1.0130005 -13.6331005
vn 0.1023391 0.9706142 -0.2177952
v -158.0920258 0.9197998 -12.6411018
vn 0.1074223 -0.2654037 -0.9581343
v -157.4008026 0.8692017 -12.3763008
vn 0.2636494 0.9645690 -0.0097898
v -166.1255951 1.4729919 12.4662991
vn -0.9188631 0.3571288 -0.1677785
v -166.0637970 1.1766052 13.3407001
vn -0.1977417 0.9674798 0.1577377
v -166.6628265 1.0000000 13.5022984
vn -0.4812652 0.6921127 0.5379255
v -167.4687958 0.9002075 13.4876995
vn -0.1958626 0.9784262 0.0657270
v -167.0806122 1.0710144 11.7174969
vn -0.7163698 0.6094966 0.3396002
v -166.4822235 1.2438049 11.6430988
vn -0.1319940 0.4514275 -0.8824913
v -172.2313995 1.4848022 6.0568981
vn -0.5370061 0.8103195 -0.2345350
v -173.2245941 1.3910217 6.3136997
vn -0.0910128 0.9836459 0.1554266
v -174.5207977 1.7067871 0.7078972
vn -0.2936571 0.2657061 -0.9182407
v -158.9374237 -0.0175781 -13.6925011
vn -0.2827525 0.7808787 -0.5570274
v -158.9797821 0.7475891 -13.1425009
# 1086 vertices, 0 vertices normals


usemtl material_0
vt 0.0000000 0.0000000
vt 0.0000000 0.0000000
f 648/1/648 901/1/901 646/1/646 649/2/649
f 645/1/645 902/1/902 648/1/648 649/2/649
f 549/1/549 907/1/907 651/1/651 906/2/906
f 905/1/905 908/1/908 550/1/550 647/2/647
f 652/1/652 908/1/908 905/1/905 650/2/650
f 651/1/651 907/1/907 652/1/652 650/2/650
f 909/1/909 549/1/549 906/1/906 544/2/544
f 647/1/647 550/1/550 909/1/909 544/2/544
f 912/1/912 910/1/910 903/1/903 545/2/545
f 904/1/904 911/1/911 552/1/552 546/2/546
f 553/1/553 911/1/911 904/1/904 547/2/547
f 903/1/903 910/1/910 553/1/553 547/2/547
f 654/1/654 912/1/912 545/1/545 548/2/548
f 546/1/546 552/1/552 654/1/654 548/2/548
f 545/1/545 903/1/903 913/1/913 914/2/914
f 914/1/914 913/1/913 907/1/907 549/2/549
f 908/1/908 653/1/653 551/1/551 550/2/550
f 653/1/653 904/1/904 546/1/546 551/2/551
f 915/1/915 653/1/653 908/1/908 652/2/652
f 547/1/547 904/1/904 653/1/653 915/2/915
f 907/1/907 913/1/913 915/1/915 652/2/652
f 913/1/913 903/1/903 547/1/547 915/2/915
f 916/1/916 914/1/914 549/1/549 909/2/909
f 548/1/548 545/1/545 914/1/914 916/2/916
f 550/1/550 551/1/551 916/1/916 909/2/909
f 551/1/551 546/1/546 548/1/548 916/2/916
f 636/1/636 1069/1/1069 910/1/910 912/2/912
f 911/1/911 1067/1/1067 898/1/898 552/2/552
f 1068/1/1068 1067/1/1067 911/1/911 553/2/553
f 910/1/910 1069/1/1069 1068/1/1068 553/2/553
f 897/1/897 636/1/636 912/1/912 654/2/654
f 552/1/552 898/1/898 897/1/897 654/2/654
f 906/1/906 651/1/651 656/1/656 554/2/554
f 554/1/554 656/1/656 655/1/655 555/2/555
f 655/1/655 902/1/902 645/1/645 555/2/555
f 646/1/646 901/1/901 657/1/657 659/2/659
f 657/1/657 658/1/658 662/1/662 659/2/659
f 658/1/658 905/1/905 647/1/647 662/2/662
f 661/1/661 658/1/658 657/1/657 660/2/660
f 657/1/657 901/1/901 648/1/648 660/2/660
f 650/1/650 905/1/905 658/1/658 661/2/661
f 648/1/648 902/1/902 655/1/655 660/2/660
f 655/1/655 656/1/656 661/1/661 660/2/660
f 656/1/656 651/1/651 650/1/650 661/2/661
f 544/1/544 906/1/906 554/1/554 556/2/556
f 544/1/544 556/1/556 662/1/662 647/2/647
f 663/1/663 662/1/662 556/1/556 557/2/557
f 665/1/665 917/1/917 663/1/663 557/2/557
f 556/1/556 554/1/554 664/1/664 557/2/557
f 664/1/664 671/1/671 665/1/665 557/2/557
f 667/1/667 646/1/646 659/1/659 558/2/558
f 659/1/659 662/1/662 663/1/663 558/2/558
f 663/1/663 917/1/917 666/1/666 558/2/558
f 666/1/666 918/1/918 667/1/667 558/2/558
f 664/1/664 554/1/554 555/1/555 559/2/559
f 555/1/555 645/1/645 668/1/668 559/2/559
f 668/1/668 919/1/919 669/1/669 559/2/559
f 669/1/669 671/1/671 664/1/664 559/2/559
f 649/1/649 646/1/646 667/1/667 560/2/560
f 667/1/667 918/1/918 670/1/670 560/2/560
f 668/1/668 645/1/645 649/1/649 560/2/560
f 670/1/670 919/1/919 668/1/668 560/2/560
f 921/1/921 920/1/920 917/1/917 665/2/665
f 671/1/671 922/1/922 921/1/921 665/2/665
f 917/1/917 920/1/920 672/1/672 666/2/666
f 672/1/672 923/1/923 918/1/918 666/2/666
f 919/1/919 924/1/924 673/1/673 669/2/669
f 673/1/673 922/1/922 671/1/671 669/2/669
f 918/1/918 923/1/923 674/1/674 670/2/670
f 674/1/674 924/1/924 919/1/919 670/2/670
f 674/1/674 923/1/923 672/1/672 675/2/675
f 672/1/672 920/1/920 921/1/921 675/2/675
f 921/1/921 922/1/922 673/1/673 675/2/675
f 673/1/673 924/1/924 674/1/674 675/2/675
f 934/1/934 925/1/925 928/1/928 676/2/676
f 927/1/927 926/1/926 934/1/934 676/2/676
f 562/1/562 685/1/685 929/1/929 679/2/679
f 931/1/931 935/1/935 936/1/936 933/2/933
f 563/1/563 935/1/935 931/1/931 561/2/561
f 929/1/929 685/1/685 563/1/563 561/2/561
f 689/1/689 562/1/562 679/1/679 680/2/680
f 933/1/933 936/1/936 689/1/689 680/2/680
f 937/1/937 690/1/690 681/1/681 682/2/682
f 930/1/930 691/1/691 564/1/564 932/2/932
f 683/1/683 691/1/691 930/1/930 677/2/677
f 681/1/681 690/1/690 683/1/683 677/2/677
f 692/1/692 937/1/937 682/1/682 678/2/678
f 932/1/932 564/1/564 692/1/692 678/2/678
f 682/1/682 681/1/681 684/1/684 686/2/686
f 686/1/686 684/1/684 685/1/685 562/2/562
f 935/1/935 938/1/938 939/1/939 936/2/936
f 938/1/938 930/1/930 932/1/932 939/2/939
f 687/1/687 938/1/938 935/1/935 563/2/563
f 677/1/677 930/1/930 938/1/938 687/2/687
f 685/1/685 684/1/684 687/1/687 563/2/563
f 684/1/684 681/1/681 677/1/677 687/2/687
f 688/1/688 686/1/686 562/1/562 689/2/689
f 678/1/678 682/1/682 686/1/686 688/2/688
f 936/1/936 939/1/939 688/1/688 689/2/689
f 939/1/939 932/1/932 678/1/678 688/2/688
f 639/1/639 892/1/892 690/1/690 937/2/937
f 691/1/691 940/1/940 693/1/693 564/2/564
f 640/1/640 940/1/940 691/1/691 683/2/683
f 690/1/690 892/1/892 640/1/640 683/2/683
f 895/1/895 639/1/639 937/1/937 692/2/692
f 564/1/564 693/1/693 895/1/895 692/2/692
f 679/1/679 929/1/929 695/1/695 700/2/700
f 700/1/700 695/1/695 694/1/694 698/2/698
f 694/1/694 926/1/926 927/1/927 698/2/698
f 928/1/928 925/1/925 696/1/696 699/2/699
f 696/1/696 697/1/697 941/1/941 699/2/699
f 697/1/697 931/1/931 933/1/933 941/2/941
f 566/1/566 697/1/697 696/1/696 565/2/565
f 696/1/696 925/1/925 934/1/934 565/2/565
f 561/1/561 931/1/931 697/1/697 566/2/566
f 934/1/934 926/1/926 694/1/694 565/2/565
f 694/1/694 695/1/695 566/1/566 565/2/565
f 695/1/695 929/1/929 561/1/561 566/2/566
f 680/1/680 679/1/679 700/1/700 701/2/701
f 941/1/941 933/1/933 680/1/680 701/2/701
f 704/1/704 941/1/941 701/1/701 702/2/702
f 703/1/703 942/1/942 704/1/704 702/2/702
f 701/1/701 700/1/700 705/1/705 702/2/702
f 705/1/705 709/1/709 703/1/703 702/2/702
f 707/1/707 928/1/928 699/1/699 567/2/567
f 699/1/699 941/1/941 704/1/704 567/2/567
f 704/1/704 942/1/942 706/1/706 567/2/567
f 706/1/706 943/1/943 707/1/707 567/2/567
f 705/1/705 700/1/700 698/1/698 568/2/568
f 698/1/698 927/1/927 708/1/708 568/2/568
f 708/1/708 944/1/944 1084/1/1084 568/2/568
f 1084/1/1084 709/1/709 705/1/705 568/2/568
f 676/1/676 928/1/928 707/1/707 569/2/569
f 707/1/707 943/1/943 571/1/571 569/2/569
f 708/1/708 927/1/927 676/1/676 569/2/569
f 571/1/571 944/1/944 708/1/708 569/2/569
f 710/1/710 945/1/945 942/1/942 703/2/703
f 709/1/709 946/1/946 710/1/710 703/2/703
f 942/1/942 945/1/945 711/1/711 706/2/706
f 711/1/711 947/1/947 943/1/943 706/2/706
f 944/1/944 948/1/948 712/1/712 570/2/570
f 712/1/712 946/1/946 709/1/709 570/2/570
f 943/1/943 947/1/947 713/1/713 571/2/571
f 713/1/713 948/1/948 944/1/944 571/2/571
f 713/1/713 947/1/947 711/1/711 714/2/714
f 711/1/711 945/1/945 710/1/710 714/2/714
f 710/1/710 946/1/946 712/1/712 714/2/714
f 712/1/712 948/1/948 713/1/713 714/2/714
f 956/1/956 949/1/949 952/1/952 572/2/572
f 951/1/951 950/1/950 956/1/956 572/2/572
f 573/1/573 725/1/725 718/1/718 716/2/716
f 955/1/955 726/1/726 720/1/720 719/2/719
f 574/1/574 726/1/726 955/1/955 717/2/717
f 718/1/718 725/1/725 574/1/574 717/2/717
f 575/1/575 573/1/573 716/1/716 958/2/958
f 719/1/719 720/1/720 575/1/575 958/2/958
f 959/1/959 729/1/729 953/1/953 715/2/715
f 954/1/954 730/1/730 731/1/731 721/2/721
f 960/1/960 730/1/730 954/1/954 722/2/722
f 953/1/953 729/1/729 960/1/960 722/2/722
f 723/1/723 959/1/959 715/1/715 957/2/957
f 721/1/721 731/1/731 723/1/723 957/2/957
f 715/1/715 953/1/953 724/1/724 727/2/727
f 727/1/727 724/1/724 725/1/725 573/2/573
f 726/1/726 961/1/961 962/1/962 720/2/720
f 961/1/961 954/1/954 721/1/721 962/2/962
f 728/1/728 961/1/961 726/1/726 574/2/574
f 722/1/722 954/1/954 961/1/961 728/2/728
f 725/1/725 724/1/724 728/1/728 574/2/574
f 724/1/724 953/1/953 722/1/722 728/2/728
f 576/1/576 727/1/727 573/1/573 575/2/575
f 957/1/957 715/1/715 727/1/727 576/2/576
f 720/1/720 962/1/962 576/1/576 575/2/575
f 962/1/962 721/1/721 957/1/957 576/2/576
f 963/1/963 889/1/889 729/1/729 959/2/959
f 730/1/730 891/1/891 643/1/643 731/2/731
f 732/1/732 891/1/891 730/1/730 960/2/960
f 729/1/729 889/1/889 732/1/732 960/2/960
f 733/1/733 963/1/963 959/1/959 723/2/723
f 731/1/731 643/1/643 733/1/733 723/2/723
f 716/1/716 718/1/718 735/1/735 739/2/739
f 739/1/739 735/1/735 734/1/734 577/2/577
f 734/1/734 950/1/950 951/1/951 577/2/577
f 952/1/952 949/1/949 736/1/736 738/2/738
f 736/1/736 737/1/737 578/1/578 738/2/738
f 737/1/737 955/1/955 719/1/719 578/2/578
f 964/1/964 737/1/737 736/1/736 579/2/579
f 736/1/736 949/1/949 956/1/956 579/2/579
f 717/1/717 955/1/955 737/1/737 964/2/964
f 956/1/956 950/1/950 734/1/734 579/2/579
f 734/1/734 735/1/735 964/1/964 579/2/579
f 735/1/735 718/1/718 717/1/717 964/2/964
f 958/1/958 716/1/716 739/1/739 740/2/740
f 578/1/578 719/1/719 958/1/958 740/2/740
f 742/1/742 578/1/578 740/1/740 741/2/741
f 585/1/585 965/1/965 742/1/742 741/2/741
f 740/1/740 739/1/739 743/1/743 741/2/741
f 743/1/743 747/1/747 585/1/585 741/2/741
f 744/1/744 952/1/952 738/1/738 580/2/580
f 738/1/738 578/1/578 742/1/742 580/2/580
f 742/1/742 965/1/965 584/1/584 580/2/580
f 584/1/584 966/1/966 744/1/744 580/2/580
f 743/1/743 739/1/739 577/1/577 581/2/581
f 577/1/577 951/1/951 745/1/745 581/2/581
f 745/1/745 1083/1/1083 583/1/583 581/2/581
f 583/1/583 747/1/747 743/1/743 581/2/581
f 572/1/572 952/1/952 744/1/744 582/2/582
f 744/1/744 966/1/966 586/1/586 582/2/582
f 745/1/745 951/1/951 572/1/572 582/2/582
f 586/1/586 1083/1/1083 745/1/745 582/2/582
f 746/1/746 968/1/968 965/1/965 585/2/585
f 747/1/747 969/1/969 746/1/746 585/2/585
f 965/1/965 968/1/968 748/1/748 584/2/584
f 748/1/748 970/1/970 966/1/966 584/2/584
f 967/1/967 971/1/971 749/1/749 1082/2/1082
f 749/1/749 969/1/969 747/1/747 1082/2/1082
f 966/1/966 970/1/970 750/1/750 586/2/586
f 750/1/750 971/1/971 967/1/967 586/2/586
f 750/1/750 970/1/970 748/1/748 587/2/587
f 748/1/748 968/1/968 746/1/746 587/2/587
f 746/1/746 969/1/969 749/1/749 587/2/587
f 749/1/749 971/1/971 750/1/750 587/2/587
f 979/1/979 972/1/972 975/1/975 751/2/751
f 974/1/974 973/1/973 979/1/979 751/2/751
f 762/1/762 759/1/759 754/1/754 755/2/755
f 976/1/976 760/1/760 763/1/763 756/2/756
f 757/1/757 760/1/760 976/1/976 752/2/752
f 754/1/754 759/1/759 757/1/757 752/2/752
f 588/1/588 762/1/762 755/1/755 980/2/980
f 756/1/756 763/1/763 588/1/588 980/2/980
f 977/1/977 981/1/981 758/1/758 761/2/761
f 761/1/761 758/1/758 759/1/759 762/2/762
f 760/1/760 983/1/983 765/1/765 763/2/763
f 983/1/983 982/1/982 978/1/978 765/2/765
f 764/1/764 983/1/983 760/1/760 757/2/757
f 590/1/590 982/1/982 983/1/983 764/2/764
f 759/1/759 758/1/758 764/1/764 757/2/757
f 758/1/758 981/1/981 590/1/590 764/2/764
f 589/1/589 761/1/761 762/1/762 588/2/588
f 753/1/753 977/1/977 761/1/761 589/2/589
f 763/1/763 765/1/765 589/1/589 588/2/588
f 765/1/765 978/1/978 753/1/753 589/2/589
f 766/1/766 825/1/825 981/1/981 977/2/977
f 982/1/982 984/1/984 819/1/819 978/2/978
f 767/1/767 984/1/984 982/1/982 590/2/590
f 981/1/981 825/1/825 767/1/767 590/2/590
f 768/1/768 766/1/766 977/1/977 753/2/753
f 978/1/978 819/1/819 768/1/768 753/2/753
f 755/1/755 754/1/754 770/1/770 591/2/591
f 591/1/591 770/1/770 769/1/769 592/2/592
f 769/1/769 973/1/973 974/1/974 592/2/592
f 975/1/975 972/1/972 771/1/771 593/2/593
f 771/1/771 772/1/772 985/1/985 593/2/593
f 772/1/772 976/1/976 756/1/756 985/2/985
f 986/1/986 772/1/772 771/1/771 594/2/594
f 771/1/771 972/1/972 979/1/979 594/2/594
f 752/1/752 976/1/976 772/1/772 986/2/986
f 979/1/979 973/1/973 769/1/769 594/2/594
f 769/1/769 770/1/770 986/1/986 594/2/594
f 770/1/770 754/1/754 752/1/752 986/2/986
f 980/1/980 755/1/755 591/1/591 595/2/595
f 985/1/985 756/1/756 980/1/980 595/2/595
f 773/1/773 985/1/985 595/1/595 596/2/596
f 601/1/601 1077/1/1077 773/1/773 596/2/596
f 595/1/595 591/1/591 774/1/774 596/2/596
f 774/1/774 1081/1/1081 601/1/601 596/2/596
f 775/1/775 975/1/975 593/1/593 597/2/597
f 593/1/593 985/1/985 773/1/773 597/2/597
f 773/1/773 1077/1/1077 1078/1/1078 597/2/597
f 1078/1/1078 1079/1/1079 775/1/775 597/2/597
f 774/1/774 591/1/591 592/1/592 598/2/598
f 592/1/592 974/1/974 776/1/776 598/2/598
f 776/1/776 987/1/987 1080/1/1080 598/2/598
f 1080/1/1080 1081/1/1081 774/1/774 598/2/598
f 751/1/751 975/1/975 775/1/775 599/2/599
f 775/1/775 1079/1/1079 600/1/600 599/2/599
f 776/1/776 974/1/974 751/1/751 599/2/599
f 600/1/600 987/1/987 776/1/776 599/2/599
f 992/1/992 991/1/991 990/1/990 1076/2/1076
f 989/1/989 993/1/993 992/1/992 1076/2/1076
f 990/1/990 991/1/991 777/1/777 602/2/602
f 777/1/777 994/1/994 988/1/988 602/2/602
f 987/1/987 995/1/995 778/1/778 603/2/603
f 778/1/778 993/1/993 989/1/989 603/2/603
f 988/1/988 994/1/994 779/1/779 600/2/600
f 779/1/779 995/1/995 987/1/987 600/2/600
f 779/1/779 994/1/994 777/1/777 604/2/604
f 777/1/777 991/1/991 992/1/992 604/2/604
f 992/1/992 993/1/993 778/1/778 604/2/604
f 778/1/778 995/1/995 779/1/779 604/2/604
f 781/1/781 788/1/788 884/1/884 780/2/780
f 884/1/884 1062/1/1062 879/1/879 780/2/780
f 632/1/632 869/1/869 788/1/788 781/2/781
f 789/1/789 867/1/867 870/1/870 613/2/613
f 870/1/870 1060/1/1060 1001/1/1001 613/2/613
f 786/1/786 1006/1/1006 796/1/796 605/2/605
f 796/1/796 1014/1/1014 797/1/797 605/2/605
f 797/1/797 1015/1/1015 798/1/798 605/2/605
f 798/1/798 1007/1/1007 786/1/786 605/2/605
f 997/1/997 1007/1/1007 798/1/798 606/2/606
f 798/1/798 1015/1/1015 799/1/799 606/2/606
f 799/1/799 1013/1/1013 793/1/793 606/2/606
f 793/1/793 1004/1/1004 997/1/997 606/2/606
f 998/1/998 1005/1/1005 795/1/795 607/2/607
f 795/1/795 1012/1/1012 800/1/800 607/2/607
f 800/1/800 1014/1/1014 796/1/796 607/2/607
f 796/1/796 1006/1/1006 998/1/998 607/2/607
f 794/1/794 1013/1/1013 799/1/799 787/2/787
f 799/1/799 1015/1/1015 797/1/797 787/2/787
f 797/1/797 1014/1/1014 800/1/800 787/2/787
f 800/1/800 1012/1/1012 794/1/794 787/2/787
f 785/1/785 1005/1/1005 804/1/804 609/2/609
f 609/1/609 804/1/804 1009/1/1009 608/2/608
f 803/1/803 1004/1/1004 785/1/785 609/2/609
f 1011/1/1011 803/1/803 609/1/609 608/2/608
f 786/1/786 1007/1/1007 806/1/806 1017/2/1017
f 1017/1/1017 806/1/806 807/1/807 792/2/792
f 805/1/805 1006/1/1006 786/1/786 1017/2/1017
f 1010/1/1010 805/1/805 1017/1/1017 792/2/792
f 997/1/997 1004/1/1004 803/1/803 610/2/610
f 610/1/610 803/1/803 1011/1/1011 791/2/791
f 806/1/806 1007/1/1007 997/1/997 610/2/610
f 807/1/807 806/1/806 610/1/610 791/2/791
f 998/1/998 1006/1/1006 805/1/805 808/2/808
f 808/1/808 805/1/805 1010/1/1010 790/2/790
f 804/1/804 1005/1/1005 998/1/998 808/2/808
f 1009/1/1009 804/1/804 808/1/808 790/2/790
f 783/1/783 859/1/859 1019/1/1019 809/2/809
f 809/1/809 1019/1/1019 875/1/875 885/2/885
f 1018/1/1018 857/1/857 783/1/783 809/2/809
f 789/1/789 1018/1/1018 809/1/809 885/2/885
f 627/1/627 1003/1/1003 1020/1/1020 812/2/812
f 812/1/812 1020/1/1020 1001/1/1001 611/2/611
f 811/1/811 1002/1/1002 627/1/627 812/2/812
f 876/1/876 811/1/811 812/1/812 611/2/611
f 628/1/628 1002/1/1002 811/1/811 810/2/810
f 810/1/810 811/1/811 876/1/876 874/2/874
f 1019/1/1019 859/1/859 628/1/628 810/2/810
f 875/1/875 1019/1/1019 810/1/810 874/2/874
f 784/1/784 857/1/857 1018/1/1018 612/2/612
f 612/1/612 1018/1/1018 789/1/789 613/2/613
f 1020/1/1020 1003/1/1003 784/1/784 612/2/612
f 1001/1/1001 1020/1/1020 612/1/612 613/2/613
f 634/1/634 1038/1/1038 999/1/999 814/2/814
f 814/1/814 614/1/614 781/1/781 780/2/780
f 999/1/999 1000/1/1000 614/1/614 814/2/814
f 614/1/614 1058/1/1058 632/1/632 781/2/781
f 1000/1/1000 1008/1/1008 1058/1/1058 614/2/614
f 887/1/887 782/1/782 815/1/815 818/2/818
f 815/1/815 1000/1/1000 999/1/999 818/2/818
f 816/1/816 1037/1/1037 887/1/887 818/2/818
f 999/1/999 1038/1/1038 816/1/816 818/2/818
f 782/1/782 1057/1/1057 817/1/817 815/2/815
f 817/1/817 1008/1/1008 1000/1/1000 815/2/815
f 883/1/883 1063/1/1063 635/1/635 615/2/615
f 635/1/635 876/1/876 611/1/611 615/2/615
f 616/1/616 813/1/813 883/1/883 615/2/615
f 611/1/611 1001/1/1001 616/1/616 615/2/615
f 872/1/872 1056/1/1056 813/1/813 616/2/616
f 1001/1/1001 1060/1/1060 872/1/872 616/2/616
f 880/1/880 1063/1/1063 883/1/883 1021/2/1021
f 887/1/887 1037/1/1037 880/1/880 1021/2/1021
f 820/1/820 782/1/782 887/1/887 1021/2/1021
f 883/1/883 813/1/813 820/1/820 1021/2/1021
f 871/1/871 1057/1/1057 782/1/782 820/2/820
f 813/1/813 1056/1/1056 871/1/871 820/2/820
f 801/1/801 881/1/881 878/1/878 617/2/617
f 878/1/878 1062/1/1062 884/1/884 617/2/617
f 821/1/821 802/1/802 801/1/801 617/2/617
f 884/1/884 788/1/788 821/1/821 617/2/617
f 868/1/868 1059/1/1059 802/1/802 821/2/821
f 788/1/788 869/1/869 868/1/868 821/2/821
f 886/1/886 1061/1/1061 1023/1/1023 618/2/618
f 1023/1/1023 881/1/881 801/1/801 618/2/618
f 822/1/822 996/1/996 886/1/886 618/2/618
f 801/1/801 802/1/802 822/1/822 618/2/618
f 1024/1/1024 1055/1/1055 996/1/996 822/2/822
f 802/1/802 1059/1/1059 1024/1/1024 822/2/822
f 824/1/824 789/1/789 885/1/885 823/2/823
f 885/1/885 875/1/875 877/1/877 823/2/823
f 873/1/873 867/1/867 789/1/789 824/2/824
f 886/1/886 996/1/996 826/1/826 882/2/882
f 826/1/826 824/1/824 823/1/823 882/2/882
f 1064/1/1064 1061/1/1061 886/1/886 882/2/882
f 823/1/823 877/1/877 1064/1/1064 882/2/882
f 996/1/996 1055/1/1055 633/1/633 826/2/826
f 633/1/633 873/1/873 824/1/824 826/2/826
f 879/1/879 1062/1/1062 837/1/837 619/2/619
f 837/1/837 766/1/766 768/1/768 619/2/619
f 637/1/637 894/1/894 839/1/839 835/2/835
f 839/1/839 875/1/875 874/1/874 835/2/835
f 874/1/874 876/1/876 840/1/840 835/2/835
f 840/1/840 893/1/893 637/1/637 835/2/835
f 768/1/768 819/1/819 620/1/620 619/2/619
f 620/1/620 634/1/634 879/1/879 619/2/619
f 819/1/819 984/1/984 838/1/838 620/2/620
f 838/1/838 1038/1/1038 634/1/634 620/2/620
f 767/1/767 825/1/825 836/1/836 843/2/843
f 836/1/836 1037/1/1037 816/1/816 843/2/843
f 816/1/816 1038/1/1038 838/1/838 843/2/843
f 838/1/838 984/1/984 767/1/767 843/2/843
f 635/1/635 1063/1/1063 842/1/842 621/2/621
f 842/1/842 890/1/890 888/1/888 621/2/621
f 888/1/888 893/1/893 840/1/840 621/2/621
f 840/1/840 876/1/876 635/1/635 621/2/621
f 880/1/880 1037/1/1037 836/1/836 622/2/622
f 1022/1/1022 890/1/890 842/1/842 622/2/622
f 842/1/842 1063/1/1063 880/1/880 622/2/622
f 878/1/878 881/1/881 841/1/841 844/2/844
f 841/1/841 642/1/642 644/1/644 844/2/844
f 644/1/644 766/1/766 837/1/837 844/2/844
f 837/1/837 1062/1/1062 878/1/878 844/2/844
f 1023/1/1023 1061/1/1061 834/1/834 845/2/845
f 834/1/834 896/1/896 641/1/641 845/2/845
f 641/1/641 642/1/642 841/1/841 845/2/845
f 841/1/841 881/1/881 1023/1/1023 845/2/845
f 877/1/877 875/1/875 839/1/839 623/2/623
f 839/1/839 894/1/894 1025/1/1025 623/2/623
f 638/1/638 896/1/896 834/1/834 624/2/624
f 834/1/834 1061/1/1061 1064/1/1064 624/2/624
f 1064/1/1064 877/1/877 623/1/623 624/2/624
f 623/1/623 1025/1/1025 638/1/638 624/2/624
f 847/1/847 1012/1/1012 795/1/795 846/2/846
f 795/1/795 1005/1/1005 1075/1/1075 846/2/846
f 1039/1/1039 1013/1/1013 794/1/794 1085/2/1085
f 794/1/794 1012/1/1012 847/1/847 1085/2/1085
f 848/1/848 1004/1/1004 793/1/793 849/2/849
f 793/1/793 1013/1/1013 1039/1/1039 849/2/849
f 1075/1/1075 1005/1/1005 785/1/785 625/2/625
f 785/1/785 1004/1/1004 848/1/848 625/2/625
f 1042/1/1042 1043/1/1043 851/1/851 850/2/850
f 851/1/851 1044/1/1044 1041/1/1041 850/2/850
f 1041/1/1041 1045/1/1045 852/1/852 850/2/850
f 852/1/852 1046/1/1046 1042/1/1042 850/2/850
f 853/1/853 1044/1/1044 851/1/851 1074/2/1074
f 851/1/851 1043/1/1043 1086/1/1086 1074/2/1074
f 1042/1/1042 1046/1/1046 1073/1/1073 1040/2/1040
f 1086/1/1086 1043/1/1043 1042/1/1042 1040/2/1040
f 1073/1/1073 1046/1/1046 852/1/852 1072/2/1072
f 852/1/852 1045/1/1045 848/1/848 1072/2/1072
f 1041/1/1041 1044/1/1044 853/1/853 625/2/625
f 848/1/848 1045/1/1045 1041/1/1041 625/2/625
f 1048/1/1048 1009/1/1009 790/1/790 855/2/855
f 790/1/790 1010/1/1010 1049/1/1049 855/2/855
f 854/1/854 807/1/807 791/1/791 626/2/626
f 791/1/791 1011/1/1011 1050/1/1050 626/2/626
f 1049/1/1049 1010/1/1010 792/1/792 1047/2/1047
f 792/1/792 807/1/807 854/1/854 1047/2/1047
f 1050/1/1050 1011/1/1011 608/1/608 856/2/856
f 608/1/608 1009/1/1009 1048/1/1048 856/2/856
f 857/1/857 858/1/858 860/1/860 783/2/783
f 858/1/858 863/1/863 865/1/865 860/2/860
f 860/1/860 1051/1/1051 859/1/859 783/2/783
f 865/1/865 1054/1/1054 1051/1/1051 860/2/860
f 1002/1/1002 1052/1/1052 861/1/861 627/2/627
f 1052/1/1052 1016/1/1016 631/1/631 861/2/861
f 861/1/861 1053/1/1053 1003/1/1003 627/2/627
f 631/1/631 864/1/864 1053/1/1053 861/2/861
f 859/1/859 1051/1/1051 629/1/629 628/2/628
f 1051/1/1051 1054/1/1054 862/1/862 629/2/629
f 629/1/629 1052/1/1052 1002/1/1002 628/2/628
f 862/1/862 1016/1/1016 1052/1/1052 629/2/629
f 1003/1/1003 1053/1/1053 630/1/630 784/2/784
f 1053/1/1053 864/1/864 866/1/866 630/2/630
f 630/1/630 858/1/858 857/1/857 784/2/784
f 866/1/866 863/1/863 858/1/858 630/2/630
f 863/1/863 1048/1/1048 855/1/855 865/2/865
f 855/1/855 1049/1/1049 1054/1/1054 865/2/865
f 1016/1/1016 854/1/854 626/1/626 631/2/631
f 626/1/626 1050/1/1050 864/1/864 631/2/631
f 1054/1/1054 1049/1/1049 1047/1/1047 862/2/862
f 1047/1/1047 854/1/854 1016/1/1016 862/2/862
f 864/1/864 1050/1/1050 856/1/856 866/2/866
f 856/1/856 1048/1/1048 863/1/863 866/2/866
f 827/1/827 828/1/828 873/1/873 633/2/633
f 1055/1/1055 1026/1/1026 827/1/827 633/2/633
f 828/1/828 1027/1/1027 867/1/867 873/2/873
f 1059/1/1059 1028/1/1028 829/1/829 1024/2/1024
f 829/1/829 1026/1/1026 1055/1/1055 1024/2/1024
f 830/1/830 1028/1/1028 1059/1/1059 868/2/868
f 869/1/869 1029/1/1029 830/1/830 868/2/868
f 1056/1/1056 1030/1/1030 831/1/831 871/2/871
f 831/1/831 1031/1/1031 1057/1/1057 871/2/871
f 1032/1/1032 1030/1/1030 1056/1/1056 872/2/872
f 1060/1/1060 1033/1/1033 1032/1/1032 872/2/872
f 832/1/832 1034/1/1034 1008/1/1008 817/2/817
f 1057/1/1057 1031/1/1031 832/1/832 817/2/817
f 1008/1/1008 1034/1/1034 833/1/833 1058/2/1058
f 1058/1/1058 833/1/833 1035/1/1035 632/2/632
f 1036/1/1036 1033/1/1033 1060/1/1060 870/2/870
f 867/1/867 1027/1/1027 1036/1/1036 870/2/870
f 1035/1/1035 1029/1/1029 869/1/869 632/2/632
f 894/1/894 1069/1/1069 636/1/636 1025/2/1025
f 898/1/898 1067/1/1067 893/1/893 896/2/896
f 893/1/893 1067/1/1067 1068/1/1068 637/2/637
f 1068/1/1068 1069/1/1069 894/1/894 637/2/637
f 1025/1/1025 636/1/636 897/1/897 638/2/638
f 893/1/893 892/1/892 639/1/639 896/2/896
f 693/1/693 940/1/940 890/1/890 642/2/642
f 890/1/890 940/1/940 640/1/640 888/2/888
f 640/1/640 892/1/892 893/1/893 888/2/888
f 896/1/896 639/1/639 895/1/895 641/2/641
f 895/1/895 693/1/693 642/1/642 641/2/641
f 890/1/890 1065/1/1065 899/1/899 642/2/642
f 899/1/899 1065/1/1065 889/1/889 963/2/963
f 891/1/891 1066/1/1066 1070/1/1070 643/2/643
f 1070/1/1070 1066/1/1066 825/1/825 766/2/766
f 900/1/900 1066/1/1066 891/1/891 732/2/732
f 889/1/889 1065/1/1065 900/1/900 732/2/732
f 900/1/900 1065/1/1065 890/1/890 1022/2/1022
f 1071/1/1071 899/1/899 963/1/963 733/2/733
f 642/1/642 899/1/899 1071/1/1071 644/2/644
f 643/1/643 1070/1/1070 1071/1/1071 733/2/733
f 1071/1/1071 1070/1/1070 766/1/766 644/2/644
f 897/1/897 898/1/898 896/1/896 638/2/638
f 879/1/879 634/1/634 814/1/814 780/2/780
f 622/1/622 836/1/836 825/1/825 1022/2/1022
f 1066/1/1066 900/1/900 1022/1/1022 825/2/825
# 518 faces, 2 coords texture

# End of File
