; G-code generated by Raster Toolpath Generator
; 2026-01-18 05:20:02
G90 ; Absolute positioning
G21 ; Millimeter units
G94 ; Units per minute feed rate

F50.0
G1 X-142.830 Y10.427 Z-90.582
G1 X-142.830 Y10.427 Z-87.992
G1 X-143.072 Y10.182 Z-85.340
G1 X-143.072 Y10.182 Z-82.751
G1 X-143.072 Y10.182 Z-80.161
G1 X-143.093 Y10.639 Z-77.511
G1 X-143.253 Y10.765 Z-74.834
G1 X-143.499 Y10.574 Z-72.165
G1 X-143.499 Y10.574 Z-69.575
G1 X-143.906 Y10.267 Z-66.801
G1 X-143.906 Y10.267 Z-64.211
G1 X-144.168 Y10.369 Z-61.441
G1 X-144.508 Y9.388 Z-58.614
G1 X-144.543 Y9.690 Z-55.963
G1 X-137.370 Y8.799 Z-46.548
G1 X-137.070 Y8.644 Z-44.377
G1 X-145.814 Y8.906 Z-46.554
G1 X-145.813 Y11.825 Z-43.704
G1 X-146.161 Y8.820 Z-40.430
G1 X-136.346 Y8.593 Z-36.197
G1 X-146.322 Y8.510 Z-34.115
G1 X-146.318 Y8.151 Z-31.254
G1 X-145.986 Y11.920 Z-27.538
G1 X-145.785 Y11.470 Z-24.614
G1 X-145.830 Y8.364 Z-25.831
G1 X-143.757 Y12.044 Z-21.865
G1 X-142.550 Y11.789 Z-18.828
G1 X-142.394 Y7.551 Z-20.766
G1 X-142.543 Y8.235 Z-18.006
G1 X-143.005 Y8.933 Z-15.012
G1 X-143.506 Y8.781 Z-12.091
G1 X-144.003 Y9.510 Z-8.499
G1 X-144.615 Y9.767 Z-4.309
G1 X-145.959 Y7.068 Z-1.138
G1 X-145.123 Y8.945 Z2.885
G1 X-144.620 Y8.907 Z6.865
G1 X-143.683 Y9.203 Z10.745
G1 X-143.315 Y8.850 Z13.820
G1 X-143.155 Y7.841 Z16.974
G1 X-142.870 Y7.693 Z19.718
G1 X-142.688 Y6.617 Z22.499
G1 X-142.688 Y6.617 Z25.089
G1 X-142.655 Y10.267 Z23.628
G1 X-145.048 Y9.600 Z27.103
G1 X-146.085 Y7.580 Z26.886
G1 X-146.279 Y7.277 Z30.440
G1 X-146.246 Y7.314 Z33.880
G1 X-145.979 Y7.934 Z37.188
G1 X-145.979 Y7.934 Z39.778
G1 X-145.782 Y7.041 Z43.097
G1 X-145.179 Y7.367 Z46.549
G1 X-145.179 Y7.367 Z49.139
G1 X-145.060 Y7.057 Z51.996
G1 X-144.613 Y6.927 Z55.080
G1 X-144.387 Y7.092 Z57.820
G1 X-144.385 Y6.842 Z60.471
G1 X-144.262 Y6.986 Z63.124
G1 X-144.087 Y6.923 Z65.852
G1 X-143.925 Y6.927 Z68.547
G1 X-143.647 Y6.876 Z71.307
F200.0
G0 X-139.647 Y6.876 Z71.307 ; Rapid move
F50.0
G1 X-139.647 Y6.876 Z71.307
G1 X-139.647 Y6.876 Z68.717
G1 X-139.647 Y6.876 Z66.127
G1 X-139.647 Y6.876 Z63.537
G1 X-140.087 Y6.923 Z60.673
G1 X-140.262 Y6.986 Z57.944
G1 X-140.387 Y7.092 Z55.231
G1 X-140.387 Y7.092 Z52.641
G1 X-140.740 Y7.490 Z49.595
G1 X-141.179 Y7.367 Z46.549
G1 X-141.193 Y7.581 Z43.833
G1 X-141.782 Y7.041 Z40.507
G1 X-141.979 Y7.327 Z37.188
G1 X-141.745 Y8.766 Z34.302
G1 X-141.867 Y8.735 Z30.965
G1 X-141.943 Y8.120 Z26.867
G1 X-141.884 Y7.948 Z23.920
G1 X-141.068 Y8.858 Z24.410
G1 X-136.565 Y10.423 Z19.925
G1 X-138.251 Y6.465 Z22.566
G1 X-138.155 Y7.038 Z19.843
G1 X-138.391 Y7.237 Z17.134
G1 X-138.632 Y7.362 Z14.431
G1 X-138.942 Y7.968 Z11.425
G1 X-139.123 Y6.733 Z8.545
G1 X-132.780 Y2.189 Z0.222
G1 X-141.404 Y5.781 Z-0.787
G1 X-139.008 Y8.375 Z-5.570
G1 X-138.917 Y10.225 Z-8.464
G1 X-138.372 Y9.382 Z-12.392
G1 X-138.176 Y8.984 Z-15.228
G1 X-138.027 Y8.491 Z-18.034
G1 X-138.089 Y7.510 Z-20.778
G1 X-136.674 Y11.534 Z-17.913
G1 X-132.535 Y8.896 Z-20.235
G1 X-140.954 Y8.484 Z-20.279
G1 X-141.700 Y8.833 Z-23.991
G1 X-141.986 Y9.268 Z-27.538
G1 X-142.318 Y8.151 Z-31.254
G1 X-142.322 Y8.510 Z-34.115
G1 X-142.271 Y8.998 Z-37.087
G1 X-141.915 Y9.171 Z-41.065
G1 X-141.814 Y8.906 Z-43.964
G1 X-141.597 Y8.625 Z-46.995
G1 X-140.969 Y8.720 Z-50.407
G1 X-140.543 Y9.690 Z-53.373
G1 X-140.168 Y9.620 Z-56.261
G1 X-139.716 Y10.734 Z-59.075
G1 X-139.716 Y10.734 Z-61.665
G1 X-139.499 Y10.574 Z-64.396
G1 X-139.249 Y10.863 Z-67.046
G1 X-139.249 Y10.863 Z-69.636
G1 X-139.093 Y10.639 Z-72.332
G1 X-139.093 Y10.639 Z-74.921
G1 X-138.830 Y10.427 Z-77.633
G1 X-138.830 Y10.427 Z-80.223
G1 X-138.830 Y9.678 Z-82.812
G1 X-138.830 Y9.678 Z-85.402
G1 X-138.744 Y9.600 Z-88.027
G1 X-138.517 Y9.492 Z-90.688
F200.0
G0 X-134.150 Y9.564 Z-90.758 ; Rapid move
F50.0
G1 X-134.150 Y9.564 Z-90.758
G1 X-134.304 Y9.449 Z-88.148
G1 X-134.304 Y9.449 Z-85.558
G1 X-134.517 Y9.492 Z-82.918
G1 X-134.517 Y9.492 Z-80.328
G1 X-134.744 Y9.600 Z-77.668
G1 X-134.830 Y9.678 Z-75.043
G1 X-134.830 Y9.678 Z-72.453
G1 X-134.830 Y9.678 Z-69.863
G1 X-135.093 Y9.890 Z-67.152
G1 X-135.093 Y10.639 Z-64.562
G1 X-135.249 Y10.863 Z-61.867
G1 X-135.499 Y9.825 Z-59.216
G1 X-135.716 Y9.985 Z-56.485
G1 X-135.716 Y9.985 Z-53.895
G1 X-136.543 Y9.690 Z-50.783
G1 X-136.543 Y8.982 Z-48.193
G1 X-137.687 Y9.041 Z-44.181
G1 X-137.813 Y9.565 Z-41.114
G1 X-138.210 Y9.328 Z-37.200
G1 X-138.258 Y8.854 Z-34.020
G1 X-138.180 Y8.757 Z-30.503
G1 X-137.725 Y9.248 Z-26.822
G1 X-136.924 Y8.510 Z-22.840
G1 X-136.461 Y9.509 Z-19.897
G1 X-136.461 Y9.509 Z-17.307
G1 X-134.427 Y12.613 Z-18.778
G1 X-134.148 Y8.836 Z-20.710
G1 X-134.265 Y9.395 Z-17.925
G1 X-134.427 Y9.580 Z-15.224
G1 X-134.151 Y10.161 Z-12.402
G1 X-133.709 Y9.750 Z-9.434
G1 X-134.689 Y7.155 Z-6.842
G1 X-132.581 Y1.488 Z1.093
G1 X-133.181 Y0.511 Z1.898
G1 X-134.129 Y7.567 Z8.356
G1 X-133.874 Y8.507 Z11.345
G1 X-133.744 Y7.271 Z14.636
G1 X-133.744 Y7.271 Z17.225
G1 X-133.651 Y6.599 Z20.025
G1 X-133.294 Y10.456 Z18.397
G1 X-135.962 Y10.011 Z21.384
G1 X-137.409 Y7.549 Z20.250
G1 X-137.590 Y7.025 Z23.170
G1 X-137.834 Y8.502 Z26.978
G1 X-137.696 Y8.997 Z30.035
G1 X-137.745 Y8.766 Z34.302
G1 X-137.758 Y8.588 Z37.156
G1 X-137.193 Y7.581 Z41.243
G1 X-136.946 Y7.711 Z44.081
G1 X-136.533 Y7.746 Z47.090
G1 X-136.376 Y7.514 Z49.919
G1 X-136.179 Y7.344 Z52.724
G1 X-135.931 Y6.991 Z55.580
G1 X-135.647 Y6.876 Z58.358
G1 X-135.647 Y6.876 Z60.948
G1 X-135.430 Y7.604 Z63.611
G1 X-135.101 Y7.669 Z66.328
G1 X-135.312 Y6.683 Z68.879
G1 X-134.941 Y6.748 Z71.603
F200.0
G0 X-130.678 Y6.637 Z71.706 ; Rapid move
F50.0
G1 X-130.678 Y6.637 Z71.706
G1 X-130.678 Y6.637 Z69.116
G1 X-130.678 Y6.637 Z66.526
G1 X-130.678 Y6.637 Z63.936
G1 X-131.101 Y6.916 Z61.149
G1 X-131.101 Y7.669 Z58.559
G1 X-131.101 Y6.916 Z55.969
G1 X-131.502 Y7.226 Z53.115
G1 X-131.794 Y6.897 Z50.362
G1 X-132.122 Y7.733 Z47.437
G1 X-132.427 Y7.965 Z44.482
G1 X-132.550 Y8.583 Z41.333
G1 X-133.021 Y8.355 Z38.336
G1 X-133.522 Y8.530 Z34.407
G1 X-133.456 Y9.423 Z30.141
G1 X-133.220 Y8.739 Z26.797
G1 X-132.809 Y8.935 Z22.903
G1 X-132.217 Y9.434 Z19.962
G1 X-132.495 Y10.265 Z21.145
G1 X-128.061 Y7.979 Z17.196
G1 X-129.671 Y7.512 Z20.071
G1 X-129.700 Y8.099 Z17.339
G1 X-129.722 Y8.642 Z14.546
G1 X-128.956 Y6.092 Z11.980
G1 X-129.628 Y6.017 Z8.901
G1 X-130.678 Y4.324 Z6.476
G1 X-130.061 Y7.217 Z-3.056
G1 X-130.712 Y6.963 Z-6.968
G1 X-130.737 Y5.455 Z-10.215
G1 X-130.248 Y5.204 Z-12.980
G1 X-130.432 Y8.288 Z-15.439
G1 X-130.257 Y8.339 Z-18.175
G1 X-130.684 Y12.765 Z-16.558
G1 X-134.246 Y7.030 Z-19.023
G1 X-131.304 Y9.651 Z-16.624
G1 X-132.029 Y9.870 Z-19.672
G1 X-132.461 Y8.628 Z-22.487
G1 X-132.664 Y9.067 Z-25.391
G1 X-133.662 Y9.344 Z-29.753
G1 X-134.189 Y8.545 Z-34.168
G1 X-133.867 Y8.921 Z-38.068
G1 X-133.433 Y9.389 Z-41.640
G1 X-132.540 Y9.475 Z-45.501
G1 X-131.716 Y9.278 Z-48.716
G1 X-131.385 Y9.621 Z-51.394
G1 X-131.117 Y10.721 Z-53.978
G1 X-131.049 Y10.340 Z-56.713
G1 X-130.834 Y9.816 Z-59.485
G1 X-130.668 Y10.068 Z-62.082
G1 X-130.668 Y10.068 Z-64.672
G1 X-130.603 Y9.788 Z-67.326
G1 X-130.406 Y9.952 Z-69.939
G1 X-130.141 Y9.929 Z-72.585
G1 X-130.141 Y9.929 Z-75.175
G1 X-130.150 Y9.564 Z-77.809
G1 X-130.150 Y9.564 Z-80.398
G1 X-129.941 Y9.482 Z-83.025
G1 X-129.941 Y9.482 Z-85.615
G1 X-129.941 Y10.096 Z-88.205
G1 X-129.929 Y10.218 Z-90.786
F200.0
G0 X-125.560 Y10.163 Z-90.823 ; Rapid move
F50.0
G1 X-125.560 Y10.163 Z-90.823
G1 X-125.560 Y10.163 Z-88.233
G1 X-125.560 Y10.163 Z-85.643
G1 X-125.560 Y10.163 Z-83.053
G1 X-125.560 Y10.163 Z-80.463
G1 X-125.756 Y10.259 Z-77.851
G1 X-125.756 Y10.259 Z-75.261
G1 X-125.756 Y10.259 Z-72.672
G1 X-125.945 Y10.333 Z-70.053
G1 X-125.945 Y9.719 Z-67.464
G1 X-125.991 Y9.910 Z-64.841
G1 X-126.141 Y9.929 Z-62.226
G1 X-126.141 Y9.929 Z-59.636
G1 X-126.406 Y9.952 Z-56.990
G1 X-126.668 Y10.068 Z-54.312
G1 X-126.668 Y8.916 Z-51.723
G1 X-126.830 Y9.293 Z-48.993
G1 X-127.117 Y9.230 Z-46.209
G1 X-128.168 Y6.397 Z-43.312
G1 X-121.750 Y5.560 Z-34.315
G1 X-120.585 Y5.981 Z-34.304
G1 X-121.627 Y6.285 Z-33.717
G1 X-127.542 Y7.286 Z-24.493
G1 X-126.585 Y7.483 Z-21.541
G1 X-126.667 Y7.175 Z-18.920
G1 X-126.564 Y7.009 Z-16.282
G1 X-122.120 Y10.332 Z-18.773
G1 X-127.812 Y11.870 Z-15.984
G1 X-125.930 Y8.929 Z-18.204
G1 X-126.122 Y8.884 Z-15.487
G1 X-126.549 Y10.486 Z-11.994
G1 X-125.223 Y3.174 Z-0.562
G1 X-125.879 Y4.165 Z-7.809
G1 X-125.525 Y2.346 Z0.792
G1 X-120.356 Y2.624 Z2.323
G1 X-125.603 Y5.485 Z9.220
G1 X-126.194 Y6.080 Z12.000
G1 X-124.913 Y2.263 Z5.000
G1 X-125.857 Y4.953 Z17.504
G1 X-125.857 Y5.192 Z20.094
G1 X-128.735 Y8.116 Z17.336
G1 X-127.192 Y7.785 Z16.104
G1 X-127.559 Y8.930 Z19.184
G1 X-127.365 Y9.806 Z22.388
G1 X-128.163 Y9.231 Z25.700
G1 X-128.845 Y8.115 Z30.776
G1 X-128.426 Y9.829 Z34.359
G1 X-128.442 Y7.883 Z38.888
G1 X-127.902 Y7.584 Z42.147
G1 X-127.329 Y7.447 Z45.215
G1 X-127.329 Y7.781 Z47.805
G1 X-127.211 Y7.289 Z50.640
G1 X-126.907 Y6.990 Z53.433
G1 X-126.907 Y6.990 Z56.023
G1 X-126.678 Y6.637 Z58.756
G1 X-126.303 Y6.445 Z61.464
G1 X-126.303 Y6.445 Z64.054
G1 X-126.055 Y6.454 Z66.687
G1 X-126.055 Y6.454 Z69.276
G1 X-128.381 Y8.093 Z70.220
F200.0
G0 X-124.551 Y6.046 Z70.297 ; Rapid move
F50.0
G1 X-124.551 Y6.046 Z70.297
G1 X-117.785 Y3.039 Z60.863
G1 X-121.694 Y6.303 Z66.743
G1 X-121.775 Y6.506 Z64.124
G1 X-121.775 Y6.506 Z61.534
G1 X-121.775 Y6.506 Z58.944
G1 X-121.775 Y6.506 Z56.354
G1 X-121.775 Y6.506 Z53.764
G1 X-121.877 Y6.967 Z51.081
G1 X-121.813 Y8.612 Z47.791
G1 X-122.040 Y8.686 Z45.118
G1 X-121.972 Y8.659 Z42.308
G1 X-122.720 Y4.813 Z40.130
G1 X-123.540 Y5.724 Z36.343
G1 X-126.195 Y2.623 Z30.865
G1 X-122.395 Y10.352 Z26.210
G1 X-121.857 Y8.989 Z21.408
G1 X-122.068 Y8.314 Z18.463
G1 X-122.068 Y8.314 Z15.873
G1 X-118.969 Y8.849 Z18.386
G1 X-121.860 Y5.534 Z20.126
G1 X-121.860 Y5.534 Z17.536
G1 X-121.585 Y6.250 Z14.888
G1 X-121.844 Y6.064 Z12.139
G1 X-121.980 Y4.190 Z9.649
G1 X-122.157 Y2.108 Z2.178
G1 X-122.384 Y3.180 Z1.473
G1 X-121.303 Y3.899 Z1.975
G1 X-120.980 Y8.464 Z-9.982
G1 X-121.416 Y7.057 Z-13.067
G1 X-121.319 Y6.856 Z-15.690
G1 X-121.528 Y8.828 Z-18.211
G1 X-121.704 Y11.139 Z-16.077
G1 X-124.403 Y10.442 Z-18.548
G1 X-122.310 Y7.197 Z-16.246
G1 X-122.252 Y7.470 Z-18.872
G1 X-122.352 Y7.863 Z-21.578
G1 X-120.522 Y4.810 Z-33.742
G1 X-120.977 Y6.051 Z-34.157
G1 X-119.929 Y5.524 Z-34.106
G1 X-120.433 Y6.916 Z-33.733
G1 X-120.484 Y4.732 Z-34.634
G1 X-121.257 Y7.122 Z-46.709
G1 X-121.483 Y6.722 Z-49.365
G1 X-121.702 Y8.660 Z-51.937
G1 X-121.702 Y8.660 Z-54.527
G1 X-121.560 Y8.397 Z-57.155
G1 X-121.560 Y9.549 Z-59.744
G1 X-121.560 Y9.549 Z-62.334
G1 X-121.560 Y9.549 Z-64.924
G1 X-121.560 Y9.549 Z-67.514
G1 X-121.449 Y9.421 Z-70.117
G1 X-121.449 Y9.421 Z-72.707
G1 X-121.449 Y9.421 Z-75.296
G1 X-121.449 Y9.421 Z-77.886
G1 X-121.449 Y9.421 Z-80.476
G1 X-121.449 Y9.421 Z-83.066
G1 X-121.449 Y9.421 Z-85.656
G1 X-121.449 Y9.421 Z-88.246
G1 X-121.449 Y9.421 Z-90.835
F200.0
G0 X-117.440 Y10.214 Z-90.840 ; Rapid move
F50.0
G1 X-117.440 Y10.214 Z-90.840
G1 X-117.440 Y10.324 Z-88.250
G1 X-117.363 Y8.929 Z-85.664
G1 X-117.363 Y8.929 Z-83.074
G1 X-117.440 Y9.026 Z-80.480
G1 X-117.440 Y9.026 Z-77.890
G1 X-117.440 Y9.026 Z-75.301
G1 X-117.440 Y9.026 Z-72.711
G1 X-117.440 Y9.026 Z-70.121
G1 X-117.440 Y9.026 Z-67.531
G1 X-117.440 Y9.026 Z-64.941
G1 X-117.491 Y9.051 Z-62.349
G1 X-117.440 Y8.185 Z-59.762
G1 X-117.440 Y8.184 Z-57.172
G1 X-117.491 Y8.209 Z-54.579
G1 X-117.494 Y8.484 Z-51.969
G1 X-117.244 Y6.509 Z-49.389
G1 X-117.321 Y6.877 Z-46.755
G1 X-117.099 Y5.637 Z-44.206
G1 X-116.971 Y6.405 Z-34.058
G1 X-117.198 Y4.282 Z-34.216
G1 X-117.158 Y4.900 Z-32.996
G1 X-116.459 Y4.334 Z-33.784
G1 X-117.941 Y7.754 Z-21.520
G1 X-118.275 Y8.964 Z-19.002
G1 X-118.275 Y9.010 Z-16.412
G1 X-115.270 Y12.100 Z-18.216
G1 X-118.378 Y12.613 Z-16.218
G1 X-117.320 Y8.002 Z-18.322
G1 X-117.356 Y7.710 Z-15.707
G1 X-117.514 Y5.754 Z-13.120
G1 X-117.782 Y6.144 Z-10.457
G1 X-117.737 Y4.634 Z1.875
G1 X-117.943 Y3.393 Z0.827
G1 X-117.572 Y1.894 Z1.887
G1 X-117.682 Y1.643 Z3.227
G1 X-116.828 Y6.234 Z12.086
G1 X-117.872 Y7.038 Z14.776
G1 X-117.535 Y5.930 Z17.561
G1 X-116.669 Y9.660 Z12.130
G1 X-118.884 Y10.297 Z18.208
G1 X-118.256 Y7.382 Z15.573
G1 X-118.380 Y8.100 Z18.429
G1 X-118.126 Y8.713 Z21.276
G1 X-117.543 Y9.939 Z25.688
G1 X-112.366 Y1.442 Z30.604
G1 X-116.881 Y6.472 Z36.401
G1 X-117.274 Y9.502 Z39.301
G1 X-118.124 Y8.935 Z42.326
G1 X-118.020 Y8.485 Z45.254
G1 X-117.777 Y7.274 Z48.421
G1 X-117.698 Y6.989 Z51.093
G1 X-117.688 Y6.603 Z53.758
G1 X-117.457 Y6.216 Z56.402
G1 X-117.457 Y6.216 Z58.992
G1 X-117.457 Y6.216 Z61.582
G1 X-119.543 Y8.963 Z61.610
G1 X-120.389 Y6.220 Z64.917
G1 X-113.655 Y5.034 Z61.053
G1 X-122.252 Y4.672 Z67.704
F200.0
G0 X-118.252 Y4.672 Z67.704 ; Rapid move
F50.0
G1 X-118.252 Y4.672 Z67.704
G1 X-118.232 Y5.232 Z64.397
G1 X-118.280 Y4.725 Z61.384
G1 X-116.997 Y5.653 Z62.250
G1 X-114.641 Y9.072 Z58.012
G1 X-113.231 Y7.166 Z58.985
G1 X-113.207 Y7.370 Z56.372
G1 X-113.228 Y7.541 Z53.757
G1 X-113.260 Y7.879 Z51.099
G1 X-113.363 Y8.335 Z48.377
G1 X-113.363 Y8.335 Z45.787
G1 X-113.475 Y7.346 Z42.978
G1 X-114.457 Y7.788 Z39.435
G1 X-115.149 Y8.268 Z35.967
G1 X-108.531 Y2.418 Z31.097
G1 X-115.330 Y7.388 Z24.782
G1 X-114.983 Y7.307 Z21.134
G1 X-114.477 Y6.449 Z18.144
G1 X-113.933 Y5.854 Z15.384
G1 X-117.428 Y7.202 Z18.358
G1 X-115.966 Y9.285 Z18.877
G1 X-113.595 Y6.510 Z17.501
G1 X-113.680 Y6.808 Z14.850
G1 X-112.983 Y4.197 Z2.442
G1 X-113.980 Y5.375 Z0.871
G1 X-113.188 Y2.923 Z2.066
G1 X-113.043 Y3.700 Z0.656
G1 X-113.618 Y4.577 Z2.019
G1 X-113.066 Y5.252 Z-10.551
G1 X-113.281 Y5.209 Z-13.149
G1 X-113.281 Y5.209 Z-15.738
G1 X-113.281 Y5.332 Z-18.328
G1 X-111.057 Y9.560 Z-15.513
G1 X-113.863 Y7.621 Z-13.539
G1 X-113.864 Y7.901 Z-16.140
G1 X-114.043 Y8.233 Z-18.788
G1 X-112.759 Y5.479 Z-31.244
G1 X-113.790 Y5.720 Z-23.905
G1 X-113.514 Y4.809 Z-33.251
G1 X-113.535 Y4.105 Z-33.097
G1 X-113.328 Y6.236 Z-34.527
G1 X-113.855 Y5.078 Z-35.220
G1 X-113.584 Y7.540 Z-46.739
G1 X-113.701 Y8.695 Z-49.296
G1 X-113.610 Y9.869 Z-51.879
G1 X-113.640 Y9.637 Z-54.511
G1 X-113.452 Y9.118 Z-57.167
G1 X-113.427 Y9.055 Z-59.761
G1 X-113.393 Y8.848 Z-62.356
G1 X-113.378 Y8.866 Z-64.946
G1 X-113.406 Y10.168 Z-67.533
G1 X-113.406 Y10.168 Z-70.123
G1 X-113.406 Y10.168 Z-72.713
G1 X-113.406 Y10.168 Z-75.303
G1 X-113.406 Y10.168 Z-77.893
G1 X-113.406 Y10.168 Z-80.483
G1 X-113.406 Y10.168 Z-83.072
G1 X-113.332 Y10.048 Z-75.665
G1 X-113.347 Y10.359 Z-78.255
G1 X-113.347 Y10.359 Z-80.845
F200.0
G0 X-109.390 Y10.541 Z-80.849 ; Rapid move
F50.0
G1 X-109.390 Y10.541 Z-80.849
G1 X-109.390 Y10.541 Z-78.260
G1 X-109.394 Y10.587 Z-75.672
G1 X-109.394 Y10.587 Z-73.082
G1 X-109.394 Y10.587 Z-70.492
G1 X-109.394 Y10.587 Z-67.902
G1 X-109.394 Y10.587 Z-65.312
G1 X-109.394 Y10.587 Z-62.723
G1 X-109.344 Y10.341 Z-60.126
G1 X-109.344 Y10.341 Z-57.536
G1 X-109.344 Y10.017 Z-54.947
G1 X-109.323 Y10.215 Z-62.353
G1 X-109.323 Y9.365 Z-59.763
G1 X-109.323 Y9.365 Z-57.173
G1 X-109.323 Y9.365 Z-54.583
G1 X-109.240 Y7.769 Z-51.996
G1 X-109.730 Y8.306 Z-49.356
G1 X-109.464 Y8.542 Z-46.747
G1 X-110.460 Y4.616 Z-35.326
G1 X-109.739 Y6.273 Z-34.653
G1 X-109.670 Y4.865 Z-32.977
G1 X-109.918 Y5.171 Z-32.912
G1 X-108.876 Y5.833 Z-33.504
G1 X-108.935 Y5.626 Z-31.245
G1 X-109.763 Y9.004 Z-18.774
G1 X-109.763 Y9.004 Z-16.184
G1 X-109.834 Y8.765 Z-13.568
G1 X-107.256 Y9.979 Z-16.184
G1 X-109.367 Y7.476 Z-18.290
G1 X-109.032 Y5.446 Z-5.748
G1 X-109.807 Y5.975 Z-13.097
G1 X-109.918 Y6.326 Z-10.443
G1 X-110.198 Y4.540 Z-7.891
G1 X-108.625 Y3.606 Z0.874
G1 X-108.948 Y1.894 Z2.359
G1 X-105.291 Y4.352 Z1.951
G1 X-109.655 Y4.375 Z12.340
G1 X-109.793 Y3.944 Z14.954
G1 X-109.758 Y3.770 Z17.550
G1 X-106.141 Y8.066 Z14.066
G1 X-104.482 Y6.975 Z18.288
G1 X-109.806 Y7.080 Z15.441
G1 X-109.806 Y7.080 Z18.031
G1 X-109.866 Y7.962 Z21.020
G1 X-110.812 Y7.091 Z24.158
G1 X-109.830 Y2.011 Z31.635
G1 X-109.530 Y4.244 Z38.024
G1 X-109.700 Y5.718 Z40.703
G1 X-109.812 Y8.786 Z42.992
G1 X-109.056 Y8.108 Z45.935
G1 X-109.313 Y7.888 Z48.575
G1 X-109.180 Y7.910 Z51.159
G1 X-109.180 Y7.910 Z53.749
G1 X-109.136 Y7.709 Z56.369
G1 X-105.200 Y4.410 Z51.189
G1 X-105.163 Y5.336 Z54.069
G1 X-113.779 Y5.366 Z57.242
G1 X-114.144 Y5.076 Z60.711
G1 X-114.232 Y5.232 Z64.397
G1 X-114.066 Y5.460 Z68.012
F200.0
G0 X-110.066 Y5.460 Z68.012 ; Rapid move
F50.0
G1 X-110.066 Y5.460 Z68.012
G1 X-110.010 Y6.010 Z64.578
G1 X-110.101 Y5.754 Z61.686
G1 X-109.779 Y5.451 Z57.242
G1 X-109.619 Y5.355 Z54.316
G1 X-109.368 Y5.333 Z51.341
G1 X-101.442 Y5.590 Z49.064
G1 X-105.079 Y7.490 Z53.801
G1 X-105.136 Y7.622 Z51.200
G1 X-104.909 Y4.346 Z48.627
G1 X-104.909 Y4.346 Z46.037
G1 X-105.018 Y2.766 Z43.457
G1 X-105.018 Y2.766 Z40.867
G1 X-104.528 Y2.703 Z38.224
G1 X-105.595 Y1.988 Z31.830
G1 X-107.050 Y6.519 Z23.916
G1 X-106.012 Y8.401 Z21.083
G1 X-106.175 Y7.367 Z18.142
G1 X-106.356 Y8.685 Z15.666
G1 X-108.931 Y9.294 Z17.296
G1 X-108.316 Y8.370 Z15.337
G1 X-105.782 Y8.524 Z17.454
G1 X-106.021 Y4.790 Z14.913
G1 X-106.077 Y5.145 Z12.271
G1 X-105.284 Y4.541 Z-0.026
G1 X-104.934 Y1.910 Z2.399
G1 X-104.995 Y2.592 Z0.551
G1 X-104.449 Y4.853 Z1.925
G1 X-104.919 Y4.396 Z-0.576
G1 X-105.471 Y5.977 Z-13.118
G1 X-105.365 Y7.168 Z-15.700
G1 X-105.398 Y7.403 Z-18.298
G1 X-101.755 Y8.934 Z-15.793
G1 X-105.883 Y7.281 Z-13.541
G1 X-105.883 Y7.281 Z-16.131
G1 X-105.949 Y7.581 Z-18.743
G1 X-104.772 Y5.645 Z-31.228
G1 X-104.894 Y6.125 Z-33.763
G1 X-105.799 Y5.291 Z-32.504
G1 X-105.657 Y4.954 Z-33.522
G1 X-105.187 Y5.794 Z-33.770
G1 X-105.544 Y6.900 Z-34.294
G1 X-105.411 Y7.136 Z-36.833
G1 X-105.377 Y6.918 Z-39.410
G1 X-105.410 Y7.752 Z-41.998
G1 X-105.349 Y9.989 Z-54.566
G1 X-105.388 Y9.554 Z-47.177
G1 X-105.264 Y10.543 Z-59.764
G1 X-105.264 Y10.543 Z-62.353
G1 X-105.264 Y10.543 Z-64.943
G1 X-105.264 Y11.416 Z-67.533
G1 X-105.264 Y11.416 Z-70.123
G1 X-105.264 Y11.416 Z-72.713
G1 X-105.383 Y11.571 Z-65.317
G1 X-105.383 Y11.571 Z-67.907
G1 X-105.383 Y11.571 Z-70.497
G1 X-105.383 Y11.571 Z-73.086
G1 X-105.383 Y11.571 Z-75.676
G1 X-105.383 Y11.571 Z-78.266
G1 X-105.383 Y11.571 Z-80.856
F200.0
G0 X-101.426 Y11.657 Z-80.863 ; Rapid move
F50.0
G1 X-101.426 Y11.657 Z-80.863
G1 X-101.426 Y11.657 Z-78.273
G1 X-101.426 Y11.558 Z-75.683
G1 X-101.426 Y11.558 Z-73.093
G1 X-101.426 Y11.558 Z-70.504
G1 X-101.426 Y10.785 Z-67.914
G1 X-101.426 Y10.785 Z-65.324
G1 X-101.426 Y10.785 Z-62.734
G1 X-101.426 Y9.947 Z-60.144
G1 X-101.542 Y9.718 Z-57.544
G1 X-101.542 Y9.718 Z-54.955
G1 X-101.551 Y9.721 Z-52.365
G1 X-101.551 Y9.347 Z-49.775
G1 X-101.558 Y8.582 Z-47.188
G1 X-101.581 Y7.023 Z-44.601
G1 X-101.629 Y6.980 Z-42.012
G1 X-101.629 Y6.980 Z-39.422
G1 X-101.545 Y6.585 Z-36.846
G1 X-101.093 Y6.834 Z-34.402
G1 X-101.338 Y5.324 Z-33.731
G1 X-100.827 Y4.756 Z-33.339
G1 X-100.482 Y5.148 Z-31.851
G1 X-100.881 Y6.003 Z-33.652
G1 X-100.924 Y5.777 Z-31.202
G1 X-101.917 Y6.903 Z-18.726
G1 X-101.920 Y7.262 Z-16.138
G1 X-101.884 Y8.082 Z-13.543
G1 X-104.035 Y9.075 Z-15.800
G1 X-101.619 Y6.672 Z-18.304
G1 X-101.583 Y6.876 Z-15.695
G1 X-101.583 Y6.876 Z-13.105
G1 X-101.677 Y5.487 Z-10.510
G1 X-101.558 Y5.238 Z-7.881
G1 X-100.886 Y2.752 Z0.527
G1 X-101.209 Y1.677 Z2.288
G1 X-101.189 Y1.571 Z3.679
G1 X-101.681 Y5.740 Z12.184
G1 X-101.038 Y4.678 Z4.997
G1 X-101.739 Y6.511 Z17.510
G1 X-99.650 Y10.494 Z14.269
G1 X-101.053 Y11.604 Z17.436
G1 X-102.001 Y7.427 Z15.451
G1 X-101.869 Y8.097 Z18.183
G1 X-102.135 Y7.374 Z20.822
G1 X-101.144 Y4.453 Z32.009
G1 X-101.099 Y1.812 Z30.762
G1 X-101.552 Y4.510 Z38.148
G1 X-100.973 Y3.597 Z40.860
G1 X-101.112 Y3.396 Z43.463
G1 X-101.112 Y3.396 Z46.053
G1 X-101.112 Y3.396 Z48.643
G1 X-101.131 Y3.492 Z51.232
G1 X-105.715 Y3.387 Z51.218
G1 X-104.961 Y7.348 Z52.501
G1 X-105.368 Y5.333 Z51.341
G1 X-105.355 Y5.714 Z54.059
G1 X-105.646 Y5.782 Z57.237
G1 X-105.641 Y6.624 Z60.843
G1 X-105.877 Y6.319 Z64.698
G1 X-105.600 Y5.959 Z68.931
F200.0
G0 X-100.668 Y7.100 Z69.378 ; Rapid move
F50.0
G1 X-100.668 Y7.100 Z69.378
G1 X-101.683 Y6.711 Z64.664
G1 X-101.053 Y7.327 Z60.643
G1 X-101.038 Y7.117 Z57.551
G1 X-100.891 Y6.132 Z53.749
G1 X-100.569 Y6.092 Z50.655
G1 X-100.361 Y5.939 Z47.803
G1 X-93.481 Y6.672 Z48.058
G1 X-97.400 Y4.398 Z51.223
G1 X-97.400 Y4.398 Z48.633
G1 X-97.462 Y4.541 Z46.029
G1 X-97.354 Y4.714 Z43.420
G1 X-97.455 Y4.997 Z40.780
G1 X-97.517 Y4.711 Z38.097
G1 X-97.554 Y0.957 Z30.329
G1 X-96.505 Y4.720 Z32.675
G1 X-96.605 Y8.300 Z21.169
G1 X-97.059 Y8.187 Z18.276
G1 X-97.449 Y7.760 Z15.425
G1 X-94.230 Y9.845 Z18.191
G1 X-101.839 Y6.766 Z17.110
G1 X-97.429 Y5.989 Z17.567
G1 X-97.420 Y5.251 Z14.977
G1 X-97.479 Y4.910 Z12.358
G1 X-96.662 Y5.173 Z0.834
G1 X-97.334 Y1.229 Z1.606
G1 X-97.264 Y2.282 Z0.477
G1 X-97.163 Y4.975 Z1.777
G1 X-97.776 Y5.355 Z-10.516
G1 X-97.659 Y4.952 Z-13.138
G1 X-97.752 Y6.613 Z-15.694
G1 X-97.740 Y6.374 Z-18.304
G1 X-99.283 Y9.476 Z-15.895
G1 X-97.941 Y7.453 Z-13.562
G1 X-97.951 Y7.496 Z-16.156
G1 X-97.951 Y7.496 Z-18.746
G1 X-96.833 Y5.430 Z-31.236
G1 X-96.415 Y6.837 Z-33.144
G1 X-96.835 Y4.577 Z-31.690
G1 X-97.031 Y4.729 Z-33.089
G1 X-96.785 Y6.675 Z-32.508
G1 X-97.139 Y6.159 Z-34.452
G1 X-97.057 Y6.270 Z-46.807
G1 X-97.502 Y6.372 Z-39.418
G1 X-96.958 Y8.620 Z-51.976
G1 X-96.820 Y9.568 Z-54.545
G1 X-96.980 Y9.245 Z-57.164
G1 X-96.980 Y9.245 Z-59.754
G1 X-97.515 Y9.378 Z-52.365
G1 X-97.544 Y9.451 Z-54.955
G1 X-97.544 Y9.451 Z-57.545
G1 X-97.544 Y9.451 Z-60.135
G1 X-97.518 Y11.546 Z-62.724
G1 X-97.518 Y11.546 Z-65.314
G1 X-97.518 Y11.546 Z-67.903
G1 X-97.537 Y11.541 Z-70.494
G1 X-97.537 Y11.541 Z-73.084
G1 X-97.537 Y11.541 Z-75.674
G1 X-97.519 Y11.551 Z-78.263
G1 X-97.519 Y11.551 Z-80.853
F200.0
G0 X-93.473 Y9.640 Z-80.863 ; Rapid move
F50.0
G1 X-93.473 Y9.640 Z-80.863
G1 X-93.473 Y9.640 Z-78.273
G1 X-93.473 Y9.640 Z-75.683
G1 X-93.473 Y9.640 Z-73.093
G1 X-93.473 Y9.640 Z-70.503
G1 X-93.473 Y9.640 Z-67.913
G1 X-93.473 Y9.640 Z-65.323
G1 X-93.473 Y9.640 Z-62.734
G1 X-93.473 Y9.640 Z-60.144
G1 X-93.473 Y9.640 Z-57.554
G1 X-93.473 Y9.640 Z-54.964
G1 X-93.458 Y8.774 Z-52.377
G1 X-93.458 Y8.774 Z-49.787
G1 X-93.467 Y8.740 Z-47.195
G1 X-93.272 Y8.366 Z-54.587
G1 X-93.449 Y6.046 Z-42.019
G1 X-93.451 Y6.078 Z-39.432
G1 X-93.451 Y6.078 Z-36.842
G1 X-93.491 Y6.281 Z-34.277
G1 X-93.822 Y6.147 Z-31.982
G1 X-92.981 Y5.862 Z-32.699
G1 X-92.837 Y4.302 Z-32.008
G1 X-92.478 Y6.507 Z-32.400
G1 X-92.613 Y6.612 Z-31.082
G1 X-93.897 Y6.776 Z-18.723
G1 X-93.901 Y6.772 Z-16.134
G1 X-93.933 Y7.856 Z-13.547
G1 X-88.712 Y7.345 Z-15.732
G1 X-93.518 Y6.550 Z-18.324
G1 X-93.525 Y7.084 Z-15.693
G1 X-93.532 Y4.794 Z-13.144
G1 X-93.407 Y5.093 Z-10.543
G1 X-93.298 Y4.846 Z0.496
G1 X-93.601 Y3.030 Z0.357
G1 X-93.802 Y2.336 Z1.861
G1 X-94.113 Y4.460 Z2.121
G1 X-93.737 Y3.811 Z2.674
G1 X-93.253 Y5.324 Z4.984
G1 X-93.135 Y6.068 Z7.574
G1 X-97.914 Y7.889 Z14.610
G1 X-91.233 Y8.927 Z17.510
G1 X-93.692 Y8.118 Z15.565
G1 X-93.942 Y4.808 Z17.985
G1 X-93.785 Y6.014 Z20.812
G1 X-92.127 Y3.499 Z32.920
G1 X-91.448 Y4.762 Z28.117
G1 X-93.011 Y5.678 Z37.996
G1 X-93.105 Y6.553 Z40.662
G1 X-93.287 Y6.134 Z43.363
G1 X-93.287 Y6.134 Z45.953
G1 X-93.392 Y5.919 Z48.582
G1 X-93.014 Y10.095 Z46.582
G1 X-93.705 Y9.576 Z48.994
G1 X-95.629 Y6.980 Z47.677
G1 X-95.691 Y6.772 Z50.366
G1 X-95.557 Y8.482 Z53.957
G1 X-95.682 Y8.830 Z57.219
G1 X-96.222 Y8.854 Z60.861
G1 X-95.435 Y9.418 Z65.489
G1 X-95.570 Y8.618 Z69.613
F200.0
G0 X-90.673 Y8.513 Z70.276 ; Rapid move
F50.0
G1 X-90.673 Y8.513 Z70.276
G1 X-90.069 Y9.930 Z64.999
G1 X-90.441 Y10.173 Z61.939
G1 X-91.180 Y9.666 Z57.602
G1 X-91.253 Y8.423 Z53.199
G1 X-91.092 Y7.953 Z50.344
G1 X-90.903 Y6.975 Z47.083
G1 X-91.063 Y6.192 Z44.282
G1 X-92.269 Y7.852 Z46.739
G1 X-89.520 Y5.534 Z48.626
G1 X-89.819 Y5.966 Z45.960
G1 X-89.762 Y6.070 Z43.356
G1 X-89.760 Y6.376 Z40.697
G1 X-89.829 Y7.056 Z37.869
G1 X-93.982 Y3.347 Z29.061
G1 X-88.530 Y3.701 Z32.958
G1 X-89.878 Y5.058 Z20.594
G1 X-89.962 Y3.753 Z17.976
G1 X-90.074 Y4.580 Z15.399
G1 X-87.268 Y8.106 Z20.391
G1 X-93.970 Y7.785 Z15.402
G1 X-89.225 Y6.298 Z7.580
G1 X-89.434 Y5.986 Z14.978
G1 X-90.384 Y4.788 Z3.373
G1 X-89.800 Y6.107 Z2.483
G1 X-90.395 Y2.483 Z2.090
G1 X-90.593 Y3.227 Z0.317
G1 X-90.795 Y4.451 Z0.572
G1 X-89.524 Y5.426 Z-10.541
G1 X-89.301 Y5.205 Z-3.152
G1 X-89.415 Y5.052 Z-15.739
G1 X-89.405 Y6.755 Z-18.326
G1 X-88.142 Y9.891 Z-15.697
G1 X-88.712 Y6.137 Z-23.469
G1 X-88.658 Y6.061 Z-26.054
G1 X-89.962 Y6.103 Z-18.731
G1 X-88.614 Y5.284 Z-31.023
G1 X-88.838 Y6.317 Z-32.639
G1 X-88.969 Y4.540 Z-31.970
G1 X-89.111 Y4.718 Z-32.793
G1 X-89.299 Y6.197 Z-31.711
G1 X-89.458 Y6.019 Z-34.247
G1 X-89.376 Y6.867 Z-36.819
G1 X-89.376 Y6.867 Z-39.409
G1 X-89.376 Y7.436 Z-41.998
G1 X-89.376 Y7.436 Z-44.588
G1 X-89.376 Y7.785 Z-47.178
G1 X-89.376 Y7.785 Z-49.768
G1 X-89.376 Y7.785 Z-52.358
G1 X-89.453 Y8.457 Z-54.949
G1 X-89.478 Y8.698 Z-57.551
G1 X-89.478 Y8.698 Z-60.141
G1 X-89.478 Y8.698 Z-62.731
G1 X-89.478 Y8.698 Z-65.321
G1 X-89.478 Y8.698 Z-67.911
G1 X-89.478 Y8.698 Z-70.501
G1 X-89.484 Y9.590 Z-73.090
G1 X-89.484 Y9.590 Z-75.679
G1 X-89.478 Y8.698 Z-78.270
G1 X-92.420 Y2.963 Z-89.442
F200.0
G0 X-90.301 Y1.514 Z-86.300 ; Rapid move
F50.0
G1 X-90.301 Y1.514 Z-86.300
G1 X-90.301 Y1.514 Z-83.710
G1 X-88.642 Y6.504 Z-84.237
G1 X-85.522 Y8.607 Z-73.091
G1 X-85.572 Y10.490 Z-70.502
G1 X-85.522 Y8.607 Z-67.911
G1 X-85.522 Y8.607 Z-65.321
G1 X-85.522 Y8.607 Z-62.731
G1 X-85.556 Y8.597 Z-60.142
G1 X-85.556 Y8.597 Z-57.553
G1 X-85.556 Y8.597 Z-54.963
G1 X-85.556 Y8.597 Z-52.373
G1 X-85.556 Y8.597 Z-49.783
G1 X-85.694 Y8.396 Z-47.192
G1 X-85.694 Y8.396 Z-44.603
G1 X-85.694 Y7.468 Z-42.013
G1 X-84.967 Y7.337 Z-49.395
G1 X-84.902 Y7.383 Z-46.799
G1 X-85.615 Y5.777 Z-34.251
G1 X-85.583 Y5.684 Z-31.663
G1 X-85.411 Y4.693 Z-32.686
G1 X-85.804 Y4.290 Z-32.027
G1 X-84.832 Y6.565 Z-32.167
G1 X-85.110 Y5.777 Z-30.898
G1 X-84.625 Y6.204 Z-28.635
G1 X-84.665 Y6.083 Z-26.054
G1 X-84.640 Y7.487 Z-23.461
G1 X-86.704 Y9.457 Z-16.028
G1 X-85.420 Y6.757 Z-18.326
G1 X-85.289 Y5.649 Z-5.740
G1 X-85.366 Y5.066 Z-3.185
G1 X-85.382 Y5.967 Z-0.788
G1 X-85.217 Y5.626 Z-0.222
G1 X-86.012 Y3.364 Z0.165
G1 X-85.869 Y3.477 Z1.902
G1 X-85.657 Y5.516 Z3.054
G1 X-85.728 Y6.662 Z2.609
G1 X-85.671 Y6.215 Z5.085
G1 X-85.071 Y6.921 Z17.563
G1 X-86.493 Y9.468 Z17.583
G1 X-88.552 Y8.800 Z18.931
G1 X-84.523 Y3.681 Z25.271
G1 X-86.178 Y3.700 Z18.006
G1 X-86.278 Y4.274 Z20.673
G1 X-85.598 Y5.348 Z30.216
G1 X-83.515 Y5.483 Z26.975
G1 X-85.391 Y5.110 Z38.183
G1 X-85.146 Y4.144 Z40.874
G1 X-85.146 Y4.144 Z43.464
G1 X-85.209 Y4.150 Z46.056
G1 X-85.209 Y4.150 Z48.646
G1 X-80.992 Y7.502 Z45.793
G1 X-87.061 Y7.555 Z44.357
G1 X-87.339 Y7.985 Z47.230
G1 X-87.116 Y8.404 Z49.925
G1 X-86.899 Y9.828 Z53.612
G1 X-87.180 Y11.416 Z58.599
G1 X-87.100 Y10.876 Z62.255
G1 X-86.218 Y10.847 Z66.053
G1 X-85.347 Y7.765 Z71.127
F200.0
G0 X-81.077 Y7.339 Z71.098 ; Rapid move
F50.0
G1 X-81.077 Y7.339 Z71.098
G1 X-81.381 Y8.097 Z67.890
G1 X-81.619 Y6.627 Z64.918
G1 X-84.041 Y5.484 Z56.378
G1 X-82.529 Y7.834 Z52.936
G1 X-82.832 Y6.703 Z49.537
G1 X-82.862 Y5.943 Z46.745
G1 X-82.868 Y5.846 Z44.139
G1 X-84.477 Y8.521 Z46.474
G1 X-81.682 Y4.343 Z38.660
G1 X-81.715 Y4.342 Z36.073
G1 X-81.715 Y4.134 Z33.483
G1 X-81.703 Y4.241 Z30.895
G1 X-82.219 Y4.046 Z28.375
G1 X-82.616 Y2.640 Z29.512
G1 X-82.276 Y1.971 Z27.946
G1 X-80.876 Y4.871 Z29.796
G1 X-82.825 Y5.872 Z18.211
G1 X-82.396 Y6.355 Z15.502
G1 X-80.460 Y11.902 Z17.999
G1 X-81.212 Y10.156 Z16.135
G1 X-80.903 Y8.578 Z7.833
G1 X-81.717 Y6.673 Z5.019
G1 X-80.679 Y5.939 Z2.732
G1 X-81.407 Y5.120 Z2.934
G1 X-80.733 Y3.545 Z1.457
G1 X-80.831 Y3.261 Z0.102
G1 X-80.883 Y5.665 Z-0.472
G1 X-81.243 Y6.157 Z-0.591
G1 X-81.132 Y5.746 Z-3.155
G1 X-81.132 Y5.746 Z-5.745
G1 X-85.042 Y8.517 Z-14.973
G1 X-85.153 Y9.681 Z-16.507
G1 X-80.611 Y7.497 Z-23.457
G1 X-80.665 Y6.762 Z-26.049
G1 X-80.679 Y6.760 Z-28.641
G1 X-81.856 Y6.647 Z-30.833
G1 X-81.373 Y5.669 Z-30.551
G1 X-81.669 Y4.001 Z-31.582
G1 X-81.726 Y5.298 Z-33.010
G1 X-82.020 Y6.372 Z-32.151
G1 X-81.738 Y5.841 Z-34.280
G1 X-81.706 Y6.599 Z-36.833
G1 X-81.716 Y7.512 Z-39.423
G1 X-81.749 Y7.542 Z-42.016
G1 X-81.708 Y7.643 Z-44.605
G1 X-81.708 Y8.415 Z-47.194
G1 X-81.714 Y8.412 Z-49.784
G1 X-81.714 Y8.412 Z-52.374
G1 X-81.680 Y8.553 Z-54.967
G1 X-81.680 Y8.553 Z-57.557
G1 X-81.680 Y8.553 Z-60.147
G1 X-81.663 Y8.542 Z-62.735
G1 X-81.663 Y8.542 Z-65.325
G1 X-81.663 Y8.542 Z-67.915
G1 X-81.958 Y11.929 Z-77.255
G1 X-84.787 Y4.775 Z-81.533
G1 X-86.251 Y1.821 Z-81.394
G1 X-86.251 Y1.821 Z-83.984
G1 X-86.251 Y1.821 Z-86.573
F200.0
G0 X-82.251 Y1.821 Z-86.573 ; Rapid move
F50.0
G1 X-82.251 Y1.821 Z-86.573
G1 X-82.251 Y1.821 Z-83.984
G1 X-82.305 Y1.733 Z-80.406
G1 X-82.305 Y1.733 Z-77.817
G1 X-82.076 Y1.624 Z-73.948
G1 X-79.469 Y10.118 Z-75.600
G1 X-77.655 Y9.692 Z-65.317
G1 X-77.632 Y9.672 Z-62.726
G1 X-77.632 Y9.672 Z-60.136
G1 X-77.621 Y9.606 Z-57.545
G1 X-77.066 Y9.580 Z-64.940
G1 X-77.592 Y9.638 Z-52.364
G1 X-77.658 Y8.395 Z-49.781
G1 X-77.560 Y8.305 Z-47.183
G1 X-77.560 Y8.305 Z-44.593
G1 X-77.560 Y8.305 Z-42.004
G1 X-77.560 Y8.305 Z-39.414
G1 X-77.655 Y6.712 Z-36.833
G1 X-77.655 Y6.599 Z-34.243
G1 X-77.354 Y6.211 Z-32.027
G1 X-77.272 Y5.214 Z-32.618
G1 X-76.869 Y3.994 Z-31.522
G1 X-76.872 Y4.465 Z-30.038
G1 X-77.070 Y4.516 Z-28.281
G1 X-76.989 Y6.575 Z-28.524
G1 X-76.678 Y6.695 Z-26.054
G1 X-76.671 Y7.683 Z-23.462
G1 X-77.076 Y11.514 Z-15.956
G1 X-74.160 Y10.273 Z-10.787
G1 X-77.106 Y7.365 Z-5.744
G1 X-77.155 Y5.559 Z-3.153
G1 X-77.124 Y5.951 Z-0.587
G1 X-76.891 Y5.496 Z0.140
G1 X-76.571 Y2.921 Z0.209
G1 X-76.599 Y2.468 Z1.441
G1 X-77.402 Y4.155 Z2.369
G1 X-77.467 Y6.705 Z2.680
G1 X-77.486 Y7.239 Z4.986
G1 X-74.689 Y8.382 Z8.934
G1 X-76.521 Y10.049 Z15.213
G1 X-76.878 Y8.774 Z21.654
G1 X-78.215 Y5.940 Z15.426
G1 X-76.607 Y4.877 Z27.852
G1 X-76.628 Y5.026 Z27.741
G1 X-77.694 Y2.314 Z27.940
G1 X-77.128 Y5.447 Z28.463
G1 X-77.864 Y5.111 Z28.384
G1 X-77.935 Y4.574 Z30.923
G1 X-77.909 Y4.585 Z33.510
G1 X-77.908 Y4.576 Z36.100
G1 X-81.687 Y6.553 Z44.592
G1 X-80.456 Y8.948 Z45.908
G1 X-78.825 Y5.709 Z44.102
G1 X-78.927 Y5.878 Z46.752
G1 X-79.246 Y6.865 Z49.757
G1 X-79.651 Y8.066 Z53.785
G1 X-72.531 Y2.570 Z57.964
G1 X-77.973 Y7.550 Z65.272
G1 X-76.754 Y6.654 Z68.587
G1 X-76.640 Y6.271 Z71.600
F200.0
G0 X-73.599 Y7.767 Z71.706 ; Rapid move
F50.0
G1 X-73.599 Y7.767 Z71.706
G1 X-73.266 Y9.054 Z68.491
G1 X-73.355 Y6.393 Z66.185
G1 X-73.092 Y4.914 Z57.344
G1 X-73.105 Y4.311 Z51.754
G1 X-74.562 Y7.499 Z49.819
G1 X-74.302 Y9.507 Z47.506
G1 X-74.480 Y8.023 Z44.191
G1 X-74.905 Y7.008 Z41.516
G1 X-68.698 Y5.925 Z42.664
G1 X-73.964 Y4.688 Z36.114
G1 X-73.920 Y4.728 Z33.522
G1 X-73.896 Y4.740 Z30.930
G1 X-73.984 Y4.907 Z28.454
G1 X-74.314 Y5.286 Z27.613
G1 X-72.882 Y2.476 Z27.142
G1 X-73.292 Y4.839 Z27.083
G1 X-73.997 Y5.236 Z17.979
G1 X-72.577 Y5.290 Z25.280
G1 X-72.482 Y5.252 Z22.676
G1 X-72.143 Y9.848 Z15.636
G1 X-75.107 Y9.343 Z14.365
G1 X-73.415 Y6.932 Z5.017
G1 X-73.499 Y6.023 Z2.492
G1 X-73.221 Y6.973 Z0.520
G1 X-72.737 Y2.783 Z1.460
G1 X-72.331 Y2.322 Z0.319
G1 X-73.419 Y5.213 Z0.785
G1 X-73.071 Y5.627 Z-0.569
G1 X-73.071 Y5.627 Z-3.159
G1 X-73.072 Y7.500 Z-5.748
G1 X-73.072 Y7.500 Z-8.338
G1 X-72.542 Y12.111 Z-15.255
G1 X-72.486 Y7.770 Z-23.430
G1 X-72.536 Y7.485 Z-26.029
G1 X-72.329 Y6.864 Z-28.305
G1 X-72.904 Y4.177 Z-28.327
G1 X-73.092 Y3.411 Z-30.078
G1 X-73.285 Y3.390 Z-31.376
G1 X-73.260 Y4.150 Z-32.831
G1 X-73.944 Y6.109 Z-32.088
G1 X-73.749 Y7.137 Z-34.263
G1 X-73.730 Y7.944 Z-36.849
G1 X-73.730 Y7.944 Z-39.439
G1 X-73.721 Y8.588 Z-42.026
G1 X-73.636 Y9.869 Z-44.602
G1 X-73.616 Y9.825 Z-47.189
G1 X-73.616 Y9.825 Z-49.779
G1 X-73.606 Y9.830 Z-52.368
G1 X-73.606 Y9.830 Z-54.958
G1 X-73.606 Y9.830 Z-57.548
G1 X-73.606 Y9.830 Z-60.138
G1 X-73.606 Y9.830 Z-62.728
G1 X-76.480 Y6.769 Z-73.148
G1 X-78.076 Y1.624 Z-71.358
G1 X-78.076 Y1.624 Z-73.948
G1 X-78.221 Y2.327 Z-77.704
G1 X-78.257 Y2.118 Z-81.029
G1 X-78.251 Y1.821 Z-83.984
G1 X-78.251 Y1.821 Z-86.573
F200.0
G0 X-74.251 Y1.821 Z-86.573 ; Rapid move
F50.0
G1 X-74.251 Y1.821 Z-86.573
G1 X-74.251 Y1.821 Z-83.984
G1 X-74.257 Y2.118 Z-81.029
G1 X-74.077 Y2.180 Z-76.741
G1 X-74.076 Y1.624 Z-73.948
G1 X-73.916 Y1.446 Z-70.919
G1 X-73.779 Y1.407 Z-68.038
G1 X-66.911 Y5.705 Z-66.964
G1 X-69.791 Y10.499 Z-60.161
G1 X-69.791 Y11.406 Z-57.572
G1 X-69.893 Y10.855 Z-54.981
G1 X-69.822 Y10.497 Z-52.395
G1 X-69.924 Y10.323 Z-49.806
G1 X-69.983 Y10.217 Z-47.221
G1 X-69.861 Y7.935 Z-44.631
G1 X-69.901 Y7.937 Z-42.046
G1 X-69.901 Y7.937 Z-39.456
G1 X-69.912 Y7.519 Z-36.868
G1 X-69.912 Y7.146 Z-34.278
G1 X-69.750 Y5.934 Z-32.177
G1 X-69.580 Y3.578 Z-31.237
G1 X-70.353 Y4.341 Z-31.611
G1 X-69.998 Y4.534 Z-29.603
G1 X-68.171 Y6.205 Z-29.651
G1 X-68.026 Y6.553 Z-28.347
G1 X-68.437 Y6.835 Z-25.993
G1 X-68.449 Y7.398 Z-23.421
G1 X-66.229 Y10.246 Z-16.160
G1 X-67.335 Y9.073 Z-11.223
G1 X-69.136 Y5.214 Z-5.748
G1 X-69.143 Y5.219 Z-3.158
G1 X-69.138 Y5.203 Z-0.567
G1 X-68.945 Y5.077 Z1.490
G1 X-68.718 Y1.690 Z-0.257
G1 X-68.941 Y3.055 Z1.115
G1 X-69.102 Y5.898 Z0.135
G1 X-69.351 Y6.864 Z2.419
G1 X-69.350 Y7.896 Z5.011
G1 X-65.613 Y9.418 Z13.856
G1 X-66.870 Y8.330 Z16.277
G1 X-68.626 Y5.721 Z22.698
G1 X-68.613 Y4.294 Z25.285
G1 X-68.301 Y4.740 Z27.741
G1 X-68.405 Y5.698 Z27.157
G1 X-69.030 Y1.695 Z27.822
G1 X-70.176 Y5.918 Z26.570
G1 X-69.860 Y4.547 Z28.371
G1 X-69.963 Y4.354 Z30.948
G1 X-68.555 Y6.093 Z43.408
G1 X-69.927 Y6.358 Z36.103
G1 X-65.752 Y8.234 Z43.028
G1 X-70.597 Y7.134 Z41.537
G1 X-70.317 Y8.605 Z44.379
G1 X-70.317 Y8.056 Z46.969
G1 X-70.102 Y7.442 Z49.840
G1 X-67.772 Y7.371 Z53.992
G1 X-74.145 Y3.386 Z60.267
G1 X-68.266 Y5.008 Z66.423
G1 X-68.440 Y6.728 Z68.964
G1 X-68.529 Y8.163 Z71.493
F200.0
G0 X-64.400 Y7.161 Z71.778 ; Rapid move
F50.0
G1 X-64.400 Y7.161 Z71.778
G1 X-64.712 Y8.357 Z68.844
G1 X-64.516 Y7.773 Z65.887
G1 X-64.371 Y5.380 Z63.480
G1 X-70.090 Y1.631 Z58.062
G1 X-65.996 Y8.422 Z50.637
G1 X-67.185 Y6.440 Z47.080
G1 X-67.150 Y5.887 Z44.304
G1 X-67.173 Y6.258 Z41.671
G1 X-68.399 Y9.341 Z43.488
G1 X-66.493 Y9.936 Z41.062
G1 X-66.063 Y6.403 Z33.534
G1 X-66.063 Y6.403 Z30.944
G1 X-64.817 Y5.479 Z38.246
G1 X-66.083 Y4.841 Z25.789
G1 X-65.238 Y5.532 Z26.642
G1 X-64.561 Y2.218 Z25.727
G1 X-64.789 Y5.139 Z27.794
G1 X-64.708 Y4.548 Z25.282
G1 X-63.930 Y4.151 Z22.551
G1 X-66.691 Y9.321 Z15.595
G1 X-67.569 Y8.989 Z14.883
G1 X-65.130 Y6.854 Z5.006
G1 X-65.058 Y5.917 Z2.508
G1 X-65.317 Y2.869 Z1.804
G1 X-64.912 Y2.780 Z0.268
G1 X-64.882 Y1.723 Z-1.323
G1 X-64.508 Y4.685 Z1.626
G1 X-64.746 Y4.521 Z-0.619
G1 X-64.688 Y6.122 Z-3.200
G1 X-64.584 Y6.978 Z-5.808
G1 X-65.284 Y10.683 Z-12.210
G1 X-61.897 Y6.751 Z-19.303
G1 X-64.344 Y6.808 Z-23.388
G1 X-64.374 Y6.826 Z-25.982
G1 X-64.432 Y5.544 Z-28.485
G1 X-63.494 Y4.980 Z-30.359
G1 X-65.041 Y3.882 Z-29.045
G1 X-65.548 Y4.709 Z-29.844
G1 X-65.349 Y5.710 Z-29.640
G1 X-65.923 Y6.513 Z-31.788
G1 X-65.833 Y7.159 Z-34.254
G1 X-65.881 Y7.501 Z-36.852
G1 X-65.911 Y8.288 Z-39.446
G1 X-65.922 Y8.248 Z-42.035
G1 X-65.938 Y8.275 Z-44.628
G1 X-65.905 Y8.467 Z-47.224
G1 X-65.928 Y8.468 Z-49.817
G1 X-65.922 Y8.472 Z-52.406
G1 X-65.922 Y8.472 Z-54.996
G1 X-65.916 Y8.459 Z-57.584
G1 X-65.028 Y8.284 Z-65.876
G1 X-69.650 Y1.599 Z-65.218
G1 X-69.650 Y1.599 Z-67.808
G1 X-69.916 Y1.446 Z-70.919
G1 X-70.048 Y1.705 Z-73.880
G1 X-70.077 Y2.180 Z-76.741
G1 X-70.221 Y3.359 Z-80.294
G1 X-70.251 Y1.821 Z-83.984
G1 X-70.251 Y1.821 Z-86.573
F200.0
G0 X-66.098 Y2.535 Z-86.792 ; Rapid move
F50.0
G1 X-66.098 Y2.535 Z-86.792
G1 X-66.191 Y2.356 Z-83.865
G1 X-66.221 Y3.359 Z-80.294
G1 X-66.077 Y3.212 Z-76.741
G1 X-66.048 Y1.705 Z-73.880
G1 X-65.650 Y1.599 Z-70.398
G1 X-65.583 Y2.170 Z-67.805
G1 X-65.324 Y2.259 Z-64.845
G1 X-65.184 Y2.208 Z-62.055
G1 X-60.248 Y9.812 Z-63.106
G1 X-61.748 Y8.223 Z-54.966
G1 X-61.714 Y8.243 Z-52.374
G1 X-61.714 Y8.243 Z-49.784
G1 X-60.908 Y8.123 Z-57.160
G1 X-60.944 Y8.243 Z-54.571
G1 X-61.573 Y7.531 Z-42.004
G1 X-60.870 Y7.716 Z-49.381
G1 X-60.837 Y7.771 Z-46.785
G1 X-61.091 Y6.819 Z-44.220
G1 X-61.266 Y6.588 Z-31.768
G1 X-61.782 Y6.974 Z-29.494
G1 X-62.011 Y4.520 Z-29.475
G1 X-61.022 Y4.963 Z-28.744
G1 X-60.372 Y5.378 Z-27.160
G1 X-60.027 Y5.858 Z-28.307
G1 X-59.836 Y6.958 Z-25.817
G1 X-59.102 Y5.983 Z-22.951
G1 X-57.113 Y6.502 Z-18.385
G1 X-57.263 Y4.880 Z-10.528
G1 X-63.250 Y4.147 Z-15.353
G1 X-59.927 Y4.207 Z-3.351
G1 X-60.058 Y4.514 Z-0.744
G1 X-61.005 Y4.770 Z0.548
G1 X-61.274 Y0.834 Z-0.971
G1 X-61.406 Y2.668 Z0.068
G1 X-61.130 Y4.595 Z2.043
G1 X-60.676 Y6.053 Z2.549
G1 X-60.863 Y5.594 Z5.019
G1 X-61.955 Y10.816 Z11.151
G1 X-64.145 Y9.131 Z12.621
G1 X-63.617 Y7.209 Z13.511
G1 X-60.557 Y4.894 Z25.266
G1 X-60.628 Y5.277 Z27.613
G1 X-61.086 Y1.814 Z25.927
G1 X-62.230 Y4.254 Z23.559
G1 X-61.930 Y5.894 Z25.742
G1 X-61.881 Y5.854 Z28.320
G1 X-61.881 Y5.854 Z30.910
G1 X-61.959 Y6.264 Z33.512
G1 X-64.629 Y9.367 Z41.210
G1 X-64.493 Y5.878 Z39.810
G1 X-63.296 Y6.352 Z41.742
G1 X-63.435 Y6.920 Z44.557
G1 X-63.223 Y6.654 Z47.564
G1 X-56.902 Y3.568 Z52.412
G1 X-60.709 Y6.853 Z59.937
G1 X-60.208 Y8.185 Z62.912
G1 X-60.366 Y7.756 Z65.865
G1 X-60.219 Y8.123 Z68.843
G1 X-60.181 Y7.539 Z71.641
F200.0
G0 X-55.952 Y5.811 Z71.702 ; Rapid move
F50.0
G1 X-55.952 Y5.811 Z71.702
G1 X-55.832 Y5.974 Z69.047
G1 X-56.057 Y6.747 Z66.303
G1 X-56.057 Y6.141 Z63.713
G1 X-57.669 Y7.050 Z60.845
G1 X-57.209 Y2.058 Z54.888
G1 X-59.223 Y6.496 Z47.464
G1 X-58.973 Y7.150 Z44.443
G1 X-59.216 Y6.406 Z41.720
G1 X-59.099 Y5.731 Z38.985
G1 X-52.817 Y7.299 Z40.368
G1 X-59.045 Y10.474 Z41.341
G1 X-57.815 Y7.005 Z30.908
G1 X-57.186 Y7.629 Z38.210
G1 X-57.852 Y6.072 Z25.737
G1 X-57.378 Y4.663 Z24.839
G1 X-57.778 Y3.117 Z26.560
G1 X-56.100 Y4.764 Z26.992
G1 X-56.384 Y5.698 Z25.187
G1 X-56.060 Y6.325 Z22.585
G1 X-55.744 Y6.413 Z10.657
G1 X-55.408 Y6.387 Z8.034
G1 X-55.685 Y6.326 Z5.326
G1 X-56.479 Y5.924 Z2.540
G1 X-57.313 Y4.883 Z2.147
G1 X-57.451 Y2.233 Z0.227
G1 X-58.019 Y2.220 Z-0.397
G1 X-55.940 Y5.571 Z-1.424
G1 X-55.911 Y4.418 Z-1.179
G1 X-59.608 Y4.123 Z-12.597
G1 X-59.827 Y4.380 Z-15.056
G1 X-59.846 Y6.283 Z-17.331
G1 X-54.113 Y6.095 Z-19.474
G1 X-54.246 Y5.096 Z-22.175
G1 X-55.435 Y5.634 Z-24.496
G1 X-56.140 Y5.391 Z-25.067
G1 X-57.728 Y4.145 Z-26.073
G1 X-57.618 Y3.587 Z-27.845
G1 X-58.161 Y5.663 Z-29.523
G1 X-58.240 Y5.273 Z-30.717
G1 X-57.583 Y7.205 Z-31.663
G1 X-57.569 Y7.109 Z-34.235
G1 X-57.259 Y7.612 Z-46.815
G1 X-57.259 Y7.892 Z-49.405
G1 X-57.206 Y7.891 Z-51.994
G1 X-57.206 Y7.891 Z-54.584
G1 X-57.206 Y7.891 Z-57.174
G1 X-57.206 Y7.891 Z-59.763
G1 X-57.514 Y8.127 Z-52.360
G1 X-57.193 Y7.030 Z-64.945
G1 X-60.464 Y2.680 Z-58.866
G1 X-60.844 Y2.632 Z-61.800
G1 X-61.132 Y2.678 Z-64.743
G1 X-61.145 Y2.920 Z-67.467
G1 X-61.396 Y2.748 Z-70.333
G1 X-61.757 Y2.892 Z-73.728
G1 X-61.852 Y3.921 Z-76.576
G1 X-61.708 Y4.821 Z-80.821
G1 X-61.551 Y4.802 Z-84.466
G1 X-62.098 Y2.535 Z-86.792
F200.0
G0 X-57.551 Y4.802 Z-87.056 ; Rapid move
F50.0
G1 X-57.551 Y4.802 Z-87.056
G1 X-57.226 Y5.383 Z-84.258
G1 X-57.256 Y5.491 Z-81.016
G1 X-57.510 Y4.897 Z-76.787
G1 X-57.270 Y4.574 Z-73.236
G1 X-57.058 Y4.239 Z-70.071
G1 X-56.953 Y4.213 Z-67.332
G1 X-56.603 Y3.978 Z-64.250
G1 X-56.464 Y3.386 Z-61.456
G1 X-56.464 Y3.386 Z-58.866
G1 X-56.349 Y1.456 Z-56.061
G1 X-53.350 Y8.060 Z-62.354
G1 X-53.329 Y9.588 Z-59.763
G1 X-53.329 Y9.588 Z-57.173
G1 X-53.329 Y9.588 Z-54.583
G1 X-53.374 Y9.638 Z-51.991
G1 X-53.350 Y8.060 Z-49.405
G1 X-53.280 Y7.975 Z-36.818
G1 X-53.376 Y8.074 Z-34.239
G1 X-53.868 Y6.839 Z-32.466
G1 X-53.938 Y7.344 Z-30.417
G1 X-53.697 Y5.521 Z-29.098
G1 X-53.217 Y4.350 Z-26.776
G1 X-53.148 Y3.687 Z-25.941
G1 X-52.408 Y2.850 Z-23.745
G1 X-51.679 Y3.204 Z-21.558
G1 X-48.914 Y5.941 Z-20.489
G1 X-56.876 Y5.059 Z-12.401
G1 X-55.362 Y5.781 Z-17.833
G1 X-55.383 Y5.607 Z-15.259
G1 X-51.231 Y5.185 Z-3.611
G1 X-51.968 Y1.597 Z-4.397
G1 X-52.001 Y0.824 Z-2.678
G1 X-52.321 Y1.901 Z-0.707
G1 X-53.061 Y3.140 Z0.763
G1 X-52.828 Y5.544 Z2.115
G1 X-52.722 Y5.310 Z3.011
G1 X-52.713 Y5.945 Z5.143
G1 X-54.875 Y5.506 Z7.864
G1 X-56.100 Y5.048 Z11.028
G1 X-50.525 Y3.722 Z21.824
G1 X-51.247 Y5.765 Z24.808
G1 X-53.717 Y4.831 Z25.139
G1 X-54.002 Y0.852 Z25.433
G1 X-54.144 Y3.764 Z25.503
G1 X-53.816 Y4.113 Z25.808
G1 X-52.576 Y7.083 Z38.221
G1 X-51.835 Y6.280 Z31.344
G1 X-49.551 Y5.724 Z35.283
G1 X-54.751 Y8.769 Z43.928
G1 X-55.733 Y5.913 Z39.317
G1 X-55.597 Y6.167 Z41.880
G1 X-51.752 Y4.662 Z52.969
G1 X-52.609 Y5.781 Z53.704
G1 X-53.327 Y0.328 Z53.541
G1 X-53.176 Y6.094 Z61.210
G1 X-52.449 Y8.489 Z63.403
G1 X-52.303 Y8.036 Z66.406
G1 X-52.691 Y9.274 Z68.977
G1 X-52.462 Y8.799 Z71.692
F200.0
G0 X-47.997 Y9.256 Z71.425 ; Rapid move
F50.0
G1 X-47.997 Y9.256 Z71.425
G1 X-47.997 Y9.256 Z68.835
G1 X-48.248 Y9.454 Z66.227
G1 X-48.731 Y8.719 Z63.601
G1 X-48.096 Y7.842 Z60.992
G1 X-47.594 Y5.017 Z58.547
G1 X-49.455 Y3.090 Z51.947
G1 X-48.771 Y2.040 Z50.577
G1 X-52.020 Y6.147 Z42.206
G1 X-51.851 Y5.420 Z39.361
G1 X-52.640 Y7.541 Z37.457
G1 X-53.813 Y5.252 Z37.679
G1 X-46.798 Y4.072 Z31.652
G1 X-47.915 Y3.982 Z28.555
G1 X-48.305 Y4.395 Z25.952
G1 X-49.328 Y6.339 Z24.779
G1 X-49.816 Y1.481 Z25.150
G1 X-48.795 Y2.017 Z23.636
G1 X-48.275 Y5.152 Z22.479
G1 X-46.955 Y5.354 Z22.084
G1 X-46.703 Y5.619 Z19.416
G1 X-51.491 Y5.857 Z8.074
G1 X-50.153 Y6.684 Z5.182
G1 X-49.313 Y6.286 Z2.690
G1 X-48.145 Y3.275 Z2.730
G1 X-47.964 Y2.943 Z0.742
G1 X-47.871 Y1.755 Z-1.017
G1 X-47.569 Y-0.510 Z-3.219
G1 X-47.535 Y-0.555 Z-4.961
G1 X-47.284 Y1.404 Z-7.258
G1 X-50.464 Y5.338 Z-5.881
G1 X-50.140 Y5.068 Z-18.262
G1 X-52.934 Y5.803 Z-19.291
G1 X-45.558 Y6.229 Z-20.551
G1 X-47.432 Y2.208 Z-20.852
G1 X-47.434 Y2.204 Z-23.373
G1 X-47.351 Y4.292 Z-25.264
G1 X-47.911 Y4.374 Z-26.445
G1 X-48.130 Y5.745 Z-28.596
G1 X-48.464 Y5.881 Z-30.620
G1 X-49.696 Y7.623 Z-31.942
G1 X-49.467 Y7.451 Z-34.247
G1 X-49.466 Y8.040 Z-36.821
G1 X-49.196 Y8.055 Z-49.403
G1 X-49.254 Y9.657 Z-51.990
G1 X-49.254 Y9.657 Z-54.579
G1 X-49.254 Y9.657 Z-57.169
G1 X-49.254 Y9.657 Z-59.759
G1 X-49.330 Y8.136 Z-62.351
G1 X-51.921 Y3.477 Z-55.904
G1 X-52.102 Y3.548 Z-58.641
G1 X-52.198 Y3.945 Z-61.477
G1 X-52.198 Y4.335 Z-64.067
G1 X-52.307 Y4.552 Z-66.867
G1 X-52.607 Y5.087 Z-70.166
G1 X-52.561 Y5.332 Z-72.952
G1 X-52.954 Y5.552 Z-76.519
G1 X-53.256 Y4.459 Z-81.016
G1 X-53.226 Y5.383 Z-84.258
G1 X-52.712 Y4.617 Z-87.608
F200.0
G0 X-47.460 Y6.827 Z-88.031 ; Rapid move
F50.0
G1 X-47.460 Y6.827 Z-88.031
G1 X-47.547 Y7.015 Z-84.951
G1 X-47.987 Y7.097 Z-80.881
G1 X-48.135 Y6.455 Z-76.015
G1 X-47.948 Y5.852 Z-72.769
G1 X-47.961 Y5.186 Z-69.543
G1 X-47.806 Y5.319 Z-66.942
G1 X-47.773 Y4.839 Z-63.991
G1 X-47.691 Y4.676 Z-61.255
G1 X-47.716 Y3.811 Z-58.494
G1 X-47.596 Y3.841 Z-55.849
G1 X-46.076 Y8.793 Z-58.400
G1 X-45.329 Y9.226 Z-59.754
G1 X-45.329 Y9.226 Z-57.164
G1 X-45.329 Y9.226 Z-54.574
G1 X-45.329 Y9.226 Z-51.984
G1 X-45.329 Y8.267 Z-49.394
G1 X-45.329 Y7.396 Z-46.804
G1 X-44.935 Y6.503 Z-34.274
G1 X-44.275 Y5.813 Z-32.050
G1 X-44.034 Y5.305 Z-30.231
G1 X-43.910 Y5.343 Z-28.465
G1 X-44.269 Y4.537 Z-26.549
G1 X-44.496 Y2.721 Z-25.099
G1 X-44.156 Y1.079 Z-23.001
G1 X-43.768 Y2.107 Z-20.389
G1 X-43.509 Y1.451 Z-17.884
G1 X-43.416 Y0.990 Z-15.489
G1 X-43.527 Y-0.373 Z-12.742
G1 X-43.236 Y2.411 Z-10.080
G1 X-43.580 Y1.591 Z-7.703
G1 X-43.755 Y-0.257 Z-5.393
G1 X-43.947 Y-0.386 Z-3.219
G1 X-44.037 Y-0.852 Z-1.251
G1 X-44.164 Y-0.914 Z0.921
G1 X-44.021 Y1.265 Z3.227
G1 X-43.398 Y1.073 Z5.771
G1 X-43.151 Y5.240 Z6.090
G1 X-41.778 Y5.060 Z9.729
G1 X-43.637 Y5.837 Z19.857
G1 X-43.012 Y3.554 Z18.790
G1 X-43.420 Y3.796 Z21.154
G1 X-44.100 Y0.902 Z23.205
G1 X-44.325 Y1.601 Z25.076
G1 X-42.788 Y6.068 Z25.540
G1 X-43.443 Y4.792 Z26.612
G1 X-42.432 Y5.821 Z29.278
G1 X-40.601 Y5.575 Z34.314
G1 X-49.614 Y5.703 Z35.967
G1 X-49.122 Y5.906 Z37.902
G1 X-42.202 Y3.671 Z47.523
G1 X-43.349 Y5.022 Z50.448
G1 X-45.171 Y1.503 Z49.223
G1 X-46.227 Y5.383 Z50.021
G1 X-43.742 Y4.642 Z58.697
G1 X-43.346 Y7.807 Z60.835
G1 X-43.476 Y7.706 Z63.523
G1 X-43.818 Y7.304 Z66.373
G1 X-43.702 Y7.223 Z69.032
G1 X-43.713 Y8.221 Z71.626
F200.0
G0 X-43.127 Y6.133 Z62.294 ; Rapid move
F50.0
G1 X-43.127 Y6.133 Z62.294
G1 X-43.127 Y6.133 Z59.704
G1 X-39.734 Y6.611 Z66.482
G1 X-39.533 Y6.789 Z63.794
G1 X-39.788 Y4.745 Z61.342
G1 X-39.549 Y4.975 Z58.644
G1 X-42.950 Y3.778 Z46.694
G1 X-41.212 Y5.845 Z45.859
G1 X-40.681 Y4.919 Z47.229
G1 X-44.776 Y7.393 Z40.833
G1 X-44.534 Y6.883 Z37.653
G1 X-45.172 Y6.200 Z35.463
G1 X-46.019 Y5.911 Z34.378
G1 X-38.377 Y5.948 Z29.557
G1 X-38.899 Y5.214 Z27.187
G1 X-39.856 Y1.232 Z26.814
G1 X-39.600 Y0.657 Z24.664
G1 X-39.545 Y0.247 Z22.591
G1 X-39.482 Y1.209 Z20.726
G1 X-39.281 Y2.342 Z18.546
G1 X-39.234 Y2.373 Z15.555
G1 X-39.161 Y2.338 Z12.164
G1 X-39.202 Y2.319 Z9.266
G1 X-39.529 Y1.299 Z6.338
G1 X-39.864 Y-1.017 Z3.448
G1 X-40.013 Y-0.023 Z0.980
G1 X-40.074 Y-0.866 Z-1.375
G1 X-40.039 Y-1.449 Z-3.417
G1 X-39.993 Y-2.328 Z-5.678
G1 X-39.949 Y-2.505 Z-7.987
G1 X-39.863 Y-3.144 Z-10.532
G1 X-39.984 Y-3.116 Z-12.998
G1 X-39.853 Y-2.120 Z-15.236
G1 X-39.905 Y-1.134 Z-17.678
G1 X-40.201 Y-0.747 Z-19.740
G1 X-40.358 Y-0.497 Z-22.301
G1 X-40.700 Y0.035 Z-25.215
G1 X-40.734 Y3.155 Z-27.291
G1 X-40.423 Y5.095 Z-28.894
G1 X-40.453 Y5.625 Z-29.359
G1 X-40.938 Y5.863 Z-31.654
G1 X-40.938 Y5.863 Z-34.244
G1 X-41.685 Y7.408 Z-46.790
G1 X-41.649 Y8.344 Z-49.377
G1 X-41.598 Y9.421 Z-51.958
G1 X-41.598 Y9.421 Z-54.548
G1 X-41.564 Y9.445 Z-57.137
G1 X-41.663 Y7.371 Z-59.744
G1 X-43.593 Y3.508 Z-53.198
G1 X-43.582 Y3.679 Z-55.852
G1 X-43.556 Y4.158 Z-58.668
G1 X-43.536 Y4.882 Z-61.298
G1 X-43.534 Y5.062 Z-63.983
G1 X-43.476 Y6.184 Z-66.807
G1 X-43.611 Y5.725 Z-69.757
G1 X-43.170 Y7.109 Z-72.778
G1 X-42.980 Y7.961 Z-76.879
G1 X-42.558 Y8.371 Z-81.223
G1 X-41.898 Y8.023 Z-85.430
G1 X-40.852 Y6.261 Z-89.489
F200.0
G0 X-36.201 Y6.183 Z-89.949 ; Rapid move
F50.0
G1 X-36.201 Y6.183 Z-89.949
G1 X-36.767 Y7.571 Z-86.326
G1 X-36.936 Y8.348 Z-82.373
G1 X-37.475 Y8.685 Z-78.180
G1 X-38.454 Y8.338 Z-74.038
G1 X-39.086 Y7.480 Z-70.221
G1 X-39.041 Y7.128 Z-67.161
G1 X-39.352 Y5.938 Z-64.150
G1 X-39.489 Y5.028 Z-61.364
G1 X-39.375 Y5.115 Z-58.769
G1 X-39.468 Y4.138 Z-56.018
G1 X-39.627 Y2.458 Z-53.177
G1 X-40.152 Y10.312 Z-56.400
G1 X-37.675 Y8.916 Z-57.079
G1 X-37.675 Y8.916 Z-54.490
G1 X-37.675 Y8.916 Z-51.900
G1 X-37.675 Y8.916 Z-49.310
G1 X-37.675 Y8.817 Z-46.720
G1 X-37.858 Y7.370 Z-44.127
G1 X-37.959 Y6.187 Z-41.577
G1 X-36.926 Y5.147 Z-29.663
G1 X-36.163 Y5.684 Z-28.360
G1 X-36.424 Y2.600 Z-27.352
G1 X-36.513 Y1.529 Z-24.897
G1 X-36.372 Y-0.539 Z-22.156
G1 X-36.020 Y-2.889 Z-19.632
G1 X-36.134 Y-3.936 Z-17.406
G1 X-36.084 Y-3.140 Z-15.359
G1 X-36.075 Y-3.088 Z-13.040
G1 X-36.046 Y-3.093 Z-10.509
G1 X-36.008 Y-3.332 Z-7.965
G1 X-36.069 Y-3.091 Z-5.624
G1 X-35.902 Y-2.607 Z-3.409
G1 X-35.951 Y-1.489 Z-1.137
G1 X-35.937 Y-0.963 Z1.096
G1 X-35.874 Y-0.958 Z3.653
G1 X-35.687 Y1.432 Z6.744
G1 X-35.379 Y1.344 Z9.617
G1 X-35.299 Y1.323 Z12.512
G1 X-35.321 Y-0.102 Z15.502
G1 X-35.407 Y-0.774 Z18.211
G1 X-35.605 Y-0.312 Z20.371
G1 X-35.561 Y-0.852 Z22.412
G1 X-35.703 Y-0.847 Z24.519
G1 X-35.695 Y-0.895 Z26.919
G1 X-35.651 Y1.229 Z29.578
G1 X-35.545 Y1.265 Z32.541
G1 X-35.521 Y1.311 Z35.654
G1 X-35.380 Y1.246 Z38.809
G1 X-35.169 Y4.493 Z41.903
G1 X-36.189 Y1.659 Z43.471
G1 X-36.689 Y5.322 Z44.302
G1 X-38.409 Y4.254 Z43.946
G1 X-36.191 Y6.030 Z56.273
G1 X-36.126 Y6.007 Z58.848
G1 X-38.822 Y6.000 Z51.839
G1 X-38.723 Y6.223 Z54.420
G1 X-38.858 Y6.186 Z57.047
G1 X-38.834 Y6.491 Z59.621
G1 X-35.969 Y9.338 Z71.691
F200.0
G0 X-31.919 Y9.347 Z71.675 ; Rapid move
F50.0
G1 X-31.919 Y9.347 Z71.675
G1 X-32.009 Y6.970 Z69.189
G1 X-31.906 Y6.977 Z66.570
G1 X-34.726 Y6.874 Z54.387
G1 X-34.726 Y5.893 Z51.797
G1 X-32.242 Y6.009 Z58.887
G1 X-34.133 Y4.773 Z46.484
G1 X-34.153 Y3.636 Z44.086
G1 X-32.112 Y0.630 Z44.660
G1 X-31.588 Y0.239 Z42.852
G1 X-31.486 Y0.397 Z40.725
G1 X-31.420 Y0.499 Z38.539
G1 X-31.316 Y-0.657 Z35.862
G1 X-31.362 Y-0.706 Z32.494
G1 X-31.406 Y-0.921 Z29.783
G1 X-31.642 Y-0.922 Z26.891
G1 X-31.612 Y-1.558 Z24.531
G1 X-31.703 Y-1.445 Z22.454
G1 X-31.664 Y-1.991 Z20.276
G1 X-31.347 Y-1.471 Z17.946
G1 X-31.274 Y-1.502 Z15.333
G1 X-31.260 Y-1.506 Z12.640
G1 X-31.316 Y-2.233 Z9.855
G1 X-31.427 Y-2.202 Z6.982
G1 X-31.641 Y-3.938 Z4.162
G1 X-31.739 Y-3.917 Z1.475
G1 X-31.714 Y-3.120 Z-1.059
G1 X-31.904 Y-4.011 Z-3.346
G1 X-32.057 Y-4.234 Z-5.624
G1 X-32.034 Y-4.447 Z-8.005
G1 X-32.042 Y-3.986 Z-10.481
G1 X-32.048 Y-3.841 Z-13.025
G1 X-32.033 Y-2.684 Z-15.414
G1 X-32.060 Y-2.777 Z-17.410
G1 X-31.877 Y-1.452 Z-19.587
G1 X-31.875 Y-0.476 Z-22.007
G1 X-31.910 Y-0.489 Z-24.532
G1 X-31.970 Y0.324 Z-27.110
G1 X-32.407 Y0.460 Z-29.772
G1 X-32.782 Y3.303 Z-31.118
G1 X-33.464 Y5.927 Z-41.630
G1 X-33.574 Y7.180 Z-44.179
G1 X-33.554 Y7.378 Z-46.739
G1 X-33.642 Y9.217 Z-49.246
G1 X-33.615 Y9.126 Z-51.860
G1 X-33.729 Y9.119 Z-54.443
G1 X-33.751 Y8.845 Z-57.086
G1 X-31.353 Y6.340 Z-55.404
G1 X-36.217 Y3.307 Z-53.572
G1 X-35.728 Y3.830 Z-56.067
G1 X-35.448 Y4.948 Z-58.594
G1 X-35.419 Y5.205 Z-61.325
G1 X-35.392 Y5.986 Z-64.211
G1 X-35.391 Y6.460 Z-67.256
G1 X-34.524 Y8.103 Z-70.550
G1 X-33.770 Y8.729 Z-74.461
G1 X-33.791 Y8.827 Z-77.823
G1 X-33.602 Y8.248 Z-83.037
G1 X-32.752 Y6.972 Z-87.123
G1 X-32.220 Y5.912 Z-90.267
F200.0
G0 X-28.962 Y5.743 Z-90.477 ; Rapid move
F50.0
G1 X-28.962 Y5.743 Z-90.477
G1 X-29.224 Y6.677 Z-87.409
G1 X-29.383 Y8.433 Z-82.763
G1 X-29.447 Y8.992 Z-78.993
G1 X-29.725 Y9.052 Z-75.161
G1 X-30.282 Y8.562 Z-70.900
G1 X-30.502 Y8.347 Z-68.004
G1 X-30.930 Y6.292 Z-64.604
G1 X-31.542 Y6.560 Z-62.048
G1 X-32.120 Y5.016 Z-59.083
G1 X-32.279 Y4.576 Z-56.531
G1 X-32.474 Y4.319 Z-53.963
G1 X-32.662 Y4.406 Z-51.611
G1 X-29.491 Y9.777 Z-53.984
G1 X-29.967 Y5.707 Z-54.542
G1 X-29.926 Y6.075 Z-51.929
G1 X-29.932 Y5.761 Z-49.368
G1 X-28.560 Y5.414 Z-36.885
G1 X-28.589 Y5.404 Z-34.290
G1 X-28.576 Y5.292 Z-31.754
G1 X-28.725 Y3.087 Z-30.852
G1 X-28.854 Y-0.062 Z-29.321
G1 X-28.839 Y-0.476 Z-26.703
G1 X-27.981 Y-0.599 Z-24.226
G1 X-27.773 Y-1.580 Z-22.006
G1 X-27.538 Y-2.967 Z-19.928
G1 X-27.732 Y-6.735 Z-17.948
G1 X-27.897 Y-6.413 Z-15.546
G1 X-27.927 Y-6.267 Z-13.011
G1 X-27.917 Y-6.270 Z-10.428
G1 X-27.973 Y-5.447 Z-7.963
G1 X-27.961 Y-5.181 Z-5.550
G1 X-28.004 Y-5.180 Z-3.300
G1 X-28.003 Y-5.200 Z-0.921
G1 X-27.950 Y-5.576 Z1.723
G1 X-27.891 Y-5.409 Z4.329
G1 X-27.563 Y-3.926 Z7.200
G1 X-27.628 Y-4.110 Z10.064
G1 X-27.634 Y-5.477 Z12.823
G1 X-27.580 Y-5.677 Z15.437
G1 X-27.399 Y-4.379 Z17.949
G1 X-27.358 Y-3.125 Z20.016
G1 X-27.322 Y-3.102 Z22.444
G1 X-27.297 Y-3.148 Z24.771
G1 X-27.187 Y-2.356 Z27.211
G1 X-27.140 Y-2.206 Z29.834
G1 X-27.082 Y-1.532 Z32.664
G1 X-27.058 Y-0.800 Z35.438
G1 X-27.186 Y-0.720 Z38.272
G1 X-27.225 Y-1.436 Z40.674
G1 X-29.349 Y4.692 Z39.857
G1 X-27.893 Y3.786 Z51.028
G1 X-29.746 Y5.376 Z43.880
G1 X-30.008 Y5.832 Z46.576
G1 X-29.723 Y6.315 Z49.030
G1 X-29.766 Y6.670 Z51.656
G1 X-29.720 Y6.870 Z54.206
G1 X-29.720 Y7.128 Z56.796
G1 X-30.188 Y7.554 Z59.481
G1 X-30.246 Y7.297 Z62.055
F200.0
G0 X-25.906 Y8.751 Z62.097 ; Rapid move
F50.0
G1 X-25.906 Y8.751 Z62.097
G1 X-26.036 Y8.280 Z59.449
G1 X-24.563 Y7.947 Z66.713
G1 X-24.562 Y7.762 Z64.128
G1 X-24.627 Y8.708 Z61.449
G1 X-24.817 Y8.434 Z58.829
G1 X-26.644 Y8.040 Z55.806
G1 X-25.926 Y4.129 Z43.879
G1 X-23.471 Y4.232 Z50.855
G1 X-24.547 Y3.833 Z39.331
G1 X-23.518 Y-3.490 Z40.361
G1 X-23.197 Y-3.442 Z38.093
G1 X-23.178 Y-3.226 Z35.510
G1 X-23.197 Y-2.778 Z32.697
G1 X-23.266 Y-3.121 Z30.022
G1 X-23.325 Y-2.737 Z27.397
G1 X-23.594 Y-5.106 Z24.820
G1 X-23.520 Y-4.763 Z22.456
G1 X-23.895 Y-6.750 Z20.391
G1 X-23.948 Y-6.744 Z18.052
G1 X-23.874 Y-6.022 Z15.577
G1 X-23.951 Y-6.000 Z13.002
G1 X-23.972 Y-5.370 Z10.264
G1 X-24.150 Y-5.318 Z7.243
G1 X-24.182 Y-5.901 Z4.326
G1 X-24.222 Y-6.161 Z1.637
G1 X-24.212 Y-7.176 Z-0.927
G1 X-24.176 Y-6.947 Z-3.303
G1 X-24.159 Y-6.686 Z-5.802
G1 X-23.908 Y-6.263 Z-8.071
G1 X-23.884 Y-6.277 Z-10.465
G1 X-23.878 Y-6.281 Z-13.016
G1 X-23.872 Y-6.419 Z-15.577
G1 X-23.790 Y-6.355 Z-17.990
G1 X-23.535 Y-3.720 Z-20.187
G1 X-23.542 Y-1.684 Z-21.867
G1 X-24.808 Y0.111 Z-23.939
G1 X-24.445 Y0.382 Z-26.436
G1 X-24.825 Y2.044 Z-28.965
G1 X-24.739 Y4.436 Z-29.345
G1 X-26.535 Y5.187 Z-41.488
G1 X-26.482 Y5.233 Z-44.090
G1 X-26.474 Y5.816 Z-46.674
G1 X-26.474 Y5.816 Z-49.264
G1 X-26.396 Y5.632 Z-51.879
G1 X-26.410 Y5.744 Z-54.462
G1 X-30.027 Y3.482 Z-53.458
G1 X-28.863 Y5.287 Z-51.856
G1 X-28.359 Y6.131 Z-54.582
G1 X-28.244 Y6.450 Z-57.404
G1 X-28.025 Y6.347 Z-59.630
G1 X-27.550 Y7.486 Z-62.745
G1 X-27.331 Y8.108 Z-65.560
G1 X-26.877 Y8.792 Z-68.689
G1 X-26.073 Y9.177 Z-72.202
G1 X-25.415 Y9.255 Z-75.999
G1 X-24.773 Y8.868 Z-79.470
G1 X-24.441 Y7.317 Z-84.371
G1 X-24.433 Y6.949 Z-87.112
G1 X-24.785 Y5.973 Z-90.361
F200.0
G0 X-20.305 Y5.781 Z-90.230 ; Rapid move
F50.0
G1 X-20.305 Y5.781 Z-90.230
G1 X-20.087 Y6.486 Z-87.431
G1 X-20.210 Y7.393 Z-84.257
G1 X-20.703 Y8.390 Z-80.585
G1 X-21.229 Y9.200 Z-76.387
G1 X-21.562 Y9.629 Z-72.893
G1 X-21.931 Y9.591 Z-70.044
G1 X-23.044 Y9.296 Z-66.416
G1 X-23.438 Y9.008 Z-63.485
G1 X-23.736 Y8.483 Z-60.609
G1 X-24.228 Y7.775 Z-57.659
G1 X-24.690 Y5.866 Z-54.708
G1 X-24.936 Y4.470 Z-52.022
G1 X-25.173 Y4.448 Z-49.757
G1 X-19.712 Y8.995 Z-51.353
G1 X-22.058 Y6.869 Z-51.837
G1 X-22.199 Y6.563 Z-49.278
G1 X-22.199 Y6.225 Z-46.688
G1 X-22.304 Y5.709 Z-44.116
G1 X-22.314 Y4.779 Z-41.536
G1 X-20.330 Y3.182 Z-31.140
G1 X-20.064 Y3.088 Z-28.528
G1 X-19.742 Y0.709 Z-25.592
G1 X-19.047 Y-0.312 Z-23.639
G1 X-19.173 Y-1.962 Z-21.643
G1 X-19.442 Y-2.052 Z-20.055
G1 X-19.726 Y-3.581 Z-18.084
G1 X-19.852 Y-6.672 Z-15.621
G1 X-19.859 Y-6.856 Z-13.017
G1 X-19.967 Y-7.610 Z-10.559
G1 X-20.046 Y-8.009 Z-8.327
G1 X-20.101 Y-7.998 Z-5.815
G1 X-20.118 Y-8.240 Z-3.364
G1 X-20.240 Y-8.097 Z-0.964
G1 X-20.245 Y-7.240 Z1.638
G1 X-20.198 Y-6.692 Z4.341
G1 X-20.234 Y-7.210 Z7.295
G1 X-20.228 Y-6.137 Z10.173
G1 X-20.180 Y-5.937 Z12.967
G1 X-20.151 Y-5.947 Z15.587
G1 X-20.105 Y-6.707 Z18.132
G1 X-20.018 Y-6.170 Z20.385
G1 X-20.021 Y-6.181 Z22.598
G1 X-19.917 Y-5.082 Z24.995
G1 X-19.707 Y-6.298 Z27.551
G1 X-19.757 Y-7.841 Z30.174
G1 X-19.675 Y-4.902 Z32.772
G1 X-19.554 Y-4.940 Z35.423
G1 X-19.741 Y-3.272 Z37.695
G1 X-25.415 Y2.343 Z43.802
G1 X-21.147 Y3.826 Z48.559
G1 X-20.642 Y3.426 Z51.190
G1 X-20.521 Y3.344 Z53.762
G1 X-20.615 Y10.025 Z55.551
G1 X-20.604 Y9.759 Z58.303
G1 X-20.476 Y8.216 Z61.439
G1 X-20.476 Y8.637 Z64.029
G1 X-20.608 Y8.734 Z66.621
G1 X-20.525 Y7.997 Z69.294
G1 X-20.525 Y7.997 Z71.884
F200.0
G0 X-16.496 Y8.466 Z71.848 ; Rapid move
F50.0
G1 X-16.496 Y8.466 Z71.848
G1 X-16.496 Y8.466 Z69.258
G1 X-16.551 Y8.709 Z66.640
G1 X-16.551 Y8.709 Z64.050
G1 X-16.557 Y8.430 Z61.407
G1 X-16.633 Y4.983 Z58.956
G1 X-17.721 Y3.131 Z46.438
G1 X-15.878 Y6.485 Z53.316
G1 X-17.227 Y3.268 Z51.223
G1 X-17.075 Y4.096 Z48.497
G1 X-17.983 Y5.985 Z44.941
G1 X-15.641 Y3.151 Z34.974
G1 X-15.886 Y-4.831 Z35.378
G1 X-15.963 Y-6.273 Z32.878
G1 X-16.020 Y-6.260 Z30.252
G1 X-16.032 Y-6.194 Z27.591
G1 X-16.049 Y-6.963 Z25.156
G1 X-16.047 Y-8.692 Z22.584
G1 X-16.040 Y-8.259 Z20.483
G1 X-16.148 Y-8.008 Z18.134
G1 X-16.157 Y-8.013 Z15.632
G1 X-16.165 Y-8.187 Z13.000
G1 X-16.222 Y-8.156 Z10.123
G1 X-16.272 Y-8.055 Z7.426
G1 X-16.237 Y-7.454 Z4.498
G1 X-16.185 Y-7.482 Z1.710
G1 X-16.236 Y-8.100 Z-0.982
G1 X-16.185 Y-8.237 Z-3.496
G1 X-16.047 Y-8.664 Z-5.842
G1 X-16.027 Y-8.798 Z-8.415
G1 X-15.990 Y-8.651 Z-10.732
G1 X-15.932 Y-7.370 Z-13.120
G1 X-15.857 Y-7.296 Z-15.641
G1 X-15.797 Y-7.941 Z-18.382
G1 X-15.599 Y-1.882 Z-20.799
G1 X-15.007 Y-1.792 Z-22.257
G1 X-14.257 Y-0.038 Z-23.632
G1 X-14.541 Y0.644 Z-25.768
G1 X-15.204 Y2.367 Z-28.287
G1 X-16.030 Y3.690 Z-29.595
G1 X-18.651 Y4.170 Z-41.445
G1 X-17.891 Y5.967 Z-44.005
G1 X-17.941 Y5.749 Z-46.654
G1 X-18.135 Y7.028 Z-49.198
G1 X-20.797 Y5.961 Z-50.342
G1 X-21.221 Y5.937 Z-50.980
G1 X-20.618 Y7.822 Z-50.174
G1 X-20.574 Y7.852 Z-52.739
G1 X-19.972 Y8.287 Z-55.369
G1 X-19.346 Y8.776 Z-58.200
G1 X-18.908 Y9.576 Z-61.130
G1 X-18.695 Y9.726 Z-64.018
G1 X-18.107 Y9.872 Z-67.696
G1 X-17.595 Y9.765 Z-70.652
G1 X-16.834 Y9.567 Z-73.558
G1 X-16.579 Y8.630 Z-77.537
G1 X-15.809 Y7.300 Z-81.624
G1 X-15.678 Y6.482 Z-84.338
G1 X-15.793 Y6.056 Z-87.280
G1 X-15.821 Y5.628 Z-90.120
F200.0
G0 X-11.351 Y5.729 Z-89.871 ; Rapid move
F50.0
G1 X-11.351 Y5.729 Z-89.871
G1 X-11.453 Y6.214 Z-87.025
G1 X-11.534 Y6.928 Z-84.299
G1 X-11.238 Y6.982 Z-81.614
G1 X-11.199 Y7.559 Z-78.442
G1 X-11.550 Y8.901 Z-74.123
G1 X-12.483 Y9.776 Z-71.228
G1 X-13.686 Y10.113 Z-68.071
G1 X-13.734 Y10.438 Z-65.315
G1 X-14.074 Y10.450 Z-62.279
G1 X-14.774 Y10.295 Z-59.762
G1 X-15.518 Y10.196 Z-56.439
G1 X-15.834 Y9.906 Z-53.871
G1 X-16.850 Y7.774 Z-50.524
G1 X-17.410 Y7.859 Z-49.976
G1 X-16.357 Y6.592 Z-49.763
G1 X-15.699 Y8.319 Z-48.172
G1 X-14.695 Y8.393 Z-46.194
G1 X-14.322 Y8.625 Z-43.593
G1 X-13.978 Y8.146 Z-41.126
G1 X-13.978 Y6.743 Z-38.536
G1 X-9.511 Y2.099 Z-28.235
G1 X-10.405 Y0.315 Z-25.738
G1 X-10.140 Y0.355 Z-24.326
G1 X-11.408 Y-1.989 Z-23.068
G1 X-11.841 Y-8.070 Z-21.101
G1 X-11.862 Y-8.309 Z-18.396
G1 X-11.852 Y-9.000 Z-15.660
G1 X-11.860 Y-8.690 Z-13.243
G1 X-11.985 Y-8.917 Z-10.853
G1 X-12.120 Y-10.080 Z-8.503
G1 X-12.228 Y-9.972 Z-6.133
G1 X-12.238 Y-8.865 Z-3.597
G1 X-12.259 Y-8.536 Z-0.969
G1 X-12.251 Y-8.158 Z1.721
G1 X-12.186 Y-8.151 Z4.618
G1 X-12.103 Y-9.147 Z7.387
G1 X-12.024 Y-9.171 Z10.162
G1 X-12.129 Y-9.161 Z13.018
G1 X-12.144 Y-8.016 Z15.629
G1 X-12.116 Y-9.423 Z18.162
G1 X-12.084 Y-9.414 Z20.414
G1 X-12.093 Y-9.558 Z22.690
G1 X-12.073 Y-9.236 Z25.161
G1 X-12.897 Y19.617 Z29.848
G1 X-12.881 Y20.853 Z32.449
G1 X-12.918 Y20.338 Z34.780
G1 X-12.923 Y19.777 Z37.115
G1 X-12.998 Y15.689 Z39.695
G1 X-12.255 Y4.824 Z45.435
G1 X-12.143 Y4.129 Z48.278
G1 X-11.687 Y7.370 Z50.216
G1 X-12.401 Y6.233 Z53.535
G1 X-13.256 Y6.079 Z56.404
G1 X-13.256 Y6.079 Z58.994
G1 X-13.256 Y6.079 Z61.584
G1 X-12.924 Y7.701 Z64.146
G1 X-12.924 Y7.701 Z66.736
G1 X-12.924 Y7.701 Z69.326
G1 X-12.714 Y8.442 Z71.841
F200.0
G0 X-9.663 Y5.764 Z61.968 ; Rapid move
F50.0
G1 X-9.663 Y5.764 Z61.968
G1 X-9.663 Y5.764 Z59.378
G1 X-9.663 Y5.764 Z56.788
G1 X-8.810 Y5.890 Z64.157
G1 X-9.807 Y5.735 Z51.620
G1 X-9.807 Y5.735 Z49.030
G1 X-8.569 Y6.882 Z56.222
G1 X-8.742 Y8.354 Z53.040
G1 X-9.238 Y8.268 Z50.305
G1 X-8.096 Y10.290 Z46.555
G1 X-8.499 Y15.060 Z43.154
G1 X-8.829 Y15.599 Z39.961
G1 X-8.924 Y19.773 Z37.133
G1 X-8.970 Y20.601 Z34.727
G1 X-8.865 Y20.856 Z32.451
G1 X-8.849 Y21.612 Z29.622
G1 X-8.844 Y21.647 Z26.919
G1 X-8.089 Y-10.644 Z22.674
G1 X-8.122 Y-10.553 Z20.476
G1 X-8.131 Y-10.146 Z18.182
G1 X-8.110 Y-9.166 Z15.615
G1 X-8.885 Y23.094 Z12.801
G1 X-8.181 Y-9.135 Z10.244
G1 X-8.197 Y-9.126 Z7.253
G1 X-8.247 Y-9.310 Z4.471
G1 X-8.245 Y-9.926 Z1.702
G1 X-8.240 Y-11.424 Z-1.003
G1 X-8.235 Y-11.083 Z-3.598
G1 X-8.233 Y-11.082 Z-6.176
G1 X-8.958 Y22.524 Z-9.349
G1 X-8.915 Y22.592 Z-11.601
G1 X-8.935 Y22.681 Z-13.560
G1 X-8.947 Y22.664 Z-15.439
G1 X-9.007 Y22.622 Z-17.680
G1 X-8.994 Y22.916 Z-20.287
G1 X-7.641 Y-1.858 Z-23.770
G1 X-6.709 Y1.542 Z-24.373
G1 X-10.079 Y8.746 Z-31.619
G1 X-9.624 Y10.543 Z-34.964
G1 X-9.681 Y10.095 Z-37.951
G1 X-10.008 Y10.112 Z-40.484
G1 X-10.322 Y10.051 Z-43.054
G1 X-10.695 Y10.053 Z-45.524
G1 X-11.336 Y10.467 Z-47.385
G1 X-11.959 Y10.094 Z-48.886
G1 X-12.412 Y10.217 Z-49.724
G1 X-11.539 Y11.297 Z-51.795
G1 X-10.886 Y10.871 Z-54.370
G1 X-10.357 Y10.861 Z-57.513
G1 X-9.742 Y10.951 Z-60.113
G1 X-9.219 Y10.925 Z-63.205
G1 X-8.989 Y10.391 Z-66.177
G1 X-8.762 Y9.888 Z-69.176
G1 X-8.156 Y9.344 Z-71.733
G1 X-7.255 Y7.625 Z-75.645
G1 X-7.082 Y7.303 Z-78.635
G1 X-7.115 Y6.784 Z-81.693
G1 X-6.886 Y6.421 Z-84.297
G1 X-6.946 Y6.440 Z-86.913
G1 X-6.600 Y4.037 Z-89.786
F200.0
G0 X-2.561 Y5.526 Z-89.705 ; Rapid move
F50.0
G1 X-2.561 Y5.526 Z-89.705
G1 X-2.737 Y6.063 Z-86.989
G1 X-2.698 Y5.994 Z-84.424
G1 X-2.715 Y6.195 Z-81.717
G1 X-2.556 Y5.199 Z-79.161
G1 X-2.456 Y5.779 Z-76.599
G1 X-3.637 Y7.981 Z-72.865
G1 X-3.856 Y8.088 Z-70.243
G1 X-4.686 Y9.746 Z-66.698
G1 X-4.998 Y10.742 Z-63.597
G1 X-5.235 Y11.215 Z-60.766
G1 X-5.262 Y11.776 Z-58.248
G1 X-5.478 Y12.162 Z-55.745
G1 X-6.836 Y12.317 Z-52.668
G1 X-7.122 Y12.493 Z-50.870
G1 X-7.122 Y12.900 Z-48.624
G1 X-6.778 Y12.763 Z-46.982
G1 X-5.955 Y13.571 Z-44.713
G1 X-5.477 Y14.868 Z-42.568
G1 X-5.336 Y14.769 Z-40.088
G1 X-5.279 Y16.922 Z-36.969
G1 X-5.165 Y17.723 Z-33.361
G1 X-4.935 Y18.805 Z-29.744
G1 X-5.025 Y23.502 Z-26.188
G1 X-5.021 Y23.852 Z-23.203
G1 X-5.053 Y23.349 Z-20.289
G1 X-5.017 Y23.044 Z-17.670
G1 X-4.932 Y22.956 Z-15.459
G1 X-4.941 Y22.832 Z-13.440
G1 X-4.939 Y22.797 Z-11.338
G1 X-4.942 Y22.694 Z-9.321
G1 X-4.929 Y22.697 Z-6.712
G1 X-4.235 Y-11.425 Z-3.597
G1 X-4.208 Y-11.426 Z-0.966
G1 X-4.190 Y-10.668 Z1.702
G1 X-4.213 Y-10.647 Z4.483
G1 X-4.931 Y22.782 Z8.120
G1 X-4.962 Y22.860 Z10.567
G1 X-4.962 Y23.090 Z12.933
G1 X-5.010 Y23.365 Z14.956
G1 X-4.953 Y23.541 Z17.381
G1 X-4.852 Y23.340 Z20.302
G1 X-4.907 Y22.364 Z23.712
G1 X-4.794 Y22.241 Z26.825
G1 X-4.834 Y21.774 Z29.694
G1 X-4.880 Y20.973 Z32.323
G1 X-4.943 Y20.032 Z34.669
G1 X-4.766 Y19.253 Z37.166
G1 X-4.737 Y17.770 Z39.808
G1 X-4.482 Y14.866 Z43.349
G1 X-4.363 Y12.615 Z46.432
G1 X-4.309 Y9.951 Z49.620
G1 X-4.319 Y9.738 Z52.422
G1 X-4.373 Y6.602 Z56.167
G1 X-5.929 Y5.376 Z49.044
G1 X-4.612 Y5.469 Z61.545
G1 X-4.713 Y5.744 Z64.149
G1 X-4.713 Y5.744 Z66.739
G1 X-4.713 Y5.744 Z69.329
G1 X-4.713 Y5.744 Z71.919
F200.0
G0 X-2.014 Y5.448 Z62.005 ; Rapid move
F50.0
G1 X-2.014 Y5.448 Z62.005
G1 X-2.014 Y5.448 Z59.415
G1 X-0.460 Y5.697 Z66.690
G1 X-0.373 Y5.658 Z64.086
G1 X-0.243 Y6.902 Z61.229
G1 X-0.091 Y7.800 Z58.156
G1 X-0.064 Y8.014 Z55.420
G1 X-0.050 Y8.208 Z52.688
G1 X-0.311 Y10.492 Z49.741
G1 X-0.398 Y12.541 Z46.547
G1 X-0.437 Y12.714 Z43.719
G1 X-0.521 Y16.733 Z40.306
G1 X-0.517 Y18.229 Z37.428
G1 X-0.746 Y19.202 Z34.744
G1 X-0.835 Y21.104 Z32.169
G1 X-0.784 Y21.795 Z29.614
G1 X-0.727 Y22.359 Z26.798
G1 X-0.720 Y23.133 Z23.981
G1 X-0.945 Y23.347 Z20.439
G1 X-0.986 Y23.346 Z17.521
G1 X-1.012 Y23.073 Z14.883
G1 X-1.017 Y23.076 Z12.800
G1 X-0.904 Y23.030 Z10.558
G1 X-0.894 Y23.473 Z8.160
G1 X-0.888 Y23.611 Z5.569
G1 X-0.815 Y23.933 Z2.627
G1 X-0.783 Y23.976 Z-0.395
G1 X-0.884 Y23.892 Z-3.591
G1 X-0.893 Y23.818 Z-6.618
G1 X-0.924 Y23.512 Z-9.296
G1 X-1.090 Y23.207 Z-11.504
G1 X-1.008 Y22.830 Z-13.615
G1 X-0.948 Y22.964 Z-15.540
G1 X-0.937 Y23.128 Z-17.626
G1 X-0.945 Y23.580 Z-20.351
G1 X-0.860 Y23.762 Z-23.465
G1 X-0.854 Y23.501 Z-26.412
G1 X-0.908 Y20.820 Z-29.401
G1 X-0.963 Y20.131 Z-32.822
G1 X-1.204 Y18.465 Z-36.780
G1 X-1.000 Y17.024 Z-39.973
G1 X-1.219 Y16.294 Z-42.395
G1 X-1.706 Y15.451 Z-44.339
G1 X-2.076 Y14.296 Z-46.439
G1 X-2.133 Y13.711 Z-48.924
G1 X-1.478 Y13.449 Z-51.183
G1 X-1.378 Y13.050 Z-53.535
G1 X-1.286 Y12.255 Z-55.994
G1 X-1.120 Y11.672 Z-58.482
G1 X-0.857 Y10.598 Z-61.402
G1 X-0.428 Y10.039 Z-64.029
G1 X0.572 Y8.573 Z-67.775
G1 X0.698 Y7.448 Z-70.755
G1 X1.572 Y5.840 Z-73.959
G1 X1.635 Y5.377 Z-76.695
G1 X1.696 Y5.438 Z-79.211
G1 X1.701 Y4.661 Z-81.795
G1 X1.602 Y4.577 Z-84.494
G1 X1.532 Y4.170 Z-87.215
G1 X1.543 Y4.438 Z-89.714
F200.0
G0 X5.583 Y4.099 Z-89.822 ; Rapid move
F50.0
G1 X5.583 Y4.099 Z-89.822
G1 X5.604 Y4.093 Z-87.218
G1 X5.696 Y4.657 Z-84.390
G1 X5.697 Y4.659 Z-81.799
G1 X5.564 Y4.615 Z-79.329
G1 X5.456 Y4.609 Z-76.820
G1 X5.409 Y5.845 Z-74.172
G1 X5.310 Y6.328 Z-71.478
G1 X4.532 Y7.677 Z-68.364
G1 X3.764 Y8.920 Z-65.602
G1 X3.803 Y9.793 Z-62.211
G1 X3.043 Y11.115 Z-58.558
G1 X3.077 Y11.922 Z-56.126
G1 X2.970 Y12.966 Z-53.778
G1 X2.677 Y14.008 Z-51.579
G1 X2.668 Y14.755 Z-49.090
G1 X2.724 Y15.130 Z-46.557
G1 X2.987 Y16.298 Z-44.113
G1 X3.030 Y16.760 Z-41.696
G1 X3.349 Y17.570 Z-39.631
G1 X3.418 Y18.359 Z-36.996
G1 X3.315 Y19.611 Z-32.908
G1 X3.335 Y22.192 Z-29.463
G1 X3.255 Y23.040 Z-26.422
G1 X3.250 Y23.438 Z-23.506
G1 X3.187 Y23.001 Z-20.408
G1 X3.206 Y22.990 Z-17.752
G1 X3.109 Y22.555 Z-15.549
G1 X3.069 Y22.567 Z-13.543
G1 X3.125 Y23.188 Z-11.528
G1 X3.145 Y23.385 Z-9.278
G1 X3.184 Y23.568 Z-6.379
G1 X3.241 Y24.088 Z-3.302
G1 X3.210 Y24.102 Z-0.390
G1 X3.269 Y23.957 Z2.568
G1 X3.212 Y23.489 Z5.381
G1 X3.125 Y23.487 Z8.057
G1 X3.049 Y23.046 Z10.444
G1 X3.039 Y23.068 Z12.550
G1 X3.092 Y23.066 Z14.934
G1 X3.074 Y23.225 Z17.642
G1 X3.288 Y23.046 Z20.548
G1 X3.071 Y22.676 Z23.963
G1 X3.114 Y21.938 Z26.859
G1 X3.206 Y21.121 Z29.638
G1 X3.198 Y20.786 Z32.246
G1 X3.273 Y18.252 Z34.863
G1 X3.392 Y17.926 Z37.483
G1 X3.580 Y14.819 Z40.662
G1 X3.663 Y12.698 Z43.602
G1 X3.641 Y11.442 Z46.838
G1 X3.631 Y8.219 Z49.972
G1 X3.622 Y8.158 Z52.615
G1 X3.846 Y7.303 Z55.608
G1 X3.812 Y6.290 Z58.655
G1 X3.782 Y5.596 Z61.414
G1 X3.765 Y5.343 Z64.020
G1 X3.665 Y5.089 Z66.660
G1 X3.665 Y5.089 Z69.250
G1 X3.711 Y5.665 Z71.834
F200.0
G0 X7.685 Y5.575 Z71.770 ; Rapid move
F50.0
G1 X7.685 Y5.575 Z71.770
G1 X7.685 Y5.575 Z69.180
G1 X7.680 Y5.764 Z66.552
G1 X7.787 Y6.284 Z63.843
G1 X7.814 Y6.340 Z61.229
G1 X7.815 Y6.819 Z58.455
G1 X7.589 Y7.474 Z55.685
G1 X7.687 Y7.811 Z52.861
G1 X7.671 Y8.053 Z50.097
G1 X7.526 Y10.976 Z47.009
G1 X7.641 Y11.240 Z44.077
G1 X7.537 Y14.835 Z40.646
G1 X7.441 Y17.002 Z37.658
G1 X7.270 Y18.956 Z35.013
G1 X7.222 Y20.365 Z32.319
G1 X7.171 Y21.265 Z29.602
G1 X7.082 Y21.956 Z26.804
G1 X7.161 Y22.704 Z23.778
G1 X7.180 Y22.767 Z20.618
G1 X7.128 Y22.894 Z17.951
G1 X7.041 Y22.752 Z14.882
G1 X7.086 Y22.508 Z12.516
G1 X7.138 Y22.978 Z10.344
G1 X7.186 Y23.255 Z7.879
G1 X7.150 Y23.394 Z5.475
G1 X7.125 Y23.426 Z2.611
G1 X7.221 Y23.504 Z-0.407
G1 X7.131 Y23.445 Z-3.792
G1 X7.171 Y23.386 Z-6.659
G1 X7.179 Y22.739 Z-9.184
G1 X7.141 Y22.462 Z-11.583
G1 X7.143 Y22.158 Z-13.736
G1 X7.244 Y22.267 Z-15.550
G1 X7.311 Y22.477 Z-17.677
G1 X7.277 Y22.717 Z-20.482
G1 X7.304 Y22.862 Z-23.456
G1 X7.333 Y22.557 Z-26.340
G1 X7.378 Y21.349 Z-29.464
G1 X7.515 Y19.015 Z-33.161
G1 X7.598 Y18.617 Z-36.554
G1 X7.629 Y17.605 Z-39.506
G1 X7.704 Y17.210 Z-41.818
G1 X7.767 Y14.956 Z-44.047
G1 X7.481 Y15.164 Z-46.323
G1 X7.264 Y13.976 Z-48.977
G1 X7.201 Y12.587 Z-51.652
G1 X7.133 Y11.797 Z-53.748
G1 X7.312 Y11.381 Z-56.379
G1 X8.248 Y10.451 Z-59.270
G1 X8.612 Y8.693 Z-62.582
G1 X8.705 Y7.964 Z-65.925
G1 X9.007 Y6.848 Z-68.776
G1 X9.277 Y6.344 Z-71.492
G1 X9.494 Y5.579 Z-74.249
G1 X9.547 Y3.350 Z-76.861
G1 X9.563 Y3.330 Z-79.444
G1 X9.599 Y4.263 Z-82.001
G1 X9.595 Y4.188 Z-84.613
G1 X9.633 Y4.210 Z-87.169
G1 X9.615 Y4.089 Z-89.800
F200.0
G0 X13.594 Y4.197 Z-89.791 ; Rapid move
F50.0
G1 X13.594 Y4.197 Z-89.791
G1 X13.595 Y3.266 Z-87.206
G1 X13.567 Y3.245 Z-84.641
G1 X13.537 Y2.938 Z-82.048
G1 X13.514 Y2.872 Z-79.491
G1 X13.452 Y2.935 Z-76.929
G1 X13.453 Y3.112 Z-74.345
G1 X13.466 Y3.120 Z-71.744
G1 X13.586 Y3.572 Z-68.925
G1 X13.669 Y3.876 Z-66.137
G1 X13.394 Y8.287 Z-62.982
G1 X13.112 Y8.910 Z-59.939
G1 X13.319 Y9.697 Z-57.032
G1 X12.269 Y10.839 Z-54.819
G1 X11.630 Y12.456 Z-51.664
G1 X11.461 Y13.408 Z-48.683
G1 X11.727 Y14.327 Z-46.012
G1 X11.912 Y14.993 Z-43.841
G1 X11.845 Y14.821 Z-41.624
G1 X11.766 Y17.089 Z-39.550
G1 X11.762 Y18.140 Z-36.680
G1 X11.590 Y18.713 Z-32.956
G1 X11.418 Y21.184 Z-29.306
G1 X11.427 Y22.089 Z-26.577
G1 X11.361 Y22.480 Z-23.622
G1 X11.329 Y22.212 Z-20.341
G1 X11.284 Y21.883 Z-17.765
G1 X11.238 Y21.924 Z-15.466
G1 X11.082 Y22.071 Z-13.946
G1 X11.104 Y22.100 Z-11.620
G1 X11.131 Y22.235 Z-9.236
G1 X11.161 Y22.728 Z-6.652
G1 X11.215 Y23.266 Z-3.871
G1 X11.009 Y23.438 Z-0.303
G1 X10.980 Y23.423 Z2.621
G1 X11.119 Y22.646 Z5.468
G1 X11.072 Y22.467 Z7.898
G1 X10.968 Y22.490 Z10.296
G1 X11.045 Y22.212 Z12.461
G1 X11.019 Y22.377 Z14.927
G1 X11.075 Y22.378 Z17.681
G1 X10.943 Y22.276 Z20.619
G1 X11.043 Y22.209 Z23.752
G1 X11.141 Y21.177 Z26.927
G1 X11.131 Y20.377 Z29.725
G1 X11.147 Y19.589 Z32.445
G1 X11.219 Y17.663 Z35.156
G1 X11.355 Y16.969 Z37.773
G1 X11.535 Y14.599 Z40.841
G1 X11.551 Y11.872 Z43.838
G1 X11.500 Y10.801 Z46.861
G1 X11.530 Y10.306 Z49.787
G1 X11.822 Y7.008 Z52.910
G1 X12.035 Y6.472 Z55.743
G1 X11.883 Y5.953 Z58.592
G1 X11.717 Y5.583 Z61.333
G1 X11.489 Y5.317 Z64.028
G1 X11.767 Y5.442 Z66.546
G1 X11.817 Y5.448 Z69.113
G1 X11.736 Y5.269 Z71.739
F200.0
G0 X15.516 Y4.107 Z71.854 ; Rapid move
F50.0
G1 X15.516 Y4.107 Z71.854
G1 X15.642 Y5.475 Z69.144
G1 X15.688 Y5.674 Z66.493
G1 X15.693 Y5.680 Z63.901
G1 X15.712 Y6.193 Z61.132
G1 X15.607 Y6.459 Z58.448
G1 X15.583 Y7.234 Z55.729
G1 X15.566 Y7.705 Z52.848
G1 X15.584 Y8.545 Z50.063
G1 X15.484 Y10.526 Z47.160
G1 X15.598 Y11.831 Z43.932
G1 X15.300 Y12.076 Z41.059
G1 X15.300 Y15.890 Z37.986
G1 X15.237 Y17.338 Z35.290
G1 X15.136 Y18.464 Z32.539
G1 X15.093 Y19.658 Z29.674
G1 X15.146 Y20.002 Z26.902
G1 X15.018 Y21.525 Z23.877
G1 X14.987 Y22.067 Z20.475
G1 X15.038 Y22.063 Z17.576
G1 X14.996 Y22.063 Z14.937
G1 X15.030 Y21.842 Z12.465
G1 X15.095 Y22.088 Z10.257
G1 X15.027 Y22.408 Z7.883
G1 X15.089 Y22.647 Z5.478
G1 X15.112 Y22.993 Z2.806
G1 X15.052 Y23.179 Z-0.455
G1 X15.203 Y22.984 Z-3.572
G1 X15.178 Y22.668 Z-6.581
G1 X15.107 Y22.011 Z-9.125
G1 X15.144 Y21.715 Z-11.402
G1 X15.106 Y21.518 Z-13.839
G1 X15.156 Y21.547 Z-15.807
G1 X15.084 Y21.743 Z-17.919
G1 X15.279 Y21.710 Z-20.406
G1 X15.377 Y21.740 Z-23.460
G1 X15.467 Y21.583 Z-26.500
G1 X15.502 Y21.154 Z-29.336
G1 X15.516 Y18.922 Z-33.457
G1 X15.754 Y17.095 Z-36.777
G1 X15.787 Y16.410 Z-39.497
G1 X16.057 Y14.769 Z-41.173
G1 X15.760 Y14.274 Z-43.453
G1 X15.679 Y13.478 Z-45.892
G1 X15.795 Y11.878 Z-49.174
G1 X15.931 Y11.109 Z-52.394
G1 X16.331 Y10.224 Z-55.197
G1 X17.591 Y6.375 Z-57.874
G1 X17.956 Y6.146 Z-60.279
G1 X17.910 Y5.666 Z-63.249
G1 X17.785 Y5.600 Z-65.993
G1 X17.691 Y3.547 Z-68.852
G1 X17.707 Y3.211 Z-71.541
G1 X17.563 Y3.124 Z-74.263
G1 X17.498 Y3.065 Z-76.914
G1 X17.495 Y2.861 Z-79.507
G1 X17.499 Y2.838 Z-82.099
G1 X17.531 Y2.812 Z-84.673
G1 X17.584 Y2.582 Z-87.249
G1 X17.557 Y2.748 Z-89.823
F200.0
G0 X21.491 Y2.665 Z-89.888 ; Rapid move
F50.0
G1 X21.491 Y2.665 Z-89.888
G1 X21.491 Y2.775 Z-87.299
G1 X21.506 Y2.824 Z-84.688
G1 X21.504 Y3.036 Z-82.097
G1 X21.509 Y3.022 Z-79.507
G1 X21.672 Y3.112 Z-76.775
G1 X21.818 Y3.161 Z-74.054
G1 X21.937 Y3.237 Z-71.339
G1 X22.115 Y3.238 Z-68.581
G1 X22.100 Y5.272 Z-65.851
G1 X22.079 Y5.067 Z-63.369
G1 X22.169 Y4.645 Z-60.823
G1 X22.119 Y4.511 Z-58.314
G1 X20.745 Y8.190 Z-55.773
G1 X20.684 Y9.644 Z-52.826
G1 X20.252 Y11.192 Z-49.623
G1 X19.900 Y11.750 Z-46.182
G1 X19.897 Y12.567 Z-43.264
G1 X19.734 Y13.479 Z-41.191
G1 X19.503 Y13.767 Z-39.747
G1 X19.674 Y15.028 Z-37.030
G1 X19.436 Y17.674 Z-33.646
G1 X19.560 Y19.269 Z-29.689
G1 X19.403 Y20.238 Z-26.785
G1 X19.409 Y21.191 Z-23.833
G1 X19.302 Y21.184 Z-20.615
G1 X19.188 Y21.190 Z-17.958
G1 X19.030 Y21.001 Z-16.106
G1 X19.056 Y21.107 Z-13.909
G1 X19.076 Y21.491 Z-11.485
G1 X19.119 Y21.963 Z-8.989
G1 X19.144 Y21.946 Z-6.482
G1 X19.239 Y22.549 Z-3.570
G1 X19.165 Y22.754 Z0.004
G1 X19.124 Y22.750 Z2.686
G1 X19.134 Y22.490 Z5.480
G1 X19.021 Y22.345 Z7.791
G1 X18.932 Y21.776 Z10.129
G1 X18.970 Y21.826 Z12.524
G1 X18.978 Y21.841 Z14.924
G1 X19.005 Y21.845 Z17.715
G1 X18.913 Y21.764 Z21.093
G1 X19.244 Y21.384 Z24.068
G1 X19.133 Y19.997 Z26.920
G1 X19.031 Y19.471 Z29.748
G1 X18.985 Y18.487 Z32.513
G1 X19.124 Y16.824 Z35.411
G1 X19.255 Y14.931 Z38.105
G1 X19.269 Y12.224 Z41.072
G1 X19.218 Y10.689 Z44.102
G1 X19.571 Y9.099 Z47.357
G1 X19.538 Y8.799 Z50.196
G1 X19.531 Y8.778 Z52.802
G1 X19.597 Y7.539 Z55.868
G1 X19.754 Y6.784 Z58.499
G1 X19.716 Y6.284 Z61.166
G1 X19.795 Y5.489 Z63.819
G1 X19.801 Y5.490 Z66.407
G1 X19.774 Y4.700 Z69.115
G1 X19.774 Y4.700 Z71.705
F200.0
G0 X23.869 Y5.119 Z71.675 ; Rapid move
F50.0
G1 X23.869 Y5.119 Z71.675
G1 X23.816 Y5.904 Z69.039
G1 X23.816 Y5.342 Z66.450
G1 X23.918 Y6.271 Z63.710
G1 X23.755 Y6.443 Z61.092
G1 X23.755 Y6.443 Z58.503
G1 X23.908 Y7.437 Z55.707
G1 X23.850 Y7.688 Z52.993
G1 X23.666 Y8.471 Z50.176
G1 X23.677 Y8.929 Z47.398
G1 X23.277 Y10.509 Z44.311
G1 X23.347 Y12.593 Z41.136
G1 X23.251 Y14.030 Z38.186
G1 X23.155 Y14.908 Z35.582
G1 X23.057 Y16.970 Z32.691
G1 X23.028 Y18.937 Z29.735
G1 X23.087 Y19.804 Z26.876
G1 X23.080 Y20.482 Z24.207
G1 X23.146 Y21.546 Z20.953
G1 X22.971 Y21.689 Z17.816
G1 X23.025 Y21.812 Z14.970
G1 X22.969 Y21.573 Z12.508
G1 X22.961 Y21.653 Z10.144
G1 X22.991 Y22.084 Z7.664
G1 X23.087 Y22.198 Z5.407
G1 X23.130 Y22.519 Z2.633
G1 X23.302 Y22.516 Z-0.530
G1 X23.139 Y22.182 Z-3.666
G1 X23.108 Y21.959 Z-6.426
G1 X23.069 Y20.978 Z-8.946
G1 X23.014 Y21.027 Z-11.398
G1 X22.990 Y21.014 Z-13.910
G1 X23.089 Y20.782 Z-16.083
G1 X23.312 Y20.760 Z-18.407
G1 X23.340 Y20.756 Z-20.978
G1 X23.342 Y20.265 Z-23.750
G1 X23.402 Y19.887 Z-26.893
G1 X23.471 Y18.075 Z-29.879
G1 X23.479 Y16.786 Z-34.144
G1 X23.679 Y13.340 Z-37.294
G1 X23.698 Y12.575 Z-39.594
G1 X23.739 Y12.391 Z-41.037
G1 X24.255 Y11.246 Z-43.411
G1 X25.267 Y10.002 Z-46.919
G1 X25.255 Y9.686 Z-49.906
G1 X25.249 Y8.982 Z-53.016
G1 X25.151 Y9.069 Z-55.610
G1 X25.637 Y7.158 Z-58.392
G1 X26.119 Y4.511 Z-60.904
G1 X26.120 Y4.664 Z-63.457
G1 X26.191 Y4.743 Z-65.954
G1 X26.235 Y4.897 Z-68.449
G1 X26.172 Y2.931 Z-71.116
G1 X26.092 Y3.166 Z-73.806
G1 X25.855 Y3.105 Z-76.628
G1 X25.774 Y3.108 Z-79.285
G1 X25.626 Y3.082 Z-81.997
G1 X25.509 Y3.022 Z-84.687
G1 X25.509 Y3.022 Z-87.276
G1 X25.485 Y2.504 Z-89.894
F200.0
G0 X29.530 Y3.007 Z-89.854 ; Rapid move
F50.0
G1 X29.530 Y3.007 Z-89.854
G1 X29.664 Y3.015 Z-87.164
G1 X29.772 Y3.076 Z-84.474
G1 X29.855 Y3.105 Z-81.808
G1 X29.987 Y3.052 Z-79.116
G1 X30.145 Y3.132 Z-76.353
G1 X30.239 Y2.907 Z-73.644
G1 X30.234 Y4.881 Z-71.045
G1 X30.209 Y3.663 Z-68.496
G1 X30.120 Y3.849 Z-66.046
G1 X29.990 Y6.114 Z-63.591
G1 X29.831 Y6.326 Z-61.123
G1 X29.438 Y6.887 Z-58.661
G1 X29.485 Y7.391 Z-55.803
G1 X29.777 Y6.664 Z-53.187
G1 X29.588 Y6.667 Z-50.751
G1 X29.358 Y8.701 Z-47.912
G1 X28.423 Y10.080 Z-44.822
G1 X27.943 Y10.999 Z-41.719
G1 X27.902 Y11.351 Z-39.405
G1 X27.781 Y12.124 Z-37.436
G1 X27.767 Y13.702 Z-34.210
G1 X27.454 Y16.685 Z-30.299
G1 X27.440 Y18.678 Z-26.882
G1 X27.276 Y20.022 Z-24.013
G1 X27.268 Y20.274 Z-21.012
G1 X27.233 Y20.037 Z-18.442
G1 X27.273 Y20.032 Z-15.988
G1 X27.023 Y20.725 Z-13.920
G1 X27.021 Y20.836 Z-11.398
G1 X27.030 Y20.961 Z-8.918
G1 X27.026 Y21.536 Z-6.274
G1 X26.980 Y21.929 Z-3.464
G1 X26.985 Y21.948 Z-0.615
G1 X27.083 Y21.933 Z2.569
G1 X27.027 Y21.933 Z5.225
G1 X27.045 Y21.423 Z7.629
G1 X26.995 Y21.350 Z10.085
G1 X26.956 Y21.289 Z12.542
G1 X26.967 Y21.395 Z15.041
G1 X27.016 Y21.381 Z18.099
G1 X26.937 Y21.361 Z20.941
G1 X27.025 Y20.018 Z23.927
G1 X27.073 Y19.908 Z26.925
G1 X27.130 Y18.681 Z29.712
G1 X27.152 Y17.368 Z32.748
G1 X27.216 Y14.780 Z35.591
G1 X27.320 Y13.649 Z38.296
G1 X27.612 Y9.512 Z41.658
G1 X27.868 Y8.972 Z44.715
G1 X27.852 Y8.659 Z47.561
G1 X28.022 Y7.599 Z50.270
G1 X28.026 Y7.242 Z53.070
G1 X28.003 Y5.067 Z56.015
G1 X28.001 Y5.215 Z58.556
G1 X28.071 Y5.002 Z61.195
G1 X28.042 Y4.613 Z63.893
G1 X27.957 Y4.628 Z66.503
G1 X27.957 Y4.628 Z69.093
G1 X27.973 Y4.273 Z71.740
F200.0
G0 X32.125 Y4.221 Z71.704 ; Rapid move
F50.0
G1 X32.125 Y4.221 Z71.704
G1 X32.125 Y4.221 Z69.114
G1 X32.100 Y4.386 Z66.508
G1 X32.105 Y4.318 Z63.927
G1 X32.016 Y4.130 Z61.387
G1 X32.161 Y4.449 Z58.708
G1 X32.161 Y4.449 Z56.119
G1 X32.042 Y4.431 Z53.568
G1 X32.152 Y4.786 Z50.870
G1 X32.124 Y3.540 Z48.326
G1 X31.907 Y7.184 Z45.093
G1 X31.403 Y8.750 Z42.080
G1 X31.207 Y12.061 Z38.621
G1 X31.172 Y14.111 Z35.830
G1 X31.092 Y16.640 Z32.820
G1 X31.036 Y18.666 Z29.761
G1 X30.995 Y19.519 Z26.982
G1 X31.063 Y20.001 Z23.995
G1 X31.057 Y21.082 Z21.156
G1 X31.052 Y21.136 Z18.116
G1 X30.967 Y21.014 Z15.078
G1 X30.974 Y21.064 Z12.581
G1 X30.978 Y21.056 Z10.101
G1 X30.956 Y21.245 Z7.592
G1 X31.029 Y21.347 Z5.121
G1 X31.106 Y21.342 Z2.511
G1 X31.086 Y21.351 Z-0.525
G1 X31.083 Y21.250 Z-3.592
G1 X31.037 Y21.246 Z-6.237
G1 X31.012 Y20.966 Z-8.864
G1 X31.031 Y20.514 Z-11.386
G1 X31.090 Y20.184 Z-13.877
G1 X31.124 Y19.674 Z-16.172
G1 X31.289 Y19.381 Z-18.497
G1 X31.339 Y19.374 Z-21.046
G1 X31.379 Y19.267 Z-24.015
G1 X31.463 Y17.987 Z-27.017
G1 X31.657 Y14.350 Z-30.696
G1 X31.494 Y13.018 Z-34.692
G1 X31.713 Y10.932 Z-37.401
G1 X31.772 Y11.116 Z-39.764
G1 X32.036 Y9.399 Z-42.323
G1 X32.415 Y9.000 Z-45.162
G1 X32.457 Y8.592 Z-48.089
G1 X33.147 Y7.585 Z-50.914
G1 X33.212 Y5.506 Z-53.744
G1 X33.549 Y4.416 Z-56.227
G1 X33.564 Y5.956 Z-58.760
G1 X33.663 Y5.988 Z-61.269
G1 X33.647 Y6.033 Z-63.860
G1 X33.850 Y5.986 Z-66.299
G1 X34.013 Y3.860 Z-68.736
G1 X34.187 Y3.232 Z-71.107
G1 X34.291 Y3.694 Z-73.577
G1 X34.236 Y2.902 Z-76.238
G1 X34.147 Y2.812 Z-78.947
G1 X34.066 Y3.050 Z-81.632
G1 X33.993 Y3.030 Z-84.296
G1 X33.772 Y3.076 Z-87.064
G1 X33.728 Y3.054 Z-89.695
F200.0
G0 X37.993 Y3.030 Z-89.475 ; Rapid move
F50.0
G1 X37.993 Y3.030 Z-89.475
G1 X38.042 Y2.745 Z-86.836
G1 X38.085 Y2.728 Z-84.210
G1 X38.203 Y2.844 Z-81.471
G1 X38.236 Y2.902 Z-78.827
G1 X38.204 Y2.876 Z-76.280
G1 X38.170 Y3.188 Z-73.728
G1 X37.905 Y3.922 Z-71.406
G1 X37.858 Y3.874 Z-68.870
G1 X37.611 Y5.891 Z-66.508
G1 X37.552 Y5.857 Z-63.967
G1 X37.637 Y4.203 Z-61.368
G1 X37.464 Y5.054 Z-58.861
G1 X37.286 Y5.160 Z-56.368
G1 X37.111 Y5.982 Z-53.837
G1 X37.193 Y7.378 Z-50.979
G1 X36.932 Y7.920 Z-48.207
G1 X36.806 Y8.307 Z-45.525
G1 X36.626 Y9.133 Z-42.794
G1 X36.285 Y10.092 Z-40.124
G1 X35.821 Y10.512 Z-37.737
G1 X35.538 Y11.438 Z-34.805
G1 X35.740 Y11.947 Z-31.489
G1 X35.533 Y14.634 Z-27.232
G1 X35.544 Y18.390 Z-24.225
G1 X35.375 Y19.029 Z-21.270
G1 X35.144 Y19.140 Z-18.796
G1 X35.009 Y19.306 Z-16.436
G1 X35.021 Y19.905 Z-13.942
G1 X35.025 Y20.177 Z-11.381
G1 X35.033 Y20.565 Z-8.843
G1 X35.014 Y20.975 Z-6.210
G1 X35.051 Y21.260 Z-3.533
G1 X35.077 Y21.289 Z-0.441
G1 X35.061 Y21.289 Z2.340
G1 X34.982 Y21.152 Z5.042
G1 X34.944 Y20.898 Z7.544
G1 X34.935 Y20.873 Z10.088
G1 X34.961 Y20.873 Z12.553
G1 X34.979 Y20.962 Z15.141
G1 X35.046 Y20.951 Z17.987
G1 X35.100 Y20.782 Z21.052
G1 X35.100 Y20.122 Z23.969
G1 X35.018 Y18.563 Z26.845
G1 X34.950 Y17.685 Z29.765
G1 X35.009 Y15.417 Z33.092
G1 X35.118 Y13.251 Z35.915
G1 X35.208 Y11.989 Z38.726
G1 X35.726 Y9.250 Z42.270
G1 X35.665 Y9.074 Z45.012
G1 X36.036 Y7.644 Z47.888
G1 X35.996 Y6.523 Z50.615
G1 X36.028 Y5.968 Z53.412
G1 X36.024 Y3.459 Z56.142
G1 X35.947 Y3.135 Z58.805
G1 X35.940 Y2.774 Z61.428
G1 X35.970 Y2.680 Z64.014
G1 X35.954 Y2.783 Z66.604
G1 X35.954 Y2.994 Z69.194
G1 X35.954 Y2.994 Z71.783
F200.0
G0 X39.907 Y2.698 Z71.799 ; Rapid move
F50.0
G1 X39.907 Y2.698 Z71.799
G1 X39.907 Y2.698 Z69.210
G1 X40.036 Y3.281 Z66.529
G1 X39.992 Y3.282 Z63.951
G1 X39.935 Y3.701 Z61.385
G1 X39.963 Y3.992 Z58.736
G1 X39.949 Y5.906 Z56.043
G1 X40.004 Y6.197 Z53.339
G1 X39.708 Y7.392 Z50.693
G1 X39.687 Y8.514 Z47.951
G1 X39.752 Y9.730 Z44.921
G1 X39.627 Y10.542 Z42.140
G1 X39.519 Y11.708 Z38.852
G1 X39.136 Y13.181 Z36.023
G1 X39.008 Y14.247 Z33.237
G1 X39.040 Y17.063 Z30.187
G1 X38.924 Y18.182 Z26.943
G1 X38.854 Y19.640 Z24.106
G1 X38.939 Y20.308 Z21.121
G1 X38.933 Y20.484 Z17.952
G1 X38.844 Y20.639 Z15.291
G1 X38.845 Y20.562 Z12.596
G1 X38.864 Y20.566 Z10.072
G1 X38.851 Y20.719 Z7.571
G1 X38.861 Y20.717 Z5.024
G1 X38.855 Y20.910 Z2.279
G1 X38.911 Y20.907 Z-0.442
G1 X38.999 Y20.896 Z-3.229
G1 X38.892 Y20.669 Z-6.223
G1 X38.942 Y20.467 Z-8.819
G1 X38.942 Y20.164 Z-11.399
G1 X38.916 Y19.866 Z-13.948
G1 X38.950 Y19.308 Z-16.454
G1 X39.043 Y19.186 Z-19.023
G1 X39.297 Y18.582 Z-21.750
G1 X39.360 Y17.160 Z-24.378
G1 X39.471 Y12.377 Z-28.044
G1 X39.553 Y10.423 Z-31.680
G1 X39.547 Y9.443 Z-35.316
G1 X39.674 Y8.193 Z-38.386
G1 X40.313 Y8.263 Z-40.738
G1 X40.293 Y7.044 Z-43.579
G1 X40.765 Y6.648 Z-46.118
G1 X40.917 Y6.321 Z-48.730
G1 X41.108 Y5.464 Z-51.339
G1 X41.141 Y5.513 Z-53.905
G1 X41.304 Y5.354 Z-56.414
G1 X41.318 Y5.514 Z-58.978
G1 X41.450 Y4.763 Z-61.498
G1 X41.491 Y4.582 Z-64.074
G1 X41.654 Y4.117 Z-66.543
G1 X41.603 Y4.096 Z-69.172
G1 X41.754 Y3.461 Z-71.623
G1 X41.832 Y3.938 Z-74.055
G1 X42.073 Y3.918 Z-76.433
G1 X42.171 Y3.113 Z-78.929
G1 X42.180 Y2.837 Z-81.496
G1 X42.203 Y2.844 Z-84.061
G1 X42.133 Y2.710 Z-86.758
G1 X42.085 Y2.728 Z-89.390
F200.0
G0 X46.133 Y2.710 Z-89.348 ; Rapid move
F50.0
G1 X46.133 Y2.710 Z-89.348
G1 X46.174 Y2.845 Z-86.680
G1 X46.217 Y2.809 Z-84.056
G1 X46.201 Y3.046 Z-81.506
G1 X46.003 Y3.814 Z-79.116
G1 X45.879 Y3.640 Z-76.672
G1 X45.598 Y4.155 Z-74.350
G1 X45.607 Y4.121 Z-71.756
G1 X45.537 Y4.589 Z-69.221
G1 X45.392 Y5.255 Z-66.726
G1 X45.209 Y5.478 Z-64.229
G1 X45.122 Y5.597 Z-61.673
G1 X45.006 Y5.522 Z-59.157
G1 X45.120 Y5.243 Z-56.531
G1 X44.792 Y5.541 Z-54.103
G1 X44.762 Y5.570 Z-51.525
G1 X44.659 Y6.270 Z-48.867
G1 X44.708 Y6.523 Z-46.186
G1 X44.519 Y6.678 Z-43.629
G1 X43.881 Y7.574 Z-41.148
G1 X44.233 Y7.625 Z-38.428
G1 X44.134 Y7.878 Z-35.757
G1 X43.028 Y11.198 Z-32.089
G1 X43.146 Y11.939 Z-28.300
G1 X42.827 Y14.318 Z-24.518
G1 X42.800 Y18.278 Z-21.853
G1 X42.810 Y18.744 Z-19.133
G1 X42.800 Y19.289 Z-16.514
G1 X42.799 Y19.506 Z-13.921
G1 X42.806 Y20.017 Z-11.377
G1 X42.796 Y20.440 Z-8.830
G1 X42.800 Y20.605 Z-6.224
G1 X42.875 Y20.702 Z-3.316
G1 X42.815 Y20.714 Z-0.510
G1 X42.782 Y20.648 Z2.346
G1 X42.774 Y20.646 Z4.980
G1 X42.793 Y20.571 Z7.562
G1 X42.757 Y20.483 Z10.063
G1 X42.785 Y20.390 Z12.605
G1 X42.773 Y20.371 Z15.368
G1 X42.725 Y20.352 Z18.237
G1 X42.775 Y20.173 Z21.051
G1 X42.761 Y19.346 Z23.940
G1 X42.944 Y18.157 Z27.020
G1 X43.257 Y16.122 Z30.321
G1 X43.207 Y14.664 Z33.212
G1 X43.462 Y11.235 Z36.251
G1 X43.608 Y10.884 Z39.221
G1 X43.438 Y10.425 Z42.155
G1 X43.493 Y9.562 Z45.106
G1 X43.577 Y8.386 Z48.055
G1 X43.577 Y8.386 Z50.645
G1 X43.723 Y5.722 Z53.431
G1 X43.749 Y5.215 Z56.037
G1 X43.786 Y5.206 Z58.621
G1 X43.837 Y4.894 Z61.294
G1 X43.835 Y4.087 Z63.928
G1 X43.863 Y3.974 Z66.536
G1 X43.879 Y3.805 Z69.153
G1 X43.998 Y3.496 Z71.753
F200.0
G0 X47.859 Y3.672 Z71.768 ; Rapid move
F50.0
G1 X47.859 Y3.672 Z71.768
G1 X47.851 Y4.530 Z69.143
G1 X47.789 Y4.860 Z66.494
G1 X47.704 Y4.819 Z63.934
G1 X47.651 Y5.360 Z61.330
G1 X47.596 Y5.673 Z58.655
G1 X47.596 Y5.673 Z56.065
G1 X47.596 Y5.673 Z53.475
G1 X47.459 Y5.752 Z50.883
G1 X47.438 Y7.503 Z48.141
G1 X47.512 Y7.736 Z45.424
G1 X47.675 Y8.024 Z42.635
G1 X47.559 Y8.498 Z39.740
G1 X47.328 Y12.114 Z36.389
G1 X47.118 Y13.476 Z33.472
G1 X47.036 Y15.501 Z30.527
G1 X46.637 Y17.935 Z27.207
G1 X46.879 Y19.126 Z23.961
G1 X46.863 Y20.056 Z21.092
G1 X46.826 Y20.188 Z18.332
G1 X46.770 Y20.226 Z15.426
G1 X46.775 Y20.300 Z12.618
G1 X46.789 Y20.432 Z10.061
G1 X46.764 Y20.564 Z7.558
G1 X46.758 Y20.647 Z4.969
G1 X46.748 Y20.650 Z2.204
G1 X46.785 Y20.646 Z-0.568
G1 X46.743 Y20.633 Z-3.385
G1 X46.770 Y20.490 Z-6.180
G1 X46.760 Y20.015 Z-8.805
G1 X46.739 Y19.967 Z-11.352
G1 X46.732 Y19.700 Z-13.922
G1 X46.738 Y19.031 Z-16.509
G1 X46.732 Y18.737 Z-19.197
G1 X46.723 Y18.192 Z-21.866
G1 X46.753 Y10.858 Z-25.324
G1 X47.591 Y10.031 Z-29.274
G1 X47.660 Y9.471 Z-32.459
G1 X47.693 Y8.565 Z-35.707
G1 X47.771 Y7.930 Z-38.429
G1 X47.687 Y7.633 Z-41.172
G1 X47.665 Y7.410 Z-43.851
G1 X47.665 Y7.410 Z-46.441
G1 X47.806 Y7.217 Z-49.062
G1 X48.098 Y7.005 Z-51.632
G1 X48.299 Y6.610 Z-54.243
G1 X48.283 Y6.364 Z-56.876
G1 X48.622 Y5.673 Z-59.347
G1 X48.982 Y5.129 Z-61.791
G1 X49.011 Y5.218 Z-64.361
G1 X49.066 Y5.440 Z-66.904
G1 X49.103 Y5.417 Z-69.475
G1 X49.340 Y5.316 Z-71.934
G1 X49.531 Y4.692 Z-74.398
G1 X49.597 Y4.025 Z-76.949
G1 X49.788 Y3.741 Z-79.353
G1 X49.937 Y3.121 Z-81.815
G1 X50.115 Y3.720 Z-84.211
G1 X50.241 Y2.373 Z-86.652
G1 X50.239 Y2.731 Z-89.235
F200.0
G0 X54.242 Y2.923 Z-89.263 ; Rapid move
F50.0
G1 X54.242 Y2.923 Z-89.263
G1 X53.961 Y2.788 Z-86.970
G1 X53.851 Y3.784 Z-84.474
G1 X53.605 Y4.047 Z-82.122
G1 X53.534 Y4.531 Z-79.586
G1 X53.194 Y5.190 Z-77.211
G1 X53.052 Y5.329 Z-74.692
G1 X48.398 Y5.114 Z-63.267
G1 X48.609 Y5.067 Z-60.575
G1 X52.618 Y5.080 Z-67.143
G1 X48.854 Y6.240 Z-55.313
G1 X52.357 Y6.098 Z-62.055
G1 X52.089 Y6.230 Z-59.542
G1 X52.089 Y6.230 Z-56.952
G1 X51.948 Y6.866 Z-54.367
G1 X51.948 Y6.866 Z-51.777
G1 X51.910 Y6.853 Z-49.199
G1 X51.918 Y7.205 Z-46.541
G1 X51.900 Y7.552 Z-43.863
G1 X51.813 Y7.522 Z-41.305
G1 X51.683 Y7.781 Z-38.660
G1 X51.642 Y7.757 Z-36.087
G1 X51.499 Y10.464 Z-32.394
G1 X51.213 Y11.102 Z-29.110
G1 X51.060 Y11.687 Z-25.430
G1 X50.763 Y17.821 Z-21.927
G1 X50.705 Y18.402 Z-19.214
G1 X50.717 Y19.066 Z-16.503
G1 X50.737 Y19.462 Z-13.903
G1 X50.755 Y19.793 Z-11.338
G1 X50.772 Y19.962 Z-8.801
G1 X50.766 Y20.375 Z-6.190
G1 X50.779 Y20.495 Z-3.553
G1 X50.788 Y20.521 Z-0.664
G1 X50.799 Y20.528 Z2.141
G1 X50.761 Y20.527 Z4.964
G1 X50.753 Y20.488 Z7.573
G1 X50.773 Y20.299 Z10.075
G1 X50.776 Y20.175 Z12.636
G1 X50.791 Y20.172 Z15.344
G1 X50.836 Y20.126 Z18.279
G1 X50.748 Y19.516 Z21.194
G1 X50.818 Y19.069 Z24.130
G1 X50.761 Y17.299 Z27.423
G1 X51.123 Y14.276 Z30.670
G1 X51.099 Y13.461 Z33.497
G1 X51.109 Y10.905 Z36.787
G1 X51.506 Y10.595 Z39.599
G1 X51.434 Y6.069 Z42.941
G1 X51.434 Y6.286 Z45.531
G1 X51.453 Y5.479 Z48.414
G1 X51.511 Y5.116 Z51.056
G1 X51.511 Y5.116 Z53.646
G1 X51.530 Y5.149 Z56.225
G1 X51.539 Y5.106 Z58.823
G1 X51.530 Y5.140 Z61.407
G1 X51.665 Y5.262 Z63.942
G1 X51.687 Y4.648 Z66.559
G1 X51.665 Y5.262 Z69.122
G1 X51.687 Y4.395 Z71.765
F200.0
G0 X55.525 Y4.934 Z71.788 ; Rapid move
F50.0
G1 X55.525 Y4.934 Z71.788
G1 X55.525 Y4.934 Z69.198
G1 X55.525 Y4.934 Z66.608
G1 X55.525 Y4.934 Z64.018
G1 X55.476 Y5.026 Z61.417
G1 X55.555 Y5.184 Z58.826
G1 X55.432 Y5.228 Z56.248
G1 X55.567 Y5.000 Z53.679
G1 X55.428 Y5.474 Z51.009
G1 X55.426 Y5.698 Z48.353
G1 X55.479 Y6.288 Z45.522
G1 X55.528 Y7.461 Z42.791
G1 X55.060 Y8.223 Z39.761
G1 X55.167 Y12.148 Z36.738
G1 X54.964 Y12.551 Z33.699
G1 X54.787 Y15.156 Z30.841
G1 X54.956 Y17.072 Z27.421
G1 X54.884 Y18.388 Z24.295
G1 X54.760 Y19.843 Z21.272
G1 X54.831 Y20.013 Z18.184
G1 X54.837 Y20.091 Z15.339
G1 X54.782 Y20.159 Z12.653
G1 X54.763 Y20.240 Z10.103
G1 X54.753 Y20.350 Z7.560
G1 X54.766 Y20.490 Z4.916
G1 X54.861 Y20.489 Z2.140
G1 X54.839 Y20.478 Z-0.725
G1 X54.819 Y20.331 Z-3.450
G1 X54.759 Y20.322 Z-6.140
G1 X54.758 Y19.915 Z-8.756
G1 X54.743 Y19.566 Z-11.305
G1 X54.731 Y19.323 Z-13.875
G1 X54.711 Y19.068 Z-16.482
G1 X54.723 Y18.374 Z-19.184
G1 X54.905 Y13.683 Z-22.012
G1 X54.884 Y11.574 Z-25.733
G1 X55.373 Y10.589 Z-29.705
G1 X55.544 Y10.138 Z-32.676
G1 X55.928 Y9.314 Z-35.718
G1 X55.748 Y9.061 Z-38.483
G1 X55.561 Y8.626 Z-41.288
G1 X55.520 Y8.546 Z-43.912
G1 X55.669 Y8.481 Z-46.494
G1 X55.853 Y8.295 Z-49.096
G1 X55.881 Y7.923 Z-51.764
G1 X55.939 Y7.645 Z-54.384
G1 X53.421 Y6.214 Z-47.338
G1 X53.375 Y6.227 Z-49.940
G1 X55.966 Y6.172 Z-62.187
G1 X55.948 Y6.307 Z-64.779
G1 X53.305 Y6.211 Z-57.729
G1 X53.151 Y5.500 Z-60.375
G1 X53.071 Y5.453 Z-62.988
G1 X52.854 Y5.435 Z-65.672
G1 X52.562 Y4.984 Z-68.365
G1 X56.791 Y5.013 Z-80.016
G1 X56.853 Y5.218 Z-82.570
G1 X57.534 Y4.531 Z-84.765
G1 X57.771 Y4.370 Z-87.145
G1 X58.016 Y3.547 Z-89.544
F200.0
G0 X60.821 Y5.424 Z-90.237 ; Rapid move
F50.0
G1 X60.821 Y5.424 Z-90.237
G1 X60.836 Y5.293 Z-87.754
G1 X60.636 Y5.278 Z-85.256
G1 X57.021 Y4.916 Z-73.358
G1 X57.076 Y6.362 Z-70.754
G1 X60.088 Y6.275 Z-77.690
G1 X59.929 Y6.203 Z-75.146
G1 X59.929 Y6.203 Z-72.556
G1 X59.881 Y6.197 Z-69.978
G1 X59.851 Y6.185 Z-67.396
G1 X57.497 Y7.018 Z-55.088
G1 X59.883 Y7.587 Z-62.175
G1 X59.834 Y7.395 Z-59.616
G1 X59.808 Y7.415 Z-57.031
G1 X59.731 Y8.094 Z-54.354
G1 X59.562 Y8.421 Z-51.713
G1 X59.617 Y8.461 Z-49.100
G1 X59.693 Y8.674 Z-46.424
G1 X59.693 Y8.674 Z-43.834
G1 X59.596 Y8.035 Z-41.266
G1 X59.532 Y8.199 Z-38.627
G1 X59.489 Y8.585 Z-35.872
G1 X59.526 Y8.871 Z-33.121
G1 X59.414 Y9.343 Z-30.239
G1 X59.658 Y10.008 Z-26.988
G1 X59.465 Y11.108 Z-22.527
G1 X58.729 Y18.273 Z-19.098
G1 X58.716 Y18.807 Z-16.456
G1 X58.725 Y18.992 Z-13.862
G1 X58.738 Y19.366 Z-11.280
G1 X58.740 Y19.829 Z-8.744
G1 X58.751 Y19.941 Z-6.134
G1 X58.756 Y20.269 Z-3.415
G1 X58.700 Y20.348 Z-0.656
G1 X58.690 Y20.356 Z2.178
G1 X58.753 Y20.350 Z4.975
G1 X58.750 Y20.286 Z7.564
G1 X58.750 Y20.158 Z10.137
G1 X58.772 Y20.061 Z12.666
G1 X58.763 Y20.042 Z15.373
G1 X58.681 Y19.913 Z18.182
G1 X58.824 Y19.861 Z21.133
G1 X58.887 Y17.905 Z24.323
G1 X58.936 Y15.563 Z27.479
G1 X59.130 Y14.029 Z30.701
G1 X59.099 Y11.416 Z34.017
G1 X59.122 Y11.148 Z36.881
G1 X59.176 Y10.394 Z39.612
G1 X59.528 Y8.000 Z42.800
G1 X59.648 Y7.510 Z45.597
G1 X59.609 Y7.425 Z48.229
G1 X59.587 Y6.596 Z50.920
G1 X59.538 Y6.064 Z53.656
G1 X59.538 Y5.151 Z56.246
G1 X59.581 Y5.160 Z58.826
G1 X59.581 Y5.160 Z61.416
G1 X59.581 Y5.160 Z64.006
G1 X59.571 Y5.088 Z66.612
G1 X59.532 Y5.044 Z69.217
G1 X59.532 Y5.044 Z71.807
F200.0
G0 X63.559 Y5.068 Z71.797 ; Rapid move
F50.0
G1 X63.559 Y5.068 Z71.797
G1 X63.552 Y5.112 Z69.201
G1 X63.598 Y4.946 Z66.631
G1 X63.554 Y5.094 Z64.024
G1 X63.554 Y5.094 Z61.434
G1 X63.554 Y6.007 Z58.844
G1 X63.536 Y6.029 Z56.254
G1 X63.537 Y7.047 Z53.551
G1 X63.447 Y7.426 Z50.849
G1 X63.567 Y7.580 Z48.174
G1 X63.567 Y7.580 Z45.584
G1 X63.592 Y7.695 Z42.939
G1 X63.578 Y7.888 Z40.259
G1 X63.227 Y10.328 Z37.170
G1 X63.040 Y10.630 Z34.342
G1 X63.089 Y13.762 Z31.101
G1 X62.899 Y14.993 Z27.932
G1 X62.840 Y18.417 Z24.232
G1 X62.815 Y19.631 Z20.953
G1 X62.762 Y19.854 Z18.182
G1 X62.732 Y19.929 Z15.344
G1 X62.751 Y19.969 Z12.709
G1 X62.745 Y20.122 Z10.143
G1 X62.747 Y20.203 Z7.555
G1 X62.755 Y20.286 Z4.966
G1 X62.766 Y20.288 Z2.263
G1 X62.698 Y20.284 Z-0.617
G1 X62.695 Y20.216 Z-3.412
G1 X62.744 Y20.045 Z-6.169
G1 X62.742 Y19.637 Z-8.730
G1 X62.740 Y19.367 Z-11.276
G1 X62.733 Y19.030 Z-13.843
G1 X62.746 Y18.626 Z-16.472
G1 X62.703 Y12.050 Z-19.251
G1 X63.343 Y10.309 Z-23.171
G1 X63.796 Y8.343 Z-27.851
G1 X63.462 Y7.717 Z-30.833
G1 X63.582 Y8.431 Z-33.338
G1 X63.754 Y7.819 Z-36.124
G1 X63.918 Y7.676 Z-38.715
G1 X63.843 Y7.634 Z-41.336
G1 X63.771 Y7.417 Z-43.995
G1 X63.771 Y7.417 Z-46.585
G1 X63.746 Y7.396 Z-49.185
G1 X63.774 Y7.294 Z-51.789
G1 X63.827 Y7.273 Z-54.370
G1 X63.827 Y7.273 Z-56.960
G1 X63.827 Y7.908 Z-59.550
G1 X63.814 Y7.689 Z-62.179
G1 X63.764 Y7.674 Z-64.782
G1 X63.797 Y7.589 Z-67.375
G1 X63.797 Y7.589 Z-69.965
G1 X63.883 Y7.243 Z-72.563
G1 X61.497 Y7.018 Z-65.447
G1 X63.889 Y7.197 Z-77.743
G1 X63.889 Y6.315 Z-80.333
G1 X63.851 Y6.185 Z-82.935
G1 X63.862 Y6.217 Z-85.522
G1 X64.018 Y6.288 Z-88.069
G1 X64.249 Y6.463 Z-90.580
F200.0
G0 X67.835 Y7.212 Z-90.705 ; Rapid move
F50.0
G1 X67.835 Y7.212 Z-90.705
G1 X67.864 Y7.228 Z-88.107
G1 X67.846 Y7.226 Z-85.522
G1 X67.794 Y6.376 Z-82.943
G1 X67.780 Y6.633 Z-80.356
G1 X67.737 Y6.622 Z-77.776
G1 X67.781 Y6.796 Z-75.165
G1 X67.781 Y6.796 Z-72.575
G1 X67.781 Y6.796 Z-69.985
G1 X67.775 Y6.997 Z-67.375
G1 X67.748 Y7.112 Z-64.775
G1 X67.748 Y6.008 Z-62.185
G1 X67.748 Y6.538 Z-59.596
G1 X67.795 Y6.501 Z-57.001
G1 X67.795 Y6.501 Z-54.411
G1 X67.795 Y6.501 Z-51.821
G1 X67.853 Y6.903 Z-49.142
G1 X67.853 Y6.898 Z-46.553
G1 X67.818 Y6.949 Z-43.960
G1 X67.818 Y6.949 Z-41.370
G1 X67.788 Y6.933 Z-38.791
G1 X67.890 Y7.248 Z-36.090
G1 X67.818 Y4.374 Z-33.619
G1 X67.851 Y7.248 Z-30.920
G1 X67.727 Y6.889 Z-28.414
G1 X67.119 Y9.662 Z-24.033
G1 X66.361 Y10.599 Z-20.466
G1 X66.734 Y18.252 Z-16.461
G1 X66.737 Y19.056 Z-13.845
G1 X66.740 Y19.348 Z-11.283
G1 X66.734 Y19.638 Z-8.720
G1 X66.739 Y20.046 Z-6.164
G1 X66.684 Y20.213 Z-3.442
G1 X66.766 Y20.228 Z-0.624
G1 X66.763 Y20.234 Z2.263
G1 X66.749 Y20.232 Z4.959
G1 X66.746 Y20.143 Z7.552
G1 X66.745 Y20.016 Z10.143
G1 X66.744 Y19.951 Z12.715
G1 X66.727 Y19.867 Z15.397
G1 X66.602 Y19.753 Z18.241
G1 X66.759 Y19.603 Z21.160
G1 X66.787 Y17.991 Z24.281
G1 X66.818 Y15.047 Z27.837
G1 X67.030 Y12.381 Z31.149
G1 X67.111 Y10.374 Z34.558
G1 X67.159 Y10.236 Z37.225
G1 X67.561 Y7.801 Z40.275
G1 X67.596 Y7.680 Z42.916
G1 X67.615 Y7.485 Z45.589
G1 X67.535 Y7.114 Z48.332
G1 X67.535 Y7.114 Z50.922
G1 X67.581 Y5.112 Z53.641
G1 X67.552 Y4.938 Z56.269
G1 X67.552 Y4.938 Z58.859
G1 X67.560 Y4.938 Z61.448
G1 X67.560 Y4.938 Z64.037
G1 X67.560 Y4.938 Z66.627
G1 X67.530 Y4.894 Z69.230
G1 X67.498 Y4.797 Z71.840
F200.0
G0 X71.614 Y4.719 Z71.829 ; Rapid move
F50.0
G1 X71.614 Y4.719 Z71.829
G1 X71.636 Y5.003 Z69.191
G1 X71.634 Y4.863 Z66.625
G1 X71.634 Y4.863 Z64.035
G1 X71.634 Y4.863 Z61.446
G1 X71.634 Y4.863 Z58.856
G1 X71.599 Y4.852 Z56.274
G1 X71.599 Y4.852 Z53.685
G1 X71.585 Y4.969 Z51.078
G1 X71.621 Y5.183 Z48.438
G1 X71.527 Y7.237 Z45.702
G1 X71.380 Y7.644 Z42.972
G1 X71.354 Y7.721 Z40.351
G1 X71.091 Y8.395 Z37.644
G1 X71.064 Y10.209 Z34.578
G1 X71.130 Y11.879 Z31.445
G1 X70.936 Y12.275 Z28.430
G1 X70.867 Y14.808 Z24.468
G1 X70.855 Y19.065 Z21.369
G1 X70.954 Y19.595 Z18.256
G1 X70.745 Y19.791 Z15.354
G1 X70.745 Y19.844 Z12.730
G1 X70.745 Y19.946 Z10.143
G1 X70.741 Y20.017 Z7.551
G1 X70.744 Y20.104 Z4.959
G1 X70.749 Y20.171 Z2.238
G1 X70.765 Y20.232 Z-0.547
G1 X70.770 Y20.149 Z-3.433
G1 X70.746 Y19.870 Z-6.148
G1 X70.738 Y19.605 Z-8.719
G1 X70.729 Y19.276 Z-11.287
G1 X70.720 Y18.954 Z-13.856
G1 X70.710 Y12.392 Z-16.794
G1 X70.492 Y10.227 Z-21.187
G1 X71.201 Y9.791 Z-24.327
G1 X71.557 Y8.537 Z-27.912
G1 X71.863 Y7.443 Z-30.919
G1 X71.781 Y7.353 Z-33.556
G1 X71.909 Y7.307 Z-36.127
G1 X71.841 Y7.174 Z-38.769
G1 X71.962 Y6.807 Z-41.326
G1 X72.009 Y6.795 Z-43.906
G1 X71.983 Y3.949 Z-46.619
G1 X71.983 Y3.949 Z-49.209
G1 X71.877 Y6.626 Z-51.781
G1 X71.849 Y6.622 Z-54.379
G1 X71.849 Y6.622 Z-56.969
G1 X71.845 Y6.573 Z-59.568
G1 X71.845 Y6.573 Z-62.158
G1 X71.795 Y6.501 Z-64.770
G1 X71.795 Y6.501 Z-67.360
G1 X71.795 Y6.501 Z-69.950
G1 X71.748 Y6.259 Z-72.579
G1 X71.736 Y6.283 Z-75.169
G1 X71.776 Y6.015 Z-77.769
G1 X71.753 Y5.563 Z-80.360
G1 X71.753 Y6.667 Z-82.950
G1 X71.770 Y6.789 Z-85.527
G1 X71.770 Y5.685 Z-88.117
G1 X71.781 Y5.692 Z-90.704
F200.0
G0 X75.776 Y6.015 Z-90.718 ; Rapid move
F50.0
G1 X75.776 Y6.015 Z-90.718
G1 X75.748 Y6.259 Z-88.118
G1 X75.748 Y6.259 Z-85.528
G1 X75.803 Y6.304 Z-82.922
G1 X75.803 Y6.304 Z-80.332
G1 X75.845 Y6.573 Z-77.697
G1 X75.845 Y6.573 Z-75.107
G1 X75.742 Y6.484 Z-72.554
G1 X75.887 Y6.558 Z-69.919
G1 X75.773 Y6.540 Z-67.359
G1 X75.795 Y3.607 Z-64.818
G1 X75.795 Y3.607 Z-62.228
G1 X75.785 Y3.769 Z-59.633
G1 X75.707 Y3.682 Z-57.065
G1 X75.707 Y3.682 Z-54.475
G1 X75.764 Y3.720 Z-51.860
G1 X75.374 Y6.925 Z-49.188
G1 X75.568 Y3.724 Z-46.720
G1 X75.505 Y3.992 Z-44.111
G1 X75.612 Y3.802 Z-41.520
G1 X75.614 Y4.241 Z-38.862
G1 X75.578 Y4.368 Z-36.252
G1 X75.302 Y7.217 Z-33.578
G1 X75.328 Y7.661 Z-30.833
G1 X75.303 Y8.538 Z-28.047
G1 X75.019 Y10.125 Z-24.724
G1 X75.269 Y12.042 Z-20.441
G1 X74.736 Y12.377 Z-16.873
G1 X74.669 Y18.598 Z-13.846
G1 X74.678 Y19.377 Z-11.268
G1 X74.697 Y19.753 Z-8.707
G1 X74.690 Y20.042 Z-6.074
G1 X74.654 Y20.069 Z-3.385
G1 X74.613 Y20.081 Z-0.602
G1 X74.656 Y20.087 Z2.204
G1 X74.702 Y20.084 Z4.964
G1 X74.706 Y20.010 Z7.557
G1 X74.718 Y19.877 Z10.152
G1 X74.744 Y19.731 Z12.740
G1 X74.778 Y19.727 Z15.423
G1 X74.915 Y19.582 Z18.359
G1 X74.905 Y18.690 Z21.333
G1 X74.610 Y14.928 Z24.517
G1 X74.400 Y12.393 Z28.258
G1 X74.834 Y9.016 Z32.075
G1 X74.983 Y8.310 Z35.110
G1 X74.927 Y7.900 Z37.730
G1 X75.077 Y7.560 Z40.451
G1 X75.077 Y7.392 Z43.041
G1 X75.331 Y4.437 Z45.909
G1 X75.331 Y4.437 Z48.498
G1 X75.431 Y4.299 Z51.101
G1 X75.431 Y4.299 Z53.691
G1 X75.414 Y4.241 Z56.293
G1 X75.511 Y4.244 Z58.867
G1 X75.537 Y3.252 Z61.475
G1 X75.537 Y3.252 Z64.065
G1 X75.537 Y3.252 Z66.655
G1 X75.580 Y2.853 Z69.244
G1 X75.575 Y2.807 Z71.840
F200.0
G0 X78.964 Y1.604 Z71.928 ; Rapid move
F50.0
G1 X78.964 Y1.604 Z71.928
G1 X78.987 Y1.661 Z69.331
G1 X78.972 Y3.296 Z66.715
G1 X78.979 Y3.373 Z64.109
G1 X78.933 Y3.313 Z61.535
G1 X78.933 Y3.313 Z58.945
G1 X78.913 Y3.878 Z56.361
G1 X78.913 Y3.878 Z53.771
G1 X78.827 Y3.956 Z51.173
G1 X78.774 Y3.997 Z48.577
G1 X78.774 Y3.997 Z45.988
G1 X78.813 Y4.019 Z43.393
G1 X78.782 Y4.079 Z40.793
G1 X78.742 Y4.319 Z38.154
G1 X78.802 Y8.016 Z34.964
G1 X78.916 Y8.563 Z32.142
G1 X78.638 Y11.784 Z28.354
G1 X78.800 Y14.846 Z24.715
G1 X78.746 Y18.699 Z21.304
G1 X78.654 Y19.460 Z18.408
G1 X78.725 Y19.721 Z15.521
G1 X78.726 Y19.825 Z12.796
G1 X78.704 Y19.939 Z10.201
G1 X78.661 Y20.022 Z7.581
G1 X78.646 Y20.066 Z4.942
G1 X78.665 Y20.068 Z2.242
G1 X78.681 Y20.063 Z-0.602
G1 X78.605 Y20.054 Z-3.338
G1 X78.638 Y19.989 Z-6.135
G1 X78.639 Y19.572 Z-8.703
G1 X78.643 Y19.221 Z-11.273
G1 X78.634 Y18.820 Z-13.897
G1 X78.639 Y11.613 Z-16.874
G1 X78.587 Y10.857 Z-21.294
G1 X78.789 Y9.877 Z-24.963
G1 X78.569 Y9.057 Z-28.100
G1 X78.653 Y8.320 Z-30.840
G1 X78.730 Y7.996 Z-33.522
G1 X78.871 Y8.037 Z-36.132
G1 X78.977 Y8.088 Z-38.697
G1 X79.126 Y6.888 Z-41.464
G1 X79.400 Y5.332 Z-44.094
G1 X79.127 Y5.756 Z-46.620
G1 X79.180 Y5.760 Z-49.204
G1 X79.207 Y5.712 Z-51.803
G1 X79.151 Y5.626 Z-54.421
G1 X79.124 Y5.269 Z-57.087
G1 X79.124 Y5.269 Z-59.677
G1 X79.127 Y3.885 Z-62.303
G1 X79.127 Y3.885 Z-64.893
G1 X79.240 Y3.906 Z-67.469
G1 X79.240 Y4.058 Z-70.059
G1 X79.240 Y4.058 Z-72.648
G1 X78.078 Y3.607 Z-65.344
G1 X78.055 Y4.168 Z-67.985
G1 X78.055 Y4.168 Z-70.575
G1 X78.023 Y3.543 Z-73.119
G1 X78.023 Y3.543 Z-75.709
G1 X78.023 Y3.543 Z-78.299
G1 X78.023 Y3.543 Z-80.888
F200.0
G0 X82.209 Y4.129 Z-80.912 ; Rapid move
F50.0
G1 X82.209 Y4.129 Z-80.912
G1 X82.258 Y3.862 Z-78.303
G1 X83.063 Y3.788 Z-85.627
G1 X83.046 Y3.548 Z-83.056
G1 X83.046 Y3.548 Z-80.466
G1 X82.315 Y3.505 Z-67.914
G1 X83.000 Y4.500 Z-75.295
G1 X82.378 Y4.717 Z-62.733
G1 X82.409 Y4.803 Z-60.147
G1 X82.409 Y4.803 Z-57.557
G1 X82.482 Y5.044 Z-54.987
G1 X82.482 Y5.044 Z-52.397
G1 X82.691 Y4.526 Z-59.766
G1 X82.464 Y4.682 Z-57.166
G1 X82.461 Y4.814 Z-54.568
G1 X82.461 Y4.814 Z-51.978
G1 X82.618 Y5.248 Z-49.341
G1 X82.600 Y5.429 Z-46.718
G1 X82.600 Y5.429 Z-44.128
G1 X82.547 Y5.532 Z-41.515
G1 X82.617 Y5.538 Z-38.925
G1 X82.621 Y5.879 Z-36.246
G1 X82.592 Y5.891 Z-33.652
G1 X82.592 Y5.891 Z-31.062
G1 X82.636 Y5.860 Z-28.482
G1 X82.502 Y10.630 Z-24.539
G1 X82.530 Y11.286 Z-21.091
G1 X82.700 Y12.938 Z-16.850
G1 X82.654 Y18.797 Z-13.889
G1 X82.620 Y19.492 Z-11.273
G1 X82.633 Y19.803 Z-8.706
G1 X82.634 Y19.990 Z-6.127
G1 X82.621 Y20.120 Z-3.402
G1 X82.640 Y20.137 Z-0.511
G1 X82.685 Y20.139 Z2.191
G1 X82.621 Y20.048 Z4.965
G1 X82.615 Y20.045 Z7.643
G1 X82.653 Y19.974 Z10.256
G1 X82.670 Y19.932 Z12.842
G1 X82.708 Y19.768 Z15.561
G1 X82.705 Y19.463 Z18.386
G1 X82.724 Y18.406 Z21.224
G1 X82.806 Y15.547 Z24.601
G1 X82.978 Y11.807 Z28.305
G1 X83.020 Y11.188 Z31.641
G1 X82.403 Y9.374 Z34.876
G1 X82.300 Y7.805 Z37.813
G1 X82.430 Y7.060 Z40.532
G1 X82.601 Y5.931 Z43.205
G1 X82.723 Y5.797 Z45.838
G1 X82.546 Y5.560 Z48.493
G1 X82.504 Y4.095 Z51.148
G1 X82.484 Y3.828 Z53.754
G1 X82.484 Y3.828 Z56.344
G1 X82.474 Y3.774 Z58.942
G1 X82.474 Y3.774 Z61.532
G1 X82.474 Y3.774 Z64.122
G1 X82.474 Y3.774 Z66.712
G1 X82.505 Y2.836 Z69.323
G1 X82.543 Y2.829 Z71.915
F200.0
G0 X86.516 Y4.177 Z71.912 ; Rapid move
F50.0
G1 X86.516 Y4.177 Z71.912
G1 X86.516 Y4.177 Z69.322
G1 X86.516 Y4.177 Z66.732
G1 X86.516 Y4.177 Z64.142
G1 X86.465 Y4.292 Z61.534
G1 X86.465 Y4.292 Z58.944
G1 X86.465 Y4.292 Z56.354
G1 X86.480 Y4.429 Z53.742
G1 X86.737 Y6.157 Z51.073
G1 X86.772 Y6.265 Z48.453
G1 X86.733 Y6.337 Z45.842
G1 X86.839 Y6.419 Z43.224
G1 X86.839 Y6.419 Z40.634
G1 X86.818 Y6.693 Z37.948
G1 X86.582 Y8.791 Z34.963
G1 X86.721 Y9.944 Z31.877
G1 X86.944 Y11.203 Z28.661
G1 X86.884 Y13.109 Z24.900
G1 X86.720 Y18.862 Z21.227
G1 X86.719 Y19.416 Z18.429
G1 X86.713 Y19.869 Z15.591
G1 X86.704 Y19.936 Z12.888
G1 X86.632 Y19.971 Z10.309
G1 X86.595 Y20.048 Z7.655
G1 X86.630 Y20.164 Z4.943
G1 X86.625 Y20.166 Z2.217
G1 X86.625 Y20.163 Z-0.558
G1 X86.592 Y20.142 Z-3.453
G1 X86.626 Y20.107 Z-6.118
G1 X86.625 Y19.783 Z-8.701
G1 X86.627 Y19.383 Z-11.273
G1 X86.623 Y18.901 Z-13.929
G1 X86.654 Y12.978 Z-16.956
G1 X86.079 Y12.549 Z-20.684
G1 X86.635 Y11.420 Z-24.323
G1 X87.186 Y10.764 Z-27.525
G1 X87.092 Y9.623 Z-30.674
G1 X86.630 Y9.287 Z-33.446
G1 X86.458 Y8.221 Z-36.254
G1 X86.502 Y8.149 Z-38.866
G1 X86.316 Y5.142 Z-41.575
G1 X86.281 Y5.096 Z-44.169
G1 X86.281 Y5.096 Z-46.758
G1 X86.345 Y4.905 Z-49.375
G1 X86.345 Y4.905 Z-51.964
G1 X86.451 Y4.784 Z-54.570
G1 X86.451 Y4.784 Z-57.160
G1 X86.953 Y3.540 Z-49.775
G1 X86.953 Y3.540 Z-52.365
G1 X86.953 Y3.540 Z-54.955
G1 X86.946 Y3.980 Z-57.572
G1 X86.946 Y3.980 Z-60.162
G1 X86.946 Y3.980 Z-62.752
G1 X86.946 Y3.980 Z-65.342
G1 X86.946 Y3.980 Z-67.932
G1 X86.946 Y3.980 Z-70.522
G1 X86.946 Y3.980 Z-73.112
G1 X86.946 Y3.980 Z-75.701
G1 X86.946 Y3.980 Z-78.291
G1 X86.946 Y3.980 Z-80.881
F200.0
G0 X90.897 Y4.165 Z-80.902 ; Rapid move
F50.0
G1 X90.897 Y4.165 Z-80.902
G1 X90.897 Y4.165 Z-78.312
G1 X90.897 Y4.165 Z-75.722
G1 X90.897 Y4.165 Z-73.133
G1 X90.897 Y4.165 Z-70.543
G1 X90.897 Y4.165 Z-67.953
G1 X90.897 Y4.165 Z-65.363
G1 X90.899 Y4.189 Z-62.777
G1 X90.899 Y4.189 Z-60.187
G1 X90.899 Y4.189 Z-57.597
G1 X90.898 Y4.216 Z-55.011
G1 X90.875 Y4.229 Z-52.423
G1 X90.875 Y4.229 Z-49.833
G1 X90.875 Y4.229 Z-47.243
G1 X90.807 Y3.584 Z-44.591
G1 X90.807 Y3.584 Z-42.001
G1 X90.528 Y3.558 Z-49.404
G1 X90.528 Y3.558 Z-46.814
G1 X90.528 Y3.558 Z-44.224
G1 X90.454 Y3.770 Z-41.622
G1 X90.454 Y3.770 Z-39.032
G1 X90.374 Y3.928 Z-36.426
G1 X90.366 Y4.001 Z-33.827
G1 X90.549 Y4.236 Z-31.214
G1 X90.605 Y9.723 Z-27.946
G1 X90.664 Y10.906 Z-24.344
G1 X91.056 Y11.656 Z-20.538
G1 X90.580 Y12.167 Z-16.958
G1 X90.607 Y19.152 Z-13.968
G1 X90.572 Y19.382 Z-11.280
G1 X90.582 Y19.831 Z-8.677
G1 X90.614 Y20.136 Z-6.103
G1 X90.629 Y20.149 Z-3.390
G1 X90.630 Y20.233 Z-0.558
G1 X90.609 Y20.166 Z2.187
G1 X90.630 Y20.164 Z4.932
G1 X90.682 Y20.113 Z7.719
G1 X90.701 Y19.991 Z10.361
G1 X90.704 Y19.967 Z12.976
G1 X90.738 Y19.592 Z15.586
G1 X90.716 Y19.266 Z18.387
G1 X90.731 Y18.841 Z21.337
G1 X90.827 Y17.366 Z24.260
G1 X90.819 Y14.199 Z27.925
G1 X90.769 Y10.896 Z31.605
G1 X90.769 Y10.452 Z34.597
G1 X90.823 Y6.871 Z37.875
G1 X90.763 Y6.699 Z40.537
G1 X90.647 Y6.509 Z43.197
G1 X90.535 Y6.359 Z45.834
G1 X90.506 Y4.571 Z48.535
G1 X90.520 Y4.398 Z51.159
G1 X90.509 Y4.313 Z53.763
G1 X90.545 Y4.286 Z56.358
G1 X90.532 Y4.287 Z58.947
G1 X90.515 Y4.307 Z61.534
G1 X90.438 Y1.519 Z64.159
G1 X90.438 Y1.519 Z66.748
G1 X90.438 Y1.519 Z69.338
G1 X90.445 Y1.425 Z71.936
F200.0
G0 X94.545 Y4.584 Z71.906 ; Rapid move
F50.0
G1 X94.545 Y4.584 Z71.906
G1 X94.545 Y4.584 Z69.316
G1 X94.545 Y4.584 Z66.726
G1 X94.545 Y4.584 Z64.136
G1 X94.545 Y4.584 Z61.546
G1 X94.520 Y4.750 Z58.930
G1 X94.520 Y4.750 Z56.340
G1 X94.520 Y4.750 Z53.750
G1 X94.520 Y4.750 Z51.160
G1 X94.581 Y4.927 Z48.538
G1 X94.581 Y4.927 Z45.948
G1 X94.576 Y5.396 Z43.234
G1 X94.587 Y5.748 Z40.519
G1 X94.597 Y5.927 Z37.853
G1 X94.727 Y7.555 Z34.926
G1 X94.761 Y13.129 Z31.018
G1 X94.715 Y13.357 Z28.082
G1 X94.723 Y17.462 Z24.392
G1 X94.737 Y18.907 Z21.165
G1 X94.660 Y19.323 Z18.361
G1 X94.734 Y19.590 Z15.607
G1 X94.730 Y20.043 Z13.011
G1 X94.690 Y20.043 Z10.426
G1 X94.628 Y20.110 Z7.759
G1 X94.632 Y20.233 Z4.977
G1 X94.601 Y20.235 Z2.189
G1 X94.599 Y20.273 Z-0.476
G1 X94.603 Y20.220 Z-3.359
G1 X94.602 Y20.064 Z-6.038
G1 X94.578 Y19.718 Z-8.648
G1 X94.573 Y19.383 Z-11.294
G1 X94.587 Y19.156 Z-13.981
G1 X94.650 Y11.997 Z-16.939
G1 X94.322 Y11.588 Z-20.688
G1 X94.394 Y10.678 Z-24.582
G1 X94.556 Y10.196 Z-27.615
G1 X94.638 Y9.280 Z-30.779
G1 X94.780 Y4.285 Z-33.796
G1 X94.852 Y4.201 Z-36.397
G1 X94.588 Y3.834 Z-39.032
G1 X94.588 Y3.834 Z-41.622
G1 X94.562 Y3.643 Z-44.222
G1 X94.562 Y3.643 Z-46.812
G1 X94.562 Y3.643 Z-49.402
G1 X94.811 Y3.602 Z-42.002
G1 X94.811 Y3.602 Z-44.591
G1 X94.811 Y3.602 Z-47.181
G1 X94.811 Y3.602 Z-49.771
G1 X94.811 Y3.602 Z-52.361
G1 X94.940 Y4.250 Z-55.019
G1 X94.940 Y4.250 Z-57.609
G1 X94.940 Y4.250 Z-60.199
G1 X94.889 Y4.124 Z-62.767
G1 X94.889 Y4.124 Z-65.357
G1 X94.889 Y4.124 Z-67.947
G1 X94.889 Y4.124 Z-70.537
G1 X94.889 Y4.124 Z-73.126
G1 X94.889 Y4.124 Z-75.716
G1 X94.889 Y4.124 Z-78.306
G1 X94.889 Y4.124 Z-80.896
F200.0
G0 X98.635 Y4.781 Z-90.845 ; Rapid move
F50.0
G1 X98.635 Y4.781 Z-90.845
G1 X98.635 Y4.781 Z-88.255
G1 X98.635 Y4.781 Z-85.665
G1 X98.635 Y4.781 Z-83.075
G1 X98.595 Y5.071 Z-80.476
G1 X98.595 Y5.071 Z-77.886
G1 X98.595 Y5.071 Z-75.296
G1 X98.595 Y5.071 Z-72.707
G1 X98.595 Y5.071 Z-70.117
G1 X98.760 Y3.544 Z-57.538
G1 X98.760 Y3.544 Z-54.948
G1 X98.760 Y3.544 Z-52.358
G1 X98.595 Y3.739 Z-59.757
G1 X98.760 Y3.143 Z-47.179
G1 X98.507 Y3.241 Z-54.580
G1 X98.536 Y3.931 Z-51.971
G1 X98.472 Y3.450 Z-49.387
G1 X98.472 Y3.450 Z-46.797
G1 X98.472 Y3.450 Z-44.207
G1 X98.472 Y3.450 Z-41.617
G1 X98.472 Y3.450 Z-39.027
G1 X98.463 Y7.954 Z-36.222
G1 X98.525 Y7.960 Z-33.632
G1 X98.571 Y8.884 Z-30.865
G1 X98.843 Y9.871 Z-27.704
G1 X98.615 Y10.803 Z-24.218
G1 X98.617 Y11.310 Z-20.858
G1 X98.626 Y11.805 Z-16.871
G1 X98.608 Y19.301 Z-13.960
G1 X98.612 Y19.408 Z-11.261
G1 X98.648 Y19.867 Z-8.625
G1 X98.654 Y20.066 Z-6.020
G1 X98.643 Y20.251 Z-3.450
G1 X98.599 Y20.271 Z-0.545
G1 X98.612 Y20.274 Z2.204
G1 X98.632 Y20.273 Z4.902
G1 X98.612 Y20.098 Z7.750
G1 X98.567 Y20.123 Z10.504
G1 X98.606 Y20.033 Z13.109
G1 X98.703 Y19.492 Z15.591
G1 X98.730 Y19.259 Z18.311
G1 X98.707 Y18.907 Z21.169
G1 X98.707 Y16.401 Z24.181
G1 X98.803 Y13.263 Z28.229
G1 X98.696 Y12.763 Z31.067
G1 X98.616 Y10.725 Z34.634
G1 X98.531 Y10.526 Z37.370
G1 X98.392 Y10.247 Z40.137
G1 X98.148 Y8.291 Z42.888
G1 X98.049 Y8.069 Z45.572
G1 X98.142 Y7.895 Z48.249
G1 X98.505 Y7.691 Z50.944
G1 X98.492 Y6.317 Z53.572
G1 X98.548 Y5.754 Z56.313
G1 X98.483 Y5.195 Z58.905
G1 X98.422 Y5.228 Z61.485
G1 X98.422 Y5.228 Z64.075
G1 X98.504 Y5.049 Z66.702
G1 X98.504 Y5.049 Z69.292
G1 X98.504 Y4.989 Z71.882
F200.0
G0 X102.549 Y5.149 Z71.854 ; Rapid move
F50.0
G1 X102.549 Y5.149 Z71.854
G1 X102.560 Y5.258 Z69.254
G1 X102.541 Y5.278 Z66.659
G1 X102.541 Y5.278 Z64.069
G1 X102.541 Y5.278 Z61.479
G1 X102.523 Y5.946 Z58.859
G1 X102.523 Y5.946 Z56.269
G1 X102.523 Y5.946 Z53.680
G1 X102.541 Y6.119 Z51.044
G1 X102.456 Y6.314 Z48.392
G1 X102.324 Y8.361 Z45.458
G1 X102.409 Y8.534 Z42.778
G1 X102.676 Y9.795 Z40.109
G1 X102.708 Y9.941 Z37.423
G1 X102.676 Y11.323 Z34.580
G1 X102.825 Y12.328 Z31.385
G1 X102.861 Y13.273 Z28.208
G1 X102.765 Y15.838 Z24.227
G1 X102.729 Y18.329 Z21.148
G1 X102.736 Y19.128 Z18.283
G1 X102.713 Y19.543 Z15.689
G1 X102.745 Y20.111 Z13.200
G1 X102.644 Y20.117 Z10.563
G1 X102.629 Y20.234 Z7.727
G1 X102.619 Y20.274 Z4.877
G1 X102.611 Y20.323 Z2.219
G1 X102.643 Y20.315 Z-0.664
G1 X102.664 Y20.254 Z-3.426
G1 X102.661 Y20.170 Z-6.020
G1 X102.580 Y19.746 Z-8.562
G1 X102.601 Y19.575 Z-11.228
G1 X102.596 Y19.302 Z-13.953
G1 X102.720 Y10.358 Z-17.209
G1 X102.362 Y9.446 Z-21.599
G1 X102.261 Y8.350 Z-25.205
G1 X102.285 Y7.617 Z-28.215
G1 X102.566 Y7.274 Z-30.962
G1 X102.655 Y6.994 Z-33.649
G1 X102.672 Y6.786 Z-36.297
G1 X102.672 Y6.786 Z-38.887
G1 X102.534 Y6.450 Z-41.550
G1 X102.534 Y6.450 Z-44.140
G1 X102.534 Y6.450 Z-46.730
G1 X102.534 Y6.450 Z-49.320
G1 X102.609 Y6.289 Z-51.939
G1 X102.609 Y6.289 Z-54.528
G1 X102.609 Y6.289 Z-57.118
G1 X102.609 Y6.289 Z-59.708
G1 X102.541 Y6.192 Z-62.310
G1 X102.497 Y6.053 Z-64.916
G1 X102.499 Y5.889 Z-67.520
G1 X102.499 Y5.137 Z-70.110
G1 X102.499 Y5.137 Z-72.700
G1 X102.499 Y5.137 Z-75.290
G1 X102.519 Y5.310 Z-77.865
G1 X102.519 Y5.310 Z-80.454
G1 X102.519 Y5.310 Z-83.044
G1 X102.519 Y5.310 Z-85.634
G1 X102.519 Y5.310 Z-88.224
G1 X102.519 Y5.310 Z-90.814
F200.0
G0 X106.635 Y5.137 Z-90.832 ; Rapid move
F50.0
G1 X106.635 Y5.137 Z-90.832
G1 X106.637 Y5.233 Z-88.234
G1 X106.607 Y5.271 Z-85.640
G1 X106.607 Y5.373 Z-83.039
G1 X106.607 Y5.373 Z-80.449
G1 X106.607 Y5.373 Z-77.859
G1 X106.607 Y5.373 Z-75.270
G1 X106.607 Y5.373 Z-72.680
G1 X106.607 Y5.373 Z-70.090
G1 X106.607 Y5.373 Z-67.500
G1 X106.607 Y5.373 Z-64.910
G1 X106.607 Y5.373 Z-62.320
G1 X106.607 Y5.373 Z-59.730
G1 X106.558 Y5.687 Z-57.092
G1 X106.569 Y6.675 Z-54.479
G1 X106.569 Y6.675 Z-51.890
G1 X106.569 Y6.675 Z-49.300
G1 X106.518 Y6.961 Z-46.640
G1 X106.452 Y6.989 Z-44.040
G1 X106.452 Y6.989 Z-41.450
G1 X106.468 Y7.019 Z-38.852
G1 X106.494 Y7.020 Z-36.263
G1 X106.457 Y7.128 Z-33.640
G1 X106.469 Y10.260 Z-30.595
G1 X106.797 Y10.766 Z-27.671
G1 X106.457 Y11.467 Z-24.431
G1 X106.755 Y12.316 Z-20.536
G1 X106.602 Y17.440 Z-16.926
G1 X106.572 Y19.397 Z-13.941
G1 X106.550 Y19.588 Z-11.299
G1 X106.573 Y19.827 Z-8.610
G1 X106.576 Y20.303 Z-5.997
G1 X106.625 Y20.346 Z-3.374
G1 X106.636 Y20.356 Z-0.643
G1 X106.640 Y20.363 Z2.165
G1 X106.613 Y20.362 Z4.864
G1 X106.671 Y20.246 Z7.823
G1 X106.655 Y20.175 Z10.622
G1 X106.667 Y20.146 Z13.325
G1 X106.724 Y19.537 Z15.742
G1 X106.723 Y19.324 Z18.257
G1 X106.675 Y18.914 Z21.090
G1 X106.765 Y17.339 Z24.162
G1 X106.404 Y12.766 Z28.243
G1 X106.545 Y12.451 Z31.274
G1 X106.765 Y11.797 Z34.527
G1 X106.699 Y9.626 Z37.361
G1 X106.812 Y9.402 Z40.100
G1 X106.819 Y6.922 Z42.969
G1 X106.599 Y6.633 Z45.689
G1 X106.524 Y6.188 Z48.434
G1 X106.517 Y5.278 Z51.119
G1 X106.521 Y4.770 Z53.714
G1 X106.521 Y4.770 Z56.303
G1 X106.533 Y4.782 Z58.891
G1 X106.533 Y4.782 Z61.481
G1 X106.526 Y4.718 Z64.084
G1 X106.526 Y4.551 Z66.676
G1 X106.526 Y4.551 Z69.266
G1 X106.523 Y3.418 Z71.884
F200.0
G0 X110.546 Y3.940 Z71.879 ; Rapid move
F50.0
G1 X110.546 Y3.940 Z71.879
G1 X110.541 Y3.943 Z69.288
G1 X110.521 Y4.692 Z66.679
G1 X110.521 Y4.692 Z64.089
G1 X110.527 Y4.686 Z61.500
G1 X110.527 Y4.686 Z58.911
G1 X110.527 Y4.686 Z56.321
G1 X110.527 Y4.684 Z53.731
G1 X110.527 Y4.684 Z51.142
G1 X110.527 Y4.684 Z48.552
G1 X110.479 Y4.742 Z45.948
G1 X110.482 Y4.771 Z43.353
G1 X110.518 Y5.381 Z40.592
G1 X110.789 Y6.147 Z37.659
G1 X110.736 Y11.321 Z34.320
G1 X110.794 Y11.751 Z31.263
G1 X110.802 Y14.296 Z27.697
G1 X110.785 Y17.106 Z24.494
G1 X110.741 Y18.789 Z21.206
G1 X110.698 Y19.400 Z18.270
G1 X110.634 Y19.384 Z15.815
G1 X110.561 Y20.155 Z13.299
G1 X110.591 Y20.266 Z10.593
G1 X110.572 Y20.304 Z7.667
G1 X110.636 Y20.363 Z4.856
G1 X110.663 Y20.363 Z2.227
G1 X110.654 Y20.360 Z-0.553
G1 X110.647 Y20.352 Z-3.299
G1 X110.598 Y20.245 Z-5.950
G1 X110.554 Y19.824 Z-8.629
G1 X110.589 Y19.659 Z-11.370
G1 X110.576 Y19.568 Z-14.054
G1 X110.537 Y17.606 Z-16.825
G1 X110.425 Y12.798 Z-20.139
G1 X110.860 Y12.057 Z-24.120
G1 X110.864 Y11.428 Z-27.396
G1 X110.502 Y7.332 Z-30.984
G1 X110.440 Y6.898 Z-33.704
G1 X110.440 Y6.898 Z-36.294
G1 X110.486 Y6.755 Z-38.920
G1 X110.605 Y6.443 Z-41.526
G1 X110.659 Y6.151 Z-44.170
G1 X110.651 Y6.203 Z-46.752
G1 X110.651 Y6.203 Z-49.342
G1 X110.651 Y6.203 Z-51.931
G1 X110.615 Y5.793 Z-54.571
G1 X110.615 Y5.793 Z-57.161
G1 X110.615 Y5.793 Z-59.750
G1 X110.615 Y5.793 Z-62.340
G1 X110.615 Y5.793 Z-64.930
G1 X110.647 Y3.947 Z-67.534
G1 X110.647 Y3.947 Z-70.124
G1 X110.647 Y3.947 Z-72.714
G1 X110.631 Y4.073 Z-75.298
G1 X110.631 Y4.073 Z-77.888
G1 X110.631 Y4.073 Z-80.478
G1 X110.578 Y4.035 Z-83.069
G1 X110.578 Y4.035 Z-85.659
G1 X110.533 Y4.060 Z-88.246
G1 X110.533 Y4.060 Z-90.836
F200.0
G0 X114.389 Y4.500 Z-90.836 ; Rapid move
F50.0
G1 X114.389 Y4.500 Z-90.836
G1 X114.389 Y4.500 Z-88.246
G1 X114.257 Y4.656 Z-85.641
G1 X114.257 Y4.984 Z-83.051
G1 X114.257 Y4.984 Z-80.462
G1 X114.257 Y4.984 Z-77.872
G1 X114.257 Y4.984 Z-75.282
G1 X114.257 Y4.984 Z-72.692
G1 X114.257 Y4.984 Z-70.102
G1 X114.257 Y4.984 Z-67.512
G1 X114.275 Y4.908 Z-64.927
G1 X114.275 Y4.908 Z-62.337
G1 X114.275 Y4.908 Z-59.748
G1 X114.201 Y5.166 Z-57.135
G1 X114.400 Y5.768 Z-54.565
G1 X114.400 Y5.768 Z-51.976
G1 X114.408 Y5.919 Z-49.373
G1 X114.586 Y5.873 Z-46.794
G1 X114.519 Y5.925 Z-44.197
G1 X114.505 Y6.047 Z-41.592
G1 X114.548 Y6.258 Z-38.971
G1 X114.432 Y6.418 Z-36.346
G1 X114.496 Y9.209 Z-33.464
G1 X114.481 Y9.735 Z-30.611
G1 X114.318 Y10.361 Z-27.585
G1 X114.391 Y11.121 Z-24.247
G1 X114.408 Y11.804 Z-20.551
G1 X114.501 Y17.838 Z-16.871
G1 X114.543 Y19.565 Z-14.058
G1 X114.569 Y19.678 Z-11.379
G1 X114.596 Y19.970 Z-8.601
G1 X114.623 Y20.245 Z-5.925
G1 X114.636 Y20.408 Z-3.269
G1 X114.685 Y20.414 Z-0.560
G1 X114.659 Y20.416 Z2.146
G1 X114.623 Y20.416 Z4.834
G1 X114.653 Y20.329 Z7.498
G1 X114.671 Y20.273 Z10.536
G1 X114.584 Y20.241 Z13.360
G1 X114.660 Y19.983 Z16.001
G1 X114.754 Y19.280 Z18.489
G1 X114.814 Y18.781 Z21.243
G1 X114.715 Y16.851 Z24.616
G1 X114.938 Y14.206 Z27.863
G1 X115.041 Y12.615 Z31.081
G1 X114.635 Y9.752 Z34.608
G1 X114.391 Y5.272 Z37.770
G1 X114.513 Y4.680 Z40.610
G1 X114.478 Y4.667 Z43.203
G1 X114.537 Y4.148 Z45.939
G1 X114.537 Y4.148 Z48.529
G1 X114.553 Y4.148 Z51.119
G1 X114.512 Y4.071 Z53.724
G1 X114.527 Y4.026 Z56.323
G1 X114.527 Y4.026 Z58.913
G1 X114.527 Y4.026 Z61.503
G1 X114.527 Y3.211 Z64.093
G1 X114.566 Y3.090 Z66.706
G1 X114.566 Y3.090 Z69.296
G1 X114.566 Y3.090 Z71.885
F200.0
G0 X118.561 Y3.156 Z71.874 ; Rapid move
F50.0
G1 X118.561 Y3.156 Z71.874
G1 X118.534 Y3.230 Z69.269
G1 X118.534 Y3.230 Z66.679
G1 X118.534 Y3.708 Z64.089
G1 X118.562 Y3.801 Z61.481
G1 X118.581 Y3.811 Z58.889
G1 X118.621 Y4.237 Z56.280
G1 X118.634 Y4.330 Z53.667
G1 X118.634 Y5.188 Z51.077
G1 X118.634 Y5.188 Z48.487
G1 X118.624 Y6.019 Z45.712
G1 X118.593 Y6.457 Z43.002
G1 X118.451 Y6.870 Z40.192
G1 X118.582 Y8.543 Z37.493
G1 X118.562 Y9.641 Z34.693
G1 X118.945 Y11.939 Z31.242
G1 X118.919 Y13.449 Z28.121
G1 X118.715 Y17.186 Z24.198
G1 X118.790 Y18.271 Z21.187
G1 X118.662 Y19.384 Z18.591
G1 X118.716 Y19.925 Z16.103
G1 X118.630 Y20.315 Z13.427
G1 X118.491 Y20.353 Z10.548
G1 X118.635 Y20.382 Z7.653
G1 X118.618 Y20.416 Z4.820
G1 X118.597 Y20.415 Z2.104
G1 X118.628 Y20.413 Z-0.564
G1 X118.611 Y20.410 Z-3.223
G1 X118.589 Y20.389 Z-5.925
G1 X118.572 Y19.977 Z-8.517
G1 X118.606 Y19.812 Z-11.242
G1 X118.613 Y19.480 Z-14.059
G1 X118.563 Y17.498 Z-16.885
G1 X118.788 Y9.357 Z-20.537
G1 X118.098 Y7.800 Z-25.048
G1 X118.192 Y7.293 Z-27.989
G1 X118.858 Y5.942 Z-31.140
G1 X118.446 Y6.261 Z-33.641
G1 X118.418 Y5.825 Z-36.343
G1 X118.360 Y5.649 Z-38.953
G1 X118.360 Y5.649 Z-41.543
G1 X118.307 Y5.131 Z-44.161
G1 X118.230 Y4.883 Z-46.774
G1 X118.257 Y4.656 Z-49.383
G1 X118.257 Y4.656 Z-51.973
G1 X118.257 Y4.656 Z-54.563
G1 X118.257 Y4.656 Z-57.153
G1 X118.336 Y4.468 Z-59.755
G1 X118.336 Y4.468 Z-62.345
G1 X118.379 Y4.430 Z-64.938
G1 X118.348 Y4.507 Z-67.524
G1 X118.348 Y4.507 Z-70.114
G1 X118.348 Y4.507 Z-72.704
G1 X118.377 Y4.490 Z-75.296
G1 X118.377 Y4.490 Z-77.886
G1 X118.377 Y3.889 Z-80.476
G1 X118.377 Y3.889 Z-83.066
G1 X118.377 Y3.889 Z-85.656
G1 X118.377 Y3.889 Z-88.245
G1 X118.377 Y3.889 Z-90.835
F200.0
G0 X122.439 Y4.386 Z-90.834 ; Rapid move
F50.0
G1 X122.439 Y4.386 Z-90.834
G1 X122.441 Y4.337 Z-88.247
G1 X122.441 Y4.337 Z-85.657
G1 X122.434 Y4.222 Z-83.069
G1 X122.434 Y4.222 Z-80.479
G1 X122.434 Y4.222 Z-77.890
G1 X122.921 Y4.183 Z-65.312
G1 X122.477 Y5.157 Z-72.698
G1 X122.477 Y5.157 Z-70.109
G1 X122.477 Y5.157 Z-67.519
G1 X122.477 Y5.157 Z-64.929
G1 X122.477 Y5.157 Z-62.339
G1 X122.477 Y5.157 Z-59.749
G1 X122.485 Y5.263 Z-57.151
G1 X122.485 Y5.263 Z-54.561
G1 X122.485 Y5.263 Z-51.971
G1 X122.434 Y5.303 Z-49.375
G1 X122.484 Y5.333 Z-46.784
G1 X122.440 Y5.490 Z-44.172
G1 X122.515 Y5.822 Z-41.527
G1 X122.444 Y5.882 Z-38.921
G1 X122.444 Y5.882 Z-36.331
G1 X122.414 Y6.101 Z-33.686
G1 X122.563 Y6.775 Z-30.865
G1 X122.570 Y7.064 Z-28.140
G1 X122.429 Y12.005 Z-23.784
G1 X122.767 Y12.456 Z-20.315
G1 X122.708 Y17.793 Z-16.924
G1 X122.604 Y19.709 Z-14.151
G1 X122.581 Y19.912 Z-11.402
G1 X122.612 Y19.972 Z-8.580
G1 X122.619 Y20.392 Z-5.885
G1 X122.619 Y20.491 Z-3.195
G1 X122.600 Y20.493 Z-0.562
G1 X122.611 Y20.496 Z2.146
G1 X122.614 Y20.451 Z4.815
G1 X122.559 Y20.443 Z7.654
G1 X122.537 Y20.431 Z10.415
G1 X122.634 Y20.290 Z13.557
G1 X122.595 Y19.758 Z16.075
G1 X122.616 Y19.018 Z18.612
G1 X122.726 Y18.632 Z21.336
G1 X122.734 Y17.281 Z24.382
G1 X122.656 Y14.252 Z27.949
G1 X122.597 Y11.965 Z31.306
G1 X122.754 Y10.967 Z34.361
G1 X122.654 Y8.835 Z37.442
G1 X122.612 Y8.634 Z40.065
G1 X122.715 Y6.676 Z42.895
G1 X122.690 Y6.247 Z45.685
G1 X122.620 Y5.906 Z48.344
G1 X122.578 Y5.221 Z51.067
G1 X122.552 Y4.309 Z53.657
G1 X122.552 Y4.309 Z56.246
G1 X122.523 Y4.205 Z58.862
G1 X122.518 Y4.022 Z61.493
G1 X122.540 Y3.944 Z64.098
G1 X122.540 Y3.661 Z66.688
G1 X122.533 Y3.660 Z69.278
G1 X122.533 Y3.660 Z71.868
F200.0
G0 X126.524 Y2.382 Z71.891 ; Rapid move
F50.0
G1 X126.524 Y2.382 Z71.891
G1 X126.524 Y2.382 Z69.301
G1 X126.524 Y2.382 Z66.711
G1 X126.497 Y2.515 Z64.097
G1 X126.496 Y2.588 Z61.493
G1 X126.536 Y2.679 Z58.885
G1 X126.564 Y4.193 Z56.276
G1 X126.599 Y4.275 Z53.666
G1 X126.629 Y4.350 Z51.057
G1 X126.629 Y4.350 Z48.467
G1 X126.670 Y4.933 Z45.811
G1 X126.521 Y5.847 Z43.008
G1 X126.636 Y7.495 Z40.091
G1 X126.707 Y9.061 Z37.281
G1 X126.757 Y9.408 Z34.536
G1 X126.383 Y12.050 Z31.188
G1 X126.418 Y14.318 Z27.812
G1 X126.873 Y16.951 Z24.316
G1 X126.800 Y18.468 Z21.455
G1 X126.675 Y19.471 Z18.766
G1 X126.675 Y19.752 Z16.112
G1 X126.672 Y20.413 Z13.495
G1 X126.811 Y20.461 Z10.583
G1 X126.617 Y20.496 Z7.569
G1 X126.614 Y20.502 Z4.790
G1 X126.614 Y20.506 Z2.206
G1 X126.641 Y20.504 Z-0.533
G1 X126.611 Y20.491 Z-3.193
G1 X126.606 Y20.487 Z-5.870
G1 X126.582 Y20.376 Z-8.568
G1 X126.611 Y20.040 Z-11.267
G1 X126.617 Y19.693 Z-14.242
G1 X126.692 Y16.958 Z-17.185
G1 X126.565 Y10.387 Z-20.876
G1 X126.846 Y9.380 Z-24.765
G1 X126.605 Y8.734 Z-27.865
G1 X126.680 Y8.046 Z-30.834
G1 X126.509 Y5.792 Z-33.593
G1 X126.509 Y6.318 Z-36.183
G1 X126.416 Y6.036 Z-38.857
G1 X126.491 Y5.724 Z-41.527
G1 X126.383 Y5.303 Z-44.181
G1 X126.383 Y5.303 Z-46.771
G1 X126.383 Y5.303 Z-49.361
G1 X126.405 Y5.098 Z-51.973
G1 X126.405 Y5.098 Z-54.563
G1 X126.405 Y5.098 Z-57.153
G1 X126.405 Y5.098 Z-59.743
G1 X126.405 Y5.098 Z-62.333
G1 X126.405 Y5.098 Z-64.923
G1 X126.444 Y5.056 Z-67.518
G1 X126.444 Y5.056 Z-70.107
G1 X126.444 Y5.056 Z-72.697
G1 X126.444 Y5.056 Z-75.287
G1 X126.444 Y5.056 Z-77.877
G1 X126.495 Y5.207 Z-80.456
G1 X126.495 Y5.207 Z-83.045
G1 X126.495 Y5.207 Z-85.635
G1 X126.501 Y4.909 Z-88.247
G1 X126.501 Y4.909 Z-90.837
F200.0
G0 X130.529 Y4.952 Z-90.836 ; Rapid move
F50.0
G1 X130.529 Y4.952 Z-90.836
G1 X130.529 Y4.952 Z-88.246
G1 X130.529 Y4.952 Z-85.656
G1 X130.529 Y4.952 Z-83.066
G1 X130.529 Y4.952 Z-80.477
G1 X130.573 Y5.179 Z-77.871
G1 X130.573 Y5.179 Z-75.281
G1 X130.573 Y5.179 Z-72.691
G1 X130.560 Y5.345 Z-70.082
G1 X130.560 Y5.345 Z-67.492
G1 X130.712 Y5.426 Z-64.892
G1 X130.712 Y5.426 Z-62.302
G1 X130.712 Y5.426 Z-59.712
G1 X130.712 Y5.426 Z-57.123
G1 X130.712 Y5.426 Z-54.533
G1 X130.712 Y5.426 Z-51.943
G1 X130.712 Y5.426 Z-49.353
G1 X130.712 Y5.426 Z-46.763
G1 X130.698 Y5.711 Z-44.123
G1 X130.790 Y5.702 Z-41.533
G1 X130.697 Y5.941 Z-38.889
G1 X130.605 Y7.717 Z-36.148
G1 X130.566 Y7.977 Z-33.453
G1 X130.564 Y8.288 Z-30.715
G1 X130.860 Y8.734 Z-27.861
G1 X130.685 Y9.340 Z-24.806
G1 X130.791 Y10.482 Z-20.691
G1 X130.534 Y17.440 Z-17.110
G1 X130.609 Y19.606 Z-14.186
G1 X130.599 Y20.143 Z-11.290
G1 X130.593 Y20.194 Z-8.613
G1 X130.586 Y20.558 Z-5.812
G1 X130.617 Y20.589 Z-3.170
G1 X130.626 Y20.591 Z-0.527
G1 X130.583 Y20.504 Z2.095
G1 X130.611 Y20.566 Z4.783
G1 X130.622 Y20.579 Z7.509
G1 X130.533 Y20.553 Z10.589
G1 X130.576 Y20.524 Z13.387
G1 X130.664 Y19.625 Z16.107
G1 X130.690 Y19.261 Z18.818
G1 X130.733 Y18.030 Z21.498
G1 X130.859 Y16.812 Z24.504
G1 X130.740 Y14.642 Z27.829
G1 X130.611 Y11.800 Z31.277
G1 X130.684 Y9.436 Z34.513
G1 X130.715 Y8.237 Z37.311
G1 X130.531 Y7.124 Z40.304
G1 X130.635 Y5.732 Z43.062
G1 X130.679 Y5.526 Z45.735
G1 X130.497 Y5.157 Z48.373
G1 X130.613 Y4.733 Z51.051
G1 X130.605 Y4.268 Z53.641
G1 X130.563 Y4.176 Z56.245
G1 X130.548 Y3.445 Z58.868
G1 X130.554 Y3.376 Z61.474
G1 X130.554 Y3.376 Z64.063
G1 X130.492 Y2.396 Z66.708
G1 X130.492 Y2.396 Z69.297
G1 X130.492 Y2.396 Z71.887
F200.0
G0 X134.472 Y0.984 Z71.902 ; Rapid move
F50.0
G1 X134.472 Y0.984 Z71.902
G1 X134.472 Y0.984 Z69.312
G1 X134.488 Y0.975 Z66.724
G1 X134.528 Y3.255 Z64.088
G1 X134.518 Y3.326 Z61.484
G1 X134.518 Y3.326 Z58.894
G1 X134.518 Y3.326 Z56.304
G1 X134.484 Y4.164 Z53.665
G1 X134.456 Y4.252 Z51.051
G1 X134.520 Y5.120 Z48.386
G1 X134.521 Y5.273 Z45.742
G1 X134.507 Y5.666 Z43.087
G1 X134.918 Y7.765 Z40.203
G1 X134.874 Y8.116 Z37.393
G1 X134.712 Y11.183 Z34.332
G1 X134.653 Y12.131 Z31.058
G1 X134.750 Y15.168 Z27.712
G1 X134.859 Y16.712 Z24.551
G1 X134.773 Y18.279 Z21.602
G1 X134.651 Y19.232 Z18.943
G1 X134.603 Y19.608 Z16.188
G1 X134.571 Y20.500 Z13.517
G1 X134.510 Y20.558 Z10.536
G1 X134.620 Y20.590 Z7.513
G1 X134.602 Y20.600 Z4.782
G1 X134.608 Y20.614 Z2.158
G1 X134.564 Y20.610 Z-0.562
G1 X134.566 Y20.608 Z-3.201
G1 X134.574 Y20.587 Z-5.800
G1 X134.480 Y20.318 Z-8.553
G1 X134.476 Y20.171 Z-11.266
G1 X134.535 Y20.019 Z-14.109
G1 X134.537 Y18.569 Z-17.007
G1 X134.455 Y13.018 Z-20.016
G1 X135.048 Y12.368 Z-23.918
G1 X134.428 Y9.953 Z-27.493
G1 X134.373 Y9.146 Z-30.639
G1 X134.522 Y8.600 Z-33.498
G1 X134.541 Y7.607 Z-36.156
G1 X134.607 Y7.261 Z-38.859
G1 X134.607 Y7.261 Z-41.449
G1 X134.630 Y7.245 Z-44.043
G1 X134.630 Y7.245 Z-46.633
G1 X134.516 Y7.086 Z-49.262
G1 X134.484 Y7.032 Z-51.864
G1 X134.543 Y6.523 Z-54.505
G1 X134.542 Y5.520 Z-57.106
G1 X134.478 Y5.433 Z-59.708
G1 X134.483 Y4.979 Z-62.317
G1 X134.483 Y4.979 Z-64.907
G1 X134.483 Y4.979 Z-67.497
G1 X134.521 Y4.844 Z-70.103
G1 X134.536 Y3.712 Z-72.706
G1 X134.524 Y3.536 Z-75.303
G1 X134.524 Y3.536 Z-77.892
G1 X134.541 Y3.437 Z-80.484
G1 X134.541 Y3.437 Z-83.074
G1 X134.522 Y3.437 Z-85.663
G1 X134.827 Y3.676 Z-78.263
G1 X134.822 Y3.684 Z-80.853
F200.0
G0 X138.466 Y4.737 Z-90.828 ; Rapid move
F50.0
G1 X138.466 Y4.737 Z-90.828
G1 X138.466 Y4.737 Z-88.238
G1 X138.466 Y4.737 Z-85.648
G1 X138.466 Y4.737 Z-83.059
G1 X138.466 Y4.737 Z-80.469
G1 X138.466 Y4.737 Z-77.879
G1 X138.466 Y4.737 Z-75.289
G1 X138.489 Y5.428 Z-72.690
G1 X138.489 Y5.428 Z-70.100
G1 X138.489 Y5.428 Z-67.511
G1 X138.432 Y5.499 Z-64.911
G1 X138.433 Y5.639 Z-62.304
G1 X138.363 Y5.761 Z-59.692
G1 X138.363 Y5.761 Z-57.102
G1 X138.423 Y6.009 Z-54.468
G1 X138.384 Y6.121 Z-51.851
G1 X138.384 Y6.797 Z-49.261
G1 X138.407 Y6.853 Z-46.659
G1 X138.389 Y7.040 Z-44.017
G1 X138.389 Y7.331 Z-41.420
G1 X138.389 Y7.331 Z-38.830
G1 X138.452 Y8.319 Z-36.125
G1 X138.597 Y8.801 Z-33.413
G1 X138.782 Y9.466 Z-30.522
G1 X139.178 Y10.138 Z-27.399
G1 X138.541 Y11.885 Z-24.094
G1 X138.475 Y12.452 Z-20.533
G1 X138.601 Y18.580 Z-16.931
G1 X138.578 Y20.022 Z-14.100
G1 X138.525 Y20.212 Z-11.255
G1 X138.599 Y20.328 Z-8.469
G1 X138.586 Y20.587 Z-5.801
G1 X138.605 Y20.610 Z-3.179
G1 X138.586 Y20.623 Z-0.569
G1 X138.621 Y20.690 Z2.126
G1 X138.620 Y20.697 Z4.798
G1 X138.606 Y20.710 Z7.393
G1 X138.587 Y20.669 Z10.619
G1 X138.572 Y20.487 Z13.585
G1 X138.622 Y19.359 Z16.260
G1 X138.606 Y18.900 Z19.008
G1 X138.632 Y18.244 Z21.733
G1 X138.729 Y16.685 Z24.637
G1 X138.623 Y14.686 Z27.778
G1 X138.700 Y12.157 Z30.859
G1 X138.612 Y11.399 Z34.115
G1 X138.696 Y8.093 Z37.413
G1 X138.636 Y6.037 Z40.205
G1 X138.555 Y5.002 Z43.011
G1 X138.537 Y3.646 Z45.865
G1 X138.469 Y3.459 Z48.502
G1 X138.522 Y2.244 Z51.132
G1 X138.522 Y2.244 Z53.722
G1 X138.531 Y2.222 Z56.317
G1 X138.531 Y2.222 Z58.907
G1 X138.526 Y2.200 Z61.501
G1 X138.526 Y2.200 Z64.091
G1 X138.526 Y2.200 Z66.680
G1 X138.526 Y2.200 Z69.270
G1 X138.526 Y2.200 Z71.860
F200.0
G0 X142.537 Y2.252 Z71.854 ; Rapid move
F50.0
G1 X142.537 Y2.252 Z71.854
G1 X142.537 Y2.252 Z69.264
G1 X142.537 Y2.252 Z66.674
G1 X142.537 Y2.252 Z64.085
G1 X142.537 Y2.252 Z61.495
G1 X142.537 Y2.252 Z58.905
G1 X142.537 Y2.252 Z56.315
G1 X142.551 Y2.447 Z53.682
G1 X142.696 Y5.121 Z50.975
G1 X142.604 Y5.397 Z48.283
G1 X142.490 Y5.688 Z45.561
G1 X142.411 Y6.195 Z42.687
G1 X142.401 Y6.216 Z40.083
G1 X142.581 Y9.781 Z37.220
G1 X142.630 Y11.181 Z34.540
G1 X142.819 Y13.496 Z31.116
G1 X142.834 Y14.653 Z27.558
G1 X142.699 Y17.093 Z24.578
G1 X142.708 Y18.207 Z21.750
G1 X142.681 Y19.252 Z18.998
G1 X142.632 Y19.334 Z16.366
G1 X142.703 Y20.634 Z13.537
G1 X142.693 Y20.713 Z10.498
G1 X142.675 Y20.739 Z7.599
G1 X142.603 Y20.743 Z4.790
G1 X142.631 Y20.742 Z2.106
G1 X142.622 Y20.709 Z-0.527
G1 X142.605 Y20.684 Z-3.167
G1 X142.586 Y20.608 Z-5.798
G1 X142.590 Y20.495 Z-8.551
G1 X142.597 Y20.331 Z-11.304
G1 X142.556 Y20.132 Z-14.134
G1 X142.557 Y18.770 Z-16.888
G1 X142.664 Y11.540 Z-20.172
G1 X142.224 Y10.739 Z-24.177
G1 X142.258 Y10.003 Z-27.526
G1 X142.567 Y7.077 Z-30.805
G1 X142.409 Y6.394 Z-33.650
G1 X142.351 Y6.181 Z-36.295
G1 X142.318 Y6.077 Z-38.908
G1 X142.318 Y6.077 Z-41.498
G1 X142.318 Y6.077 Z-44.087
G1 X142.318 Y6.077 Z-46.677
G1 X142.318 Y6.077 Z-49.267
G1 X142.278 Y5.964 Z-51.878
G1 X142.356 Y5.784 Z-54.508
G1 X142.418 Y5.698 Z-57.115
G1 X142.418 Y5.698 Z-59.705
G1 X142.525 Y5.480 Z-62.327
G1 X142.525 Y5.480 Z-64.917
G1 X142.525 Y5.480 Z-67.507
G1 X142.525 Y5.480 Z-70.096
G1 X142.525 Y5.480 Z-72.686
G1 X142.525 Y5.480 Z-75.276
G1 X142.525 Y5.181 Z-77.866
G1 X142.525 Y5.181 Z-80.456
G1 X142.525 Y5.181 Z-83.046
G1 X142.525 Y5.181 Z-85.635
G1 X142.525 Y5.181 Z-88.225
G1 X142.525 Y5.181 Z-90.815
F200.0
G0 X146.513 Y5.707 Z-90.786 ; Rapid move
F50.0
G1 X146.513 Y5.707 Z-90.786
G1 X146.609 Y5.326 Z-88.241
G1 X146.609 Y5.326 Z-85.651
G1 X146.609 Y5.326 Z-83.061
G1 X146.609 Y5.326 Z-80.471
G1 X146.609 Y5.326 Z-77.882
G1 X146.609 Y5.326 Z-75.292
G1 X146.609 Y5.326 Z-72.702
G1 X146.609 Y5.326 Z-70.112
G1 X146.609 Y5.326 Z-67.522
G1 X146.609 Y5.326 Z-64.932
G1 X146.609 Y5.326 Z-62.343
G1 X146.749 Y5.681 Z-59.713
G1 X146.630 Y7.810 Z-57.018
G1 X146.630 Y7.810 Z-54.428
G1 X146.630 Y7.810 Z-51.838
G1 X146.594 Y7.845 Z-49.238
G1 X146.594 Y7.845 Z-46.648
G1 X146.594 Y7.845 Z-44.059
G1 X146.643 Y8.002 Z-41.425
G1 X146.606 Y8.409 Z-38.692
G1 X146.606 Y8.409 Z-36.102
G1 X146.568 Y8.452 Z-33.495
G1 X146.598 Y9.109 Z-30.578
G1 X146.746 Y9.510 Z-27.724
G1 X146.727 Y10.352 Z-24.355
G1 X146.993 Y10.958 Z-20.864
G1 X146.750 Y18.978 Z-16.948
G1 X146.611 Y20.236 Z-14.198
G1 X146.605 Y20.337 Z-11.266
G1 X146.626 Y20.630 Z-8.491
G1 X146.592 Y20.681 Z-5.821
G1 X146.607 Y20.708 Z-3.138
G1 X146.613 Y20.742 Z-0.503
G1 X146.615 Y20.742 Z2.115
G1 X146.632 Y20.743 Z4.798
G1 X146.640 Y20.730 Z7.755
G1 X146.709 Y20.705 Z10.563
G1 X146.848 Y20.643 Z13.479
G1 X146.711 Y19.349 Z16.302
G1 X146.675 Y19.283 Z19.143
G1 X146.701 Y18.124 Z21.853
G1 X146.597 Y16.815 Z24.612
G1 X146.934 Y14.612 Z27.639
G1 X147.350 Y12.492 Z31.152
G1 X147.264 Y11.300 Z34.128
G1 X146.615 Y9.558 Z37.291
G1 X146.611 Y8.655 Z39.968
G1 X146.612 Y7.497 Z42.701
G1 X146.720 Y5.613 Z45.600
G1 X146.745 Y5.301 Z48.321
G1 X146.738 Y5.076 Z50.990
G1 X146.731 Y4.884 Z53.638
G1 X146.731 Y4.283 Z56.228
G1 X146.731 Y4.283 Z58.818
G1 X146.731 Y4.283 Z61.408
G1 X146.712 Y3.999 Z64.025
G1 X146.712 Y3.999 Z66.615
G1 X146.621 Y2.386 Z69.237
G1 X146.621 Y2.386 Z71.827

M30 ; Program end