; G-code generated by Raster Toolpath Generator
; 2026-01-18 05:22:18
G90 ; Absolute positioning
G21 ; Millimeter units
G94 ; Units per minute feed rate

F50.0
G1 X-143.242 Y12.266 Z-90.825
G1 X-143.242 Y12.266 Z-88.229
G1 X-143.242 Y12.266 Z-85.633
G1 X-143.733 Y12.301 Z-82.851
G1 X-143.733 Y12.301 Z-80.255
G1 X-144.109 Y12.182 Z-77.497
G1 X-144.109 Y12.182 Z-74.901
G1 X-144.086 Y12.542 Z-72.248
G1 X-144.086 Y12.542 Z-69.652
G1 X-144.449 Y12.663 Z-66.811
G1 X-144.449 Y12.663 Z-64.215
G1 X-145.133 Y12.078 Z-61.214
G1 X-145.133 Y12.078 Z-58.618
G1 X-145.133 Y12.078 Z-56.022
G1 X-145.133 Y12.078 Z-53.427
G1 X-146.060 Y12.236 Z-49.651
G1 X-146.264 Y12.631 Z-46.488
G1 X-146.343 Y12.689 Z-43.658
G1 X-146.593 Y11.990 Z-40.654
G1 X-146.683 Y12.470 Z-37.086
G1 X-146.683 Y12.069 Z-34.490
G1 X-146.441 Y12.911 Z-31.248
G1 X-146.340 Y12.773 Z-27.754
G1 X-146.193 Y12.800 Z-24.735
G1 X-145.839 Y13.623 Z-24.546
G1 X-137.703 Y12.636 Z-19.249
G1 X-140.676 Y13.153 Z-17.524
G1 X-143.031 Y9.296 Z-20.749
G1 X-143.579 Y9.432 Z-17.942
G1 X-143.563 Y11.258 Z-14.442
G1 X-143.673 Y11.546 Z-11.532
G1 X-144.352 Y11.766 Z-8.167
G1 X-144.812 Y11.997 Z-4.524
G1 X-144.770 Y12.281 Z-0.992
G1 X-144.548 Y12.422 Z2.762
G1 X-144.892 Y11.896 Z6.308
G1 X-144.910 Y10.756 Z10.158
G1 X-144.471 Y10.193 Z13.577
G1 X-143.816 Y9.866 Z16.726
G1 X-143.691 Y9.874 Z19.478
G1 X-143.428 Y9.307 Z22.174
G1 X-145.254 Y10.569 Z22.491
G1 X-146.217 Y7.100 Z25.175
G1 X-145.638 Y9.301 Z27.384
G1 X-146.650 Y8.307 Z27.528
G1 X-146.638 Y8.512 Z30.544
G1 X-146.563 Y8.771 Z33.593
G1 X-146.479 Y8.911 Z36.577
G1 X-146.444 Y8.693 Z39.698
G1 X-146.140 Y8.163 Z43.320
G1 X-145.692 Y8.243 Z46.606
G1 X-145.692 Y8.243 Z49.201
G1 X-145.692 Y8.678 Z51.797
G1 X-145.692 Y8.243 Z54.393
G1 X-145.395 Y8.798 Z57.105
G1 X-145.395 Y9.232 Z59.701
G1 X-145.395 Y9.232 Z62.297
G1 X-144.735 Y9.331 Z65.493
G1 X-144.137 Y9.413 Z68.466
G1 X-144.031 Y9.287 Z71.178
F200.0
G0 X-139.769 Y8.563 Z71.418 ; Rapid move
F50.0
G1 X-139.769 Y8.563 Z71.418
G1 X-139.769 Y8.563 Z68.822
G1 X-140.031 Y9.287 Z65.986
G1 X-140.137 Y9.413 Z63.274
G1 X-140.137 Y9.413 Z60.678
G1 X-141.395 Y9.232 Z57.105
G1 X-141.395 Y8.798 Z54.509
G1 X-141.395 Y9.232 Z51.913
G1 X-141.395 Y9.232 Z49.317
G1 X-141.692 Y8.243 Z46.606
G1 X-141.692 Y8.243 Z44.010
G1 X-142.220 Y8.554 Z40.311
G1 X-142.395 Y8.980 Z36.912
G1 X-142.544 Y8.833 Z33.576
G1 X-142.485 Y9.031 Z30.726
G1 X-142.516 Y8.722 Z27.308
G1 X-142.453 Y8.725 Z24.412
G1 X-141.740 Y9.242 Z24.650
G1 X-140.362 Y11.052 Z21.666
G1 X-138.894 Y9.373 Z22.313
G1 X-138.594 Y10.431 Z19.579
G1 X-138.841 Y10.739 Z16.766
G1 X-138.977 Y11.086 Z13.908
G1 X-139.054 Y11.902 Z10.240
G1 X-138.904 Y12.596 Z6.439
G1 X-139.137 Y12.791 Z2.953
G1 X-139.068 Y13.081 Z-1.129
G1 X-139.053 Y12.726 Z-5.003
G1 X-138.772 Y12.164 Z-8.655
G1 X-138.836 Y11.538 Z-12.072
G1 X-138.673 Y11.083 Z-15.021
G1 X-138.542 Y10.438 Z-17.971
G1 X-138.567 Y9.758 Z-20.791
G1 X-138.221 Y13.360 Z-18.165
G1 X-133.364 Y11.179 Z-18.961
G1 X-141.239 Y12.078 Z-20.419
G1 X-141.849 Y13.356 Z-24.249
G1 X-142.093 Y13.275 Z-27.645
G1 X-142.114 Y13.521 Z-30.867
G1 X-142.500 Y12.784 Z-34.151
G1 X-142.543 Y12.399 Z-37.627
G1 X-141.932 Y13.773 Z-41.031
G1 X-141.994 Y13.238 Z-44.051
G1 X-141.282 Y13.403 Z-47.604
G1 X-141.119 Y12.745 Z-50.680
G1 X-141.133 Y12.078 Z-53.427
G1 X-141.133 Y12.078 Z-56.022
G1 X-140.449 Y12.663 Z-59.023
G1 X-140.449 Y12.663 Z-61.619
G1 X-140.086 Y12.542 Z-64.460
G1 X-140.086 Y12.542 Z-67.056
G1 X-140.086 Y12.542 Z-69.652
G1 X-139.714 Y12.390 Z-72.459
G1 X-139.714 Y12.390 Z-75.055
G1 X-139.242 Y12.266 Z-77.845
G1 X-139.242 Y12.266 Z-80.441
G1 X-138.972 Y12.534 Z-83.063
G1 X-138.972 Y12.534 Z-85.659
G1 X-138.972 Y12.408 Z-88.255
G1 X-138.972 Y12.229 Z-90.851
F200.0
G0 X-134.826 Y12.117 Z-90.907 ; Rapid move
F50.0
G1 X-134.826 Y12.117 Z-90.907
G1 X-134.826 Y12.117 Z-88.311
G1 X-134.826 Y12.117 Z-85.715
G1 X-134.826 Y12.117 Z-83.119
G1 X-134.972 Y12.408 Z-80.467
G1 X-134.972 Y12.229 Z-77.871
G1 X-134.972 Y12.534 Z-75.275
G1 X-134.972 Y12.534 Z-72.679
G1 X-134.972 Y12.229 Z-70.083
G1 X-135.242 Y11.961 Z-67.461
G1 X-135.821 Y12.353 Z-64.564
G1 X-136.086 Y12.238 Z-61.864
G1 X-136.086 Y12.542 Z-59.268
G1 X-136.097 Y13.213 Z-56.452
G1 X-136.097 Y13.213 Z-53.856
G1 X-135.992 Y14.080 Z-50.850
G1 X-137.282 Y13.403 Z-47.604
G1 X-137.282 Y13.002 Z-45.008
G1 X-137.932 Y13.372 Z-41.031
G1 X-138.142 Y13.457 Z-37.532
G1 X-137.762 Y14.155 Z-34.124
G1 X-137.478 Y14.379 Z-30.707
G1 X-137.635 Y13.680 Z-27.080
G1 X-136.848 Y13.984 Z-23.414
G1 X-135.834 Y12.620 Z-19.617
G1 X-135.834 Y12.620 Z-17.021
G1 X-137.175 Y12.054 Z-18.970
G1 X-134.281 Y9.829 Z-20.675
G1 X-134.138 Y10.632 Z-17.935
G1 X-134.138 Y10.632 Z-15.339
G1 X-134.804 Y11.646 Z-11.994
G1 X-135.110 Y12.093 Z-8.869
G1 X-134.641 Y13.613 Z-4.274
G1 X-134.407 Y13.801 Z-0.698
G1 X-134.510 Y13.198 Z2.637
G1 X-134.692 Y12.843 Z6.573
G1 X-134.455 Y12.317 Z10.218
G1 X-134.441 Y12.001 Z13.430
G1 X-134.583 Y11.056 Z16.751
G1 X-134.445 Y10.727 Z19.449
G1 X-134.645 Y12.130 Z18.101
G1 X-136.874 Y10.527 Z21.294
G1 X-137.860 Y9.492 Z21.004
G1 X-138.279 Y8.775 Z23.883
G1 X-138.343 Y9.296 Z27.534
G1 X-138.337 Y9.387 Z30.546
G1 X-138.307 Y9.380 Z33.893
G1 X-137.750 Y9.855 Z37.246
G1 X-137.375 Y9.631 Z40.913
G1 X-137.395 Y8.798 Z44.125
G1 X-137.395 Y8.798 Z46.721
G1 X-137.395 Y8.798 Z49.317
G1 X-136.488 Y9.705 Z52.503
G1 X-136.137 Y9.413 Z55.486
G1 X-136.137 Y9.413 Z58.082
G1 X-136.031 Y9.287 Z60.794
G1 X-135.769 Y8.563 Z63.630
G1 X-135.769 Y8.563 Z66.226
G1 X-135.319 Y9.047 Z68.984
G1 X-135.039 Y8.322 Z71.750
F200.0
G0 X-130.823 Y8.286 Z71.799 ; Rapid move
F50.0
G1 X-130.823 Y8.286 Z71.799
G1 X-130.823 Y8.336 Z69.203
G1 X-131.039 Y8.322 Z66.558
G1 X-131.039 Y8.756 Z63.962
G1 X-131.039 Y8.322 Z61.366
G1 X-131.514 Y9.405 Z58.392
G1 X-131.696 Y9.159 Z55.631
G1 X-131.974 Y9.697 Z52.841
G1 X-131.974 Y9.697 Z50.245
G1 X-132.189 Y10.026 Z47.318
G1 X-132.189 Y10.026 Z44.722
G1 X-133.265 Y9.317 Z41.343
G1 X-133.364 Y10.102 Z37.722
G1 X-133.573 Y10.426 Z34.345
G1 X-133.878 Y10.196 Z30.554
G1 X-133.738 Y10.282 Z27.316
G1 X-133.435 Y10.505 Z23.410
G1 X-132.725 Y9.043 Z19.198
G1 X-132.761 Y10.656 Z21.112
G1 X-130.053 Y12.199 Z18.091
G1 X-130.519 Y11.563 Z19.118
G1 X-130.568 Y11.824 Z16.305
G1 X-130.687 Y12.755 Z13.404
G1 X-130.664 Y13.439 Z9.946
G1 X-130.683 Y13.649 Z6.431
G1 X-130.724 Y13.918 Z2.566
G1 X-130.826 Y13.759 Z-0.751
G1 X-130.895 Y13.865 Z-4.146
G1 X-131.496 Y13.074 Z-8.160
G1 X-130.962 Y11.697 Z-12.340
G1 X-130.962 Y11.697 Z-14.936
G1 X-130.869 Y11.377 Z-17.747
G1 X-131.293 Y13.732 Z-16.506
G1 X-128.771 Y14.441 Z-18.599
G1 X-131.859 Y12.214 Z-16.879
G1 X-131.780 Y13.597 Z-19.780
G1 X-131.780 Y13.005 Z-22.376
G1 X-132.592 Y13.996 Z-26.367
G1 X-132.754 Y14.618 Z-30.330
G1 X-132.557 Y15.265 Z-33.749
G1 X-132.946 Y14.938 Z-37.464
G1 X-132.153 Y14.411 Z-42.305
G1 X-131.800 Y14.108 Z-45.440
G1 X-131.992 Y14.080 Z-48.254
G1 X-131.885 Y14.008 Z-50.959
G1 X-131.885 Y14.008 Z-53.555
G1 X-131.821 Y12.353 Z-56.776
G1 X-130.972 Y12.229 Z-59.700
G1 X-130.972 Y12.229 Z-62.295
G1 X-130.972 Y12.229 Z-64.891
G1 X-130.972 Y12.229 Z-67.487
G1 X-130.826 Y12.117 Z-70.140
G1 X-130.826 Y12.297 Z-72.736
G1 X-130.826 Y12.117 Z-75.332
G1 X-130.625 Y12.154 Z-77.960
G1 X-130.455 Y12.240 Z-80.565
G1 X-130.455 Y12.240 Z-83.161
G1 X-130.314 Y12.059 Z-85.809
G1 X-130.314 Y12.059 Z-88.405
G1 X-130.124 Y11.805 Z-91.054
F200.0
G0 X-125.994 Y11.948 Z-91.066 ; Rapid move
F50.0
G1 X-125.994 Y11.948 Z-91.066
G1 X-126.124 Y11.985 Z-88.458
G1 X-126.124 Y11.985 Z-85.862
G1 X-126.124 Y11.985 Z-83.266
G1 X-126.124 Y11.985 Z-80.670
G1 X-126.124 Y11.985 Z-78.074
G1 X-126.124 Y11.805 Z-75.478
G1 X-126.314 Y12.059 Z-72.829
G1 X-126.314 Y12.238 Z-70.233
G1 X-126.455 Y12.240 Z-67.585
G1 X-126.455 Y12.240 Z-64.989
G1 X-126.455 Y12.240 Z-62.393
G1 X-126.523 Y12.601 Z-59.697
G1 X-126.641 Y12.619 Z-57.077
G1 X-126.737 Y12.060 Z-54.413
G1 X-126.964 Y13.610 Z-51.393
G1 X-127.417 Y14.239 Z-48.203
G1 X-127.458 Y14.424 Z-45.426
G1 X-127.727 Y13.827 Z-42.569
G1 X-127.834 Y13.924 Z-38.674
G1 X-128.371 Y12.513 Z-33.794
G1 X-127.766 Y13.696 Z-29.628
G1 X-127.462 Y14.737 Z-26.408
G1 X-127.390 Y13.587 Z-22.568
G1 X-127.287 Y13.331 Z-19.757
G1 X-127.172 Y12.208 Z-16.610
G1 X-128.328 Y13.845 Z-18.471
G1 X-123.419 Y13.537 Z-15.879
G1 X-126.659 Y11.072 Z-18.057
G1 X-126.180 Y11.889 Z-15.158
G1 X-126.243 Y12.886 Z-11.814
G1 X-126.243 Y12.579 Z-9.218
G1 X-126.651 Y13.054 Z-4.833
G1 X-126.700 Y13.778 Z-0.834
G1 X-126.633 Y14.136 Z2.832
G1 X-126.765 Y13.838 Z6.498
G1 X-126.591 Y13.378 Z10.064
G1 X-126.778 Y12.296 Z13.790
G1 X-126.583 Y12.007 Z16.641
G1 X-126.414 Y10.919 Z19.539
G1 X-127.028 Y11.844 Z18.059
G1 X-127.249 Y9.584 Z16.118
G1 X-127.375 Y10.458 Z18.989
G1 X-127.660 Y10.350 Z21.641
G1 X-128.131 Y11.993 Z26.669
G1 X-128.428 Y11.573 Z30.593
G1 X-128.273 Y11.302 Z34.460
G1 X-128.218 Y11.420 Z37.943
G1 X-127.834 Y10.847 Z41.662
G1 X-127.781 Y10.814 Z44.514
G1 X-127.607 Y10.176 Z47.545
G1 X-127.305 Y9.651 Z50.571
G1 X-127.047 Y9.537 Z53.303
G1 X-126.952 Y9.105 Z56.093
G1 X-126.823 Y8.770 Z58.819
G1 X-126.556 Y8.642 Z61.557
G1 X-126.556 Y8.642 Z64.153
G1 X-126.556 Y8.642 Z66.749
G1 X-126.387 Y7.699 Z69.389
G1 X-128.092 Y10.702 Z69.607
F200.0
G0 X-124.158 Y9.737 Z69.980 ; Rapid move
F50.0
G1 X-124.158 Y9.737 Z69.980
G1 X-123.789 Y10.627 Z66.939
G1 X-122.359 Y7.805 Z66.782
G1 X-122.305 Y8.691 Z64.178
G1 X-122.452 Y9.455 Z61.455
G1 X-122.392 Y9.611 Z58.821
G1 X-122.570 Y9.610 Z56.107
G1 X-122.570 Y9.610 Z53.511
G1 X-122.570 Y9.610 Z50.915
G1 X-122.801 Y10.157 Z47.844
G1 X-122.595 Y11.296 Z44.319
G1 X-122.595 Y11.296 Z41.723
G1 X-122.424 Y12.352 Z37.764
G1 X-122.808 Y12.581 Z34.116
G1 X-122.786 Y12.723 Z30.713
G1 X-122.725 Y12.590 Z26.937
G1 X-122.932 Y11.686 Z22.565
G1 X-122.998 Y11.385 Z19.262
G1 X-122.923 Y10.238 Z16.316
G1 X-121.552 Y12.007 Z17.799
G1 X-122.550 Y10.067 Z19.715
G1 X-122.644 Y12.440 Z16.507
G1 X-122.518 Y12.782 Z13.661
G1 X-122.469 Y13.546 Z10.228
G1 X-122.528 Y13.633 Z6.754
G1 X-122.515 Y13.965 Z3.104
G1 X-122.597 Y11.602 Z-1.467
G1 X-122.713 Y13.979 Z-4.908
G1 X-121.763 Y12.450 Z-9.617
G1 X-121.994 Y12.481 Z-12.184
G1 X-121.738 Y11.415 Z-15.410
G1 X-121.932 Y10.015 Z-18.378
G1 X-121.534 Y14.123 Z-15.839
G1 X-122.719 Y10.393 Z-13.776
G1 X-122.815 Y11.934 Z-16.455
G1 X-122.947 Y12.535 Z-19.275
G1 X-122.918 Y13.156 Z-22.166
G1 X-122.601 Y12.882 Z-25.357
G1 X-122.596 Y12.390 Z-28.946
G1 X-126.644 Y5.719 Z-33.297
G1 X-122.147 Y13.152 Z-38.129
G1 X-122.186 Y13.192 Z-42.574
G1 X-122.276 Y13.124 Z-45.742
G1 X-121.971 Y12.352 Z-49.027
G1 X-122.135 Y12.919 Z-51.851
G1 X-122.135 Y12.919 Z-54.447
G1 X-121.985 Y12.828 Z-57.084
G1 X-121.853 Y12.291 Z-59.868
G1 X-121.924 Y12.058 Z-62.499
G1 X-121.922 Y12.063 Z-65.095
G1 X-121.922 Y12.063 Z-67.690
G1 X-121.922 Y12.063 Z-70.286
G1 X-121.922 Y12.063 Z-72.882
G1 X-121.922 Y12.063 Z-75.478
G1 X-121.922 Y12.063 Z-78.074
G1 X-121.892 Y11.868 Z-80.693
G1 X-121.892 Y11.868 Z-83.289
G1 X-121.892 Y11.868 Z-85.885
G1 X-121.892 Y11.868 Z-88.481
G1 X-121.892 Y11.868 Z-91.077
F200.0
G0 X-117.855 Y11.927 Z-91.093 ; Rapid move
F50.0
G1 X-117.855 Y11.927 Z-91.093
G1 X-117.855 Y11.927 Z-88.497
G1 X-117.855 Y11.927 Z-85.901
G1 X-117.923 Y12.064 Z-83.295
G1 X-117.923 Y12.064 Z-80.699
G1 X-117.933 Y12.101 Z-78.100
G1 X-117.930 Y12.166 Z-75.498
G1 X-117.930 Y12.166 Z-72.902
G1 X-117.930 Y12.166 Z-70.306
G1 X-117.933 Y11.828 Z-67.716
G1 X-117.933 Y11.828 Z-65.120
G1 X-118.002 Y12.163 Z-62.481
G1 X-118.014 Y12.146 Z-59.887
G1 X-118.014 Y12.146 Z-57.292
G1 X-118.090 Y12.276 Z-54.670
G1 X-118.454 Y12.901 Z-51.883
G1 X-118.367 Y12.325 Z-49.006
G1 X-117.922 Y12.739 Z-46.216
G1 X-117.959 Y13.049 Z-42.757
G1 X-117.995 Y9.531 Z-40.637
G1 X-122.742 Y5.138 Z-34.797
G1 X-119.469 Y11.695 Z-28.677
G1 X-119.020 Y12.890 Z-25.534
G1 X-118.928 Y11.708 Z-22.059
G1 X-118.668 Y12.765 Z-19.204
G1 X-118.602 Y12.282 Z-16.438
G1 X-118.602 Y12.031 Z-13.842
G1 X-120.433 Y13.128 Z-15.691
G1 X-118.061 Y11.911 Z-18.178
G1 X-117.836 Y12.485 Z-15.371
G1 X-117.970 Y12.824 Z-12.602
G1 X-118.213 Y11.570 Z-9.831
G1 X-118.494 Y10.056 Z-6.737
G1 X-119.755 Y9.508 Z-3.202
G1 X-117.902 Y9.924 Z4.257
G1 X-118.177 Y11.184 Z7.487
G1 X-118.482 Y14.111 Z10.210
G1 X-118.435 Y13.742 Z13.278
G1 X-118.618 Y12.553 Z16.548
G1 X-119.817 Y13.079 Z17.318
G1 X-118.662 Y11.898 Z18.341
G1 X-118.829 Y12.909 Z18.979
G1 X-118.695 Y12.084 Z19.902
G1 X-118.451 Y12.319 Z22.755
G1 X-119.021 Y12.991 Z26.695
G1 X-119.012 Y13.207 Z30.799
G1 X-118.860 Y13.166 Z34.185
G1 X-118.290 Y11.990 Z38.581
G1 X-118.176 Y12.240 Z41.340
G1 X-118.522 Y11.806 Z44.421
G1 X-118.349 Y10.904 Z47.826
G1 X-118.239 Y10.521 Z50.667
G1 X-118.247 Y9.997 Z53.509
G1 X-118.247 Y9.997 Z56.105
G1 X-118.051 Y9.496 Z58.887
G1 X-118.051 Y9.496 Z61.483
G1 X-118.873 Y12.512 Z60.777
G1 X-120.743 Y9.560 Z64.779
G1 X-121.222 Y8.075 Z67.707
G1 X-122.613 Y5.826 Z68.165
F200.0
G0 X-118.613 Y6.343 Z68.165 ; Rapid move
F50.0
G1 X-118.613 Y6.343 Z68.165
G1 X-118.553 Y7.052 Z64.974
G1 X-118.688 Y7.449 Z61.178
G1 X-116.026 Y10.444 Z61.820
G1 X-113.850 Y12.840 Z57.222
G1 X-113.733 Y9.044 Z58.999
G1 X-113.733 Y9.044 Z56.403
G1 X-113.710 Y9.720 Z53.633
G1 X-113.928 Y9.976 Z50.942
G1 X-113.928 Y9.976 Z48.346
G1 X-113.936 Y11.205 Z45.050
G1 X-114.510 Y12.099 Z41.472
G1 X-114.635 Y12.540 Z38.520
G1 X-115.181 Y13.128 Z33.886
G1 X-115.431 Y13.890 Z30.985
G1 X-115.370 Y13.767 Z27.310
G1 X-115.433 Y13.847 Z23.268
G1 X-115.118 Y12.417 Z19.440
G1 X-114.834 Y11.367 Z16.507
G1 X-115.325 Y12.441 Z18.332
G1 X-115.184 Y13.775 Z16.679
G1 X-114.356 Y12.334 Z16.741
G1 X-114.793 Y12.746 Z13.763
G1 X-114.567 Y13.709 Z10.201
G1 X-114.995 Y10.865 Z7.487
G1 X-108.796 Y3.940 Z2.389
G1 X-114.313 Y10.475 Z-3.211
G1 X-114.394 Y12.938 Z-5.915
G1 X-114.936 Y12.173 Z-9.225
G1 X-114.667 Y13.842 Z-12.004
G1 X-115.104 Y13.232 Z-14.918
G1 X-114.582 Y12.788 Z-17.882
G1 X-115.920 Y13.419 Z-15.897
G1 X-114.412 Y11.096 Z-13.741
G1 X-114.540 Y12.539 Z-16.505
G1 X-114.400 Y13.213 Z-19.357
G1 X-114.349 Y12.674 Z-22.131
G1 X-114.553 Y10.849 Z-24.592
G1 X-115.836 Y11.730 Z-28.972
G1 X-109.113 Y6.421 Z-32.987
G1 X-115.589 Y8.789 Z-40.756
G1 X-115.384 Y13.398 Z-42.776
G1 X-114.448 Y12.760 Z-46.241
G1 X-114.448 Y13.652 Z-48.837
G1 X-114.354 Y13.069 Z-51.840
G1 X-114.105 Y12.482 Z-54.628
G1 X-114.079 Y12.144 Z-57.288
G1 X-114.079 Y12.417 Z-59.884
G1 X-114.079 Y12.417 Z-62.480
G1 X-113.951 Y12.333 Z-65.094
G1 X-113.938 Y12.168 Z-67.710
G1 X-113.863 Y12.036 Z-70.319
G1 X-113.863 Y12.036 Z-72.915
G1 X-113.863 Y12.036 Z-75.510
G1 X-113.856 Y11.830 Z-78.117
G1 X-113.856 Y11.830 Z-80.713
G1 X-113.856 Y11.830 Z-83.309
G1 X-113.856 Y11.830 Z-85.905
G1 X-113.889 Y12.113 Z-88.497
G1 X-113.889 Y11.916 Z-91.093
F200.0
G0 X-109.838 Y11.893 Z-81.100 ; Rapid move
F50.0
G1 X-109.838 Y11.893 Z-81.100
G1 X-109.838 Y11.893 Z-78.504
G1 X-109.838 Y11.893 Z-75.908
G1 X-109.779 Y11.950 Z-83.311
G1 X-109.779 Y11.950 Z-80.715
G1 X-109.794 Y12.157 Z-78.112
G1 X-109.794 Y12.157 Z-75.516
G1 X-109.794 Y12.157 Z-72.920
G1 X-109.794 Y12.157 Z-70.324
G1 X-109.794 Y12.157 Z-67.728
G1 X-109.794 Y12.157 Z-65.132
G1 X-109.794 Y12.157 Z-62.536
G1 X-109.794 Y12.157 Z-59.940
G1 X-109.915 Y12.397 Z-57.323
G1 X-110.003 Y12.546 Z-54.675
G1 X-110.003 Y12.546 Z-52.079
G1 X-109.878 Y13.775 Z-49.102
G1 X-109.878 Y12.347 Z-46.506
G1 X-109.450 Y13.151 Z-43.059
G1 X-110.810 Y10.007 Z-40.857
G1 X-110.530 Y9.089 Z-31.297
G1 X-107.107 Y6.372 Z-35.792
G1 X-109.994 Y12.616 Z-25.273
G1 X-110.028 Y11.626 Z-21.986
G1 X-110.158 Y12.251 Z-19.288
G1 X-110.271 Y13.404 Z-16.521
G1 X-110.326 Y11.147 Z-13.741
G1 X-108.203 Y14.433 Z-16.103
G1 X-109.733 Y11.224 Z-18.172
G1 X-110.130 Y13.567 Z-14.997
G1 X-110.206 Y13.939 Z-12.125
G1 X-110.088 Y13.867 Z-8.356
G1 X-108.105 Y8.796 Z-7.056
G1 X-110.214 Y10.664 Z-2.927
G1 X-104.801 Y4.235 Z1.881
G1 X-110.237 Y9.950 Z8.361
G1 X-109.871 Y12.393 Z10.707
G1 X-109.986 Y12.604 Z13.910
G1 X-110.135 Y11.967 Z16.914
G1 X-109.189 Y13.649 Z15.187
G1 X-109.331 Y13.299 Z18.003
G1 X-110.813 Y11.486 Z16.599
G1 X-110.603 Y12.707 Z19.571
G1 X-110.926 Y13.006 Z22.629
G1 X-110.997 Y13.742 Z26.733
G1 X-111.078 Y9.527 Z31.143
G1 X-110.838 Y13.638 Z34.664
G1 X-110.447 Y13.000 Z38.752
G1 X-110.293 Y12.453 Z42.028
G1 X-110.217 Y12.185 Z44.881
G1 X-109.760 Y10.594 Z48.417
G1 X-109.760 Y10.594 Z51.013
G1 X-109.760 Y10.594 Z53.609
G1 X-109.760 Y10.389 Z56.205
G1 X-110.134 Y11.719 Z54.719
G1 X-112.138 Y10.553 Z58.948
G1 X-114.587 Y5.620 Z58.055
G1 X-114.595 Y6.898 Z61.356
G1 X-114.553 Y7.081 Z64.974
G1 X-114.484 Y7.038 Z68.079
F200.0
G0 X-110.484 Y7.038 Z68.079 ; Rapid move
F50.0
G1 X-110.484 Y7.038 Z68.079
G1 X-110.370 Y7.461 Z65.335
G1 X-110.382 Y7.527 Z61.321
G1 X-110.313 Y7.234 Z57.877
G1 X-110.057 Y7.368 Z54.739
G1 X-107.551 Y11.103 Z55.846
G1 X-106.964 Y12.402 Z52.706
G1 X-105.534 Y9.854 Z53.757
G1 X-105.534 Y10.059 Z51.161
G1 X-105.549 Y10.346 Z48.491
G1 X-105.709 Y10.902 Z45.701
G1 X-106.453 Y12.348 Z42.104
G1 X-106.704 Y12.720 Z39.051
G1 X-106.661 Y13.446 Z35.296
G1 X-105.973 Y10.726 Z32.057
G1 X-106.621 Y14.962 Z26.789
G1 X-106.552 Y14.261 Z22.689
G1 X-106.644 Y14.149 Z19.965
G1 X-106.125 Y9.936 Z15.613
G1 X-106.886 Y13.192 Z17.405
G1 X-106.275 Y13.238 Z16.691
G1 X-106.605 Y12.407 Z16.724
G1 X-106.774 Y12.508 Z13.864
G1 X-106.646 Y13.108 Z10.768
G1 X-107.030 Y10.142 Z7.963
G1 X-100.802 Y4.065 Z1.747
G1 X-105.826 Y9.940 Z-3.144
G1 X-106.490 Y8.010 Z-7.435
G1 X-105.653 Y13.115 Z-9.201
G1 X-105.833 Y12.286 Z-12.494
G1 X-105.958 Y11.702 Z-15.391
G1 X-105.937 Y11.043 Z-18.224
G1 X-105.163 Y13.768 Z-15.692
G1 X-106.369 Y10.511 Z-13.709
G1 X-106.460 Y11.738 Z-16.451
G1 X-106.201 Y12.616 Z-19.483
G1 X-105.903 Y12.186 Z-22.066
G1 X-105.806 Y11.895 Z-25.105
G1 X-102.158 Y6.041 Z-28.141
G1 X-107.268 Y8.889 Z-31.518
G1 X-105.058 Y10.232 Z-41.116
G1 X-105.353 Y11.548 Z-43.871
G1 X-105.621 Y11.695 Z-46.752
G1 X-105.569 Y11.060 Z-49.494
G1 X-105.593 Y13.655 Z-51.828
G1 X-105.554 Y12.898 Z-54.645
G1 X-105.617 Y12.180 Z-57.340
G1 X-105.617 Y12.180 Z-59.936
G1 X-105.617 Y12.180 Z-62.532
G1 X-105.617 Y12.180 Z-65.128
G1 X-105.713 Y11.952 Z-67.735
G1 X-105.713 Y11.952 Z-70.331
G1 X-105.713 Y11.952 Z-72.927
G1 X-105.713 Y11.952 Z-75.523
G1 X-105.713 Y11.952 Z-78.119
G1 X-105.929 Y11.971 Z-70.719
G1 X-105.929 Y11.971 Z-73.315
G1 X-105.929 Y11.971 Z-75.911
G1 X-105.929 Y11.971 Z-78.507
G1 X-105.929 Y11.971 Z-81.103
F200.0
G0 X-101.908 Y12.460 Z-81.103 ; Rapid move
F50.0
G1 X-101.908 Y12.460 Z-81.103
G1 X-101.908 Y12.460 Z-78.507
G1 X-101.908 Y12.460 Z-75.911
G1 X-101.908 Y12.460 Z-73.315
G1 X-101.908 Y12.460 Z-70.719
G1 X-101.620 Y12.467 Z-78.115
G1 X-101.620 Y12.467 Z-75.519
G1 X-101.620 Y12.467 Z-72.923
G1 X-101.596 Y12.530 Z-70.324
G1 X-101.580 Y12.605 Z-67.724
G1 X-101.580 Y12.605 Z-65.128
G1 X-101.580 Y12.605 Z-62.532
G1 X-101.580 Y12.605 Z-59.936
G1 X-101.475 Y12.893 Z-57.310
G1 X-101.515 Y12.971 Z-54.627
G1 X-101.591 Y13.220 Z-51.972
G1 X-101.589 Y13.963 Z-49.103
G1 X-102.012 Y11.799 Z-46.656
G1 X-102.012 Y10.522 Z-44.060
G1 X-101.982 Y10.099 Z-41.241
G1 X-106.595 Y7.582 Z-35.222
G1 X-102.144 Y9.635 Z-27.551
G1 X-102.818 Y11.218 Z-25.114
G1 X-102.577 Y12.602 Z-22.411
G1 X-102.930 Y12.799 Z-19.603
G1 X-102.526 Y12.230 Z-16.636
G1 X-102.704 Y11.882 Z-13.942
G1 X-101.956 Y13.888 Z-15.458
G1 X-101.759 Y10.929 Z-18.242
G1 X-101.422 Y13.595 Z-15.170
G1 X-101.313 Y12.107 Z-12.540
G1 X-101.988 Y11.456 Z-9.867
G1 X-101.586 Y7.836 Z-7.564
G1 X-101.852 Y9.800 Z-3.349
G1 X-101.419 Y7.413 Z-0.319
G1 X-101.988 Y10.674 Z7.961
G1 X-102.987 Y10.291 Z11.274
G1 X-102.602 Y13.210 Z13.587
G1 X-102.439 Y12.181 Z17.091
G1 X-102.286 Y14.735 Z15.638
G1 X-103.277 Y13.668 Z18.026
G1 X-102.126 Y11.326 Z15.973
G1 X-102.129 Y13.564 Z19.088
G1 X-102.788 Y14.497 Z22.870
G1 X-102.359 Y10.193 Z25.001
G1 X-103.031 Y9.877 Z31.725
G1 X-101.844 Y11.834 Z36.126
G1 X-102.003 Y13.825 Z38.850
G1 X-102.147 Y13.555 Z41.772
G1 X-102.224 Y13.071 Z44.846
G1 X-101.677 Y11.829 Z48.261
G1 X-101.647 Y10.581 Z51.192
G1 X-101.529 Y9.352 Z53.845
G1 X-101.755 Y11.575 Z52.517
G1 X-105.505 Y7.110 Z51.083
G1 X-105.783 Y7.541 Z54.354
G1 X-106.057 Y7.368 Z57.335
G1 X-106.150 Y8.001 Z61.261
G1 X-106.199 Y7.942 Z65.058
G1 X-105.627 Y8.232 Z68.978
F200.0
G0 X-100.978 Y8.450 Z69.722 ; Rapid move
F50.0
G1 X-100.978 Y8.450 Z69.722
G1 X-101.269 Y9.046 Z65.678
G1 X-101.638 Y8.725 Z61.066
G1 X-101.289 Y8.791 Z57.599
G1 X-101.120 Y8.512 Z54.303
G1 X-100.708 Y8.100 Z50.833
G1 X-100.261 Y7.502 Z47.635
G1 X-97.344 Y13.437 Z49.639
G1 X-97.586 Y10.087 Z51.107
G1 X-97.586 Y11.106 Z48.511
G1 X-97.450 Y12.031 Z45.547
G1 X-97.539 Y12.750 Z42.511
G1 X-97.687 Y14.167 Z38.849
G1 X-98.014 Y14.206 Z35.601
G1 X-97.211 Y10.728 Z32.419
G1 X-97.992 Y10.504 Z25.141
G1 X-97.835 Y14.637 Z23.119
G1 X-98.262 Y13.882 Z19.522
G1 X-98.615 Y11.602 Z15.982
G1 X-96.575 Y13.502 Z17.747
G1 X-98.692 Y14.280 Z15.658
G1 X-98.217 Y12.316 Z16.890
G1 X-98.664 Y13.199 Z13.582
G1 X-97.999 Y10.994 Z10.854
G1 X-102.176 Y7.468 Z6.209
G1 X-97.973 Y8.083 Z2.052
G1 X-99.278 Y8.537 Z-3.554
G1 X-98.219 Y9.040 Z-7.319
G1 X-98.286 Y11.542 Z-9.737
G1 X-98.188 Y12.233 Z-12.472
G1 X-98.013 Y11.818 Z-15.308
G1 X-98.089 Y11.347 Z-18.099
G1 X-99.048 Y13.545 Z-15.434
G1 X-98.520 Y11.142 Z-13.727
G1 X-98.605 Y12.795 Z-16.839
G1 X-98.792 Y13.112 Z-19.767
G1 X-98.532 Y12.245 Z-22.432
G1 X-98.284 Y12.157 Z-25.211
G1 X-99.591 Y10.154 Z-28.547
G1 X-93.300 Y7.904 Z-36.050
G1 X-97.482 Y10.903 Z-41.097
G1 X-97.921 Y13.170 Z-43.296
G1 X-97.588 Y11.991 Z-46.582
G1 X-97.846 Y13.992 Z-49.069
G1 X-97.765 Y13.136 Z-51.985
G1 X-97.690 Y12.210 Z-54.740
G1 X-97.690 Y12.262 Z-57.336
G1 X-97.690 Y12.262 Z-59.932
G1 X-97.690 Y12.710 Z-62.528
G1 X-97.690 Y12.710 Z-65.124
G1 X-97.690 Y12.710 Z-67.720
G1 X-97.824 Y12.336 Z-60.332
G1 X-97.824 Y12.336 Z-62.928
G1 X-97.824 Y12.336 Z-65.524
G1 X-97.824 Y12.336 Z-68.120
G1 X-97.824 Y12.336 Z-70.716
G1 X-97.824 Y12.336 Z-73.312
G1 X-97.713 Y12.410 Z-85.907
G1 X-97.893 Y12.068 Z-78.509
G1 X-97.893 Y12.068 Z-81.105
F200.0
G0 X-93.849 Y12.062 Z-81.104 ; Rapid move
F50.0
G1 X-93.849 Y12.062 Z-81.104
G1 X-93.849 Y12.150 Z-78.508
G1 X-93.851 Y12.161 Z-75.912
G1 X-93.841 Y12.172 Z-73.317
G1 X-93.841 Y12.172 Z-70.721
G1 X-93.890 Y11.964 Z-68.121
G1 X-93.890 Y11.964 Z-65.525
G1 X-93.890 Y11.964 Z-62.929
G1 X-93.890 Y11.964 Z-60.333
G1 X-93.625 Y12.199 Z-67.728
G1 X-93.698 Y12.509 Z-65.109
G1 X-93.698 Y12.509 Z-62.513
G1 X-93.698 Y12.370 Z-59.917
G1 X-93.698 Y11.602 Z-57.322
G1 X-93.650 Y11.988 Z-54.667
G1 X-93.650 Y11.988 Z-52.071
G1 X-93.805 Y12.536 Z-49.340
G1 X-93.338 Y13.455 Z-46.332
G1 X-93.620 Y12.350 Z-43.702
G1 X-94.076 Y11.799 Z-40.919
G1 X-98.681 Y6.175 Z-35.093
G1 X-92.809 Y8.580 Z-33.097
G1 X-94.377 Y8.645 Z-24.456
G1 X-94.635 Y13.187 Z-22.648
G1 X-94.744 Y13.547 Z-19.956
G1 X-94.429 Y13.321 Z-16.780
G1 X-94.343 Y12.162 Z-13.925
G1 X-93.558 Y13.678 Z-15.596
G1 X-94.169 Y9.559 Z-18.331
G1 X-94.263 Y13.526 Z-15.342
G1 X-94.626 Y10.462 Z-12.840
G1 X-93.863 Y11.468 Z-9.610
G1 X-93.899 Y9.431 Z-7.170
G1 X-94.587 Y6.723 Z1.206
G1 X-94.635 Y5.339 Z1.734
G1 X-93.973 Y8.534 Z8.939
G1 X-93.888 Y7.579 Z12.128
G1 X-94.165 Y12.146 Z14.106
G1 X-94.066 Y10.177 Z17.476
G1 X-93.122 Y12.369 Z14.744
G1 X-92.558 Y13.923 Z18.160
G1 X-93.937 Y12.493 Z16.293
G1 X-94.261 Y13.549 Z19.304
G1 X-94.492 Y14.018 Z22.794
G1 X-93.386 Y11.621 Z26.253
G1 X-92.908 Y10.725 Z32.292
G1 X-94.037 Y14.578 Z35.570
G1 X-93.924 Y13.894 Z39.240
G1 X-93.873 Y13.223 Z42.462
G1 X-93.955 Y12.382 Z45.411
G1 X-94.154 Y11.264 Z48.480
G1 X-94.032 Y9.788 Z51.178
G1 X-94.739 Y11.607 Z49.991
G1 X-95.889 Y8.064 Z47.470
G1 X-95.889 Y8.004 Z50.066
G1 X-96.178 Y9.156 Z54.007
G1 X-95.887 Y9.860 Z57.529
G1 X-96.126 Y10.040 Z61.202
G1 X-95.710 Y10.125 Z65.677
G1 X-95.930 Y9.454 Z69.530
F200.0
G0 X-91.035 Y11.193 Z69.312 ; Rapid move
F50.0
G1 X-91.035 Y11.193 Z69.312
G1 X-91.127 Y10.364 Z65.558
G1 X-91.221 Y10.462 Z61.845
G1 X-91.594 Y10.120 Z57.879
G1 X-91.923 Y11.199 Z54.667
G1 X-92.016 Y10.526 Z51.144
G1 X-92.107 Y10.410 Z48.208
G1 X-91.962 Y9.190 Z45.050
G1 X-91.615 Y12.142 Z47.426
G1 X-89.879 Y10.358 Z48.672
G1 X-89.908 Y11.346 Z45.873
G1 X-90.629 Y12.611 Z42.591
G1 X-89.961 Y13.341 Z39.486
G1 X-90.267 Y10.746 Z37.194
G1 X-91.253 Y10.646 Z33.101
G1 X-90.369 Y11.854 Z26.720
G1 X-90.370 Y12.591 Z22.001
G1 X-90.499 Y13.287 Z19.136
G1 X-90.603 Y11.585 Z16.078
G1 X-89.147 Y14.051 Z17.888
G1 X-94.430 Y9.839 Z14.701
G1 X-90.684 Y12.893 Z16.759
G1 X-90.684 Y12.893 Z14.163
G1 X-90.612 Y10.268 Z11.758
G1 X-90.562 Y8.395 Z9.129
G1 X-90.942 Y8.268 Z1.933
G1 X-84.910 Y5.878 Z0.347
G1 X-91.199 Y9.227 Z-7.061
G1 X-91.030 Y10.601 Z-9.962
G1 X-91.123 Y12.725 Z-12.503
G1 X-90.881 Y13.722 Z-15.266
G1 X-90.327 Y10.126 Z-18.341
G1 X-93.239 Y12.057 Z-15.845
G1 X-90.687 Y12.268 Z-13.877
G1 X-90.832 Y13.595 Z-17.011
G1 X-91.054 Y13.753 Z-19.881
G1 X-90.021 Y7.595 Z-21.467
G1 X-89.743 Y8.641 Z-24.353
G1 X-88.961 Y8.393 Z-33.650
G1 X-88.249 Y9.412 Z-38.103
G1 X-89.640 Y10.215 Z-41.087
G1 X-89.870 Y12.424 Z-43.661
G1 X-89.676 Y13.508 Z-46.409
G1 X-89.577 Y14.040 Z-49.210
G1 X-89.472 Y13.716 Z-51.832
G1 X-89.641 Y12.896 Z-54.666
G1 X-89.641 Y13.139 Z-57.262
G1 X-89.641 Y13.139 Z-59.858
G1 X-89.611 Y12.307 Z-62.540
G1 X-89.611 Y12.064 Z-65.136
G1 X-89.611 Y12.064 Z-67.732
G1 X-89.582 Y12.154 Z-70.324
G1 X-89.582 Y12.397 Z-72.920
G1 X-89.582 Y12.154 Z-75.516
G1 X-89.582 Y12.154 Z-78.112
G1 X-89.950 Y12.144 Z-70.722
G1 X-89.950 Y12.144 Z-73.318
G1 X-89.950 Y12.144 Z-75.914
G1 X-89.950 Y11.395 Z-78.510
G1 X-90.578 Y15.695 Z-88.165
F200.0
G0 X-90.554 Y7.063 Z-86.802 ; Rapid move
F50.0
G1 X-90.554 Y7.063 Z-86.802
G1 X-88.363 Y12.234 Z-86.928
G1 X-86.424 Y15.807 Z-82.770
G1 X-86.019 Y12.254 Z-73.318
G1 X-86.019 Y12.254 Z-70.722
G1 X-86.019 Y12.254 Z-68.126
G1 X-86.025 Y12.289 Z-65.531
G1 X-86.025 Y12.289 Z-62.935
G1 X-85.598 Y12.304 Z-70.327
G1 X-85.598 Y12.304 Z-67.731
G1 X-85.569 Y12.719 Z-65.106
G1 X-85.569 Y12.719 Z-62.510
G1 X-85.569 Y12.507 Z-59.914
G1 X-85.590 Y12.965 Z-57.247
G1 X-85.444 Y13.324 Z-54.555
G1 X-85.411 Y12.436 Z-51.994
G1 X-85.506 Y12.968 Z-49.238
G1 X-85.506 Y12.968 Z-46.642
G1 X-85.455 Y11.577 Z-43.980
G1 X-85.830 Y11.138 Z-41.135
G1 X-86.556 Y10.093 Z-38.460
G1 X-85.395 Y8.678 Z-32.788
G1 X-87.002 Y8.127 Z-24.334
G1 X-86.934 Y7.611 Z-21.601
G1 X-86.889 Y13.078 Z-19.471
G1 X-86.821 Y12.663 Z-16.633
G1 X-86.767 Y11.950 Z-13.833
G1 X-81.137 Y10.212 Z-15.515
G1 X-85.904 Y9.709 Z-18.406
G1 X-86.116 Y12.474 Z-15.593
G1 X-86.421 Y12.128 Z-12.912
G1 X-86.461 Y11.886 Z-9.956
G1 X-85.543 Y11.679 Z-6.820
G1 X-80.797 Y6.243 Z-0.171
G1 X-85.549 Y8.258 Z0.961
G1 X-83.151 Y6.567 Z0.534
G1 X-87.012 Y10.566 Z11.715
G1 X-86.149 Y11.129 Z14.653
G1 X-85.758 Y8.892 Z17.527
G1 X-85.337 Y13.318 Z16.197
G1 X-85.941 Y13.685 Z18.738
G1 X-86.467 Y12.663 Z16.333
G1 X-86.298 Y13.225 Z19.053
G1 X-86.607 Y11.164 Z22.101
G1 X-87.682 Y9.968 Z26.076
G1 X-85.109 Y10.915 Z33.405
G1 X-86.735 Y10.950 Z36.929
G1 X-86.730 Y13.397 Z39.309
G1 X-86.819 Y12.766 Z42.436
G1 X-86.081 Y12.291 Z45.755
G1 X-85.828 Y10.366 Z48.672
G1 X-88.683 Y11.609 Z47.161
G1 X-87.570 Y9.728 Z44.822
G1 X-87.534 Y11.392 Z48.372
G1 X-87.661 Y12.206 Z52.387
G1 X-87.677 Y11.920 Z55.206
G1 X-87.503 Y12.174 Z58.568
G1 X-87.283 Y12.258 Z62.524
G1 X-86.809 Y12.095 Z66.399
G1 X-86.609 Y11.846 Z69.568
F200.0
G0 X-82.209 Y12.179 Z69.801 ; Rapid move
F50.0
G1 X-82.209 Y12.179 Z69.801
G1 X-82.361 Y12.453 Z66.700
G1 X-82.843 Y13.038 Z62.646
G1 X-83.174 Y12.770 Z58.579
G1 X-83.303 Y12.612 Z55.328
G1 X-83.096 Y11.857 Z51.126
G1 X-83.091 Y10.860 Z47.567
G1 X-83.233 Y10.315 Z44.679
G1 X-81.707 Y12.872 Z46.792
G1 X-81.591 Y10.985 Z48.537
G1 X-81.536 Y12.026 Z45.852
G1 X-81.708 Y12.936 Z42.863
G1 X-81.371 Y13.107 Z39.584
G1 X-81.808 Y10.893 Z37.102
G1 X-83.150 Y10.460 Z33.591
G1 X-82.061 Y9.699 Z25.509
G1 X-83.024 Y11.249 Z22.323
G1 X-83.438 Y12.166 Z19.337
G1 X-83.588 Y12.045 Z16.712
G1 X-83.332 Y13.817 Z17.079
G1 X-80.561 Y13.225 Z15.990
G1 X-81.685 Y9.540 Z17.545
G1 X-81.370 Y10.564 Z14.812
G1 X-80.481 Y10.297 Z11.815
G1 X-80.548 Y10.170 Z9.097
G1 X-83.328 Y8.885 Z0.475
G1 X-78.502 Y7.398 Z2.884
G1 X-81.896 Y7.910 Z-7.852
G1 X-81.822 Y10.181 Z-10.307
G1 X-81.930 Y10.405 Z-13.133
G1 X-81.680 Y11.196 Z-15.771
G1 X-81.680 Y11.196 Z-18.367
G1 X-85.996 Y10.658 Z-15.552
G1 X-82.673 Y11.299 Z-13.737
G1 X-82.742 Y11.702 Z-16.377
G1 X-82.691 Y9.524 Z-18.921
G1 X-81.095 Y6.854 Z-31.345
G1 X-81.054 Y7.201 Z-33.740
G1 X-82.471 Y9.449 Z-30.038
G1 X-81.130 Y9.123 Z-38.859
G1 X-82.010 Y10.034 Z-41.681
G1 X-81.608 Y10.409 Z-44.313
G1 X-81.660 Y10.913 Z-46.891
G1 X-81.689 Y13.391 Z-49.413
G1 X-81.689 Y13.755 Z-52.009
G1 X-81.689 Y13.755 Z-54.605
G1 X-81.762 Y13.711 Z-57.213
G1 X-81.658 Y13.510 Z-59.851
G1 X-81.546 Y13.240 Z-62.489
G1 X-81.562 Y12.924 Z-65.120
G1 X-81.469 Y12.558 Z-67.726
G1 X-81.469 Y12.558 Z-70.322
G1 X-81.469 Y12.558 Z-72.918
G1 X-81.469 Y12.558 Z-75.514
G1 X-82.173 Y12.731 Z-68.139
G1 X-82.173 Y12.368 Z-70.735
G1 X-84.208 Y12.813 Z-81.343
G1 X-86.616 Y8.748 Z-80.726
G1 X-86.693 Y3.854 Z-83.174
G1 X-86.532 Y4.164 Z-87.115
F200.0
G0 X-82.532 Y4.164 Z-87.115 ; Rapid move
F50.0
G1 X-82.532 Y4.164 Z-87.115
G1 X-82.693 Y3.854 Z-83.174
G1 X-82.693 Y3.854 Z-80.578
G1 X-82.620 Y4.025 Z-77.609
G1 X-79.976 Y11.456 Z-78.554
G1 X-78.215 Y12.375 Z-68.143
G1 X-78.215 Y12.739 Z-65.547
G1 X-78.215 Y13.253 Z-62.951
G1 X-78.215 Y13.253 Z-60.355
G1 X-78.215 Y12.739 Z-57.759
G1 X-78.208 Y12.723 Z-55.162
G1 X-78.208 Y12.723 Z-52.566
G1 X-78.208 Y12.723 Z-49.970
G1 X-77.502 Y12.797 Z-57.338
G1 X-77.502 Y12.797 Z-54.742
G1 X-77.638 Y12.439 Z-52.151
G1 X-77.739 Y10.993 Z-49.560
G1 X-77.942 Y11.633 Z-46.892
G1 X-78.035 Y10.748 Z-44.317
G1 X-77.492 Y10.676 Z-41.508
G1 X-77.684 Y9.382 Z-38.852
G1 X-73.415 Y6.931 Z-30.516
G1 X-78.222 Y8.700 Z-32.648
G1 X-78.862 Y8.328 Z-21.557
G1 X-78.747 Y11.436 Z-19.014
G1 X-78.583 Y11.498 Z-16.402
G1 X-78.493 Y10.344 Z-13.656
G1 X-74.448 Y12.465 Z-14.951
G1 X-73.339 Y9.955 Z-11.597
G1 X-78.040 Y11.507 Z-15.714
G1 X-77.922 Y8.843 Z-13.211
G1 X-78.508 Y9.451 Z-10.490
G1 X-78.412 Y9.331 Z-7.683
G1 X-73.090 Y6.155 Z1.201
G1 X-74.718 Y7.592 Z-0.219
G1 X-77.943 Y7.905 Z9.643
G1 X-78.249 Y9.432 Z12.195
G1 X-77.938 Y10.808 Z14.783
G1 X-77.209 Y8.416 Z7.582
G1 X-74.280 Y10.272 Z13.769
G1 X-79.221 Y10.403 Z13.128
G1 X-79.089 Y11.248 Z16.008
G1 X-79.251 Y12.202 Z19.287
G1 X-79.061 Y9.050 Z21.496
G1 X-75.438 Y7.825 Z29.979
G1 X-76.817 Y9.651 Z34.523
G1 X-78.258 Y10.929 Z37.480
G1 X-77.518 Y11.711 Z40.234
G1 X-77.818 Y12.654 Z43.011
G1 X-77.554 Y11.848 Z45.907
G1 X-77.498 Y10.395 Z48.548
G1 X-78.199 Y12.879 Z46.650
G1 X-78.934 Y10.772 Z44.630
G1 X-78.976 Y11.926 Z48.125
G1 X-78.692 Y12.346 Z51.120
G1 X-78.630 Y12.983 Z54.812
G1 X-78.760 Y13.116 Z59.165
G1 X-78.709 Y13.285 Z63.228
G1 X-77.789 Y12.480 Z67.630
G1 X-77.688 Y12.131 Z70.563
F200.0
G0 X-73.534 Y11.401 Z71.202 ; Rapid move
F50.0
G1 X-73.534 Y11.401 Z71.202
G1 X-73.543 Y12.435 Z67.676
G1 X-73.882 Y13.802 Z63.762
G1 X-74.095 Y13.538 Z59.657
G1 X-74.389 Y13.876 Z55.794
G1 X-74.603 Y13.390 Z51.850
G1 X-75.233 Y11.214 Z47.248
G1 X-75.229 Y10.541 Z44.598
G1 X-74.778 Y12.927 Z46.784
G1 X-77.041 Y12.204 Z44.249
G1 X-73.060 Y8.916 Z46.028
G1 X-73.453 Y13.845 Z42.831
G1 X-73.265 Y9.457 Z40.781
G1 X-73.371 Y10.807 Z37.705
G1 X-74.030 Y9.798 Z34.994
G1 X-78.754 Y4.652 Z28.559
G1 X-72.697 Y8.450 Z21.360
G1 X-73.327 Y11.133 Z18.581
G1 X-74.231 Y10.705 Z15.772
G1 X-75.195 Y9.119 Z12.960
G1 X-69.977 Y11.044 Z15.628
G1 X-73.594 Y12.756 Z13.424
G1 X-73.761 Y10.741 Z14.803
G1 X-73.871 Y11.330 Z12.021
G1 X-73.850 Y9.417 Z9.502
G1 X-73.221 Y7.284 Z0.148
G1 X-71.708 Y7.949 Z2.563
G1 X-73.531 Y5.730 Z1.963
G1 X-74.277 Y8.966 Z-10.584
G1 X-74.223 Y8.898 Z-13.190
G1 X-73.494 Y8.605 Z-5.826
G1 X-75.899 Y12.923 Z-12.211
G1 X-69.485 Y10.165 Z-15.518
G1 X-74.381 Y10.208 Z-13.645
G1 X-73.940 Y12.099 Z-16.342
G1 X-73.961 Y10.984 Z-18.894
G1 X-74.444 Y7.741 Z-21.438
G1 X-73.189 Y8.394 Z-32.925
G1 X-76.505 Y8.656 Z-30.352
G1 X-73.675 Y8.943 Z-39.072
G1 X-73.662 Y10.085 Z-41.663
G1 X-73.186 Y11.173 Z-44.321
G1 X-73.186 Y11.173 Z-46.917
G1 X-73.242 Y11.265 Z-49.511
G1 X-73.343 Y13.208 Z-52.108
G1 X-73.343 Y13.208 Z-54.704
G1 X-73.312 Y12.948 Z-57.328
G1 X-73.312 Y12.948 Z-59.924
G1 X-74.229 Y12.868 Z-52.565
G1 X-74.229 Y12.868 Z-55.161
G1 X-74.229 Y13.128 Z-57.757
G1 X-74.229 Y13.128 Z-60.353
G1 X-74.239 Y12.657 Z-62.950
G1 X-76.179 Y13.479 Z-73.257
G1 X-78.489 Y5.949 Z-71.938
G1 X-78.435 Y3.707 Z-74.037
G1 X-78.489 Y4.180 Z-77.130
G1 X-78.693 Y3.854 Z-80.578
G1 X-78.693 Y3.854 Z-83.174
G1 X-78.532 Y4.478 Z-87.115
F200.0
G0 X-74.487 Y4.598 Z-87.171 ; Rapid move
F50.0
G1 X-74.487 Y4.598 Z-87.171
G1 X-74.621 Y4.211 Z-83.739
G1 X-74.620 Y4.126 Z-80.384
G1 X-74.489 Y4.494 Z-77.130
G1 X-74.489 Y4.494 Z-74.534
G1 X-74.435 Y4.021 Z-71.441
G1 X-74.142 Y6.180 Z-68.616
G1 X-72.015 Y12.707 Z-70.483
G1 X-69.262 Y12.931 Z-70.303
G1 X-69.262 Y13.190 Z-67.707
G1 X-69.176 Y13.285 Z-65.098
G1 X-69.176 Y13.285 Z-62.502
G1 X-69.176 Y13.193 Z-59.906
G1 X-69.220 Y13.260 Z-57.312
G1 X-69.266 Y13.421 Z-54.690
G1 X-69.385 Y13.309 Z-52.099
G1 X-69.385 Y13.096 Z-49.503
G1 X-69.221 Y12.616 Z-46.803
G1 X-69.442 Y12.219 Z-44.148
G1 X-69.098 Y10.124 Z-41.608
G1 X-70.239 Y7.026 Z-29.319
G1 X-67.901 Y8.848 Z-29.631
G1 X-74.132 Y6.546 Z-31.155
G1 X-69.058 Y7.841 Z-31.218
G1 X-70.659 Y11.522 Z-19.161
G1 X-70.257 Y11.094 Z-16.341
G1 X-70.673 Y10.196 Z-13.696
G1 X-67.311 Y13.392 Z-17.161
G1 X-74.679 Y8.799 Z-12.632
G1 X-70.066 Y10.794 Z-15.785
G1 X-70.255 Y10.669 Z-13.160
G1 X-70.024 Y9.089 Z-10.610
G1 X-69.986 Y7.974 Z-8.017
G1 X-73.433 Y7.974 Z1.436
G1 X-69.543 Y8.028 Z-2.427
G1 X-69.547 Y8.611 Z9.689
G1 X-69.582 Y8.054 Z12.346
G1 X-69.940 Y8.068 Z4.958
G1 X-68.415 Y12.459 Z11.218
G1 X-73.144 Y11.493 Z14.756
G1 X-71.628 Y12.217 Z13.958
G1 X-70.837 Y11.706 Z15.966
G1 X-71.254 Y8.753 Z18.494
G1 X-70.998 Y9.494 Z21.692
G1 X-74.491 Y5.836 Z27.568
G1 X-68.983 Y8.985 Z35.225
G1 X-68.985 Y11.633 Z37.889
G1 X-69.354 Y13.952 Z40.149
G1 X-68.982 Y10.704 Z43.354
G1 X-68.982 Y10.704 Z45.950
G1 X-68.600 Y13.303 Z43.954
G1 X-71.229 Y9.976 Z41.747
G1 X-71.206 Y10.566 Z44.574
G1 X-70.324 Y11.732 Z47.726
G1 X-69.959 Y12.674 Z51.364
G1 X-70.037 Y12.979 Z55.866
G1 X-69.475 Y13.291 Z60.434
G1 X-69.264 Y12.915 Z64.359
G1 X-69.362 Y12.737 Z67.949
G1 X-69.479 Y11.154 Z71.355
F200.0
G0 X-64.962 Y10.548 Z71.519 ; Rapid move
F50.0
G1 X-64.962 Y10.548 Z71.519
G1 X-64.927 Y12.221 Z67.620
G1 X-64.858 Y12.744 Z64.236
G1 X-65.380 Y13.962 Z61.161
G1 X-66.320 Y14.191 Z56.859
G1 X-66.388 Y14.148 Z53.464
G1 X-66.565 Y13.666 Z49.408
G1 X-67.020 Y13.127 Z45.774
G1 X-67.371 Y11.676 Z42.259
G1 X-69.593 Y10.060 Z44.664
G1 X-70.190 Y9.660 Z43.363
G1 X-65.183 Y10.969 Z43.325
G1 X-65.127 Y11.057 Z40.700
G1 X-65.076 Y10.888 Z38.008
G1 X-64.936 Y8.857 Z35.271
G1 X-64.541 Y6.942 Z32.735
G1 X-63.958 Y6.136 Z29.569
G1 X-67.421 Y11.898 Z19.726
G1 X-66.642 Y12.276 Z16.301
G1 X-67.267 Y13.304 Z14.922
G1 X-65.277 Y12.164 Z12.848
G1 X-62.882 Y9.862 Z9.028
G1 X-65.642 Y8.113 Z4.962
G1 X-65.642 Y8.113 Z2.366
G1 X-65.592 Y8.179 Z9.742
G1 X-65.368 Y7.882 Z-2.428
G1 X-70.689 Y4.646 Z0.473
G1 X-66.078 Y8.736 Z-7.922
G1 X-66.499 Y9.022 Z-10.568
G1 X-65.965 Y11.103 Z-13.153
G1 X-65.126 Y8.842 Z-5.861
G1 X-63.631 Y12.223 Z-11.458
G1 X-64.022 Y12.499 Z-16.562
G1 X-66.953 Y9.391 Z-13.748
G1 X-66.803 Y9.945 Z-16.363
G1 X-66.666 Y8.751 Z-18.958
G1 X-64.827 Y8.039 Z-30.551
G1 X-65.590 Y9.703 Z-30.623
G1 X-65.800 Y8.550 Z-28.614
G1 X-65.813 Y9.682 Z-38.908
G1 X-65.209 Y10.365 Z-41.552
G1 X-65.035 Y14.254 Z-43.458
G1 X-65.299 Y12.221 Z-46.888
G1 X-65.265 Y12.072 Z-49.533
G1 X-65.265 Y12.341 Z-52.129
G1 X-65.312 Y13.126 Z-54.722
G1 X-65.312 Y13.126 Z-57.318
G1 X-65.293 Y13.123 Z-59.913
G1 X-65.293 Y13.299 Z-62.509
G1 X-65.293 Y13.299 Z-65.105
G1 X-65.290 Y12.772 Z-67.700
G1 X-66.048 Y13.745 Z-66.987
G1 X-69.957 Y4.103 Z-65.367
G1 X-70.034 Y4.186 Z-68.051
G1 X-70.142 Y4.822 Z-71.212
G1 X-70.374 Y4.693 Z-74.320
G1 X-70.489 Y4.494 Z-77.130
G1 X-70.543 Y4.725 Z-80.384
G1 X-70.616 Y4.553 Z-83.322
G1 X-70.487 Y4.598 Z-87.171
F200.0
G0 X-66.337 Y4.966 Z-87.300 ; Rapid move
F50.0
G1 X-66.337 Y4.966 Z-87.300
G1 X-66.364 Y5.257 Z-83.863
G1 X-66.411 Y5.089 Z-80.327
G1 X-66.237 Y5.164 Z-77.033
G1 X-65.988 Y5.645 Z-74.389
G1 X-66.142 Y4.822 Z-71.212
G1 X-65.929 Y4.315 Z-67.926
G1 X-65.823 Y4.357 Z-65.183
G1 X-65.427 Y5.561 Z-62.069
G1 X-60.528 Y13.736 Z-63.324
G1 X-61.300 Y12.262 Z-65.115
G1 X-61.290 Y12.903 Z-62.519
G1 X-61.300 Y12.924 Z-59.923
G1 X-61.317 Y12.498 Z-57.329
G1 X-61.279 Y12.488 Z-54.718
G1 X-61.160 Y12.711 Z-52.087
G1 X-61.192 Y13.148 Z-49.422
G1 X-61.192 Y12.879 Z-46.827
G1 X-61.192 Y11.316 Z-44.231
G1 X-61.105 Y10.444 Z-41.515
G1 X-61.996 Y7.468 Z-29.251
G1 X-57.892 Y6.977 Z-28.460
G1 X-61.381 Y7.997 Z-28.016
G1 X-61.924 Y8.394 Z-30.418
G1 X-62.849 Y8.814 Z-19.008
G1 X-63.485 Y8.018 Z-16.503
G1 X-59.779 Y8.153 Z-23.176
G1 X-57.745 Y9.068 Z-18.696
G1 X-60.199 Y12.058 Z-12.504
G1 X-60.355 Y7.512 Z-6.026
G1 X-60.680 Y7.626 Z-3.349
G1 X-60.674 Y7.257 Z-0.757
G1 X-62.263 Y8.116 Z-7.878
G1 X-59.430 Y8.152 Z2.286
G1 X-61.013 Y8.469 Z-2.084
G1 X-61.260 Y7.609 Z-0.203
G1 X-61.312 Y7.902 Z2.401
G1 X-60.609 Y7.732 Z5.101
G1 X-60.498 Y10.596 Z8.914
G1 X-62.807 Y11.463 Z11.119
G1 X-63.696 Y9.176 Z13.146
G1 X-62.609 Y10.592 Z15.791
G1 X-62.191 Y6.834 Z18.012
G1 X-62.954 Y7.110 Z27.991
G1 X-61.629 Y5.087 Z23.247
G1 X-61.771 Y9.048 Z35.450
G1 X-61.892 Y10.582 Z38.150
G1 X-61.429 Y10.525 Z40.772
G1 X-61.422 Y10.334 Z43.388
G1 X-63.679 Y12.030 Z41.606
G1 X-63.093 Y14.055 Z43.779
G1 X-63.960 Y13.136 Z43.147
G1 X-63.980 Y13.413 Z46.716
G1 X-63.414 Y13.877 Z49.920
G1 X-62.556 Y14.125 Z54.172
G1 X-61.957 Y14.282 Z57.562
G1 X-61.993 Y13.817 Z61.016
G1 X-61.711 Y13.517 Z64.277
G1 X-61.305 Y12.471 Z67.820
G1 X-60.667 Y10.974 Z71.280
F200.0
G0 X-57.287 Y11.906 Z70.944 ; Rapid move
F50.0
G1 X-57.287 Y11.906 Z70.944
G1 X-57.355 Y12.417 Z67.885
G1 X-57.355 Y13.506 Z64.197
G1 X-57.458 Y13.718 Z61.607
G1 X-58.063 Y13.840 Z58.249
G1 X-62.527 Y4.290 Z55.548
G1 X-59.335 Y10.273 Z48.916
G1 X-59.472 Y12.356 Z46.534
G1 X-60.004 Y13.192 Z43.237
G1 X-59.688 Y11.641 Z39.754
G1 X-60.532 Y12.297 Z42.254
G1 X-58.511 Y14.130 Z39.993
G1 X-57.596 Y12.115 Z40.480
G1 X-57.804 Y12.585 Z37.650
G1 X-57.284 Y7.985 Z35.662
G1 X-58.336 Y4.892 Z23.218
G1 X-53.015 Y4.195 Z25.610
G1 X-59.122 Y6.898 Z18.192
G1 X-58.337 Y9.987 Z15.610
G1 X-59.298 Y9.341 Z13.004
G1 X-55.382 Y8.970 Z19.242
G1 X-56.403 Y8.759 Z17.159
G1 X-56.866 Y8.646 Z5.193
G1 X-56.935 Y7.984 Z2.461
G1 X-56.908 Y8.264 Z-0.089
G1 X-57.855 Y8.257 Z-1.243
G1 X-57.958 Y5.300 Z-0.371
G1 X-56.253 Y7.818 Z0.969
G1 X-59.495 Y7.953 Z-10.290
G1 X-59.692 Y7.715 Z-12.831
G1 X-60.136 Y7.716 Z-15.228
G1 X-54.707 Y8.243 Z-9.515
G1 X-61.689 Y7.763 Z-12.890
G1 X-55.020 Y7.924 Z-22.764
G1 X-55.124 Y6.216 Z-25.362
G1 X-54.701 Y7.700 Z-27.015
G1 X-58.243 Y8.558 Z-29.151
G1 X-58.540 Y6.274 Z-27.945
G1 X-58.658 Y7.885 Z-27.262
G1 X-57.577 Y8.221 Z-29.436
G1 X-57.110 Y10.379 Z-41.535
G1 X-57.074 Y11.707 Z-44.115
G1 X-56.941 Y13.760 Z-46.696
G1 X-57.050 Y13.515 Z-49.376
G1 X-57.049 Y13.861 Z-51.981
G1 X-57.396 Y13.453 Z-54.692
G1 X-57.120 Y13.673 Z-57.222
G1 X-57.280 Y13.381 Z-59.883
G1 X-57.280 Y13.381 Z-62.479
G1 X-57.601 Y10.431 Z-65.135
G1 X-60.794 Y7.034 Z-59.073
G1 X-61.427 Y4.322 Z-62.069
G1 X-61.427 Y4.322 Z-64.665
G1 X-61.750 Y4.689 Z-67.823
G1 X-62.055 Y4.984 Z-71.153
G1 X-61.988 Y5.645 Z-74.389
G1 X-61.988 Y5.645 Z-76.985
G1 X-61.832 Y6.197 Z-80.523
G1 X-61.986 Y5.943 Z-84.038
G1 X-62.033 Y5.643 Z-87.279
F200.0
G0 X-58.033 Y5.643 Z-87.279 ; Rapid move
F50.0
G1 X-58.033 Y5.643 Z-87.279
G1 X-57.826 Y6.140 Z-84.226
G1 X-57.827 Y6.150 Z-80.232
G1 X-57.988 Y5.645 Z-76.985
G1 X-57.695 Y6.089 Z-74.354
G1 X-57.664 Y5.726 Z-70.961
G1 X-57.543 Y4.723 Z-67.494
G1 X-57.203 Y4.726 Z-64.519
G1 X-56.794 Y5.013 Z-61.669
G1 X-56.649 Y5.016 Z-58.959
G1 X-51.363 Y11.284 Z-60.246
G1 X-53.779 Y9.129 Z-62.543
G1 X-53.716 Y13.313 Z-59.916
G1 X-53.716 Y13.313 Z-57.321
G1 X-53.761 Y11.819 Z-54.736
G1 X-53.821 Y11.948 Z-52.127
G1 X-53.870 Y10.802 Z-49.537
G1 X-53.793 Y9.341 Z-46.957
G1 X-53.837 Y9.526 Z-44.344
G1 X-53.779 Y9.670 Z-41.670
G1 X-53.932 Y9.351 Z-29.820
G1 X-54.627 Y8.578 Z-27.688
G1 X-53.129 Y6.964 Z-27.035
G1 X-52.867 Y7.190 Z-24.751
G1 X-52.213 Y8.664 Z-26.419
G1 X-50.685 Y6.337 Z-25.090
G1 X-57.451 Y7.697 Z-15.208
G1 X-49.883 Y7.692 Z-19.139
G1 X-58.773 Y7.946 Z-13.318
G1 X-56.157 Y7.411 Z-15.217
G1 X-56.076 Y7.643 Z-12.658
G1 X-55.696 Y6.209 Z-10.227
G1 X-51.379 Y7.767 Z-0.061
G1 X-53.277 Y4.280 Z-0.899
G1 X-52.974 Y7.426 Z0.858
G1 X-53.584 Y9.084 Z0.203
G1 X-52.708 Y7.818 Z2.475
G1 X-53.223 Y8.652 Z5.028
G1 X-54.945 Y8.795 Z7.753
G1 X-55.261 Y8.654 Z10.414
G1 X-55.890 Y8.104 Z13.222
G1 X-56.229 Y9.058 Z16.017
G1 X-52.307 Y7.351 Z27.559
G1 X-48.962 Y4.811 Z24.410
G1 X-52.476 Y7.752 Z32.904
G1 X-52.522 Y8.215 Z35.493
G1 X-53.642 Y7.657 Z38.307
G1 X-53.824 Y7.521 Z40.909
G1 X-54.099 Y12.005 Z39.397
G1 X-53.343 Y12.635 Z40.922
G1 X-55.640 Y11.495 Z39.646
G1 X-55.333 Y12.465 Z42.811
G1 X-55.444 Y12.426 Z46.638
G1 X-54.889 Y10.869 Z49.004
G1 X-53.438 Y10.557 Z56.047
G1 X-53.557 Y12.941 Z59.274
G1 X-52.968 Y12.863 Z62.426
G1 X-52.910 Y12.362 Z65.600
G1 X-52.910 Y12.362 Z68.196
G1 X-52.687 Y12.520 Z70.588
F200.0
G0 X-48.577 Y10.779 Z71.632 ; Rapid move
F50.0
G1 X-48.577 Y10.779 Z71.632
G1 X-48.560 Y11.359 Z68.781
G1 X-48.414 Y11.129 Z66.253
G1 X-48.599 Y12.083 Z63.145
G1 X-49.907 Y13.035 Z59.822
G1 X-47.927 Y8.108 Z57.714
G1 X-54.644 Y4.480 Z52.629
G1 X-51.874 Y11.030 Z46.615
G1 X-52.129 Y10.842 Z43.236
G1 X-52.071 Y11.811 Z39.955
G1 X-53.037 Y9.171 Z37.621
G1 X-53.209 Y11.536 Z38.159
G1 X-53.622 Y9.632 Z38.612
G1 X-51.008 Y8.175 Z38.155
G1 X-51.646 Y8.335 Z35.338
G1 X-48.957 Y6.679 Z23.494
G1 X-45.955 Y7.097 Z24.385
G1 X-48.439 Y8.022 Z27.375
G1 X-52.438 Y8.852 Z16.217
G1 X-51.688 Y8.624 Z13.162
G1 X-49.922 Y9.179 Z10.169
G1 X-49.922 Y9.179 Z7.573
G1 X-48.935 Y8.372 Z5.039
G1 X-48.967 Y8.462 Z2.446
G1 X-47.567 Y7.746 Z0.884
G1 X-48.394 Y6.368 Z0.801
G1 X-48.074 Y3.771 Z-1.298
G1 X-48.076 Y6.784 Z-3.394
G1 X-44.870 Y6.148 Z-4.788
G1 X-52.271 Y6.101 Z-12.547
G1 X-52.271 Y6.101 Z-15.143
G1 X-47.292 Y7.776 Z-9.079
G1 X-46.564 Y6.048 Z-19.828
G1 X-46.748 Y5.831 Z-22.579
G1 X-45.944 Y8.769 Z-22.418
G1 X-48.298 Y5.402 Z-23.035
G1 X-48.124 Y6.682 Z-24.926
G1 X-48.644 Y6.707 Z-26.703
G1 X-49.548 Y9.022 Z-27.509
G1 X-50.860 Y9.061 Z-29.798
G1 X-50.051 Y9.170 Z-41.740
G1 X-50.089 Y12.166 Z-44.214
G1 X-50.089 Y12.580 Z-46.810
G1 X-50.016 Y12.286 Z-49.474
G1 X-49.819 Y12.110 Z-52.105
G1 X-49.778 Y11.934 Z-54.724
G1 X-49.778 Y11.934 Z-57.320
G1 X-49.710 Y11.806 Z-59.929
G1 X-49.874 Y8.874 Z-62.537
G1 X-52.060 Y7.225 Z-56.061
G1 X-52.273 Y5.215 Z-58.738
G1 X-52.312 Y5.348 Z-61.417
G1 X-52.715 Y5.248 Z-64.257
G1 X-52.718 Y5.763 Z-67.217
G1 X-53.097 Y6.211 Z-70.614
G1 X-53.251 Y6.682 Z-74.169
G1 X-53.318 Y6.773 Z-77.162
G1 X-53.555 Y6.540 Z-80.461
G1 X-53.656 Y6.400 Z-84.066
G1 X-53.083 Y6.481 Z-88.079
F200.0
G0 X-47.740 Y7.034 Z-88.772 ; Rapid move
F50.0
G1 X-47.740 Y7.034 Z-88.772
G1 X-48.381 Y7.601 Z-84.427
G1 X-48.663 Y7.503 Z-80.579
G1 X-48.519 Y7.462 Z-77.195
G1 X-48.564 Y7.123 Z-73.615
G1 X-48.505 Y6.177 Z-69.861
G1 X-48.222 Y5.557 Z-66.655
G1 X-48.222 Y5.557 Z-64.059
G1 X-48.060 Y5.321 Z-61.253
G1 X-48.029 Y5.359 Z-58.657
G1 X-48.136 Y5.223 Z-56.063
G1 X-45.140 Y11.754 Z-58.458
G1 X-45.781 Y11.576 Z-59.910
G1 X-45.734 Y11.980 Z-57.315
G1 X-45.734 Y11.980 Z-54.719
G1 X-45.734 Y11.980 Z-52.123
G1 X-45.703 Y12.005 Z-49.523
G1 X-45.703 Y11.592 Z-46.927
G1 X-45.732 Y8.238 Z-44.371
G1 X-45.732 Y8.238 Z-41.775
G1 X-45.431 Y8.423 Z-29.428
G1 X-45.098 Y8.694 Z-26.975
G1 X-44.357 Y6.257 Z-26.440
G1 X-44.638 Y5.923 Z-25.023
G1 X-44.571 Y5.499 Z-23.172
G1 X-44.505 Y6.322 Z-20.625
G1 X-41.133 Y6.681 Z-17.029
G1 X-44.558 Y5.834 Z-11.161
G1 X-46.488 Y6.034 Z-18.358
G1 X-45.926 Y5.894 Z-15.814
G1 X-44.632 Y5.955 Z-13.085
G1 X-43.979 Y6.142 Z-4.985
G1 X-44.382 Y1.770 Z-3.639
G1 X-44.472 Y2.800 Z-1.170
G1 X-44.336 Y4.891 Z0.678
G1 X-42.941 Y7.554 Z1.398
G1 X-45.634 Y8.351 Z2.382
G1 X-45.634 Y8.473 Z4.978
G1 X-45.680 Y8.370 Z7.563
G1 X-46.137 Y8.383 Z10.172
G1 X-44.967 Y7.876 Z22.671
G1 X-44.962 Y7.648 Z25.039
G1 X-44.397 Y6.199 Z23.304
G1 X-42.844 Y7.691 Z23.685
G1 X-43.613 Y7.262 Z24.241
G1 X-49.027 Y8.752 Z34.428
G1 X-49.568 Y9.667 Z36.435
G1 X-50.481 Y10.034 Z36.981
G1 X-49.854 Y8.891 Z35.610
G1 X-49.427 Y11.734 Z39.663
G1 X-48.092 Y12.597 Z41.720
G1 X-47.798 Y11.204 Z43.403
G1 X-41.106 Y5.037 Z47.136
G1 X-46.584 Y6.662 Z56.053
G1 X-45.277 Y11.630 Z57.552
G1 X-45.353 Y12.027 Z60.301
G1 X-45.261 Y11.848 Z63.451
G1 X-44.807 Y11.896 Z66.276
G1 X-44.734 Y11.281 Z69.107
G1 X-44.487 Y11.259 Z71.647
F200.0
G0 X-40.717 Y11.070 Z71.763 ; Rapid move
F50.0
G1 X-40.717 Y11.070 Z71.763
G1 X-40.817 Y11.790 Z68.924
G1 X-40.762 Y12.088 Z66.166
G1 X-41.131 Y12.807 Z63.171
G1 X-41.031 Y13.410 Z59.993
G1 X-41.140 Y13.593 Z57.208
G1 X-40.682 Y6.139 Z56.174
G1 X-38.611 Y7.712 Z51.424
G1 X-39.224 Y6.207 Z46.476
G1 X-43.978 Y12.917 Z42.364
G1 X-44.663 Y12.641 Z40.330
G1 X-43.729 Y10.072 Z42.880
G1 X-43.295 Y9.251 Z40.644
G1 X-44.001 Y10.899 Z37.218
G1 X-43.243 Y9.570 Z35.203
G1 X-39.891 Y7.424 Z24.194
G1 X-39.298 Y7.141 Z23.614
G1 X-39.993 Y3.740 Z23.008
G1 X-38.082 Y8.506 Z20.841
G1 X-40.123 Y7.187 Z22.008
G1 X-41.656 Y8.038 Z10.148
G1 X-42.689 Y7.889 Z7.630
G1 X-40.006 Y5.250 Z14.624
G1 X-37.736 Y6.648 Z9.900
G1 X-40.544 Y4.894 Z3.104
G1 X-40.594 Y2.682 Z0.763
G1 X-40.315 Y1.684 Z-1.426
G1 X-40.429 Y-0.373 Z-3.656
G1 X-40.398 Y0.049 Z-5.680
G1 X-40.359 Y0.960 Z-8.041
G1 X-39.775 Y6.085 Z-10.434
G1 X-39.661 Y6.020 Z-12.899
G1 X-39.998 Y2.298 Z-15.108
G1 X-40.130 Y1.871 Z-17.560
G1 X-40.887 Y0.864 Z-19.854
G1 X-41.050 Y3.115 Z-22.744
G1 X-41.226 Y5.850 Z-25.141
G1 X-40.790 Y6.611 Z-26.857
G1 X-42.340 Y9.477 Z-36.370
G1 X-42.085 Y9.009 Z-39.095
G1 X-41.970 Y8.787 Z-41.731
G1 X-41.970 Y8.787 Z-44.327
G1 X-41.702 Y12.166 Z-46.862
G1 X-41.793 Y12.115 Z-49.469
G1 X-41.793 Y12.835 Z-52.065
G1 X-41.874 Y12.775 Z-54.672
G1 X-41.874 Y12.775 Z-57.268
G1 X-41.913 Y8.789 Z-59.904
G1 X-39.734 Y9.941 Z-58.366
G1 X-44.159 Y5.451 Z-56.179
G1 X-44.046 Y5.490 Z-58.728
G1 X-43.868 Y5.701 Z-61.336
G1 X-43.586 Y6.511 Z-64.179
G1 X-43.582 Y6.607 Z-66.846
G1 X-43.697 Y7.091 Z-69.944
G1 X-43.564 Y7.740 Z-73.401
G1 X-42.964 Y8.504 Z-77.717
G1 X-43.115 Y8.501 Z-80.965
G1 X-42.386 Y8.156 Z-85.655
G1 X-42.105 Y7.352 Z-89.481
F200.0
G0 X-36.334 Y6.781 Z-89.773 ; Rapid move
F50.0
G1 X-36.334 Y6.781 Z-89.773
G1 X-36.434 Y7.282 Z-86.736
G1 X-37.349 Y8.501 Z-82.362
G1 X-37.941 Y8.713 Z-78.775
G1 X-39.069 Y8.108 Z-73.656
G1 X-39.143 Y7.582 Z-70.228
G1 X-39.178 Y7.192 Z-67.190
G1 X-39.820 Y6.390 Z-64.212
G1 X-39.835 Y6.228 Z-61.513
G1 X-40.033 Y5.695 Z-58.827
G1 X-39.946 Y5.558 Z-56.180
G1 X-40.107 Y5.231 Z-53.533
G1 X-39.992 Y10.760 Z-56.674
G1 X-38.339 Y11.305 Z-57.176
G1 X-38.086 Y13.128 Z-54.637
G1 X-38.086 Y13.128 Z-52.041
G1 X-37.983 Y13.048 Z-49.418
G1 X-37.983 Y12.328 Z-46.822
G1 X-38.106 Y12.445 Z-44.189
G1 X-37.736 Y12.738 Z-41.515
G1 X-38.378 Y9.549 Z-38.941
G1 X-38.039 Y7.136 Z-36.551
G1 X-37.370 Y6.492 Z-27.086
G1 X-37.132 Y5.515 Z-25.122
G1 X-36.859 Y2.333 Z-22.315
G1 X-36.587 Y-0.065 Z-19.592
G1 X-36.560 Y-0.388 Z-17.257
G1 X-36.440 Y-0.244 Z-15.259
G1 X-36.431 Y-0.199 Z-13.084
G1 X-36.473 Y0.065 Z-10.587
G1 X-36.446 Y-0.827 Z-8.064
G1 X-36.433 Y-1.473 Z-5.574
G1 X-36.704 Y-1.246 Z-3.681
G1 X-36.426 Y0.567 Z-1.427
G1 X-36.459 Y2.044 Z0.866
G1 X-36.300 Y2.346 Z3.658
G1 X-36.019 Y3.404 Z6.514
G1 X-35.623 Y3.296 Z9.577
G1 X-35.693 Y3.344 Z12.605
G1 X-35.788 Y3.614 Z15.767
G1 X-35.874 Y3.657 Z18.310
G1 X-35.913 Y3.411 Z20.843
G1 X-36.013 Y2.343 Z22.700
G1 X-36.097 Y1.933 Z24.537
G1 X-36.055 Y6.191 Z25.393
G1 X-37.980 Y6.254 Z25.889
G1 X-39.070 Y9.203 Z37.814
G1 X-40.457 Y9.689 Z32.332
G1 X-40.840 Y10.537 Z36.041
G1 X-41.136 Y11.030 Z40.165
G1 X-40.070 Y11.823 Z42.938
G1 X-41.610 Y4.413 Z49.510
G1 X-38.866 Y9.894 Z52.822
G1 X-36.748 Y13.659 Z54.597
G1 X-36.577 Y13.702 Z57.646
G1 X-36.591 Y12.937 Z60.454
G1 X-36.532 Y12.630 Z63.261
G1 X-36.285 Y11.334 Z66.415
G1 X-36.194 Y10.751 Z69.127
G1 X-36.222 Y10.459 Z71.758
F200.0
G0 X-32.368 Y11.169 Z71.682 ; Rapid move
F50.0
G1 X-32.368 Y11.169 Z71.682
G1 X-32.423 Y11.040 Z69.137
G1 X-32.404 Y12.484 Z66.205
G1 X-32.496 Y13.063 Z63.311
G1 X-32.853 Y12.998 Z60.853
G1 X-33.140 Y13.657 Z57.829
G1 X-33.090 Y13.167 Z55.193
G1 X-33.090 Y12.005 Z52.597
G1 X-32.926 Y7.467 Z50.964
G1 X-33.213 Y6.846 Z40.630
G1 X-31.518 Y6.359 Z41.457
G1 X-31.442 Y6.769 Z38.969
G1 X-31.273 Y6.544 Z34.764
G1 X-31.454 Y6.460 Z31.616
G1 X-31.552 Y6.563 Z29.144
G1 X-31.950 Y1.315 Z27.094
G1 X-31.834 Y0.623 Z24.700
G1 X-31.839 Y0.092 Z22.504
G1 X-32.024 Y0.635 Z20.426
G1 X-31.876 Y2.010 Z18.074
G1 X-31.773 Y2.267 Z15.462
G1 X-31.833 Y2.304 Z12.604
G1 X-31.814 Y1.983 Z9.605
G1 X-31.987 Y2.039 Z6.845
G1 X-32.054 Y2.055 Z4.172
G1 X-32.187 Y0.448 Z0.984
G1 X-32.293 Y-1.628 Z-1.369
G1 X-32.449 Y-1.768 Z-3.519
G1 X-32.455 Y-2.503 Z-5.603
G1 X-32.472 Y-2.950 Z-7.970
G1 X-32.513 Y-2.235 Z-10.548
G1 X-32.519 Y-1.378 Z-13.137
G1 X-32.389 Y-1.265 Z-15.472
G1 X-32.142 Y-0.780 Z-17.383
G1 X-32.094 Y-0.433 Z-19.512
G1 X-32.184 Y1.036 Z-21.950
G1 X-32.769 Y5.569 Z-24.993
G1 X-32.683 Y6.717 Z-26.214
G1 X-33.904 Y6.756 Z-36.576
G1 X-34.181 Y10.357 Z-39.004
G1 X-34.201 Y11.818 Z-41.507
G1 X-34.199 Y12.339 Z-44.141
G1 X-34.214 Y12.288 Z-46.750
G1 X-34.248 Y12.246 Z-49.355
G1 X-34.248 Y12.670 Z-51.951
G1 X-34.281 Y12.749 Z-54.521
G1 X-34.398 Y10.209 Z-57.245
G1 X-34.891 Y11.083 Z-56.590
G1 X-36.261 Y5.432 Z-53.704
G1 X-36.130 Y5.881 Z-56.485
G1 X-35.915 Y6.680 Z-59.014
G1 X-35.660 Y6.859 Z-61.600
G1 X-35.485 Y7.324 Z-64.495
G1 X-35.436 Y7.638 Z-67.389
G1 X-35.097 Y8.557 Z-71.247
G1 X-34.611 Y9.007 Z-76.308
G1 X-34.015 Y8.839 Z-79.908
G1 X-33.280 Y7.751 Z-84.084
G1 X-33.095 Y7.397 Z-87.002
G1 X-32.835 Y5.876 Z-90.557
F200.0
G0 X-29.172 Y6.356 Z-90.484 ; Rapid move
F50.0
G1 X-29.172 Y6.356 Z-90.484
G1 X-29.643 Y7.047 Z-87.546
G1 X-29.612 Y7.266 Z-84.812
G1 X-29.859 Y8.675 Z-80.432
G1 X-30.375 Y9.095 Z-76.129
G1 X-30.463 Y9.129 Z-71.824
G1 X-31.279 Y8.521 Z-68.211
G1 X-31.877 Y7.749 Z-64.920
G1 X-32.208 Y7.331 Z-62.135
G1 X-32.413 Y6.890 Z-59.328
G1 X-32.557 Y6.673 Z-56.692
G1 X-32.840 Y6.150 Z-54.272
G1 X-33.017 Y6.166 Z-51.862
G1 X-30.341 Y9.380 Z-57.229
G1 X-30.197 Y11.328 Z-54.558
G1 X-30.192 Y13.047 Z-51.834
G1 X-30.213 Y13.092 Z-49.219
G1 X-30.285 Y11.975 Z-46.636
G1 X-30.220 Y12.022 Z-44.029
G1 X-30.210 Y12.427 Z-41.260
G1 X-30.249 Y11.931 Z-38.459
G1 X-28.998 Y6.100 Z-27.999
G1 X-28.854 Y6.549 Z-25.928
G1 X-28.422 Y5.946 Z-24.533
G1 X-28.272 Y-0.028 Z-21.849
G1 X-28.325 Y-0.340 Z-19.542
G1 X-28.403 Y-0.813 Z-17.473
G1 X-28.428 Y-1.250 Z-15.563
G1 X-28.466 Y-2.063 Z-13.141
G1 X-28.452 Y-3.585 Z-10.536
G1 X-28.449 Y-3.945 Z-7.966
G1 X-28.421 Y-3.550 Z-5.661
G1 X-28.246 Y-2.573 Z-3.296
G1 X-28.251 Y-2.602 Z-1.037
G1 X-28.230 Y-1.849 Z1.544
G1 X-28.074 Y-0.324 Z4.393
G1 X-27.963 Y-0.339 Z6.975
G1 X-27.966 Y-0.355 Z9.758
G1 X-27.798 Y-0.420 Z12.569
G1 X-27.803 Y-0.421 Z15.312
G1 X-27.847 Y-1.033 Z17.861
G1 X-27.916 Y-1.305 Z20.220
G1 X-28.011 Y-0.629 Z22.336
G1 X-27.870 Y-0.319 Z24.663
G1 X-27.821 Y0.275 Z27.212
G1 X-27.656 Y0.225 Z29.945
G1 X-27.667 Y6.402 Z32.690
G1 X-27.653 Y6.430 Z35.633
G1 X-26.166 Y2.465 Z35.097
G1 X-27.664 Y6.532 Z39.790
G1 X-24.789 Y4.761 Z43.936
G1 X-28.266 Y9.497 Z50.022
G1 X-28.621 Y12.451 Z52.585
G1 X-28.545 Y12.222 Z55.342
G1 X-28.690 Y12.438 Z58.064
G1 X-28.738 Y12.384 Z60.796
G1 X-28.979 Y11.716 Z63.799
G1 X-28.429 Y11.599 Z66.367
G1 X-28.559 Y10.771 Z69.232
G1 X-28.300 Y11.354 Z71.605
F200.0
G0 X-24.901 Y11.350 Z71.711 ; Rapid move
F50.0
G1 X-24.901 Y11.350 Z71.711
G1 X-24.901 Y11.234 Z69.115
G1 X-24.897 Y11.662 Z66.397
G1 X-24.897 Y11.662 Z63.801
G1 X-24.786 Y11.462 Z61.263
G1 X-24.610 Y12.283 Z58.221
G1 X-24.480 Y12.625 Z55.352
G1 X-24.595 Y12.597 Z52.446
G1 X-24.695 Y9.760 Z49.952
G1 X-25.678 Y9.486 Z46.775
G1 X-30.074 Y3.898 Z43.443
G1 X-23.649 Y3.250 Z38.071
G1 X-25.801 Y19.455 Z37.296
G1 X-23.536 Y-0.048 Z32.776
G1 X-23.621 Y-0.916 Z30.021
G1 X-23.792 Y-0.841 Z27.404
G1 X-23.879 Y-0.815 Z24.736
G1 X-23.973 Y-1.629 Z22.390
G1 X-24.092 Y-2.831 Z20.272
G1 X-24.116 Y-2.529 Z17.784
G1 X-24.222 Y-2.082 Z15.429
G1 X-24.263 Y-2.067 Z12.813
G1 X-24.292 Y-2.052 Z10.048
G1 X-24.376 Y-2.026 Z7.252
G1 X-24.427 Y-2.523 Z4.414
G1 X-24.533 Y-2.523 Z1.529
G1 X-24.673 Y-3.373 Z-0.971
G1 X-24.579 Y-4.178 Z-3.363
G1 X-24.475 Y-4.387 Z-5.613
G1 X-24.409 Y-5.100 Z-8.044
G1 X-24.348 Y-4.456 Z-10.514
G1 X-24.344 Y-4.458 Z-13.095
G1 X-24.344 Y-2.408 Z-15.641
G1 X-24.115 Y-1.096 Z-17.557
G1 X-24.215 Y-0.772 Z-19.472
G1 X-24.332 Y0.589 Z-21.631
G1 X-25.146 Y5.347 Z-24.017
G1 X-24.902 Y6.248 Z-25.878
G1 X-25.165 Y5.644 Z-26.747
G1 X-26.062 Y10.264 Z-38.822
G1 X-26.067 Y11.938 Z-41.376
G1 X-26.101 Y12.429 Z-43.970
G1 X-26.166 Y12.214 Z-46.646
G1 X-26.193 Y12.091 Z-49.283
G1 X-26.270 Y11.315 Z-51.959
G1 X-26.387 Y9.456 Z-54.612
G1 X-26.761 Y11.923 Z-53.660
G1 X-29.183 Y7.145 Z-52.224
G1 X-29.039 Y7.353 Z-54.839
G1 X-28.838 Y7.484 Z-57.274
G1 X-28.457 Y7.742 Z-59.749
G1 X-28.151 Y8.388 Z-62.843
G1 X-27.233 Y9.110 Z-65.945
G1 X-26.695 Y9.268 Z-69.335
G1 X-26.346 Y9.441 Z-72.629
G1 X-26.174 Y9.435 Z-75.850
G1 X-25.484 Y8.735 Z-80.694
G1 X-25.144 Y7.835 Z-84.223
G1 X-25.050 Y6.774 Z-87.695
G1 X-25.042 Y6.679 Z-90.323
F200.0
G0 X-21.028 Y6.645 Z-90.365 ; Rapid move
F50.0
G1 X-21.028 Y6.645 Z-90.365
G1 X-21.068 Y6.833 Z-87.675
G1 X-20.979 Y7.735 Z-84.320
G1 X-21.235 Y8.658 Z-80.960
G1 X-21.398 Y9.296 Z-76.895
G1 X-22.157 Y9.749 Z-72.871
G1 X-22.557 Y9.687 Z-70.057
G1 X-23.235 Y9.398 Z-66.718
G1 X-23.450 Y9.475 Z-64.245
G1 X-24.172 Y8.996 Z-61.181
G1 X-24.376 Y8.613 Z-57.988
G1 X-24.685 Y8.448 Z-55.516
G1 X-25.102 Y7.808 Z-52.575
G1 X-25.377 Y7.445 Z-49.966
G1 X-18.224 Y7.888 Z-48.690
G1 X-22.528 Y9.921 Z-51.928
G1 X-22.637 Y10.442 Z-49.297
G1 X-22.532 Y10.567 Z-46.681
G1 X-22.403 Y10.711 Z-44.056
G1 X-22.029 Y10.879 Z-41.433
G1 X-21.949 Y11.317 Z-38.646
G1 X-22.209 Y9.096 Z-36.190
G1 X-18.181 Y5.262 Z-25.596
G1 X-20.401 Y4.492 Z-23.603
G1 X-19.740 Y0.197 Z-21.387
G1 X-19.977 Y0.082 Z-19.442
G1 X-20.200 Y-1.294 Z-17.994
G1 X-20.312 Y-2.715 Z-15.725
G1 X-20.321 Y-4.884 Z-13.102
G1 X-20.332 Y-5.723 Z-10.566
G1 X-20.381 Y-6.259 Z-8.194
G1 X-20.528 Y-5.820 Z-5.935
G1 X-20.638 Y-5.449 Z-3.559
G1 X-20.689 Y-4.677 Z-0.999
G1 X-20.747 Y-4.155 Z1.644
G1 X-20.652 Y-4.398 Z4.428
G1 X-20.667 Y-4.384 Z7.290
G1 X-20.685 Y-3.455 Z10.041
G1 X-20.670 Y-3.464 Z12.805
G1 X-20.528 Y-3.507 Z15.522
G1 X-20.545 Y-3.760 Z18.022
G1 X-20.399 Y-3.909 Z20.410
G1 X-20.211 Y-3.971 Z22.714
G1 X-20.187 Y-2.822 Z25.038
G1 X-20.135 Y-2.847 Z27.574
G1 X-20.041 Y-1.604 Z30.154
G1 X-21.587 Y20.214 Z34.924
G1 X-21.641 Y20.015 Z37.302
G1 X-19.807 Y5.253 Z37.717
G1 X-16.940 Y3.459 Z42.190
G1 X-21.365 Y15.521 Z45.235
G1 X-21.001 Y15.281 Z48.330
G1 X-21.054 Y14.859 Z51.690
G1 X-21.277 Y11.995 Z55.502
G1 X-21.166 Y11.658 Z58.309
G1 X-21.010 Y11.247 Z61.107
G1 X-20.986 Y11.029 Z63.893
G1 X-21.057 Y10.426 Z66.684
G1 X-21.057 Y10.426 Z69.280
G1 X-21.057 Y10.426 Z71.876
F200.0
G0 X-17.080 Y9.151 Z72.011 ; Rapid move
F50.0
G1 X-17.080 Y9.151 Z72.011
G1 X-17.011 Y9.321 Z69.399
G1 X-17.296 Y10.495 Z66.635
G1 X-17.509 Y11.968 Z63.332
G1 X-17.509 Y11.968 Z60.736
G1 X-17.414 Y12.215 Z57.942
G1 X-17.128 Y12.639 Z54.915
G1 X-16.934 Y12.831 Z52.061
G1 X-17.002 Y14.289 Z49.197
G1 X-17.225 Y15.353 Z45.577
G1 X-17.400 Y15.587 Z42.324
G1 X-17.575 Y19.131 Z39.506
G1 X-17.457 Y20.141 Z37.244
G1 X-17.382 Y21.114 Z34.980
G1 X-17.362 Y21.065 Z32.512
G1 X-17.353 Y21.093 Z29.838
G1 X-16.521 Y-4.714 Z25.043
G1 X-16.525 Y-4.703 Z22.560
G1 X-16.495 Y-5.577 Z20.486
G1 X-16.557 Y-5.441 Z18.111
G1 X-16.586 Y-5.280 Z15.599
G1 X-16.726 Y-5.231 Z12.763
G1 X-16.743 Y-5.224 Z10.067
G1 X-16.738 Y-5.224 Z7.406
G1 X-16.719 Y-5.256 Z4.480
G1 X-16.697 Y-5.836 Z1.598
G1 X-16.696 Y-6.595 Z-1.025
G1 X-16.679 Y-6.610 Z-3.580
G1 X-16.662 Y-6.947 Z-6.052
G1 X-16.407 Y-6.773 Z-8.273
G1 X-17.379 Y22.612 Z-11.495
G1 X-17.458 Y23.250 Z-13.546
G1 X-16.305 Y-4.463 Z-15.746
G1 X-16.238 Y-1.275 Z-18.423
G1 X-15.698 Y0.748 Z-20.168
G1 X-15.394 Y1.222 Z-21.520
G1 X-15.402 Y3.845 Z-23.525
G1 X-14.158 Y4.683 Z-25.579
G1 X-18.247 Y12.601 Z-35.098
G1 X-18.070 Y11.731 Z-38.406
G1 X-18.107 Y11.437 Z-41.171
G1 X-18.125 Y11.030 Z-43.961
G1 X-18.416 Y10.852 Z-46.599
G1 X-18.494 Y10.254 Z-49.233
G1 X-19.556 Y8.611 Z-51.612
G1 X-21.649 Y7.453 Z-51.662
G1 X-21.377 Y7.614 Z-50.157
G1 X-20.773 Y9.669 Z-53.085
G1 X-20.150 Y10.104 Z-55.664
G1 X-20.075 Y9.452 Z-58.465
G1 X-19.194 Y10.082 Z-62.036
G1 X-18.824 Y10.214 Z-64.976
G1 X-18.335 Y9.853 Z-67.714
G1 X-17.682 Y9.759 Z-70.830
G1 X-17.401 Y9.678 Z-73.988
G1 X-16.992 Y8.976 Z-77.795
G1 X-16.520 Y8.335 Z-81.198
G1 X-16.569 Y7.437 Z-84.646
G1 X-16.523 Y6.745 Z-87.600
G1 X-16.600 Y6.670 Z-90.265
F200.0
G0 X-11.744 Y5.880 Z-90.319 ; Rapid move
F50.0
G1 X-11.744 Y5.880 Z-90.319
G1 X-11.545 Y6.266 Z-87.453
G1 X-11.282 Y6.544 Z-84.529
G1 X-11.520 Y7.542 Z-81.528
G1 X-12.162 Y8.781 Z-78.120
G1 X-12.362 Y9.292 Z-74.709
G1 X-13.333 Y9.698 Z-71.234
G1 X-13.669 Y10.327 Z-68.227
G1 X-13.897 Y10.332 Z-65.511
G1 X-14.762 Y10.232 Z-62.457
G1 X-15.311 Y10.791 Z-59.212
G1 X-16.371 Y10.661 Z-55.957
G1 X-16.710 Y10.748 Z-53.574
G1 X-16.946 Y10.651 Z-51.266
G1 X-16.568 Y11.006 Z-50.573
G1 X-16.784 Y11.845 Z-49.362
G1 X-15.469 Y10.767 Z-48.693
G1 X-14.779 Y10.996 Z-46.189
G1 X-14.121 Y11.368 Z-43.803
G1 X-13.927 Y13.409 Z-40.893
G1 X-13.418 Y13.885 Z-37.909
G1 X-13.683 Y14.714 Z-34.386
G1 X-13.054 Y11.587 Z-31.246
G1 X-18.177 Y5.073 Z-27.693
G1 X-11.559 Y1.684 Z-22.292
G1 X-12.226 Y0.187 Z-21.055
G1 X-13.475 Y23.003 Z-17.773
G1 X-13.396 Y23.238 Z-15.650
G1 X-13.226 Y23.487 Z-13.547
G1 X-13.355 Y23.431 Z-11.650
G1 X-13.410 Y23.926 Z-9.393
G1 X-13.416 Y23.173 Z-6.819
G1 X-12.694 Y-7.854 Z-3.611
G1 X-12.697 Y-7.857 Z-1.039
G1 X-12.709 Y-7.693 Z1.626
G1 X-12.671 Y-7.682 Z4.453
G1 X-13.389 Y23.501 Z8.289
G1 X-13.409 Y23.636 Z10.742
G1 X-13.394 Y23.225 Z12.614
G1 X-13.435 Y23.512 Z14.974
G1 X-13.445 Y23.878 Z17.299
G1 X-12.583 Y-7.674 Z20.294
G1 X-13.240 Y22.970 Z23.701
G1 X-13.178 Y22.633 Z26.684
G1 X-13.311 Y21.341 Z29.865
G1 X-13.339 Y21.331 Z32.495
G1 X-13.346 Y21.109 Z34.984
G1 X-13.513 Y20.311 Z37.021
G1 X-13.431 Y19.187 Z39.664
G1 X-13.275 Y17.308 Z42.422
G1 X-12.908 Y16.351 Z45.902
G1 X-12.585 Y14.830 Z48.930
G1 X-12.763 Y14.043 Z52.036
G1 X-12.694 Y12.729 Z54.794
G1 X-12.598 Y12.627 Z57.465
G1 X-12.813 Y12.467 Z60.283
G1 X-12.904 Y12.263 Z63.011
G1 X-13.124 Y11.925 Z65.914
G1 X-13.084 Y11.092 Z68.980
G1 X-13.096 Y9.925 Z71.938
F200.0
G0 X-8.816 Y10.728 Z71.518 ; Rapid move
F50.0
G1 X-8.816 Y10.728 Z71.518
G1 X-8.644 Y11.661 Z68.313
G1 X-8.644 Y11.661 Z65.717
G1 X-8.606 Y12.278 Z62.985
G1 X-8.611 Y12.317 Z60.357
G1 X-8.597 Y12.497 Z57.594
G1 X-8.703 Y13.036 Z54.945
G1 X-8.669 Y13.145 Z52.225
G1 X-8.691 Y13.328 Z49.431
G1 X-9.014 Y15.379 Z46.271
G1 X-9.047 Y15.689 Z43.092
G1 X-9.432 Y19.203 Z39.594
G1 X-9.476 Y20.428 Z37.090
G1 X-9.457 Y21.159 Z34.866
G1 X-9.339 Y21.659 Z32.436
G1 X-9.291 Y22.495 Z29.789
G1 X-9.286 Y22.962 Z26.908
G1 X-9.368 Y23.573 Z23.693
G1 X-9.318 Y23.887 Z20.359
G1 X-9.421 Y23.875 Z17.290
G1 X-9.420 Y23.502 Z14.787
G1 X-9.370 Y23.579 Z12.846
G1 X-9.307 Y23.532 Z10.656
G1 X-9.346 Y23.506 Z8.245
G1 X-9.338 Y23.972 Z5.595
G1 X-9.345 Y23.988 Z2.908
G1 X-9.393 Y24.067 Z-0.731
G1 X-9.396 Y24.269 Z-3.837
G1 X-9.398 Y24.210 Z-6.735
G1 X-9.418 Y23.737 Z-9.348
G1 X-9.437 Y23.216 Z-11.827
G1 X-9.411 Y23.309 Z-13.718
G1 X-9.429 Y23.445 Z-15.423
G1 X-9.463 Y23.787 Z-17.770
G1 X-9.432 Y23.815 Z-20.566
G1 X-9.551 Y23.861 Z-23.676
G1 X-9.530 Y16.576 Z-26.713
G1 X-9.550 Y18.009 Z-30.211
G1 X-9.459 Y17.890 Z-33.521
G1 X-9.512 Y15.679 Z-37.588
G1 X-9.550 Y15.472 Z-40.396
G1 X-10.032 Y14.847 Z-43.160
G1 X-10.917 Y13.610 Z-45.775
G1 X-11.318 Y12.886 Z-47.855
G1 X-12.188 Y13.446 Z-48.960
G1 X-12.455 Y12.204 Z-50.340
G1 X-11.825 Y12.578 Z-52.549
G1 X-11.814 Y11.829 Z-54.445
G1 X-11.238 Y11.911 Z-57.239
G1 X-10.571 Y11.602 Z-60.635
G1 X-9.827 Y11.120 Z-62.862
G1 X-9.680 Y10.320 Z-65.734
G1 X-9.051 Y10.109 Z-69.227
G1 X-8.190 Y9.128 Z-72.387
G1 X-7.069 Y8.402 Z-75.227
G1 X-6.819 Y7.535 Z-78.584
G1 X-7.137 Y6.899 Z-81.760
G1 X-6.987 Y6.414 Z-84.393
G1 X-6.984 Y5.951 Z-87.228
G1 X-7.089 Y5.643 Z-90.033
F200.0
G0 X-2.909 Y5.496 Z-89.959 ; Rapid move
F50.0
G1 X-2.909 Y5.496 Z-89.959
G1 X-2.866 Y5.671 Z-87.263
G1 X-2.861 Y6.010 Z-84.543
G1 X-2.903 Y6.398 Z-81.893
G1 X-2.974 Y7.291 Z-78.758
G1 X-3.205 Y7.867 Z-75.753
G1 X-3.963 Y8.567 Z-73.663
G1 X-4.129 Y9.070 Z-70.815
G1 X-4.812 Y10.317 Z-67.266
G1 X-5.289 Y11.394 Z-63.980
G1 X-5.828 Y11.916 Z-61.162
G1 X-6.236 Y12.184 Z-58.457
G1 X-6.518 Y12.858 Z-55.787
G1 X-6.867 Y13.767 Z-53.538
G1 X-7.172 Y14.170 Z-50.817
G1 X-7.387 Y14.413 Z-48.712
G1 X-6.999 Y15.101 Z-46.836
G1 X-6.428 Y15.486 Z-45.038
G1 X-6.135 Y15.414 Z-42.734
G1 X-5.800 Y16.848 Z-40.160
G1 X-5.591 Y17.448 Z-36.954
G1 X-5.477 Y20.358 Z-32.925
G1 X-5.478 Y21.244 Z-29.564
G1 X-5.493 Y23.779 Z-26.641
G1 X-5.511 Y24.158 Z-23.625
G1 X-5.500 Y24.117 Z-20.549
G1 X-5.501 Y23.790 Z-17.772
G1 X-5.376 Y23.587 Z-15.576
G1 X-5.604 Y23.297 Z-13.705
G1 X-5.370 Y23.777 Z-11.736
G1 X-5.416 Y23.939 Z-9.387
G1 X-5.363 Y24.258 Z-6.681
G1 X-5.277 Y24.884 Z-3.828
G1 X-5.314 Y24.952 Z-0.459
G1 X-5.312 Y24.187 Z2.796
G1 X-5.325 Y23.805 Z5.581
G1 X-5.343 Y23.801 Z8.210
G1 X-5.375 Y23.639 Z10.724
G1 X-5.683 Y23.256 Z12.769
G1 X-5.493 Y23.243 Z14.815
G1 X-5.435 Y23.722 Z17.348
G1 X-5.292 Y23.834 Z20.326
G1 X-5.073 Y23.635 Z23.763
G1 X-5.151 Y22.991 Z26.743
G1 X-5.275 Y22.787 Z29.746
G1 X-5.439 Y21.765 Z32.342
G1 X-5.502 Y21.186 Z34.791
G1 X-5.436 Y20.140 Z37.318
G1 X-5.183 Y17.426 Z40.044
G1 X-5.354 Y16.939 Z43.181
G1 X-4.956 Y15.259 Z46.441
G1 X-4.752 Y13.799 Z49.459
G1 X-4.662 Y13.639 Z52.206
G1 X-4.684 Y12.811 Z55.048
G1 X-4.674 Y12.715 Z57.729
G1 X-4.601 Y10.264 Z60.904
G1 X-4.735 Y9.482 Z63.888
G1 X-4.735 Y9.482 Z66.484
G1 X-4.724 Y10.646 Z68.938
G1 X-4.924 Y9.641 Z71.892
F200.0
G0 X-0.712 Y9.236 Z71.750 ; Rapid move
F50.0
G1 X-0.712 Y9.236 Z71.750
G1 X-0.569 Y10.067 Z68.789
G1 X-0.569 Y9.679 Z66.193
G1 X-0.521 Y10.110 Z63.561
G1 X-0.483 Y9.831 Z60.895
G1 X-0.566 Y10.327 Z58.008
G1 X-0.739 Y10.524 Z55.312
G1 X-0.821 Y12.149 Z52.355
G1 X-0.802 Y12.384 Z49.500
G1 X-0.826 Y13.886 Z46.781
G1 X-0.872 Y16.410 Z43.171
G1 X-0.997 Y17.300 Z40.319
G1 X-1.214 Y19.308 Z37.372
G1 X-1.364 Y20.690 Z34.793
G1 X-1.312 Y21.793 Z32.224
G1 X-1.265 Y21.830 Z29.662
G1 X-1.140 Y23.395 Z26.765
G1 X-1.183 Y23.696 Z23.425
G1 X-1.240 Y23.825 Z20.506
G1 X-1.407 Y23.625 Z17.397
G1 X-1.443 Y23.245 Z14.883
G1 X-1.431 Y23.250 Z12.519
G1 X-1.394 Y23.678 Z10.432
G1 X-1.340 Y23.793 Z8.127
G1 X-1.311 Y23.787 Z5.548
G1 X-1.348 Y24.361 Z2.748
G1 X-1.186 Y24.378 Z-0.513
G1 X-1.341 Y24.309 Z-3.950
G1 X-1.366 Y24.267 Z-6.648
G1 X-1.366 Y23.828 Z-9.338
G1 X-1.466 Y23.203 Z-11.790
G1 X-1.429 Y23.288 Z-13.708
G1 X-1.587 Y23.185 Z-15.623
G1 X-1.461 Y23.568 Z-17.780
G1 X-1.453 Y23.594 Z-20.556
G1 X-1.476 Y23.775 Z-23.488
G1 X-1.334 Y23.617 Z-26.702
G1 X-1.360 Y23.550 Z-29.426
G1 X-1.432 Y22.687 Z-32.574
G1 X-1.364 Y20.899 Z-36.073
G1 X-1.556 Y18.371 Z-39.699
G1 X-1.661 Y16.798 Z-42.503
G1 X-2.311 Y16.449 Z-44.608
G1 X-2.551 Y16.234 Z-46.591
G1 X-2.507 Y15.429 Z-49.117
G1 X-2.427 Y14.731 Z-51.246
G1 X-2.143 Y14.095 Z-53.639
G1 X-1.855 Y13.617 Z-56.433
G1 X-1.529 Y12.161 Z-58.681
G1 X-1.343 Y12.000 Z-61.444
G1 X-0.806 Y11.056 Z-64.633
G1 X-0.305 Y9.954 Z-68.415
G1 X0.103 Y8.233 Z-71.363
G1 X0.377 Y7.819 Z-74.142
G1 X0.701 Y7.315 Z-76.593
G1 X0.821 Y6.897 Z-79.188
G1 X1.152 Y6.149 Z-81.970
G1 X1.113 Y5.634 Z-84.727
G1 X1.190 Y5.601 Z-87.247
G1 X1.197 Y5.544 Z-89.839
F200.0
G0 X5.139 Y5.282 Z-89.968 ; Rapid move
F50.0
G1 X5.139 Y5.282 Z-89.968
G1 X5.144 Y5.585 Z-87.317
G1 X5.200 Y5.234 Z-84.794
G1 X5.106 Y6.025 Z-82.062
G1 X5.005 Y6.298 Z-79.552
G1 X4.925 Y6.613 Z-76.920
G1 X4.229 Y7.181 Z-74.443
G1 X4.358 Y7.663 Z-71.668
G1 X4.028 Y8.842 Z-68.882
G1 X3.493 Y10.679 Z-64.798
G1 X3.330 Y11.130 Z-61.965
G1 X2.673 Y12.091 Z-58.898
G1 X2.626 Y13.567 Z-56.535
G1 X2.431 Y13.950 Z-54.117
G1 X2.449 Y15.108 Z-51.753
G1 X1.927 Y15.482 Z-49.106
G1 X2.271 Y16.875 Z-46.428
G1 X2.306 Y17.295 Z-44.355
G1 X2.512 Y19.204 Z-42.140
G1 X2.760 Y19.819 Z-39.492
G1 X2.763 Y20.810 Z-36.302
G1 X2.878 Y22.865 Z-32.402
G1 X2.777 Y23.336 Z-29.433
G1 X2.868 Y23.602 Z-26.547
G1 X2.942 Y23.593 Z-23.714
G1 X2.759 Y23.582 Z-20.605
G1 X2.692 Y23.562 Z-17.817
G1 X2.705 Y23.569 Z-15.638
G1 X2.824 Y23.162 Z-13.649
G1 X2.643 Y23.364 Z-11.760
G1 X2.677 Y23.870 Z-9.314
G1 X2.655 Y24.269 Z-6.634
G1 X2.632 Y24.352 Z-3.696
G1 X2.843 Y24.374 Z-0.522
G1 X2.793 Y24.365 Z2.562
G1 X2.699 Y24.124 Z5.540
G1 X2.717 Y23.710 Z8.073
G1 X2.761 Y23.656 Z10.329
G1 X2.543 Y23.141 Z12.529
G1 X2.594 Y23.246 Z14.971
G1 X2.627 Y23.242 Z17.521
G1 X2.575 Y23.568 Z20.681
G1 X2.642 Y23.514 Z23.709
G1 X2.658 Y23.079 Z26.800
G1 X2.739 Y21.866 Z29.546
G1 X2.762 Y21.454 Z32.332
G1 X2.886 Y19.870 Z34.932
G1 X2.980 Y18.079 Z37.596
G1 X3.030 Y16.703 Z40.257
G1 X3.196 Y16.192 Z43.409
G1 X3.214 Y14.794 Z46.749
G1 X3.237 Y13.072 Z49.525
G1 X3.304 Y12.193 Z52.352
G1 X3.254 Y11.693 Z55.018
G1 X3.355 Y10.370 Z58.000
G1 X3.254 Y10.130 Z60.789
G1 X3.321 Y9.769 Z63.569
G1 X3.224 Y9.250 Z66.428
G1 X3.201 Y8.953 Z69.135
G1 X3.160 Y7.593 Z71.853
F200.0
G0 X7.454 Y8.326 Z71.739 ; Rapid move
F50.0
G1 X7.454 Y8.326 Z71.739
G1 X7.519 Y8.619 Z69.036
G1 X7.648 Y9.252 Z66.292
G1 X7.636 Y9.749 Z63.458
G1 X7.636 Y9.749 Z60.862
G1 X7.248 Y11.012 Z58.161
G1 X7.210 Y11.395 Z55.293
G1 X7.143 Y12.045 Z52.538
G1 X7.120 Y13.116 Z49.509
G1 X7.169 Y13.316 Z46.651
G1 X7.159 Y15.613 Z43.453
G1 X7.003 Y17.024 Z40.310
G1 X6.923 Y18.031 Z37.746
G1 X6.783 Y19.467 Z35.069
G1 X6.699 Y20.772 Z32.373
G1 X6.699 Y21.852 Z29.685
G1 X6.638 Y22.593 Z26.949
G1 X6.704 Y23.138 Z23.931
G1 X6.490 Y23.239 Z20.745
G1 X6.550 Y23.249 Z17.558
G1 X6.554 Y23.138 Z14.989
G1 X6.520 Y23.222 Z12.625
G1 X6.655 Y23.190 Z10.426
G1 X6.693 Y23.708 Z8.035
G1 X6.700 Y24.120 Z5.564
G1 X6.806 Y24.156 Z2.593
G1 X6.824 Y24.172 Z-0.409
G1 X6.640 Y24.121 Z-3.860
G1 X6.696 Y24.077 Z-6.663
G1 X6.687 Y23.882 Z-9.255
G1 X6.702 Y23.364 Z-11.730
G1 X6.743 Y23.290 Z-13.850
G1 X6.587 Y23.177 Z-15.726
G1 X6.785 Y23.535 Z-17.979
G1 X6.880 Y23.583 Z-20.760
G1 X6.901 Y23.224 Z-23.631
G1 X6.934 Y23.218 Z-26.596
G1 X6.984 Y22.872 Z-29.660
G1 X6.978 Y22.452 Z-32.889
G1 X6.953 Y21.833 Z-36.087
G1 X6.980 Y19.801 Z-39.466
G1 X7.048 Y19.165 Z-42.083
G1 X7.046 Y17.265 Z-44.265
G1 X7.031 Y16.773 Z-46.502
G1 X6.940 Y15.050 Z-49.172
G1 X6.764 Y14.589 Z-51.671
G1 X6.762 Y13.782 Z-54.087
G1 X6.883 Y12.418 Z-56.456
G1 X7.263 Y11.106 Z-59.466
G1 X7.201 Y10.925 Z-62.466
G1 X8.129 Y9.501 Z-65.958
G1 X8.410 Y8.112 Z-69.217
G1 X8.692 Y6.689 Z-71.886
G1 X8.716 Y6.613 Z-74.501
G1 X8.936 Y6.297 Z-77.076
G1 X8.936 Y6.088 Z-79.715
G1 X9.102 Y5.976 Z-82.190
G1 X9.155 Y5.412 Z-84.778
G1 X9.224 Y5.128 Z-87.398
G1 X9.200 Y5.234 Z-89.986
F200.0
G0 X13.143 Y5.178 Z-90.043 ; Rapid move
F50.0
G1 X13.143 Y5.178 Z-90.043
G1 X13.131 Y5.238 Z-87.441
G1 X13.055 Y5.710 Z-84.898
G1 X13.026 Y5.908 Z-82.323
G1 X13.018 Y5.891 Z-79.737
G1 X12.980 Y6.085 Z-77.115
G1 X12.934 Y6.222 Z-74.507
G1 X12.956 Y6.212 Z-71.900
G1 X13.046 Y7.245 Z-69.213
G1 X12.680 Y9.104 Z-65.967
G1 X11.923 Y10.604 Z-62.438
G1 X11.943 Y10.879 Z-59.494
G1 X11.483 Y11.608 Z-56.692
G1 X11.258 Y13.167 Z-54.017
G1 X11.021 Y13.709 Z-51.583
G1 X11.047 Y15.100 Z-48.965
G1 X11.158 Y15.567 Z-46.149
G1 X11.296 Y16.286 Z-44.259
G1 X11.324 Y16.673 Z-42.095
G1 X11.166 Y19.028 Z-39.848
G1 X11.257 Y20.926 Z-35.812
G1 X11.127 Y22.007 Z-32.760
G1 X11.000 Y22.247 Z-29.940
G1 X10.900 Y22.756 Z-26.415
G1 X10.848 Y22.833 Z-23.642
G1 X10.774 Y23.142 Z-20.790
G1 X10.752 Y22.692 Z-18.151
G1 X10.555 Y22.388 Z-15.778
G1 X10.531 Y22.641 Z-13.552
G1 X10.652 Y22.822 Z-11.752
G1 X10.669 Y23.218 Z-9.204
G1 X10.693 Y23.509 Z-6.674
G1 X10.769 Y23.586 Z-3.543
G1 X10.615 Y23.627 Z-0.382
G1 X10.632 Y23.618 Z2.447
G1 X10.661 Y23.571 Z5.480
G1 X10.641 Y23.585 Z7.988
G1 X10.594 Y23.205 Z10.311
G1 X10.558 Y22.916 Z12.530
G1 X10.554 Y22.802 Z14.914
G1 X10.543 Y22.804 Z17.548
G1 X10.535 Y22.800 Z20.625
G1 X10.529 Y22.675 Z23.759
G1 X10.696 Y22.277 Z26.938
G1 X10.669 Y21.395 Z29.640
G1 X10.678 Y20.337 Z32.448
G1 X10.871 Y19.476 Z35.129
G1 X10.934 Y17.564 Z37.778
G1 X10.943 Y16.350 Z40.330
G1 X10.971 Y15.389 Z43.462
G1 X10.908 Y13.061 Z46.702
G1 X10.947 Y12.205 Z49.524
G1 X11.184 Y11.621 Z52.641
G1 X11.178 Y11.528 Z55.315
G1 X11.082 Y10.362 Z58.138
G1 X11.004 Y9.569 Z60.933
G1 X11.086 Y9.217 Z63.541
G1 X10.861 Y8.581 Z66.482
G1 X11.064 Y8.239 Z69.167
G1 X11.176 Y7.573 Z71.813
F200.0
G0 X15.152 Y7.998 Z71.750 ; Rapid move
F50.0
G1 X15.152 Y7.998 Z71.750
G1 X15.095 Y8.492 Z69.052
G1 X15.148 Y9.022 Z66.202
G1 X15.138 Y9.099 Z63.566
G1 X15.239 Y10.330 Z60.720
G1 X15.251 Y10.394 Z58.076
G1 X15.165 Y11.277 Z55.284
G1 X15.123 Y11.610 Z52.665
G1 X15.000 Y12.682 Z49.719
G1 X14.705 Y13.467 Z46.646
G1 X14.740 Y14.435 Z43.702
G1 X14.818 Y15.887 Z40.622
G1 X14.822 Y16.874 Z37.941
G1 X14.743 Y17.964 Z35.229
G1 X14.673 Y19.925 Z32.589
G1 X14.676 Y20.719 Z29.744
G1 X14.726 Y22.146 Z26.884
G1 X14.745 Y22.338 Z24.095
G1 X14.773 Y22.448 Z20.836
G1 X14.637 Y22.486 Z17.642
G1 X14.569 Y22.488 Z14.955
G1 X14.611 Y22.710 Z12.550
G1 X14.460 Y22.875 Z10.339
G1 X14.514 Y22.897 Z7.826
G1 X14.646 Y23.587 Z5.374
G1 X14.604 Y23.614 Z2.543
G1 X14.657 Y23.623 Z-0.500
G1 X14.864 Y23.579 Z-3.501
G1 X14.694 Y22.826 Z-6.516
G1 X14.666 Y22.820 Z-9.162
G1 X14.629 Y22.682 Z-11.671
G1 X14.542 Y21.992 Z-13.850
G1 X14.651 Y22.025 Z-15.741
G1 X14.866 Y22.251 Z-18.123
G1 X14.991 Y22.253 Z-21.014
G1 X14.971 Y22.259 Z-23.729
G1 X15.012 Y22.079 Z-26.630
G1 X14.855 Y21.664 Z-29.819
G1 X14.907 Y20.844 Z-33.430
G1 X15.040 Y19.565 Z-36.472
G1 X15.264 Y18.081 Z-39.682
G1 X15.345 Y16.622 Z-42.161
G1 X15.186 Y15.018 Z-43.904
G1 X15.268 Y15.050 Z-45.985
G1 X15.211 Y13.469 Z-49.016
G1 X15.671 Y12.566 Z-52.111
G1 X16.037 Y11.863 Z-54.931
G1 X16.360 Y10.685 Z-57.692
G1 X17.009 Y9.900 Z-59.927
G1 X17.372 Y8.705 Z-63.067
G1 X17.366 Y8.097 Z-66.102
G1 X17.127 Y7.325 Z-69.174
G1 X17.070 Y6.140 Z-71.842
G1 X17.061 Y6.167 Z-74.436
G1 X16.932 Y6.178 Z-77.119
G1 X16.987 Y5.892 Z-79.758
G1 X16.999 Y5.892 Z-82.346
G1 X17.032 Y5.907 Z-84.916
G1 X17.026 Y5.705 Z-87.515
G1 X17.055 Y5.710 Z-90.090
F200.0
G0 X21.053 Y5.624 Z-90.112 ; Rapid move
F50.0
G1 X21.053 Y5.624 Z-90.112
G1 X20.980 Y5.909 Z-87.547
G1 X21.034 Y5.826 Z-84.933
G1 X21.044 Y5.859 Z-82.323
G1 X21.157 Y5.802 Z-79.658
G1 X21.208 Y5.961 Z-76.984
G1 X21.234 Y6.059 Z-74.339
G1 X21.274 Y6.102 Z-71.720
G1 X21.596 Y7.218 Z-68.786
G1 X21.778 Y7.528 Z-65.958
G1 X21.719 Y7.726 Z-63.334
G1 X21.702 Y7.411 Z-60.895
G1 X21.327 Y9.243 Z-58.223
G1 X20.777 Y10.405 Z-55.671
G1 X20.072 Y11.500 Z-52.791
G1 X19.911 Y13.101 Z-49.204
G1 X19.547 Y13.489 Z-46.139
G1 X19.671 Y14.101 Z-43.631
G1 X19.500 Y14.674 Z-41.777
G1 X19.183 Y16.840 Z-39.672
G1 X18.834 Y18.531 Z-36.507
G1 X18.916 Y19.816 Z-33.679
G1 X18.945 Y21.044 Z-29.926
G1 X18.956 Y21.438 Z-26.813
G1 X18.833 Y21.473 Z-23.785
G1 X18.915 Y21.573 Z-20.817
G1 X18.928 Y21.979 Z-18.155
G1 X18.937 Y21.581 Z-16.110
G1 X18.592 Y21.580 Z-14.005
G1 X18.584 Y21.957 Z-11.534
G1 X18.663 Y22.669 Z-9.131
G1 X18.672 Y22.659 Z-6.579
G1 X18.751 Y22.862 Z-3.652
G1 X18.604 Y22.910 Z-0.637
G1 X18.675 Y22.805 Z2.496
G1 X18.624 Y22.829 Z5.317
G1 X18.582 Y22.843 Z7.809
G1 X18.553 Y22.708 Z10.201
G1 X18.517 Y22.402 Z12.479
G1 X18.552 Y22.347 Z14.972
G1 X18.555 Y22.349 Z17.677
G1 X18.611 Y22.345 Z20.371
G1 X18.703 Y22.197 Z24.101
G1 X18.619 Y21.777 Z26.839
G1 X18.620 Y20.734 Z29.714
G1 X18.558 Y19.546 Z32.588
G1 X18.570 Y17.952 Z35.295
G1 X18.812 Y16.486 Z38.029
G1 X18.943 Y15.617 Z40.668
G1 X18.893 Y14.366 Z43.777
G1 X18.935 Y13.303 Z46.814
G1 X19.004 Y12.720 Z49.678
G1 X19.068 Y11.451 Z52.637
G1 X19.250 Y10.704 Z55.491
G1 X19.396 Y9.531 Z58.304
G1 X19.505 Y9.432 Z60.923
G1 X19.535 Y9.040 Z63.494
G1 X19.435 Y8.780 Z66.253
G1 X19.407 Y8.245 Z69.024
G1 X19.296 Y7.705 Z71.810
F200.0
G0 X23.753 Y7.764 Z71.668 ; Rapid move
F50.0
G1 X23.753 Y7.764 Z71.668
G1 X23.824 Y7.732 Z69.056
G1 X23.910 Y7.995 Z66.354
G1 X23.841 Y8.769 Z63.708
G1 X23.851 Y9.001 Z61.015
G1 X23.429 Y10.830 Z58.191
G1 X23.259 Y10.992 Z55.536
G1 X23.004 Y11.465 Z52.638
G1 X22.987 Y12.422 Z49.780
G1 X22.980 Y12.597 Z47.000
G1 X22.986 Y13.823 Z44.123
G1 X22.947 Y14.240 Z40.949
G1 X22.834 Y15.764 Z38.210
G1 X22.565 Y18.323 Z35.368
G1 X22.602 Y19.362 Z32.562
G1 X22.606 Y20.504 Z29.584
G1 X22.616 Y21.305 Z26.750
G1 X22.651 Y21.382 Z24.003
G1 X22.313 Y21.947 Z20.881
G1 X22.403 Y21.974 Z17.823
G1 X22.503 Y22.011 Z14.998
G1 X22.485 Y22.130 Z12.507
G1 X22.485 Y22.406 Z10.094
G1 X22.645 Y22.670 Z7.687
G1 X22.657 Y22.659 Z5.209
G1 X22.781 Y22.689 Z2.374
G1 X22.745 Y22.670 Z-0.517
G1 X22.615 Y22.654 Z-3.565
G1 X22.648 Y22.614 Z-6.439
G1 X22.597 Y22.620 Z-9.018
G1 X22.578 Y21.858 Z-11.495
G1 X22.571 Y21.581 Z-14.006
G1 X22.621 Y21.152 Z-16.034
G1 X22.657 Y21.481 Z-18.285
G1 X22.824 Y20.972 Z-20.821
G1 X22.941 Y20.939 Z-23.790
G1 X22.985 Y20.594 Z-26.881
G1 X23.202 Y20.133 Z-30.199
G1 X23.224 Y19.096 Z-33.084
G1 X23.150 Y16.788 Z-37.158
G1 X23.349 Y15.296 Z-39.774
G1 X23.486 Y14.572 Z-41.834
G1 X23.681 Y12.802 Z-43.443
G1 X23.879 Y12.430 Z-46.756
G1 X23.934 Y11.191 Z-50.279
G1 X24.293 Y10.709 Z-53.149
G1 X24.615 Y10.127 Z-55.928
G1 X25.388 Y7.923 Z-58.668
G1 X25.261 Y7.544 Z-61.299
G1 X25.719 Y7.067 Z-63.585
G1 X25.844 Y7.145 Z-66.021
G1 X25.875 Y7.357 Z-68.507
G1 X25.695 Y6.134 Z-71.327
G1 X25.525 Y5.967 Z-74.139
G1 X25.301 Y5.910 Z-76.924
G1 X25.207 Y5.802 Z-79.620
G1 X25.207 Y5.802 Z-82.216
G1 X25.171 Y5.772 Z-84.846
G1 X25.046 Y5.854 Z-87.514
G1 X25.039 Y5.823 Z-90.122
F200.0
G0 X29.138 Y5.789 Z-90.059 ; Rapid move
F50.0
G1 X29.138 Y5.789 Z-90.059
G1 X29.207 Y5.802 Z-87.408
G1 X29.207 Y5.802 Z-84.812
G1 X29.238 Y5.787 Z-82.196
G1 X29.440 Y5.873 Z-79.412
G1 X29.662 Y6.055 Z-76.578
G1 X29.859 Y6.189 Z-73.726
G1 X29.901 Y7.333 Z-71.082
G1 X29.793 Y7.179 Z-68.662
G1 X29.628 Y7.247 Z-66.258
G1 X29.342 Y7.066 Z-63.961
G1 X29.096 Y7.050 Z-61.557
G1 X28.937 Y7.906 Z-59.014
G1 X28.927 Y8.565 Z-56.439
G1 X28.927 Y8.590 Z-53.843
G1 X28.761 Y10.018 Z-50.659
G1 X27.931 Y11.629 Z-46.993
G1 X28.121 Y11.823 Z-44.157
G1 X27.353 Y13.681 Z-41.920
G1 X27.246 Y13.957 Z-40.099
G1 X27.254 Y15.147 Z-37.392
G1 X27.201 Y16.557 Z-33.614
G1 X27.043 Y18.622 Z-30.205
G1 X26.991 Y19.703 Z-26.933
G1 X26.996 Y20.226 Z-23.898
G1 X26.723 Y20.257 Z-20.983
G1 X26.625 Y20.485 Z-18.322
G1 X26.654 Y20.693 Z-16.127
G1 X26.545 Y21.132 Z-13.970
G1 X26.560 Y21.624 Z-11.470
G1 X26.591 Y21.607 Z-8.981
G1 X26.616 Y22.148 Z-6.341
G1 X26.651 Y22.651 Z-3.567
G1 X26.492 Y22.690 Z-0.538
G1 X26.585 Y22.684 Z2.276
G1 X26.587 Y22.389 Z5.109
G1 X26.541 Y22.118 Z7.642
G1 X26.497 Y21.965 Z10.035
G1 X26.513 Y21.526 Z12.488
G1 X26.526 Y21.505 Z14.970
G1 X26.568 Y21.505 Z17.806
G1 X26.680 Y21.457 Z20.959
G1 X26.556 Y21.345 Z24.002
G1 X26.615 Y21.262 Z26.811
G1 X26.529 Y19.682 Z29.780
G1 X26.660 Y18.712 Z32.537
G1 X26.666 Y17.726 Z35.623
G1 X26.826 Y16.043 Z38.349
G1 X26.935 Y14.115 Z41.119
G1 X27.056 Y13.197 Z43.963
G1 X27.200 Y12.638 Z46.997
G1 X27.198 Y12.348 Z49.801
G1 X27.226 Y10.981 Z52.775
G1 X27.226 Y10.798 Z55.371
G1 X27.310 Y10.114 Z58.386
G1 X27.489 Y8.827 Z61.204
G1 X27.544 Y7.688 Z63.949
G1 X27.632 Y7.683 Z66.520
G1 X27.632 Y7.599 Z69.116
G1 X27.762 Y7.129 Z71.765
F200.0
G0 X31.542 Y7.445 Z71.792 ; Rapid move
F50.0
G1 X31.542 Y7.445 Z71.792
G1 X31.546 Y7.618 Z69.157
G1 X31.449 Y8.110 Z66.445
G1 X31.367 Y8.208 Z63.835
G1 X31.352 Y9.732 Z61.017
G1 X31.396 Y10.406 Z58.303
G1 X31.396 Y10.406 Z55.707
G1 X31.383 Y10.772 Z53.046
G1 X31.267 Y11.953 Z50.198
G1 X31.284 Y12.639 Z47.150
G1 X31.201 Y13.087 Z44.302
G1 X30.956 Y13.450 Z41.306
G1 X30.734 Y15.659 Z38.423
G1 X30.647 Y16.606 Z35.755
G1 X30.708 Y18.266 Z32.732
G1 X30.717 Y19.047 Z29.944
G1 X30.614 Y20.852 Z26.834
G1 X30.597 Y21.061 Z24.042
G1 X30.674 Y21.377 Z21.026
G1 X30.557 Y21.461 Z17.642
G1 X30.539 Y21.462 Z15.062
G1 X30.512 Y21.343 Z12.512
G1 X30.501 Y21.389 Z10.054
G1 X30.515 Y21.691 Z7.544
G1 X30.546 Y21.686 Z5.019
G1 X30.504 Y21.965 Z2.261
G1 X30.482 Y22.208 Z-0.476
G1 X30.624 Y21.942 Z-3.415
G1 X30.611 Y21.620 Z-6.284
G1 X30.579 Y21.617 Z-8.917
G1 X30.582 Y21.255 Z-11.473
G1 X30.579 Y20.900 Z-13.981
G1 X30.578 Y20.203 Z-16.288
G1 X30.743 Y20.260 Z-18.666
G1 X30.860 Y20.180 Z-21.366
G1 X30.894 Y19.735 Z-24.137
G1 X31.003 Y18.691 Z-27.255
G1 X30.995 Y16.770 Z-30.582
G1 X31.520 Y15.397 Z-34.089
G1 X31.341 Y13.888 Z-37.545
G1 X31.514 Y12.911 Z-40.226
G1 X31.537 Y12.455 Z-42.014
G1 X32.323 Y11.407 Z-44.649
G1 X32.864 Y10.072 Z-47.607
G1 X32.881 Y9.745 Z-50.476
G1 X33.250 Y8.203 Z-53.501
G1 X33.033 Y8.115 Z-56.291
G1 X32.927 Y7.847 Z-59.035
G1 X33.044 Y7.538 Z-61.614
G1 X33.047 Y6.974 Z-64.201
G1 X33.177 Y7.121 Z-66.675
G1 X33.465 Y7.266 Z-69.000
G1 X33.692 Y7.149 Z-71.372
G1 X33.825 Y7.268 Z-73.789
G1 X33.897 Y6.171 Z-76.285
G1 X33.662 Y6.055 Z-79.174
G1 X33.563 Y6.006 Z-81.880
G1 X33.440 Y5.873 Z-84.604
G1 X33.238 Y5.787 Z-87.388
G1 X33.238 Y5.787 Z-89.984
F200.0
G0 X37.272 Y5.722 Z-89.971 ; Rapid move
F50.0
G1 X37.272 Y5.722 Z-89.971
G1 X37.404 Y5.760 Z-87.259
G1 X37.717 Y5.949 Z-84.321
G1 X37.717 Y6.020 Z-81.725
G1 X37.893 Y7.039 Z-78.907
G1 X37.747 Y7.031 Z-76.475
G1 X37.595 Y7.215 Z-74.087
G1 X37.307 Y7.271 Z-71.728
G1 X37.052 Y6.996 Z-69.386
G1 X37.097 Y6.892 Z-66.776
G1 X37.064 Y6.770 Z-64.220
G1 X37.131 Y6.614 Z-61.593
G1 X37.008 Y6.817 Z-59.076
G1 X36.989 Y7.169 Z-56.443
G1 X36.937 Y7.718 Z-53.744
G1 X36.926 Y8.704 Z-50.778
G1 X36.834 Y9.796 Z-48.032
G1 X36.134 Y10.759 Z-45.472
G1 X35.389 Y11.425 Z-43.193
G1 X35.276 Y11.481 Z-40.586
G1 X35.174 Y13.765 Z-37.806
G1 X35.259 Y15.025 Z-34.424
G1 X35.380 Y15.565 Z-30.779
G1 X35.117 Y17.719 Z-27.469
G1 X35.026 Y18.750 Z-24.391
G1 X34.704 Y19.279 Z-21.536
G1 X34.618 Y19.842 Z-18.940
G1 X34.575 Y20.001 Z-16.464
G1 X34.541 Y20.404 Z-14.014
G1 X34.558 Y20.762 Z-11.468
G1 X34.557 Y21.267 Z-8.912
G1 X34.579 Y21.334 Z-6.338
G1 X34.639 Y21.362 Z-3.455
G1 X34.576 Y21.386 Z-0.455
G1 X34.553 Y21.383 Z2.364
G1 X34.531 Y21.381 Z5.031
G1 X34.483 Y21.389 Z7.524
G1 X34.497 Y21.318 Z10.040
G1 X34.492 Y21.099 Z12.537
G1 X34.493 Y21.193 Z15.110
G1 X34.598 Y21.186 Z17.779
G1 X34.615 Y21.043 Z21.021
G1 X34.675 Y20.929 Z23.940
G1 X34.626 Y20.303 Z26.879
G1 X34.711 Y18.792 Z29.980
G1 X34.701 Y17.350 Z32.936
G1 X34.676 Y15.558 Z35.924
G1 X34.756 Y15.111 Z38.545
G1 X34.943 Y13.628 Z41.361
G1 X35.007 Y13.150 Z44.282
G1 X35.245 Y10.916 Z47.800
G1 X35.238 Y10.810 Z50.465
G1 X35.380 Y10.615 Z53.138
G1 X35.380 Y10.366 Z55.734
G1 X35.380 Y10.366 Z58.330
G1 X35.384 Y9.775 Z60.985
G1 X35.380 Y9.789 Z63.575
G1 X35.480 Y9.181 Z66.142
G1 X35.407 Y7.761 Z69.159
G1 X35.403 Y7.744 Z71.761
F200.0
G0 X39.606 Y8.941 Z71.415 ; Rapid move
F50.0
G1 X39.606 Y8.941 Z71.415
G1 X39.606 Y8.941 Z68.819
G1 X39.606 Y9.427 Z66.223
G1 X39.626 Y9.336 Z63.662
G1 X39.558 Y9.511 Z61.007
G1 X39.515 Y9.616 Z58.426
G1 X39.515 Y9.616 Z55.830
G1 X39.446 Y9.860 Z53.185
G1 X39.415 Y9.873 Z50.591
G1 X39.400 Y10.225 Z47.795
G1 X38.941 Y13.307 Z44.365
G1 X38.722 Y13.604 Z41.442
G1 X38.708 Y13.636 Z38.804
G1 X38.712 Y15.518 Z35.982
G1 X38.707 Y16.279 Z33.107
G1 X38.690 Y18.595 Z30.052
G1 X38.532 Y19.429 Z27.065
G1 X38.380 Y20.412 Z23.890
G1 X38.368 Y20.725 Z21.040
G1 X38.480 Y21.039 Z18.018
G1 X38.467 Y20.854 Z15.128
G1 X38.435 Y20.814 Z12.586
G1 X38.406 Y20.881 Z10.041
G1 X38.418 Y20.878 Z7.520
G1 X38.421 Y21.317 Z4.996
G1 X38.425 Y21.390 Z2.366
G1 X38.441 Y21.319 Z-0.601
G1 X38.485 Y21.293 Z-3.538
G1 X38.457 Y20.916 Z-6.337
G1 X38.453 Y20.920 Z-8.903
G1 X38.451 Y20.688 Z-11.452
G1 X38.461 Y20.086 Z-14.028
G1 X38.482 Y19.908 Z-16.523
G1 X38.557 Y19.423 Z-19.021
G1 X38.577 Y18.812 Z-21.724
G1 X38.834 Y18.482 Z-24.586
G1 X38.862 Y17.552 Z-27.440
G1 X38.612 Y14.886 Z-31.281
G1 X38.899 Y14.187 Z-34.716
G1 X39.184 Y11.940 Z-37.937
G1 X39.241 Y11.816 Z-40.619
G1 X39.355 Y11.601 Z-43.345
G1 X39.668 Y10.525 Z-46.084
G1 X39.822 Y9.561 Z-48.736
G1 X40.952 Y7.498 Z-51.215
G1 X41.073 Y7.301 Z-53.774
G1 X41.054 Y7.006 Z-56.415
G1 X40.962 Y6.756 Z-59.101
G1 X40.919 Y6.549 Z-61.744
G1 X41.008 Y6.680 Z-64.268
G1 X41.052 Y6.739 Z-66.828
G1 X41.134 Y6.760 Z-69.363
G1 X41.097 Y6.892 Z-71.968
G1 X41.092 Y6.919 Z-74.562
G1 X41.596 Y7.129 Z-76.704
G1 X41.687 Y6.850 Z-79.188
G1 X41.826 Y5.948 Z-81.632
G1 X41.820 Y6.044 Z-84.205
G1 X41.751 Y5.905 Z-86.888
G1 X41.632 Y5.847 Z-89.620
F200.0
G0 X45.822 Y5.870 Z-89.419 ; Rapid move
F50.0
G1 X45.822 Y5.870 Z-89.419
G1 X45.809 Y5.894 Z-86.843
G1 X45.783 Y6.849 Z-84.282
G1 X45.739 Y6.662 Z-81.778
G1 X45.274 Y6.496 Z-79.615
G1 X45.097 Y6.892 Z-77.160
G1 X45.134 Y6.760 Z-74.555
G1 X45.056 Y6.728 Z-72.018
G1 X45.008 Y6.680 Z-69.460
G1 X44.901 Y6.416 Z-66.953
G1 X44.874 Y6.402 Z-64.374
G1 X44.962 Y6.098 Z-61.715
G1 X45.043 Y6.416 Z-59.030
G1 X44.690 Y7.371 Z-56.602
G1 X44.013 Y8.076 Z-54.141
G1 X44.145 Y7.920 Z-51.543
G1 X44.046 Y7.954 Z-48.978
G1 X44.046 Y8.068 Z-46.342
G1 X43.946 Y8.086 Z-43.808
G1 X43.354 Y11.302 Z-40.945
G1 X43.221 Y12.059 Z-38.086
G1 X42.932 Y14.133 Z-34.902
G1 X42.816 Y14.685 Z-31.595
G1 X42.565 Y16.805 Z-27.660
G1 X42.485 Y18.075 Z-24.556
G1 X42.447 Y18.404 Z-21.867
G1 X42.385 Y19.210 Z-19.129
G1 X42.329 Y19.768 Z-16.605
G1 X42.321 Y20.012 Z-14.016
G1 X42.331 Y20.309 Z-11.462
G1 X42.346 Y20.603 Z-8.894
G1 X42.341 Y20.673 Z-6.323
G1 X42.328 Y20.762 Z-3.562
G1 X42.279 Y20.811 Z-0.539
G1 X42.305 Y20.881 Z2.330
G1 X42.323 Y20.880 Z4.967
G1 X42.331 Y20.809 Z7.531
G1 X42.352 Y20.766 Z10.084
G1 X42.355 Y20.665 Z12.572
G1 X42.348 Y20.656 Z15.301
G1 X42.252 Y20.507 Z18.190
G1 X42.340 Y20.372 Z21.190
G1 X42.377 Y20.169 Z24.022
G1 X42.413 Y19.413 Z26.979
G1 X42.413 Y17.967 Z30.052
G1 X42.617 Y15.613 Z33.366
G1 X42.745 Y14.325 Z36.067
G1 X42.731 Y14.272 Z38.744
G1 X43.043 Y12.984 Z41.899
G1 X43.031 Y12.534 Z44.505
G1 X43.166 Y10.632 Z47.788
G1 X43.267 Y10.308 Z50.558
G1 X43.324 Y9.740 Z53.279
G1 X43.432 Y9.752 Z55.840
G1 X43.461 Y9.343 Z58.564
G1 X43.587 Y9.276 Z61.150
G1 X43.516 Y9.186 Z63.759
G1 X43.446 Y8.759 Z66.371
G1 X43.510 Y8.749 Z68.953
G1 X43.510 Y8.698 Z71.549
F200.0
G0 X47.353 Y8.675 Z71.620 ; Rapid move
F50.0
G1 X47.353 Y8.675 Z71.620
G1 X47.303 Y8.825 Z68.977
G1 X47.266 Y8.975 Z66.384
G1 X47.244 Y8.910 Z63.820
G1 X47.159 Y8.931 Z61.234
G1 X47.053 Y9.487 Z58.642
G1 X47.053 Y9.487 Z56.046
G1 X47.035 Y10.081 Z53.323
G1 X47.047 Y10.341 Z50.660
G1 X46.995 Y10.327 Z48.081
G1 X46.885 Y12.166 Z44.882
G1 X46.997 Y13.144 Z41.902
G1 X46.942 Y14.063 Z38.923
G1 X46.745 Y14.252 Z36.174
G1 X46.756 Y15.423 Z33.626
G1 X46.333 Y17.441 Z30.310
G1 X46.281 Y18.827 Z27.078
G1 X46.414 Y20.061 Z24.042
G1 X46.402 Y20.227 Z21.121
G1 X46.438 Y20.271 Z18.141
G1 X46.260 Y20.445 Z15.260
G1 X46.313 Y20.478 Z12.588
G1 X46.317 Y20.601 Z10.074
G1 X46.308 Y20.692 Z7.532
G1 X46.306 Y20.718 Z4.967
G1 X46.303 Y20.720 Z2.336
G1 X46.315 Y20.716 Z-0.676
G1 X46.330 Y20.694 Z-3.555
G1 X46.314 Y20.678 Z-6.292
G1 X46.308 Y20.566 Z-8.878
G1 X46.301 Y20.023 Z-11.443
G1 X46.284 Y19.868 Z-13.999
G1 X46.280 Y19.578 Z-16.591
G1 X46.272 Y18.967 Z-19.233
G1 X46.262 Y18.232 Z-21.985
G1 X46.278 Y17.764 Z-24.639
G1 X46.172 Y17.108 Z-27.688
G1 X46.876 Y13.294 Z-32.064
G1 X46.937 Y12.956 Z-35.032
G1 X47.087 Y12.544 Z-37.975
G1 X47.124 Y11.803 Z-41.071
G1 X47.251 Y11.295 Z-43.746
G1 X47.610 Y8.730 Z-46.600
G1 X47.591 Y8.533 Z-49.251
G1 X47.765 Y7.942 Z-51.848
G1 X47.968 Y7.536 Z-54.336
G1 X48.164 Y7.770 Z-56.795
G1 X48.153 Y7.625 Z-59.414
G1 X48.463 Y7.193 Z-61.954
G1 X48.791 Y5.906 Z-64.426
G1 X43.742 Y6.030 Z-58.398
G1 X48.891 Y5.960 Z-69.555
G1 X48.897 Y6.410 Z-72.147
G1 X48.976 Y6.542 Z-74.685
G1 X49.036 Y6.738 Z-77.223
G1 X49.158 Y6.407 Z-79.717
G1 X49.108 Y6.532 Z-82.329
G1 X49.763 Y6.538 Z-84.359
G1 X49.780 Y5.794 Z-86.902
G1 X49.785 Y5.787 Z-89.494
F200.0
G0 X53.755 Y6.587 Z-89.550 ; Rapid move
F50.0
G1 X53.755 Y6.587 Z-89.550
G1 X53.144 Y6.679 Z-87.466
G1 X53.191 Y6.419 Z-84.882
G1 X53.049 Y6.223 Z-82.413
G1 X53.004 Y6.603 Z-79.854
G1 X52.897 Y5.964 Z-77.339
G1 X47.740 Y5.953 Z-66.183
G1 X47.921 Y6.355 Z-63.519
G1 X52.402 Y6.936 Z-69.806
G1 X52.100 Y7.556 Z-67.259
G1 X51.969 Y7.248 Z-64.772
G1 X51.887 Y7.861 Z-62.203
G1 X51.715 Y8.179 Z-59.665
G1 X51.601 Y8.009 Z-57.126
G1 X51.593 Y7.817 Z-54.550
G1 X51.294 Y8.505 Z-51.930
G1 X51.372 Y9.696 Z-49.259
G1 X51.297 Y11.050 Z-46.566
G1 X51.324 Y11.036 Z-43.969
G1 X51.210 Y11.778 Z-41.124
G1 X51.008 Y12.243 Z-38.296
G1 X50.885 Y12.942 Z-35.164
G1 X50.728 Y13.367 Z-32.137
G1 X50.908 Y16.396 Z-28.089
G1 X50.658 Y16.979 Z-25.445
G1 X50.299 Y18.069 Z-21.979
G1 X50.269 Y18.743 Z-19.234
G1 X50.270 Y19.387 Z-16.595
G1 X50.269 Y19.862 Z-13.977
G1 X50.278 Y20.026 Z-11.416
G1 X50.298 Y20.505 Z-8.869
G1 X50.303 Y20.566 Z-6.282
G1 X50.342 Y20.589 Z-3.560
G1 X50.455 Y20.607 Z-0.679
G1 X50.368 Y20.616 Z2.113
G1 X50.303 Y20.614 Z4.954
G1 X50.296 Y20.606 Z7.524
G1 X50.281 Y20.547 Z10.055
G1 X50.279 Y20.411 Z12.596
G1 X50.369 Y20.197 Z15.245
G1 X50.272 Y20.167 Z18.218
G1 X50.321 Y20.112 Z21.209
G1 X50.305 Y19.972 Z24.071
G1 X50.396 Y18.733 Z27.161
G1 X50.565 Y16.963 Z30.586
G1 X50.573 Y15.708 Z33.815
G1 X50.709 Y14.647 Z36.262
G1 X50.739 Y13.724 Z39.100
G1 X50.794 Y13.217 Z41.965
G1 X50.866 Y11.910 Z45.020
G1 X50.892 Y10.452 Z48.032
G1 X50.895 Y10.102 Z50.802
G1 X50.859 Y10.094 Z53.408
G1 X51.037 Y8.941 Z56.061
G1 X51.047 Y8.894 Z58.674
G1 X51.047 Y8.894 Z61.270
G1 X51.096 Y8.737 Z63.915
G1 X51.130 Y8.482 Z66.587
G1 X51.215 Y7.461 Z69.260
G1 X51.271 Y7.679 Z71.793
F200.0
G0 X55.062 Y6.555 Z71.887 ; Rapid move
F50.0
G1 X55.062 Y6.555 Z71.887
G1 X55.135 Y8.434 Z69.151
G1 X55.153 Y8.358 Z66.575
G1 X55.153 Y8.358 Z63.979
G1 X55.114 Y8.703 Z61.328
G1 X55.132 Y8.712 Z58.726
G1 X54.997 Y8.849 Z56.105
G1 X54.997 Y8.849 Z53.509
G1 X54.927 Y8.927 Z50.893
G1 X54.957 Y10.377 Z48.062
G1 X54.778 Y11.075 Z45.240
G1 X54.760 Y12.489 Z41.915
G1 X54.664 Y12.512 Z39.309
G1 X54.640 Y13.843 Z36.469
G1 X54.698 Y14.359 Z33.611
G1 X54.680 Y16.924 Z30.312
G1 X54.562 Y18.312 Z27.310
G1 X54.325 Y19.467 Z24.036
G1 X54.336 Y20.012 Z21.324
G1 X54.413 Y20.119 Z18.277
G1 X54.328 Y20.197 Z15.302
G1 X54.301 Y20.227 Z12.630
G1 X54.297 Y20.351 Z10.094
G1 X54.291 Y20.545 Z7.514
G1 X54.290 Y20.606 Z4.947
G1 X54.240 Y20.610 Z2.172
G1 X54.243 Y20.608 Z-0.577
G1 X54.314 Y20.588 Z-3.487
G1 X54.288 Y20.506 Z-6.270
G1 X54.281 Y20.448 Z-8.842
G1 X54.278 Y20.032 Z-11.367
G1 X54.271 Y19.938 Z-13.964
G1 X54.266 Y19.160 Z-16.601
G1 X54.313 Y18.724 Z-19.318
G1 X54.328 Y18.051 Z-21.989
G1 X54.591 Y17.394 Z-25.250
G1 X54.561 Y16.145 Z-28.738
G1 X55.135 Y13.144 Z-32.305
G1 X55.115 Y12.468 Z-35.519
G1 X55.078 Y12.219 Z-38.298
G1 X55.123 Y11.429 Z-41.307
G1 X55.142 Y11.155 Z-44.005
G1 X55.249 Y11.362 Z-46.499
G1 X55.361 Y10.354 Z-49.196
G1 X55.361 Y10.354 Z-51.792
G1 X55.364 Y9.572 Z-54.485
G1 X55.323 Y9.352 Z-57.139
G1 X55.276 Y8.118 Z-59.791
G1 X55.674 Y8.064 Z-62.290
G1 X55.607 Y7.862 Z-64.927
G1 X55.709 Y8.135 Z-67.461
G1 X55.818 Y8.580 Z-69.935
G1 X55.831 Y8.281 Z-72.522
G1 X55.932 Y7.040 Z-75.196
G1 X52.150 Y6.468 Z-68.614
G1 X52.056 Y6.332 Z-71.237
G1 X51.755 Y5.927 Z-73.962
G1 X56.982 Y6.110 Z-85.064
G1 X57.061 Y6.424 Z-87.572
G1 X57.062 Y6.746 Z-90.106
F200.0
G0 X55.755 Y5.927 Z-81.750 ; Rapid move
F50.0
G1 X55.755 Y5.927 Z-81.750
G1 X56.021 Y6.099 Z-79.021
G1 X56.246 Y6.622 Z-76.340
G1 X56.284 Y6.605 Z-73.701
G1 X59.949 Y7.587 Z-80.386
G1 X59.840 Y8.133 Z-77.802
G1 X59.653 Y7.962 Z-75.288
G1 X59.451 Y7.884 Z-72.755
G1 X59.277 Y7.956 Z-70.194
G1 X59.319 Y9.256 Z-67.541
G1 X59.319 Y9.256 Z-64.945
G1 X59.333 Y9.308 Z-62.337
G1 X59.342 Y9.666 Z-59.659
G1 X59.342 Y10.102 Z-57.063
G1 X59.237 Y10.224 Z-54.457
G1 X59.236 Y10.747 Z-51.842
G1 X59.227 Y10.842 Z-49.218
G1 X59.250 Y11.106 Z-46.522
G1 X59.208 Y11.443 Z-43.879
G1 X59.218 Y11.537 Z-41.239
G1 X59.218 Y11.537 Z-38.643
G1 X59.154 Y12.238 Z-35.673
G1 X58.975 Y12.721 Z-32.752
G1 X58.714 Y13.418 Z-29.479
G1 X58.508 Y16.627 Z-25.586
G1 X58.265 Y17.893 Z-22.088
G1 X58.279 Y18.581 Z-19.337
G1 X58.277 Y19.123 Z-16.589
G1 X58.281 Y19.532 Z-13.955
G1 X58.279 Y19.938 Z-11.359
G1 X58.296 Y20.318 Z-8.807
G1 X58.306 Y20.454 Z-6.196
G1 X58.304 Y20.466 Z-3.477
G1 X58.262 Y20.486 Z-0.549
G1 X58.241 Y20.487 Z2.213
G1 X58.289 Y20.483 Z4.941
G1 X58.288 Y20.484 Z7.520
G1 X58.287 Y20.350 Z10.115
G1 X58.309 Y20.199 Z12.648
G1 X58.302 Y20.108 Z15.366
G1 X58.214 Y20.034 Z18.181
G1 X58.313 Y19.796 Z21.298
G1 X58.386 Y19.468 Z24.031
G1 X58.367 Y17.871 Z27.169
G1 X58.271 Y16.071 Z30.420
G1 X58.457 Y14.168 Z33.889
G1 X58.557 Y13.957 Z36.717
G1 X58.860 Y11.803 Z39.445
G1 X59.019 Y11.486 Z42.296
G1 X58.779 Y9.335 Z45.491
G1 X58.945 Y8.852 Z48.288
G1 X58.961 Y8.619 Z50.968
G1 X59.003 Y8.524 Z53.589
G1 X58.999 Y8.431 Z56.215
G1 X58.998 Y8.366 Z58.813
G1 X59.029 Y7.924 Z61.437
G1 X59.085 Y7.921 Z64.024
G1 X59.191 Y7.872 Z66.612
G1 X59.146 Y7.213 Z69.218
G1 X59.146 Y7.213 Z71.814
F200.0
G0 X63.192 Y6.781 Z71.898 ; Rapid move
F50.0
G1 X63.192 Y6.781 Z71.898
G1 X63.150 Y6.852 Z69.298
G1 X63.141 Y6.986 Z66.677
G1 X63.020 Y7.031 Z64.093
G1 X63.020 Y7.686 Z61.497
G1 X62.969 Y7.814 Z58.880
G1 X62.969 Y8.197 Z56.284
G1 X62.963 Y8.704 Z53.534
G1 X62.963 Y8.704 Z50.938
G1 X62.995 Y8.825 Z48.290
G1 X63.055 Y9.409 Z45.406
G1 X63.110 Y11.015 Z42.614
G1 X62.908 Y11.438 Z39.747
G1 X62.793 Y11.960 Z37.015
G1 X62.493 Y15.031 Z33.964
G1 X62.252 Y16.452 Z30.734
G1 X62.219 Y17.308 Z27.170
G1 X62.393 Y19.136 Z24.088
G1 X62.381 Y19.772 Z21.267
G1 X62.332 Y19.915 Z17.982
G1 X62.337 Y20.065 Z15.278
G1 X62.308 Y20.126 Z12.675
G1 X62.287 Y20.266 Z10.107
G1 X62.288 Y20.350 Z7.525
G1 X62.291 Y20.350 Z4.935
G1 X62.322 Y20.352 Z2.160
G1 X62.296 Y20.348 Z-0.662
G1 X62.269 Y20.329 Z-3.517
G1 X62.288 Y20.321 Z-6.187
G1 X62.275 Y20.322 Z-8.776
G1 X62.276 Y19.906 Z-11.354
G1 X62.282 Y19.394 Z-13.959
G1 X62.287 Y18.960 Z-16.590
G1 X62.237 Y18.250 Z-19.415
G1 X62.341 Y17.450 Z-22.319
G1 X62.413 Y15.385 Z-26.050
G1 X62.931 Y12.821 Z-29.895
G1 X62.972 Y12.462 Z-32.808
G1 X63.120 Y12.085 Z-35.655
G1 X63.313 Y11.018 Z-38.756
G1 X63.329 Y11.020 Z-41.347
G1 X63.329 Y11.020 Z-43.943
G1 X63.282 Y10.904 Z-46.592
G1 X63.377 Y10.867 Z-49.177
G1 X63.346 Y10.444 Z-51.766
G1 X63.276 Y10.180 Z-54.461
G1 X63.276 Y10.180 Z-57.057
G1 X63.371 Y9.370 Z-59.720
G1 X63.345 Y9.803 Z-62.323
G1 X63.346 Y9.768 Z-64.925
G1 X63.375 Y9.922 Z-67.482
G1 X63.414 Y9.112 Z-70.138
G1 X63.414 Y9.112 Z-72.734
G1 X63.362 Y9.150 Z-75.336
G1 X63.384 Y8.484 Z-77.959
G1 X63.384 Y7.936 Z-80.555
G1 X63.323 Y8.062 Z-83.151
G1 X63.654 Y7.712 Z-85.691
G1 X63.821 Y7.278 Z-88.238
G1 X64.009 Y7.012 Z-90.746
F200.0
G0 X67.407 Y7.830 Z-90.942 ; Rapid move
F50.0
G1 X67.407 Y7.830 Z-90.942
G1 X67.407 Y8.378 Z-88.346
G1 X67.423 Y8.489 Z-85.737
G1 X67.423 Y8.489 Z-83.141
G1 X67.395 Y9.036 Z-80.536
G1 X67.435 Y8.616 Z-77.940
G1 X67.394 Y8.659 Z-75.349
G1 X67.348 Y9.463 Z-72.748
G1 X67.395 Y9.509 Z-70.133
G1 X67.336 Y9.923 Z-67.482
G1 X67.336 Y9.923 Z-64.886
G1 X67.378 Y10.085 Z-62.239
G1 X67.420 Y10.234 Z-59.589
G1 X67.393 Y10.237 Z-56.999
G1 X67.393 Y10.237 Z-54.403
G1 X67.393 Y10.237 Z-51.807
G1 X67.387 Y10.230 Z-49.215
G1 X67.353 Y10.229 Z-46.628
G1 X67.353 Y10.229 Z-44.032
G1 X67.382 Y11.078 Z-41.312
G1 X67.388 Y11.296 Z-38.624
G1 X67.428 Y11.490 Z-35.926
G1 X67.475 Y12.207 Z-32.875
G1 X67.438 Y13.904 Z-29.860
G1 X66.551 Y14.901 Z-26.172
G1 X66.401 Y16.576 Z-22.649
G1 X66.455 Y17.936 Z-19.622
G1 X66.316 Y18.715 Z-16.635
G1 X66.277 Y19.297 Z-13.950
G1 X66.278 Y19.905 Z-11.362
G1 X66.270 Y20.157 Z-8.789
G1 X66.266 Y20.321 Z-6.191
G1 X66.278 Y20.332 Z-3.487
G1 X66.326 Y20.345 Z-0.699
G1 X66.311 Y20.352 Z2.129
G1 X66.299 Y20.351 Z4.893
G1 X66.286 Y20.266 Z7.521
G1 X66.287 Y20.245 Z10.114
G1 X66.297 Y20.100 Z12.692
G1 X66.301 Y20.001 Z15.298
G1 X66.394 Y19.847 Z18.192
G1 X66.433 Y19.638 Z21.181
G1 X66.363 Y18.791 Z24.127
G1 X66.544 Y17.132 Z27.487
G1 X66.739 Y15.757 Z31.168
G1 X66.617 Y12.992 Z34.102
G1 X66.625 Y12.110 Z37.062
G1 X66.917 Y11.879 Z39.808
G1 X67.008 Y10.716 Z42.637
G1 X67.203 Y10.262 Z45.457
G1 X67.157 Y9.583 Z48.215
G1 X67.132 Y8.624 Z50.936
G1 X67.052 Y8.449 Z53.604
G1 X67.023 Y7.877 Z56.299
G1 X67.023 Y7.877 Z58.895
G1 X67.039 Y7.873 Z61.489
G1 X67.051 Y6.867 Z64.121
G1 X67.128 Y6.786 Z66.717
G1 X67.151 Y6.622 Z69.334
G1 X67.153 Y6.606 Z71.932
F200.0
G0 X71.175 Y6.529 Z71.937 ; Rapid move
F50.0
G1 X71.175 Y6.529 Z71.937
G1 X71.182 Y6.826 Z69.326
G1 X71.159 Y6.976 Z66.711
G1 X71.130 Y7.076 Z64.103
G1 X71.130 Y7.076 Z61.507
G1 X71.130 Y7.076 Z58.911
G1 X71.188 Y7.998 Z56.239
G1 X71.188 Y7.998 Z53.643
G1 X71.110 Y8.509 Z50.903
G1 X71.185 Y10.076 Z48.043
G1 X71.028 Y10.447 Z45.393
G1 X70.956 Y11.206 Z42.738
G1 X70.756 Y12.096 Z40.043
G1 X70.479 Y12.580 Z37.107
G1 X70.559 Y13.408 Z34.118
G1 X70.442 Y15.890 Z31.027
G1 X70.485 Y17.500 Z27.624
G1 X70.287 Y19.019 Z24.179
G1 X70.431 Y19.579 Z21.086
G1 X70.544 Y19.767 Z18.205
G1 X70.398 Y19.875 Z15.459
G1 X70.290 Y20.050 Z12.706
G1 X70.284 Y20.174 Z10.118
G1 X70.283 Y20.245 Z7.517
G1 X70.285 Y20.245 Z4.924
G1 X70.290 Y20.269 Z2.189
G1 X70.324 Y20.261 Z-0.696
G1 X70.314 Y20.227 Z-3.480
G1 X70.272 Y20.156 Z-6.205
G1 X70.275 Y20.145 Z-8.784
G1 X70.271 Y19.786 Z-11.351
G1 X70.261 Y19.149 Z-13.947
G1 X70.265 Y18.639 Z-16.579
G1 X70.474 Y17.729 Z-19.725
G1 X70.525 Y16.655 Z-22.803
G1 X71.042 Y14.400 Z-26.834
G1 X71.207 Y13.668 Z-30.006
G1 X71.137 Y13.475 Z-32.788
G1 X71.310 Y10.764 Z-35.853
G1 X71.343 Y10.498 Z-38.578
G1 X71.371 Y10.232 Z-41.284
G1 X71.325 Y10.010 Z-43.975
G1 X71.382 Y10.413 Z-46.561
G1 X71.387 Y10.317 Z-49.188
G1 X71.350 Y10.228 Z-51.821
G1 X71.350 Y10.228 Z-54.417
G1 X71.350 Y10.228 Z-57.013
G1 X71.361 Y10.158 Z-59.627
G1 X71.408 Y10.146 Z-62.214
G1 X71.408 Y10.146 Z-64.810
G1 X71.441 Y9.828 Z-67.477
G1 X71.487 Y9.660 Z-70.094
G1 X71.487 Y9.660 Z-72.690
G1 X71.464 Y9.490 Z-75.319
G1 X71.418 Y9.385 Z-77.940
G1 X71.370 Y9.314 Z-80.550
G1 X71.375 Y8.556 Z-83.153
G1 X71.375 Y8.556 Z-85.749
G1 X71.363 Y8.699 Z-88.331
G1 X71.407 Y8.636 Z-90.924
F200.0
G0 X75.412 Y8.460 Z-90.940 ; Rapid move
F50.0
G1 X75.412 Y8.460 Z-90.940
G1 X75.427 Y8.708 Z-88.315
G1 X75.459 Y8.758 Z-85.704
G1 X75.496 Y8.711 Z-83.105
G1 X75.496 Y8.711 Z-80.509
G1 X75.496 Y8.711 Z-77.913
G1 X75.510 Y8.731 Z-75.310
G1 X75.510 Y8.731 Z-72.714
G1 X75.466 Y8.722 Z-70.131
G1 X75.466 Y8.722 Z-67.535
G1 X75.265 Y8.892 Z-64.961
G1 X75.188 Y9.234 Z-62.312
G1 X75.211 Y8.673 Z-59.751
G1 X75.114 Y8.675 Z-57.173
G1 X75.072 Y8.764 Z-54.566
G1 X75.056 Y8.793 Z-51.966
G1 X75.088 Y9.892 Z-49.257
G1 X75.074 Y10.422 Z-46.461
G1 X75.115 Y10.333 Z-43.896
G1 X75.115 Y10.333 Z-41.300
G1 X75.115 Y10.333 Z-38.704
G1 X75.087 Y10.345 Z-36.108
G1 X75.146 Y11.080 Z-33.107
G1 X75.241 Y11.348 Z-30.301
G1 X74.901 Y11.623 Z-27.559
G1 X74.373 Y16.182 Z-23.242
G1 X74.442 Y17.618 Z-19.673
G1 X74.339 Y18.541 Z-16.728
G1 X74.235 Y18.887 Z-13.969
G1 X74.241 Y19.487 Z-11.353
G1 X74.244 Y20.137 Z-8.772
G1 X74.240 Y20.142 Z-6.214
G1 X74.234 Y20.175 Z-3.418
G1 X74.255 Y20.186 Z-0.624
G1 X74.237 Y20.189 Z2.099
G1 X74.213 Y20.187 Z4.918
G1 X74.234 Y20.175 Z7.508
G1 X74.234 Y20.043 Z10.098
G1 X74.263 Y19.971 Z12.725
G1 X74.318 Y19.849 Z15.452
G1 X74.291 Y19.693 Z18.238
G1 X74.342 Y19.382 Z21.200
G1 X74.396 Y18.245 Z24.308
G1 X74.320 Y17.057 Z27.429
G1 X74.279 Y15.154 Z31.040
G1 X74.453 Y13.415 Z34.120
G1 X74.466 Y12.898 Z37.197
G1 X74.463 Y11.050 Z40.147
G1 X74.611 Y10.191 Z42.879
G1 X74.730 Y10.002 Z45.561
G1 X74.726 Y9.302 Z48.329
G1 X74.892 Y7.425 Z51.083
G1 X74.918 Y7.130 Z53.744
G1 X75.068 Y7.205 Z56.300
G1 X75.119 Y7.178 Z58.892
G1 X75.201 Y7.145 Z61.479
G1 X75.157 Y7.007 Z64.110
G1 X75.157 Y7.007 Z66.706
G1 X75.166 Y6.567 Z69.300
G1 X75.138 Y6.390 Z71.930
F200.0
G0 X78.714 Y5.759 Z72.000 ; Rapid move
F50.0
G1 X78.714 Y5.759 Z72.000
G1 X78.769 Y6.304 Z69.400
G1 X78.769 Y6.540 Z66.804
G1 X78.650 Y6.761 Z64.189
G1 X78.661 Y6.842 Z61.578
G1 X78.661 Y6.842 Z58.982
G1 X78.547 Y6.921 Z56.380
G1 X78.547 Y6.921 Z53.784
G1 X78.505 Y7.397 Z51.129
G1 X78.093 Y9.182 Z48.400
G1 X78.276 Y9.205 Z45.797
G1 X78.266 Y10.694 Z42.952
G1 X78.123 Y11.502 Z40.134
G1 X78.374 Y13.114 Z37.222
G1 X78.285 Y13.667 Z34.115
G1 X78.219 Y15.180 Z31.004
G1 X78.420 Y17.231 Z27.771
G1 X78.289 Y18.577 Z24.305
G1 X78.332 Y19.346 Z21.432
G1 X78.247 Y19.650 Z18.451
G1 X78.253 Y19.857 Z15.418
G1 X78.243 Y20.000 Z12.766
G1 X78.229 Y20.077 Z10.157
G1 X78.194 Y20.128 Z7.540
G1 X78.186 Y20.129 Z4.915
G1 X78.158 Y20.167 Z2.181
G1 X78.073 Y20.161 Z-0.644
G1 X78.135 Y20.115 Z-3.426
G1 X78.191 Y20.102 Z-6.165
G1 X78.187 Y20.064 Z-8.775
G1 X78.193 Y19.487 Z-11.348
G1 X78.232 Y19.089 Z-14.008
G1 X78.308 Y18.492 Z-16.802
G1 X78.392 Y17.006 Z-19.732
G1 X77.795 Y15.238 Z-24.238
G1 X77.895 Y12.973 Z-27.569
G1 X78.165 Y10.760 Z-30.801
G1 X78.355 Y10.636 Z-33.459
G1 X78.369 Y10.473 Z-36.133
G1 X78.522 Y10.315 Z-38.790
G1 X78.457 Y9.074 Z-41.603
G1 X78.596 Y9.250 Z-44.140
G1 X78.562 Y9.511 Z-46.651
G1 X78.562 Y9.511 Z-49.247
G1 X78.533 Y8.507 Z-51.983
G1 X78.551 Y8.360 Z-54.614
G1 X78.551 Y8.360 Z-57.210
G1 X78.642 Y8.512 Z-59.804
G1 X78.580 Y8.162 Z-62.472
G1 X78.585 Y8.102 Z-65.076
G1 X78.653 Y8.206 Z-67.651
G1 X78.653 Y8.206 Z-70.247
G1 X78.653 Y8.206 Z-72.843
G1 X78.804 Y8.244 Z-75.417
G1 X78.861 Y8.282 Z-77.998
G1 X78.897 Y8.508 Z-80.500
G1 X78.897 Y7.881 Z-83.222
G1 X78.931 Y7.753 Z-85.828
G1 X78.973 Y7.946 Z-88.394
G1 X78.973 Y7.946 Z-90.990
F200.0
G0 X82.516 Y7.353 Z-91.002 ; Rapid move
F50.0
G1 X82.516 Y7.353 Z-91.002
G1 X82.516 Y7.310 Z-88.406
G1 X82.516 Y7.310 Z-85.810
G1 X82.354 Y7.040 Z-83.284
G1 X82.401 Y7.766 Z-80.645
G1 X82.401 Y7.766 Z-78.049
G1 X82.462 Y7.836 Z-75.438
G1 X82.462 Y7.836 Z-72.842
G1 X82.501 Y8.144 Z-70.178
G1 X82.501 Y8.890 Z-67.582
G1 X82.487 Y8.997 Z-64.959
G1 X82.331 Y9.005 Z-62.367
G1 X82.156 Y8.781 Z-59.828
G1 X82.156 Y8.781 Z-57.232
G1 X82.039 Y8.879 Z-54.610
G1 X82.027 Y8.972 Z-51.990
G1 X82.027 Y8.972 Z-49.394
G1 X82.027 Y8.972 Z-46.798
G1 X82.027 Y8.972 Z-44.202
G1 X82.132 Y10.682 Z-41.456
G1 X82.078 Y11.591 Z-38.810
G1 X82.022 Y11.925 Z-36.061
G1 X82.022 Y11.925 Z-33.465
G1 X82.024 Y12.099 Z-30.779
G1 X81.833 Y14.244 Z-27.517
G1 X82.218 Y15.242 Z-24.066
G1 X82.125 Y17.367 Z-19.890
G1 X82.152 Y18.541 Z-16.952
G1 X82.157 Y18.956 Z-14.028
G1 X82.152 Y19.744 Z-11.358
G1 X82.143 Y20.100 Z-8.770
G1 X82.154 Y20.105 Z-6.132
G1 X82.096 Y20.115 Z-3.407
G1 X82.143 Y20.181 Z-0.598
G1 X82.129 Y20.184 Z2.146
G1 X82.174 Y20.129 Z4.910
G1 X82.181 Y20.128 Z7.537
G1 X82.225 Y20.109 Z10.196
G1 X82.267 Y20.014 Z12.801
G1 X82.320 Y19.856 Z15.407
G1 X82.189 Y19.549 Z18.181
G1 X82.196 Y19.311 Z21.260
G1 X82.264 Y17.983 Z24.139
G1 X82.449 Y17.334 Z27.828
G1 X82.402 Y13.916 Z31.224
G1 X82.175 Y13.457 Z34.329
G1 X82.171 Y12.958 Z37.344
G1 X82.213 Y12.071 Z40.135
G1 X82.204 Y11.509 Z42.806
G1 X82.172 Y11.181 Z45.514
G1 X82.008 Y8.592 Z48.483
G1 X82.127 Y8.439 Z51.125
G1 X82.039 Y8.379 Z53.735
G1 X82.097 Y8.233 Z56.367
G1 X82.044 Y6.908 Z58.986
G1 X82.044 Y6.908 Z61.582
G1 X82.099 Y6.827 Z64.195
G1 X82.083 Y6.847 Z66.787
G1 X82.139 Y6.823 Z69.389
G1 X82.139 Y6.802 Z71.984
F200.0
G0 X86.049 Y6.778 Z71.986 ; Rapid move
F50.0
G1 X86.049 Y6.778 Z71.986
G1 X86.049 Y6.778 Z69.390
G1 X86.049 Y6.778 Z66.794
G1 X86.049 Y6.778 Z64.198
G1 X86.114 Y6.938 Z61.574
G1 X86.080 Y8.201 Z58.969
G1 X86.029 Y8.344 Z56.339
G1 X86.137 Y8.474 Z53.712
G1 X86.137 Y8.474 Z51.116
G1 X86.210 Y8.684 Z48.459
G1 X86.226 Y10.035 Z45.558
G1 X86.191 Y10.191 Z42.879
G1 X86.151 Y11.969 Z40.197
G1 X86.151 Y12.202 Z37.537
G1 X86.404 Y13.110 Z34.199
G1 X86.361 Y13.539 Z31.101
G1 X86.247 Y17.027 Z27.639
G1 X86.283 Y18.105 Z24.094
G1 X86.252 Y19.261 Z21.243
G1 X86.373 Y19.773 Z18.300
G1 X86.268 Y19.956 Z15.411
G1 X86.241 Y20.068 Z12.844
G1 X86.217 Y20.107 Z10.230
G1 X86.183 Y20.179 Z7.596
G1 X86.182 Y20.182 Z4.898
G1 X86.199 Y20.184 Z2.217
G1 X86.173 Y20.181 Z-0.618
G1 X86.242 Y20.170 Z-3.414
G1 X86.173 Y20.155 Z-6.167
G1 X86.162 Y20.100 Z-8.773
G1 X86.155 Y19.527 Z-11.354
G1 X86.165 Y19.142 Z-14.008
G1 X86.178 Y18.286 Z-16.949
G1 X86.132 Y16.472 Z-19.998
G1 X86.124 Y15.592 Z-24.021
G1 X86.583 Y14.170 Z-27.434
G1 X86.436 Y13.461 Z-30.593
G1 X86.232 Y11.981 Z-33.442
G1 X86.235 Y11.727 Z-36.158
G1 X86.097 Y10.687 Z-38.857
G1 X86.160 Y10.594 Z-41.488
G1 X86.169 Y10.569 Z-44.093
G1 X86.132 Y10.514 Z-46.708
G1 X86.092 Y10.361 Z-49.351
G1 X86.104 Y10.306 Z-51.964
G1 X86.104 Y10.306 Z-54.560
G1 X86.129 Y9.388 Z-57.185
G1 X86.084 Y8.797 Z-59.823
G1 X86.084 Y8.797 Z-62.419
G1 X86.084 Y8.797 Z-65.015
G1 X86.084 Y8.797 Z-67.611
G1 X86.005 Y7.789 Z-70.256
G1 X86.005 Y7.789 Z-72.852
G1 X85.982 Y7.813 Z-75.442
G1 X86.012 Y7.988 Z-78.006
G1 X86.012 Y7.988 Z-80.602
G1 X86.012 Y7.988 Z-83.198
G1 X86.012 Y7.988 Z-85.794
G1 X85.973 Y7.125 Z-88.440
G1 X85.973 Y7.125 Z-91.036
F200.0
G0 X90.031 Y7.435 Z-90.981 ; Rapid move
F50.0
G1 X90.031 Y7.435 Z-90.981
G1 X90.031 Y7.435 Z-88.386
G1 X90.020 Y7.579 Z-85.756
G1 X90.020 Y7.579 Z-83.160
G1 X90.020 Y7.579 Z-80.564
G1 X90.020 Y7.579 Z-77.968
G1 X90.020 Y7.579 Z-75.372
G1 X90.020 Y7.579 Z-72.776
G1 X90.056 Y7.568 Z-70.184
G1 X90.025 Y7.614 Z-67.575
G1 X90.025 Y7.614 Z-64.979
G1 X90.036 Y9.472 Z-62.352
G1 X90.036 Y9.472 Z-59.756
G1 X90.036 Y9.472 Z-57.160
G1 X90.036 Y9.472 Z-54.564
G1 X90.036 Y9.534 Z-51.950
G1 X90.036 Y9.534 Z-49.354
G1 X90.078 Y9.595 Z-46.741
G1 X90.096 Y9.659 Z-44.125
G1 X90.134 Y10.456 Z-41.535
G1 X90.159 Y10.818 Z-38.807
G1 X90.116 Y10.930 Z-36.163
G1 X90.236 Y12.483 Z-33.256
G1 X90.303 Y13.769 Z-30.384
G1 X90.267 Y13.982 Z-27.618
G1 X90.246 Y16.319 Z-23.043
G1 X90.147 Y17.766 Z-19.740
G1 X90.128 Y18.644 Z-16.820
G1 X90.166 Y19.198 Z-14.005
G1 X90.167 Y19.526 Z-11.365
G1 X90.170 Y20.155 Z-8.761
G1 X90.189 Y20.156 Z-6.158
G1 X90.194 Y20.218 Z-3.467
G1 X90.211 Y20.235 Z-0.577
G1 X90.207 Y20.237 Z2.203
G1 X90.173 Y20.235 Z4.869
G1 X90.146 Y20.205 Z7.576
G1 X90.145 Y20.175 Z10.258
G1 X90.187 Y20.066 Z12.883
G1 X90.265 Y20.015 Z15.528
G1 X90.318 Y19.623 Z18.332
G1 X90.387 Y19.211 Z21.358
G1 X90.341 Y18.427 Z24.076
G1 X90.091 Y16.955 Z27.783
G1 X90.271 Y13.535 Z31.187
G1 X90.206 Y12.966 Z34.401
G1 X90.280 Y12.724 Z37.157
G1 X90.195 Y12.351 Z40.035
G1 X90.069 Y10.198 Z42.914
G1 X90.069 Y10.122 Z45.510
G1 X90.112 Y9.706 Z48.306
G1 X90.131 Y9.179 Z51.090
G1 X90.139 Y6.941 Z53.778
G1 X90.139 Y6.941 Z56.374
G1 X90.159 Y6.969 Z58.964
G1 X90.110 Y6.833 Z61.587
G1 X90.110 Y6.833 Z64.183
G1 X90.104 Y6.715 Z66.800
G1 X90.104 Y6.715 Z69.396
G1 X90.104 Y6.715 Z71.992
F200.0
G0 X94.059 Y6.750 Z71.985 ; Rapid move
F50.0
G1 X94.059 Y6.750 Z71.985
G1 X94.064 Y6.751 Z69.389
G1 X94.069 Y6.743 Z66.795
G1 X94.087 Y6.868 Z64.176
G1 X94.087 Y6.868 Z61.580
G1 X94.040 Y7.019 Z58.950
G1 X94.072 Y7.067 Z56.344
G1 X94.104 Y8.315 Z53.706
G1 X94.135 Y8.558 Z51.036
G1 X94.107 Y10.088 Z48.164
G1 X94.183 Y10.942 Z45.434
G1 X94.141 Y11.068 Z42.763
G1 X94.235 Y12.393 Z40.047
G1 X94.242 Y12.778 Z37.161
G1 X94.179 Y13.025 Z34.346
G1 X94.023 Y14.504 Z31.096
G1 X94.113 Y16.705 Z27.939
G1 X94.278 Y18.418 Z24.118
G1 X94.294 Y19.133 Z21.359
G1 X94.356 Y19.876 Z18.398
G1 X94.368 Y20.014 Z15.696
G1 X94.232 Y20.107 Z13.019
G1 X94.188 Y20.218 Z10.383
G1 X94.210 Y20.230 Z7.617
G1 X94.172 Y20.236 Z4.848
G1 X94.183 Y20.237 Z2.146
G1 X94.187 Y20.231 Z-0.676
G1 X94.137 Y20.218 Z-3.459
G1 X94.152 Y20.213 Z-6.112
G1 X94.141 Y20.211 Z-8.727
G1 X94.135 Y19.784 Z-11.374
G1 X94.123 Y19.307 Z-14.011
G1 X94.158 Y18.737 Z-16.769
G1 X94.225 Y16.088 Z-19.864
G1 X94.176 Y15.934 Z-22.947
G1 X94.232 Y13.336 Z-27.407
G1 X94.119 Y12.777 Z-30.464
G1 X94.122 Y12.104 Z-33.464
G1 X94.004 Y9.845 Z-36.269
G1 X93.996 Y9.848 Z-38.864
G1 X93.996 Y9.580 Z-41.551
G1 X93.996 Y9.580 Z-44.146
G1 X93.996 Y9.580 Z-46.742
G1 X93.968 Y9.592 Z-49.333
G1 X93.996 Y9.445 Z-51.974
G1 X93.996 Y9.445 Z-54.570
G1 X94.002 Y9.361 Z-57.189
G1 X94.000 Y9.172 Z-59.830
G1 X94.021 Y9.169 Z-62.427
G1 X94.029 Y9.007 Z-65.056
G1 X94.030 Y8.309 Z-67.646
G1 X94.030 Y8.309 Z-70.242
G1 X94.030 Y8.309 Z-72.837
G1 X94.030 Y8.309 Z-75.433
G1 X94.030 Y8.309 Z-78.029
G1 X94.030 Y8.309 Z-80.625
G1 X94.030 Y6.435 Z-83.221
G1 X94.030 Y6.435 Z-85.817
G1 X94.030 Y6.435 Z-88.413
G1 X94.039 Y6.290 Z-91.035
F200.0
G0 X98.015 Y7.978 Z-91.007 ; Rapid move
F50.0
G1 X98.015 Y7.978 Z-91.007
G1 X98.015 Y7.978 Z-88.411
G1 X98.015 Y7.978 Z-85.815
G1 X98.015 Y7.978 Z-83.219
G1 X98.015 Y7.978 Z-80.623
G1 X98.015 Y7.978 Z-78.027
G1 X98.015 Y8.316 Z-75.432
G1 X98.015 Y8.316 Z-72.836
G1 X98.002 Y8.491 Z-70.202
G1 X98.002 Y8.491 Z-67.606
G1 X98.026 Y8.591 Z-64.988
G1 X98.026 Y8.591 Z-62.392
G1 X98.026 Y8.591 Z-59.796
G1 X98.026 Y8.591 Z-57.200
G1 X98.026 Y8.863 Z-54.604
G1 X98.026 Y8.863 Z-52.008
G1 X98.025 Y8.966 Z-49.385
G1 X98.025 Y8.966 Z-46.789
G1 X98.091 Y9.171 Z-44.135
G1 X98.091 Y9.629 Z-41.539
G1 X98.108 Y9.881 Z-38.855
G1 X98.100 Y10.083 Z-36.178
G1 X98.156 Y12.267 Z-33.380
G1 X98.107 Y12.485 Z-30.657
G1 X98.006 Y14.882 Z-26.855
G1 X98.076 Y15.495 Z-23.745
G1 X97.936 Y17.157 Z-19.914
G1 X98.092 Y18.721 Z-16.930
G1 X98.140 Y19.299 Z-14.070
G1 X98.140 Y19.874 Z-11.343
G1 X98.146 Y20.210 Z-8.733
G1 X98.162 Y20.245 Z-6.094
G1 X98.169 Y20.246 Z-3.490
G1 X98.199 Y20.269 Z-0.671
G1 X98.150 Y20.267 Z2.101
G1 X98.167 Y20.274 Z4.847
G1 X98.188 Y20.260 Z7.625
G1 X98.202 Y20.242 Z10.457
G1 X98.189 Y20.124 Z13.109
G1 X98.247 Y20.098 Z15.705
G1 X98.254 Y19.952 Z18.410
G1 X98.275 Y19.121 Z21.108
G1 X98.415 Y18.736 Z24.228
G1 X98.232 Y17.449 Z27.333
G1 X97.948 Y15.521 Z31.015
G1 X97.939 Y14.262 Z33.988
G1 X98.506 Y11.401 Z37.337
G1 X98.370 Y11.228 Z40.061
G1 X98.301 Y10.599 Z42.809
G1 X98.297 Y10.009 Z45.608
G1 X98.252 Y8.820 Z48.345
G1 X98.118 Y8.664 Z50.999
G1 X98.098 Y8.462 Z53.662
G1 X98.099 Y8.071 Z56.275
G1 X98.046 Y6.884 Z58.979
G1 X98.046 Y6.884 Z61.575
G1 X98.046 Y6.041 Z64.171
G1 X98.046 Y6.041 Z66.767
G1 X98.055 Y5.959 Z69.380
G1 X98.055 Y5.959 Z71.976
F200.0
G0 X102.075 Y6.058 Z71.970 ; Rapid move
F50.0
G1 X102.075 Y6.058 Z71.970
G1 X102.086 Y6.531 Z69.367
G1 X102.086 Y6.531 Z66.772
G1 X102.094 Y6.528 Z64.176
G1 X102.094 Y6.549 Z61.580
G1 X102.094 Y6.549 Z58.985
G1 X102.062 Y7.696 Z56.370
G1 X102.114 Y7.873 Z53.734
G1 X102.150 Y8.015 Z51.100
G1 X102.117 Y8.278 Z48.420
G1 X102.125 Y8.876 Z45.725
G1 X102.152 Y10.631 Z42.790
G1 X102.146 Y10.746 Z40.123
G1 X102.196 Y11.080 Z37.294
G1 X102.275 Y14.022 Z34.257
G1 X102.001 Y15.672 Z30.866
G1 X102.278 Y16.166 Z27.506
G1 X102.299 Y18.366 Z24.231
G1 X102.165 Y19.069 Z21.108
G1 X102.177 Y19.779 Z18.361
G1 X102.260 Y20.102 Z15.672
G1 X102.288 Y20.161 Z13.091
G1 X102.302 Y20.250 Z10.442
G1 X102.206 Y20.328 Z7.648
G1 X102.161 Y20.335 Z4.868
G1 X102.137 Y20.336 Z2.092
G1 X102.157 Y20.330 Z-0.690
G1 X102.182 Y20.320 Z-3.441
G1 X102.156 Y20.257 Z-6.040
G1 X102.154 Y20.102 Z-8.659
G1 X102.128 Y19.944 Z-11.356
G1 X102.144 Y19.449 Z-14.064
G1 X102.065 Y18.446 Z-16.959
G1 X102.030 Y16.664 Z-19.828
G1 X102.210 Y15.246 Z-23.728
G1 X101.965 Y12.744 Z-27.486
G1 X101.747 Y12.031 Z-30.605
G1 X101.858 Y11.785 Z-33.357
G1 X101.954 Y11.453 Z-36.126
G1 X102.118 Y9.292 Z-38.903
G1 X102.118 Y9.292 Z-41.499
G1 X102.169 Y9.022 Z-44.181
G1 X102.169 Y9.022 Z-46.777
G1 X102.169 Y9.022 Z-49.373
G1 X102.169 Y9.022 Z-51.969
G1 X102.169 Y9.022 Z-54.565
G1 X102.220 Y8.928 Z-57.187
G1 X102.220 Y8.928 Z-59.783
G1 X102.207 Y8.816 Z-62.407
G1 X102.207 Y8.816 Z-65.003
G1 X102.107 Y8.932 Z-67.568
G1 X102.134 Y8.572 Z-70.187
G1 X102.134 Y8.572 Z-72.783
G1 X102.199 Y8.311 Z-75.437
G1 X102.199 Y7.974 Z-78.033
G1 X102.199 Y7.974 Z-80.628
G1 X102.199 Y7.974 Z-83.224
G1 X102.183 Y7.883 Z-85.837
G1 X102.183 Y7.883 Z-88.433
G1 X102.183 Y7.883 Z-91.028
F200.0
G0 X106.154 Y7.405 Z-91.069 ; Rapid move
F50.0
G1 X106.154 Y7.405 Z-91.069
G1 X106.154 Y7.405 Z-88.473
G1 X106.154 Y7.405 Z-85.877
G1 X106.154 Y7.405 Z-83.281
G1 X106.154 Y7.405 Z-80.685
G1 X106.148 Y7.708 Z-78.045
G1 X106.148 Y7.708 Z-75.449
G1 X106.148 Y7.708 Z-72.854
G1 X106.211 Y7.814 Z-70.238
G1 X106.204 Y8.063 Z-67.631
G1 X106.204 Y8.063 Z-65.035
G1 X106.206 Y8.041 Z-62.444
G1 X106.218 Y8.841 Z-59.805
G1 X106.214 Y8.862 Z-57.204
G1 X106.098 Y9.169 Z-54.519
G1 X106.080 Y9.195 Z-51.915
G1 X106.080 Y9.195 Z-49.319
G1 X106.126 Y9.970 Z-46.691
G1 X106.126 Y9.970 Z-44.095
G1 X106.140 Y9.958 Z-41.504
G1 X106.091 Y10.085 Z-38.861
G1 X106.076 Y11.257 Z-36.216
G1 X106.091 Y11.476 Z-33.526
G1 X106.126 Y11.925 Z-30.695
G1 X106.283 Y12.899 Z-27.347
G1 X106.490 Y15.098 Z-23.617
G1 X106.176 Y17.573 Z-19.786
G1 X106.155 Y18.678 Z-16.736
G1 X106.121 Y19.499 Z-14.084
G1 X106.180 Y20.056 Z-11.352
G1 X106.142 Y20.242 Z-8.717
G1 X106.157 Y20.366 Z-6.045
G1 X106.154 Y20.371 Z-3.385
G1 X106.053 Y20.374 Z-0.706
G1 X106.127 Y20.383 Z2.069
G1 X106.145 Y20.384 Z4.797
G1 X106.214 Y20.325 Z7.698
G1 X106.183 Y20.265 Z10.445
G1 X106.231 Y20.183 Z13.142
G1 X106.237 Y20.141 Z15.735
G1 X106.303 Y19.786 Z18.297
G1 X106.285 Y19.033 Z21.084
G1 X106.344 Y18.004 Z24.422
G1 X106.481 Y16.122 Z27.590
G1 X106.485 Y15.406 Z31.016
G1 X106.428 Y14.007 Z34.260
G1 X106.100 Y11.682 Z37.186
G1 X106.203 Y11.283 Z40.077
G1 X106.199 Y10.338 Z42.843
G1 X106.228 Y8.888 Z45.567
G1 X106.167 Y8.503 Z48.293
G1 X106.178 Y8.264 Z50.984
G1 X106.142 Y8.097 Z53.638
G1 X106.156 Y7.812 Z56.288
G1 X106.116 Y7.589 Z58.942
G1 X106.077 Y6.571 Z61.576
G1 X106.077 Y6.571 Z64.172
G1 X106.073 Y6.578 Z66.766
G1 X106.073 Y6.565 Z69.365
G1 X106.073 Y6.544 Z71.961
F200.0
G0 X110.079 Y6.066 Z71.978 ; Rapid move
F50.0
G1 X110.079 Y6.066 Z71.978
G1 X110.118 Y6.110 Z69.375
G1 X110.106 Y6.547 Z66.773
G1 X110.106 Y6.547 Z64.177
G1 X110.081 Y6.691 Z61.550
G1 X110.051 Y6.927 Z58.893
G1 X110.127 Y7.970 Z56.239
G1 X110.068 Y8.038 Z53.619
G1 X110.114 Y8.302 Z50.969
G1 X110.117 Y8.502 Z48.293
G1 X110.112 Y8.560 Z45.671
G1 X110.252 Y10.318 Z42.854
G1 X110.293 Y11.380 Z40.011
G1 X110.241 Y11.533 Z37.305
G1 X110.049 Y14.041 Z34.228
G1 X110.194 Y14.698 Z30.896
G1 X110.262 Y17.401 Z27.463
G1 X110.221 Y18.651 Z24.348
G1 X110.275 Y19.007 Z21.166
G1 X110.236 Y19.854 Z18.380
G1 X110.216 Y20.142 Z15.732
G1 X110.271 Y20.248 Z13.137
G1 X110.255 Y20.324 Z10.559
G1 X110.201 Y20.368 Z7.753
G1 X110.162 Y20.392 Z4.839
G1 X110.188 Y20.426 Z2.110
G1 X110.222 Y20.421 Z-0.645
G1 X110.142 Y20.377 Z-3.420
G1 X110.161 Y20.365 Z-6.061
G1 X110.164 Y20.360 Z-8.707
G1 X110.134 Y19.964 Z-11.371
G1 X110.219 Y19.446 Z-14.079
G1 X110.190 Y18.641 Z-16.953
G1 X110.239 Y16.475 Z-19.812
G1 X109.933 Y15.209 Z-23.706
G1 X109.671 Y12.901 Z-27.326
G1 X110.039 Y11.705 Z-30.797
G1 X110.054 Y10.348 Z-33.561
G1 X110.104 Y10.271 Z-36.191
G1 X110.087 Y10.126 Z-38.845
G1 X110.040 Y10.024 Z-41.478
G1 X110.040 Y10.024 Z-44.074
G1 X110.076 Y8.986 Z-46.784
G1 X110.076 Y8.986 Z-49.380
G1 X110.135 Y8.987 Z-51.977
G1 X110.135 Y8.987 Z-54.573
G1 X110.160 Y8.497 Z-57.212
G1 X110.103 Y8.003 Z-59.812
G1 X110.036 Y7.983 Z-62.411
G1 X110.036 Y7.983 Z-65.007
G1 X109.982 Y7.598 Z-67.610
G1 X109.982 Y7.598 Z-70.206
G1 X110.005 Y7.551 Z-72.813
G1 X110.005 Y7.551 Z-75.409
G1 X110.004 Y7.503 Z-78.015
G1 X110.000 Y7.429 Z-80.626
G1 X110.000 Y7.429 Z-83.222
G1 X110.000 Y7.407 Z-85.817
G1 X110.039 Y6.907 Z-88.426
G1 X110.040 Y6.688 Z-91.055
F200.0
G0 X113.977 Y6.996 Z-91.068 ; Rapid move
F50.0
G1 X113.977 Y6.996 Z-91.068
G1 X113.977 Y6.996 Z-88.472
G1 X113.977 Y7.019 Z-85.876
G1 X113.977 Y7.019 Z-83.280
G1 X113.977 Y7.019 Z-80.684
G1 X113.963 Y7.047 Z-78.084
G1 X113.963 Y7.047 Z-75.488
G1 X113.953 Y8.098 Z-72.860
G1 X113.953 Y8.098 Z-70.264
G1 X113.934 Y8.313 Z-67.629
G1 X113.934 Y8.313 Z-65.033
G1 X113.941 Y8.724 Z-62.419
G1 X113.909 Y8.678 Z-59.832
G1 X113.869 Y8.783 Z-57.209
G1 X113.869 Y8.783 Z-54.614
G1 X113.869 Y8.783 Z-52.018
G1 X113.920 Y8.890 Z-49.399
G1 X114.065 Y9.275 Z-46.694
G1 X114.097 Y9.272 Z-44.100
G1 X114.122 Y9.690 Z-41.497
G1 X114.083 Y10.133 Z-38.843
G1 X114.063 Y10.260 Z-36.195
G1 X113.942 Y11.756 Z-33.361
G1 X114.095 Y12.457 Z-30.348
G1 X113.920 Y13.132 Z-27.113
G1 X114.054 Y14.130 Z-23.811
G1 X114.353 Y15.594 Z-20.297
G1 X114.198 Y18.568 Z-16.962
G1 X114.161 Y19.668 Z-14.088
G1 X114.146 Y19.966 Z-11.349
G1 X114.143 Y20.360 Z-8.709
G1 X114.150 Y20.410 Z-6.016
G1 X114.157 Y20.411 Z-3.410
G1 X114.131 Y20.420 Z-0.653
G1 X114.173 Y20.425 Z2.112
G1 X114.161 Y20.424 Z4.886
G1 X114.119 Y20.419 Z7.602
G1 X114.019 Y20.357 Z10.561
G1 X114.111 Y20.317 Z13.245
G1 X114.178 Y20.326 Z15.780
G1 X114.241 Y19.859 Z18.338
G1 X114.254 Y18.962 Z21.238
G1 X114.274 Y18.685 Z24.159
G1 X114.354 Y17.503 Z27.330
G1 X114.519 Y16.098 Z30.782
G1 X114.266 Y14.244 Z34.074
G1 X114.228 Y13.809 Z37.095
G1 X114.227 Y12.601 Z39.933
G1 X114.230 Y10.267 Z42.883
G1 X114.265 Y8.622 Z45.686
G1 X114.265 Y8.622 Z48.282
G1 X114.210 Y8.446 Z50.951
G1 X114.210 Y8.446 Z53.546
G1 X114.217 Y7.088 Z56.291
G1 X114.217 Y7.088 Z58.887
G1 X114.118 Y6.220 Z61.565
G1 X114.102 Y6.074 Z64.190
G1 X114.102 Y6.074 Z66.786
G1 X114.102 Y6.074 Z69.382
G1 X114.107 Y4.929 Z71.977
F200.0
G0 X118.049 Y4.862 Z71.974 ; Rapid move
F50.0
G1 X118.049 Y4.862 Z71.974
G1 X118.050 Y5.978 Z69.367
G1 X118.051 Y5.975 Z66.772
G1 X118.051 Y6.137 Z64.176
G1 X118.105 Y6.947 Z61.520
G1 X118.142 Y7.008 Z58.909
G1 X118.098 Y7.269 Z56.234
G1 X118.152 Y7.517 Z53.550
G1 X118.066 Y8.717 Z50.832
G1 X118.043 Y8.826 Z48.184
G1 X118.066 Y9.813 Z45.480
G1 X118.143 Y9.909 Z42.831
G1 X118.129 Y11.831 Z40.008
G1 X118.228 Y12.474 Z37.328
G1 X118.239 Y14.204 Z34.074
G1 X118.359 Y14.908 Z30.964
G1 X118.385 Y17.687 Z27.302
G1 X118.333 Y18.577 Z24.291
G1 X118.186 Y19.256 Z21.136
G1 X118.204 Y20.149 Z18.494
G1 X118.138 Y20.306 Z15.920
G1 X118.069 Y20.346 Z13.290
G1 X118.113 Y20.446 Z10.553
G1 X118.122 Y20.469 Z7.724
G1 X118.132 Y20.483 Z4.793
G1 X118.183 Y20.491 Z2.089
G1 X118.161 Y20.485 Z-0.668
G1 X118.176 Y20.477 Z-3.398
G1 X118.150 Y20.470 Z-5.986
G1 X118.125 Y20.404 Z-8.678
G1 X118.073 Y20.117 Z-11.370
G1 X118.082 Y19.668 Z-14.074
G1 X118.141 Y18.954 Z-17.039
G1 X118.162 Y17.051 Z-19.931
G1 X118.264 Y14.456 Z-23.552
G1 X118.219 Y13.980 Z-26.880
G1 X118.194 Y13.493 Z-30.013
G1 X118.186 Y10.539 Z-33.535
G1 X118.088 Y10.216 Z-36.264
G1 X118.088 Y10.216 Z-38.860
G1 X118.033 Y10.130 Z-41.485
G1 X118.033 Y10.130 Z-44.081
G1 X118.070 Y10.016 Z-46.717
G1 X118.118 Y9.549 Z-49.331
G1 X118.068 Y9.185 Z-52.026
G1 X117.973 Y7.473 Z-54.652
G1 X118.018 Y7.317 Z-57.279
G1 X117.995 Y7.263 Z-59.882
G1 X117.995 Y7.263 Z-62.478
G1 X117.988 Y7.033 Z-65.105
G1 X117.951 Y7.031 Z-67.699
G1 X117.951 Y7.031 Z-70.295
G1 X117.922 Y6.843 Z-72.907
G1 X117.922 Y6.481 Z-75.503
G1 X117.922 Y6.481 Z-78.099
G1 X117.922 Y6.481 Z-80.694
G1 X117.934 Y6.319 Z-83.300
G1 X117.934 Y6.319 Z-85.896
G1 X118.001 Y6.200 Z-88.499
G1 X118.001 Y6.200 Z-91.095
F200.0
G0 X122.350 Y6.751 Z-81.107 ; Rapid move
F50.0
G1 X122.350 Y6.751 Z-81.107
G1 X122.073 Y6.853 Z-88.490
G1 X122.073 Y6.853 Z-85.894
G1 X122.073 Y6.853 Z-83.298
G1 X122.073 Y6.853 Z-80.702
G1 X122.068 Y8.077 Z-78.054
G1 X122.068 Y8.077 Z-75.458
G1 X122.068 Y8.077 Z-72.862
G1 X122.068 Y8.077 Z-70.266
G1 X122.106 Y8.291 Z-67.631
G1 X122.091 Y8.510 Z-64.984
G1 X122.091 Y8.825 Z-62.388
G1 X122.050 Y9.076 Z-59.720
G1 X122.073 Y9.547 Z-57.119
G1 X122.035 Y9.571 Z-54.514
G1 X122.035 Y9.571 Z-51.918
G1 X122.035 Y9.986 Z-49.322
G1 X122.055 Y10.002 Z-46.722
G1 X122.055 Y10.002 Z-44.126
G1 X122.087 Y10.009 Z-41.528
G1 X122.039 Y10.251 Z-38.845
G1 X122.075 Y10.360 Z-36.207
G1 X122.196 Y10.520 Z-33.544
G1 X122.259 Y13.329 Z-30.113
G1 X122.289 Y13.816 Z-27.013
G1 X122.062 Y15.688 Z-23.347
G1 X122.150 Y17.548 Z-19.800
G1 X122.150 Y19.048 Z-16.950
G1 X122.103 Y19.836 Z-14.119
G1 X122.048 Y20.265 Z-11.298
G1 X122.063 Y20.471 Z-8.644
G1 X122.129 Y20.478 Z-5.972
G1 X122.129 Y20.479 Z-3.362
G1 X122.187 Y20.527 Z-0.682
G1 X122.155 Y20.531 Z2.061
G1 X122.164 Y20.527 Z4.740
G1 X122.085 Y20.513 Z7.710
G1 X122.165 Y20.470 Z10.563
G1 X122.144 Y20.421 Z13.333
G1 X122.259 Y20.409 Z16.001
G1 X122.278 Y19.603 Z18.485
G1 X122.342 Y19.159 Z21.286
G1 X122.270 Y18.513 Z24.345
G1 X122.167 Y17.671 Z27.348
G1 X122.565 Y15.556 Z30.903
G1 X122.391 Y14.445 Z34.133
G1 X122.283 Y13.256 Z37.058
G1 X122.227 Y12.043 Z39.852
G1 X122.183 Y10.051 Z42.746
G1 X122.212 Y9.819 Z45.479
G1 X122.282 Y9.512 Z48.230
G1 X122.351 Y8.376 Z50.918
G1 X122.319 Y8.224 Z53.574
G1 X122.189 Y7.345 Z56.209
G1 X122.157 Y6.913 Z58.895
G1 X122.113 Y6.722 Z61.540
G1 X122.099 Y6.494 Z64.136
G1 X122.093 Y6.483 Z66.734
G1 X122.095 Y6.332 Z69.336
G1 X122.064 Y5.100 Z71.963
F200.0
G0 X126.065 Y5.111 Z71.961 ; Rapid move
F50.0
G1 X126.065 Y5.111 Z71.961
G1 X126.065 Y5.111 Z69.365
G1 X126.064 Y5.249 Z66.739
G1 X126.069 Y6.456 Z64.144
G1 X126.108 Y6.811 Z61.518
G1 X126.108 Y6.811 Z58.922
G1 X126.108 Y6.811 Z56.326
G1 X126.097 Y8.118 Z53.612
G1 X126.198 Y8.407 Z50.907
G1 X126.340 Y9.556 Z48.193
G1 X126.376 Y9.618 Z45.565
G1 X126.245 Y10.868 Z42.673
G1 X126.252 Y11.166 Z39.863
G1 X126.201 Y13.294 Z37.023
G1 X126.191 Y13.925 Z34.097
G1 X126.315 Y16.158 Z30.743
G1 X126.283 Y17.422 Z27.313
G1 X126.309 Y18.362 Z24.381
G1 X126.307 Y19.281 Z21.385
G1 X126.222 Y19.643 Z18.647
G1 X126.135 Y20.395 Z16.077
G1 X126.202 Y20.500 Z13.365
G1 X126.176 Y20.526 Z10.587
G1 X126.196 Y20.557 Z7.670
G1 X126.159 Y20.567 Z4.784
G1 X126.170 Y20.569 Z2.064
G1 X126.184 Y20.564 Z-0.676
G1 X126.163 Y20.562 Z-3.311
G1 X126.133 Y20.555 Z-5.983
G1 X126.071 Y20.474 Z-8.608
G1 X126.015 Y20.256 Z-11.371
G1 X126.143 Y19.834 Z-14.134
G1 X126.118 Y18.546 Z-17.002
G1 X126.135 Y17.501 Z-19.977
G1 X126.053 Y15.662 Z-23.527
G1 X125.926 Y13.679 Z-27.158
G1 X126.170 Y12.190 Z-30.269
G1 X126.066 Y11.345 Z-33.419
G1 X126.113 Y11.199 Z-36.089
G1 X126.097 Y10.841 Z-38.840
G1 X126.081 Y10.804 Z-41.450
G1 X126.070 Y10.703 Z-44.083
G1 X126.048 Y9.272 Z-46.675
G1 X126.087 Y9.059 Z-49.343
G1 X126.119 Y8.907 Z-51.984
G1 X126.119 Y8.907 Z-54.580
G1 X126.070 Y8.796 Z-57.203
G1 X126.070 Y8.796 Z-59.799
G1 X126.123 Y8.590 Z-62.443
G1 X126.123 Y8.590 Z-65.039
G1 X126.123 Y8.590 Z-67.635
G1 X126.049 Y8.541 Z-70.239
G1 X126.049 Y8.541 Z-72.834
G1 X126.078 Y8.058 Z-75.461
G1 X126.078 Y8.058 Z-78.057
G1 X126.078 Y7.293 Z-80.653
G1 X126.110 Y7.086 Z-83.278
G1 X126.110 Y7.086 Z-85.874
G1 X126.110 Y7.086 Z-88.470
G1 X126.110 Y7.086 Z-91.066
F200.0
G0 X130.061 Y7.270 Z-91.040 ; Rapid move
F50.0
G1 X130.061 Y7.270 Z-91.040
G1 X130.061 Y7.270 Z-88.444
G1 X130.088 Y8.275 Z-85.830
G1 X130.088 Y8.275 Z-83.234
G1 X130.088 Y8.275 Z-80.638
G1 X130.088 Y8.275 Z-78.042
G1 X130.088 Y8.275 Z-75.446
G1 X130.148 Y8.349 Z-72.838
G1 X130.148 Y8.349 Z-70.242
G1 X130.148 Y8.349 Z-67.646
G1 X130.148 Y8.536 Z-65.050
G1 X130.070 Y8.635 Z-62.432
G1 X130.070 Y8.635 Z-59.836
G1 X129.993 Y8.714 Z-57.220
G1 X129.876 Y8.765 Z-54.605
G1 X129.925 Y9.012 Z-51.946
G1 X129.925 Y9.012 Z-49.350
G1 X129.903 Y9.055 Z-46.739
G1 X129.989 Y9.134 Z-44.124
G1 X130.101 Y9.479 Z-41.406
G1 X130.106 Y11.014 Z-38.770
G1 X130.027 Y11.147 Z-36.111
G1 X129.959 Y11.519 Z-33.319
G1 X129.918 Y11.878 Z-30.493
G1 X129.565 Y14.250 Z-26.936
G1 X130.200 Y15.968 Z-23.159
G1 X130.236 Y16.896 Z-20.293
G1 X130.114 Y18.696 Z-17.146
G1 X130.120 Y19.936 Z-14.260
G1 X130.103 Y20.250 Z-11.517
G1 X130.131 Y20.554 Z-8.597
G1 X130.134 Y20.561 Z-5.920
G1 X130.139 Y20.580 Z-3.277
G1 X130.141 Y20.583 Z-0.604
G1 X130.160 Y20.622 Z2.111
G1 X130.157 Y20.622 Z4.751
G1 X130.163 Y20.618 Z7.555
G1 X130.083 Y20.574 Z10.561
G1 X130.092 Y20.492 Z13.402
G1 X130.100 Y20.460 Z16.165
G1 X130.164 Y20.016 Z18.765
G1 X130.249 Y18.989 Z21.454
G1 X130.343 Y18.197 Z24.516
G1 X130.335 Y17.424 Z27.306
G1 X130.189 Y15.506 Z30.836
G1 X130.048 Y14.592 Z33.820
G1 X130.223 Y11.341 Z37.125
G1 X130.233 Y11.233 Z39.810
G1 X130.244 Y10.654 Z42.615
G1 X130.284 Y9.881 Z45.425
G1 X130.117 Y8.583 Z48.232
G1 X130.039 Y7.848 Z50.921
G1 X129.999 Y7.649 Z53.591
G1 X130.068 Y7.330 Z56.293
G1 X130.068 Y7.135 Z58.889
G1 X130.006 Y7.042 Z61.508
G1 X130.056 Y6.758 Z64.125
G1 X130.073 Y5.100 Z66.771
G1 X130.073 Y5.100 Z69.367
G1 X130.073 Y5.100 Z71.963
F200.0
G0 X134.089 Y5.741 Z71.964 ; Rapid move
F50.0
G1 X134.089 Y5.741 Z71.964
G1 X134.089 Y5.741 Z69.368
G1 X134.116 Y5.899 Z66.739
G1 X134.116 Y5.899 Z64.143
G1 X134.132 Y6.624 Z61.503
G1 X134.153 Y7.251 Z58.912
G1 X134.172 Y7.656 Z56.249
G1 X134.200 Y7.910 Z53.564
G1 X134.221 Y8.068 Z50.905
G1 X134.094 Y10.008 Z48.020
G1 X134.100 Y10.183 Z45.318
G1 X134.135 Y10.682 Z42.594
G1 X134.208 Y11.209 Z39.829
G1 X134.164 Y12.553 Z37.107
G1 X134.078 Y14.218 Z33.790
G1 X134.145 Y15.562 Z30.747
G1 X134.346 Y17.076 Z27.436
G1 X134.311 Y18.167 Z24.607
G1 X134.256 Y18.937 Z21.660
G1 X134.156 Y19.880 Z18.844
G1 X134.138 Y20.458 Z16.175
G1 X134.177 Y20.557 Z13.352
G1 X134.180 Y20.603 Z10.382
G1 X134.163 Y20.620 Z7.477
G1 X134.158 Y20.623 Z4.746
G1 X134.162 Y20.623 Z2.098
G1 X134.173 Y20.621 Z-0.579
G1 X134.159 Y20.619 Z-3.250
G1 X134.127 Y20.616 Z-5.881
G1 X134.107 Y20.558 Z-8.560
G1 X134.146 Y20.293 Z-11.435
G1 X134.169 Y20.035 Z-14.253
G1 X134.142 Y19.068 Z-16.979
G1 X134.125 Y16.593 Z-20.233
G1 X134.105 Y16.154 Z-23.093
G1 X134.424 Y14.732 Z-26.458
G1 X134.177 Y13.412 Z-30.286
G1 X133.963 Y13.120 Z-33.092
G1 X133.961 Y12.108 Z-36.073
G1 X134.066 Y11.857 Z-38.788
G1 X134.115 Y9.635 Z-41.442
G1 X134.109 Y9.628 Z-44.041
G1 X134.109 Y9.628 Z-46.637
G1 X134.109 Y9.628 Z-49.233
G1 X134.109 Y9.628 Z-51.829
G1 X134.052 Y9.421 Z-54.497
G1 X134.042 Y9.407 Z-57.098
G1 X134.071 Y9.338 Z-59.717
G1 X134.071 Y9.338 Z-62.313
G1 X133.990 Y9.153 Z-64.960
G1 X133.967 Y8.942 Z-67.607
G1 X134.009 Y8.715 Z-70.251
G1 X134.009 Y8.469 Z-72.883
G1 X134.009 Y8.469 Z-75.479
G1 X134.026 Y7.884 Z-78.093
G1 X134.026 Y7.884 Z-80.689
G1 X134.026 Y7.422 Z-83.285
G1 X134.026 Y7.422 Z-85.881
G1 X134.026 Y7.422 Z-88.477
G1 X134.026 Y7.422 Z-91.073
F200.0
G0 X138.147 Y8.315 Z-91.077 ; Rapid move
F50.0
G1 X138.147 Y8.315 Z-91.077
G1 X138.147 Y8.315 Z-88.481
G1 X138.147 Y8.315 Z-85.885
G1 X138.142 Y8.639 Z-83.247
G1 X138.142 Y8.639 Z-80.651
G1 X138.157 Y8.788 Z-78.029
G1 X138.128 Y8.877 Z-75.415
G1 X138.128 Y8.877 Z-72.819
G1 X138.128 Y8.877 Z-70.223
G1 X138.183 Y9.289 Z-67.522
G1 X138.183 Y9.289 Z-64.926
G1 X138.220 Y9.324 Z-62.319
G1 X138.220 Y9.324 Z-59.723
G1 X138.220 Y9.324 Z-57.127
G1 X138.220 Y9.324 Z-54.531
G1 X138.207 Y9.348 Z-51.928
G1 X138.180 Y9.551 Z-49.263
G1 X138.107 Y11.768 Z-46.624
G1 X138.107 Y11.768 Z-44.028
G1 X138.074 Y11.793 Z-41.421
G1 X138.162 Y12.064 Z-38.794
G1 X138.068 Y12.850 Z-35.782
G1 X138.186 Y13.330 Z-33.113
G1 X138.173 Y13.713 Z-30.226
G1 X138.110 Y15.629 Z-26.569
G1 X138.206 Y16.453 Z-23.192
G1 X138.137 Y18.200 Z-20.020
G1 X138.107 Y19.058 Z-17.023
G1 X138.105 Y20.100 Z-14.217
G1 X138.111 Y20.332 Z-11.334
G1 X138.149 Y20.561 Z-8.520
G1 X138.136 Y20.617 Z-5.862
G1 X138.149 Y20.661 Z-3.274
G1 X138.150 Y20.675 Z-0.609
G1 X138.153 Y20.713 Z2.154
G1 X138.152 Y20.739 Z4.747
G1 X138.234 Y20.744 Z7.468
G1 X138.288 Y20.730 Z10.254
G1 X138.177 Y20.669 Z13.259
G1 X138.170 Y20.502 Z16.194
G1 X138.168 Y20.090 Z18.982
G1 X138.266 Y18.787 Z21.791
G1 X138.307 Y18.145 Z24.554
G1 X138.307 Y16.699 Z27.527
G1 X138.340 Y15.655 Z30.379
G1 X138.137 Y13.804 Z33.971
G1 X138.202 Y13.334 Z37.047
G1 X138.213 Y12.358 Z39.863
G1 X138.226 Y11.134 Z42.480
G1 X138.246 Y10.954 Z45.207
G1 X138.110 Y8.170 Z48.264
G1 X138.108 Y8.059 Z50.908
G1 X138.087 Y7.849 Z53.585
G1 X138.106 Y6.903 Z56.226
G1 X138.092 Y6.783 Z58.860
G1 X138.079 Y6.597 Z61.509
G1 X138.100 Y6.444 Z64.144
G1 X138.100 Y5.893 Z66.740
G1 X138.100 Y5.893 Z69.335
G1 X138.100 Y5.707 Z71.931
F200.0
G0 X142.071 Y6.513 Z71.908 ; Rapid move
F50.0
G1 X142.071 Y6.513 Z71.908
G1 X142.067 Y6.597 Z69.290
G1 X142.067 Y6.623 Z66.694
G1 X142.067 Y6.623 Z64.098
G1 X142.067 Y6.623 Z61.502
G1 X142.002 Y6.816 Z58.847
G1 X142.005 Y8.678 Z56.114
G1 X141.954 Y8.733 Z53.492
G1 X142.022 Y8.912 Z50.820
G1 X142.239 Y10.669 Z48.000
G1 X142.254 Y10.859 Z45.285
G1 X142.227 Y12.287 Z42.481
G1 X142.257 Y12.534 Z39.841
G1 X142.314 Y13.179 Z36.998
G1 X142.175 Y14.617 Z33.777
G1 X142.310 Y15.902 Z30.295
G1 X142.309 Y16.946 Z27.525
G1 X142.301 Y17.833 Z24.825
G1 X142.299 Y19.069 Z21.749
G1 X142.232 Y20.049 Z19.035
G1 X142.167 Y20.630 Z16.331
G1 X142.027 Y20.700 Z13.378
G1 X142.025 Y20.738 Z10.511
G1 X142.067 Y20.768 Z7.532
G1 X142.145 Y20.773 Z4.729
G1 X142.164 Y20.746 Z2.112
G1 X142.145 Y20.737 Z-0.612
G1 X142.144 Y20.673 Z-3.243
G1 X142.132 Y20.672 Z-5.860
G1 X142.143 Y20.613 Z-8.536
G1 X142.148 Y20.428 Z-11.317
G1 X142.115 Y20.183 Z-14.279
G1 X142.133 Y19.467 Z-17.112
G1 X142.292 Y18.545 Z-20.064
G1 X142.163 Y17.392 Z-23.145
G1 X141.983 Y16.316 Z-26.163
G1 X142.123 Y15.384 Z-29.520
G1 X142.282 Y14.436 Z-32.746
G1 X142.199 Y13.056 Z-35.963
G1 X142.209 Y13.031 Z-38.573
G1 X142.162 Y11.966 Z-41.430
G1 X142.146 Y11.970 Z-44.024
G1 X142.098 Y11.893 Z-46.649
G1 X142.098 Y11.893 Z-49.245
G1 X142.015 Y11.635 Z-51.927
G1 X142.079 Y11.840 Z-54.456
G1 X142.068 Y11.659 Z-57.113
G1 X142.138 Y11.455 Z-59.752
G1 X142.138 Y11.455 Z-62.348
G1 X142.177 Y11.274 Z-64.993
G1 X142.193 Y8.932 Z-67.616
G1 X142.222 Y8.791 Z-70.241
G1 X142.241 Y8.681 Z-72.857
G1 X142.241 Y8.681 Z-75.453
G1 X142.241 Y8.681 Z-78.049
G1 X142.241 Y8.681 Z-80.645
G1 X142.204 Y8.387 Z-83.282
G1 X142.204 Y8.387 Z-85.878
G1 X142.204 Y8.387 Z-88.474
G1 X142.204 Y8.387 Z-91.070
F200.0
G0 X146.256 Y10.370 Z-91.015 ; Rapid move
F50.0
G1 X146.256 Y10.370 Z-91.015
G1 X146.256 Y10.987 Z-88.419
G1 X146.256 Y10.987 Z-85.823
G1 X146.314 Y11.065 Z-83.211
G1 X146.314 Y11.065 Z-80.615
G1 X146.261 Y11.121 Z-78.008
G1 X146.261 Y11.121 Z-75.412
G1 X146.261 Y11.121 Z-72.816
G1 X146.180 Y11.141 Z-70.216
G1 X146.180 Y11.141 Z-67.620
G1 X146.180 Y11.208 Z-65.024
G1 X146.180 Y11.208 Z-62.428
G1 X146.180 Y11.480 Z-59.832
G1 X146.162 Y11.794 Z-57.157
G1 X146.098 Y12.150 Z-54.522
G1 X146.187 Y12.349 Z-51.860
G1 X146.198 Y12.416 Z-49.239
G1 X146.198 Y12.911 Z-46.643
G1 X146.193 Y13.165 Z-43.943
G1 X146.299 Y13.394 Z-41.241
G1 X146.292 Y13.625 Z-38.521
G1 X146.407 Y14.273 Z-35.730
G1 X146.583 Y15.394 Z-32.564
G1 X146.450 Y16.392 Z-29.404
G1 X146.367 Y17.423 Z-26.015
G1 X146.269 Y17.978 Z-22.965
G1 X146.267 Y18.670 Z-19.936
G1 X146.307 Y19.713 Z-17.186
G1 X146.181 Y20.290 Z-14.309
G1 X146.098 Y20.544 Z-11.359
G1 X146.129 Y20.662 Z-8.608
G1 X146.143 Y20.670 Z-5.902
G1 X146.131 Y20.742 Z-3.229
G1 X146.154 Y20.772 Z-0.553
G1 X146.169 Y20.772 Z2.072
G1 X146.164 Y20.773 Z4.714
G1 X146.087 Y20.763 Z7.647
G1 X146.023 Y20.721 Z10.646
G1 X146.058 Y20.720 Z13.260
G1 X146.108 Y20.672 Z16.136
G1 X146.223 Y20.534 Z19.091
G1 X146.363 Y19.733 Z21.829
G1 X146.429 Y17.934 Z24.636
G1 X146.332 Y17.149 Z27.539
G1 X146.342 Y16.307 Z30.592
G1 X146.493 Y15.489 Z33.581
G1 X146.539 Y14.112 Z36.919
G1 X146.314 Y13.018 Z39.736
G1 X146.304 Y12.843 Z42.473
G1 X146.319 Y12.330 Z45.184
G1 X146.219 Y11.925 Z47.925
G1 X146.403 Y10.436 Z50.722
G1 X146.343 Y8.958 Z53.396
G1 X146.224 Y8.810 Z56.062
G1 X146.126 Y8.678 Z58.713
G1 X146.223 Y8.362 Z61.417
G1 X146.129 Y7.469 Z64.065
G1 X146.097 Y7.320 Z66.702
G1 X146.097 Y7.320 Z69.298
G1 X146.085 Y6.572 Z71.893

M30 ; Program end