X,Y,Z,Normal_X,Normal_Y,Normal_Z,Feed_Rate,Is_Rapid
-142.830307,10.427304,-90.581951,-0.301354,0.107799,-0.947399,50.00,False
-142.830307,10.427304,-87.992104,-0.301354,0.107799,-0.947399,50.00,False
-143.071803,10.181781,-85.340454,-0.349653,0.058694,-0.935039,50.00,False
-143.071803,10.181781,-82.750606,-0.349653,0.058694,-0.935039,50.00,False
-143.071803,10.181781,-80.160759,-0.349653,0.058694,-0.935039,50.00,False
-143.093448,10.639421,-77.511261,-0.353982,0.150222,-0.923109,50.00,False
-143.253074,10.765463,-74.834389,-0.385908,0.175431,-0.905704,50.00,False
-143.499276,10.573788,-72.165323,-0.435148,0.137096,-0.889860,50.00,False
-143.499276,10.573788,-69.575475,-0.435148,0.137096,-0.889860,50.00,False
-143.906264,10.267480,-66.800802,-0.516546,0.075834,-0.852895,50.00,False
-143.906264,10.267480,-64.210955,-0.516546,0.075834,-0.852895,50.00,False
-144.167652,10.369328,-61.440702,-0.568823,0.096204,-0.816814,50.00,False
-144.507694,9.387765,-58.613775,-0.636832,0.049718,-0.769398,50.00,False
-144.542855,9.689617,-55.962832,-0.643864,0.110088,-0.757179,50.00,False
-137.369905,8.798568,-46.548282,0.790726,0.073337,0.607761,50.00,False
-137.070124,8.644073,-44.377420,0.850682,0.042438,0.523964,50.00,False
-145.814203,8.906419,-46.554189,-0.898133,0.094907,-0.429359,50.00,False
-145.813182,11.825443,-43.703957,-0.897929,0.226675,-0.377282,50.00,False
-146.161374,8.820427,-40.429514,-0.967568,0.077708,-0.240363,50.00,False
-136.345592,8.593298,-36.197381,0.995589,0.032283,0.088094,50.00,False
-146.322477,8.510270,-34.114722,-0.999788,0.015677,-0.013344,50.00,False
-146.318300,8.151080,-31.254220,-0.998953,0.020735,0.040787,50.00,False
-145.986194,11.919637,-27.537676,-0.932532,0.244052,0.266126,50.00,False
-145.784723,11.469875,-24.613847,-0.892237,0.305082,0.332923,50.00,False
-145.830192,8.363525,-25.831070,-0.901331,0.063224,-0.428491,50.00,False
-143.756539,12.044485,-21.865443,-0.486601,0.860063,-0.153336,50.00,False
-142.549885,11.789218,-18.828249,-0.245270,0.967349,-0.063866,50.00,False
-142.394474,7.551215,-20.766193,-0.214187,0.119748,-0.969425,50.00,False
-142.542737,8.235391,-18.005510,-0.243840,0.256584,-0.935258,50.00,False
-143.004808,8.932663,-15.011631,-0.336254,0.396038,-0.854451,50.00,False
-143.506085,8.780703,-12.091081,-0.436510,0.433619,-0.788311,50.00,False
-144.003262,9.509615,-8.498753,-0.535945,0.606001,-0.587815,50.00,False
-144.615488,9.767160,-4.309104,-0.658390,0.703403,-0.267854,50.00,False
-145.959193,7.068304,-1.137928,-0.927131,0.342707,-0.151589,50.00,False
-145.122810,8.945471,2.885290,-0.759855,0.635903,0.135085,50.00,False
-144.620445,8.906712,6.865151,-0.659382,0.628151,0.413088,50.00,False
-143.682541,9.203249,10.744815,-0.471801,0.571922,0.671051,50.00,False
-143.315476,8.849850,13.820122,-0.398388,0.501242,0.768143,50.00,False
-143.154510,7.841137,16.974369,-0.366195,0.299499,0.881023,50.00,False
-142.870257,7.693149,19.718322,-0.309344,0.269901,0.911844,50.00,False
-142.688292,6.617176,22.499143,-0.272951,0.151407,0.950039,50.00,False
-142.688292,6.617176,25.088991,-0.272951,0.151407,0.950039,50.00,False
-142.654640,10.267236,23.627909,-0.266221,0.953713,0.139853,50.00,False
-145.048046,9.599802,27.102808,-0.744902,0.587128,0.316863,50.00,False
-146.084615,7.579808,26.886161,-0.952216,0.183129,-0.244436,50.00,False
-146.279176,7.276595,30.440189,-0.991128,0.122486,-0.051600,50.00,False
-146.245670,7.314334,33.879540,-0.984427,0.130034,0.118301,50.00,False
-145.978518,7.934427,37.188447,-0.930996,0.254053,0.262113,50.00,False
-145.978518,7.934427,39.778294,-0.930996,0.254053,0.262113,50.00,False
-145.781520,7.041101,43.096647,-0.891597,0.196833,0.407814,50.00,False
-145.178883,7.366940,46.549182,-0.771069,0.262001,0.580351,50.00,False
-145.178883,7.366940,49.139030,-0.771069,0.262001,0.580351,50.00,False
-145.059720,7.057357,51.995730,-0.747237,0.200084,0.633722,50.00,False
-144.613130,6.927117,55.080485,-0.657919,0.174036,0.732703,50.00,False
-144.387075,7.092113,57.820363,-0.612708,0.207036,0.762709,50.00,False
-144.385418,6.841626,60.470827,-0.612376,0.156938,0.774833,50.00,False
-144.262055,6.986160,63.123725,-0.587704,0.185845,0.787443,50.00,False
-144.086847,6.923195,65.852350,-0.552662,0.173252,0.815198,50.00,False
-143.924931,6.926883,68.546629,-0.520279,0.173990,0.836085,50.00,False
-143.647014,6.875815,71.307018,-0.464696,0.163776,0.870193,50.00,False
-139.647014,6.875815,71.307018,-0.464696,0.163776,0.870193,200.00,True
-139.647014,6.875815,71.307018,-0.464696,0.163776,0.870193,50.00,False
-139.647014,6.875815,68.717170,-0.464696,0.163776,0.870193,50.00,False
-139.647014,6.875815,66.127323,-0.464696,0.163776,0.870193,50.00,False
-139.647014,6.875815,63.537475,-0.464696,0.163776,0.870193,50.00,False
-140.086847,6.923195,60.672655,-0.552662,0.173252,0.815198,50.00,False
-140.262055,6.986160,57.944029,-0.587704,0.185845,0.787443,50.00,False
-140.387075,7.092113,55.230515,-0.612708,0.207036,0.762709,50.00,False
-140.387075,7.092113,52.640667,-0.612708,0.207036,0.762709,50.00,False
-140.739586,7.490413,49.595211,-0.683210,0.286695,0.671588,50.00,False
-141.178883,7.366940,46.549182,-0.771069,0.262001,0.580351,50.00,False
-141.193050,7.581026,43.833188,-0.773903,0.304818,0.555122,50.00,False
-141.781520,7.041101,40.506799,-0.891597,0.196833,0.407814,50.00,False
-141.978518,7.327198,37.188447,-0.930996,0.254053,0.262113,50.00,False
-141.745466,8.766005,34.302334,-0.884386,0.420368,0.202860,50.00,False
-141.866643,8.735127,30.965202,-0.908621,0.414193,0.053403,50.00,False
-141.943085,8.119705,26.866900,-0.923910,0.291108,-0.248288,50.00,False
-141.883937,7.947710,23.919977,-0.912080,0.256709,-0.319703,50.00,False
-141.067913,8.857942,24.409683,-0.748875,0.592829,0.296208,50.00,False
-136.565148,10.423498,19.925336,0.151678,0.984965,-0.082692,50.00,False
-138.250895,6.465265,22.566179,-0.185472,0.193318,0.963446,50.00,False
-138.155260,7.037899,19.843013,-0.166345,0.307845,0.936782,50.00,False
-138.390668,7.237229,17.134192,-0.213426,0.347711,0.912987,50.00,False
-138.631825,7.361751,14.431071,-0.261658,0.372616,0.890333,50.00,False
-138.941832,7.967871,11.424925,-0.323659,0.493840,0.807073,50.00,False
-139.123277,6.732817,8.545013,-0.359948,0.556189,0.749060,50.00,False
-132.779967,2.188885,0.222112,0.908714,0.127251,-0.397550,50.00,False
-141.403857,5.780545,-0.786533,-0.816064,0.572213,-0.081310,50.00,False
-139.008458,8.374887,-5.569818,-0.336984,0.784885,-0.519997,50.00,False
-138.916682,10.225021,-8.463780,-0.318629,0.749082,-0.580820,50.00,False
-138.371907,9.381913,-12.392019,-0.209674,0.485888,-0.848498,50.00,False
-138.175715,8.983883,-15.227934,-0.170436,0.406282,-0.897712,50.00,False
-138.026945,8.491239,-18.034264,-0.140682,0.307753,-0.941008,50.00,False
-138.088765,7.509605,-20.778064,-0.153046,0.179399,-0.971799,50.00,False
-136.674321,11.534347,-17.913083,0.129843,0.984347,0.119167,50.00,False
-132.535222,8.895801,-20.235169,0.957663,0.230326,0.172719,50.00,False
-140.954028,8.484423,-20.278548,-0.726098,0.087404,0.682013,50.00,False
-141.699594,8.832585,-23.990751,-0.875211,0.157036,0.457542,50.00,False
-141.986194,9.267665,-27.537676,-0.932532,0.244052,0.266126,50.00,False
-142.318300,8.151080,-31.254220,-0.998953,0.020735,0.040787,50.00,False
-142.322477,8.510270,-34.114722,-0.999788,0.015677,-0.013344,50.00,False
-142.271054,8.997598,-37.087339,-0.989503,0.113143,-0.089898,50.00,False
-141.914809,9.170747,-41.064625,-0.918255,0.147772,-0.367385,50.00,False
-141.814203,8.906419,-43.964342,-0.898133,0.094907,-0.429359,50.00,False
-141.597231,8.625324,-46.995466,-0.854739,0.038688,-0.517614,50.00,False
-140.969264,8.719733,-50.406906,-0.729146,0.057570,-0.681933,50.00,False
-140.542855,9.689617,-53.372984,-0.643864,0.110088,-0.757179,50.00,False
-140.167652,9.620193,-56.261006,-0.568823,0.096204,-0.816814,50.00,False
-139.715955,10.734253,-59.074999,-0.478484,0.169189,-0.861643,50.00,False
-139.715955,10.734253,-61.664846,-0.478484,0.169189,-0.861643,50.00,False
-139.499276,10.573788,-64.395780,-0.435148,0.137096,-0.889860,50.00,False
-139.249047,10.863490,-67.046474,-0.385102,0.195036,-0.902029,50.00,False
-139.249047,10.863490,-69.636322,-0.385102,0.195036,-0.902029,50.00,False
-139.093448,10.639421,-72.331566,-0.353982,0.150222,-0.923109,50.00,False
-139.093448,10.639421,-74.921414,-0.353982,0.150222,-0.923109,50.00,False
-138.830307,10.427304,-77.632713,-0.301354,0.107799,-0.947399,50.00,False
-138.830307,10.427304,-80.222561,-0.301354,0.107799,-0.947399,50.00,False
-138.830307,9.678170,-82.812408,-0.301354,0.107799,-0.947399,50.00,False
-138.830307,9.678170,-85.402256,-0.301354,0.107799,-0.947399,50.00,False
-138.743732,9.599834,-88.026988,-0.284039,0.092132,-0.954376,50.00,False
-138.516852,9.492460,-90.687598,-0.238663,0.070657,-0.968528,50.00,False
-134.150258,9.563880,-90.757812,-0.165344,0.084941,-0.982571,200.00,True
-134.150258,9.563880,-90.757812,-0.165344,0.084941,-0.982571,50.00,False
-134.303916,9.448598,-88.148278,-0.196076,0.061885,-0.978634,50.00,False
-134.303916,9.448598,-85.558430,-0.196076,0.061885,-0.978634,50.00,False
-134.516852,9.492460,-82.918055,-0.238663,0.070657,-0.968528,50.00,False
-134.516852,9.492460,-80.328208,-0.238663,0.070657,-0.968528,50.00,False
-134.743732,9.599834,-77.667597,-0.284039,0.092132,-0.954376,50.00,False
-134.830307,9.678170,-75.042865,-0.301354,0.107799,-0.947399,50.00,False
-134.830307,9.678170,-72.453018,-0.301354,0.107799,-0.947399,50.00,False
-134.830307,9.678170,-69.863170,-0.301354,0.107799,-0.947399,50.00,False
-135.093448,9.890286,-67.151871,-0.353982,0.150222,-0.923109,50.00,False
-135.093448,10.639421,-64.562023,-0.353982,0.150222,-0.923109,50.00,False
-135.249047,10.863490,-61.866779,-0.385102,0.195036,-0.902029,50.00,False
-135.499276,9.824653,-59.216085,-0.435148,0.137096,-0.889860,50.00,False
-135.715955,9.985118,-56.485151,-0.478484,0.169189,-0.861643,50.00,False
-135.715955,9.985118,-53.895303,-0.478484,0.169189,-0.861643,50.00,False
-136.542855,9.689617,-50.783137,-0.643864,0.110088,-0.757179,50.00,False
-136.542855,8.982328,-48.193289,-0.643864,0.110088,-0.757179,50.00,False
-137.687274,9.040724,-44.181253,-0.872748,0.121768,-0.472741,50.00,False
-137.813182,9.565259,-41.114109,-0.897929,0.226675,-0.377282,50.00,False
-138.210293,9.328142,-37.200287,-0.977351,0.179251,-0.112487,50.00,False
-138.257964,8.854024,-34.020015,-0.986886,0.161324,0.005598,50.00,False
-138.179857,8.757204,-30.502995,-0.971264,0.141960,0.191032,50.00,False
-137.724882,9.247669,-26.821965,-0.880269,0.240053,0.409269,50.00,False
-136.924295,8.510382,-22.840410,-0.720152,0.092596,0.687610,50.00,False
-136.461021,9.508956,-19.897242,-0.627497,0.176827,0.758274,50.00,False
-136.461021,9.508956,-17.307394,-0.627497,0.176827,0.758274,50.00,False
-134.426928,12.613456,-18.778335,-0.220678,0.973857,-0.053883,50.00,False
-134.147679,8.835568,-20.709566,-0.164829,0.234259,-0.958099,50.00,False
-134.264832,9.394785,-17.924795,-0.188259,0.346102,-0.919115,50.00,False
-134.427440,9.580490,-15.223737,-0.220781,0.383244,-0.896872,50.00,False
-134.150538,10.160851,-12.401957,-0.165400,0.499316,-0.850486,50.00,False
-133.708804,9.749964,-9.433770,-0.077054,0.627471,-0.774818,50.00,False
-134.688870,7.154528,-6.841933,-0.273067,0.570708,-0.774420,50.00,False
-132.581018,1.488071,1.093369,0.148504,0.943989,0.294671,50.00,False
-133.180521,0.510922,1.898355,0.028603,0.997647,-0.062302,50.00,False
-134.128941,7.566646,8.355519,-0.161081,0.684326,0.711161,50.00,False
-133.873870,8.506833,11.345328,-0.110067,0.601632,0.791154,50.00,False
-133.744422,7.271438,14.635602,-0.084177,0.354553,0.931239,50.00,False
-133.744422,7.271438,17.225450,-0.084177,0.354553,0.931239,50.00,False
-133.650900,6.599169,20.025491,-0.065473,0.220099,0.973278,50.00,False
-133.293727,10.456376,18.397251,0.005962,0.991541,0.129660,50.00,False
-135.961779,10.010540,21.383830,-0.527648,0.823349,0.209007,50.00,False
-137.408988,7.549291,20.250097,-0.817090,0.213023,-0.535710,50.00,False
-137.590496,7.024531,23.170197,-0.853392,0.226147,-0.469659,50.00,False
-137.834309,8.501597,26.978397,-0.902154,0.367487,-0.225988,50.00,False
-137.696144,8.996554,30.034667,-0.874522,0.466478,-0.132704,50.00,False
-137.745466,8.766005,34.302334,-0.884386,0.420368,0.202860,50.00,False
-137.757929,8.588262,37.156165,-0.886879,0.384820,0.255656,50.00,False
-137.193050,7.581026,41.243341,-0.773903,0.304818,0.555122,50.00,False
-136.946134,7.711025,44.080949,-0.724520,0.330818,0.604674,50.00,False
-136.532726,7.745830,47.089625,-0.641838,0.337779,0.688440,50.00,False
-136.376157,7.514158,49.919394,-0.610524,0.291444,0.736424,50.00,False
-136.179403,7.344128,52.724192,-0.571173,0.257439,0.779414,50.00,False
-135.930926,6.991433,55.579688,-0.521478,0.186899,0.832544,50.00,False
-135.647014,6.875815,58.357780,-0.464696,0.163776,0.870193,50.00,False
-135.647014,6.875815,60.947627,-0.464696,0.163776,0.870193,50.00,False
-135.430106,7.603559,63.611148,-0.421314,0.198490,0.884927,50.00,False
-135.101496,7.669072,66.328235,-0.355592,0.211592,0.910375,50.00,False
-135.311785,6.682632,68.879136,-0.397650,0.164964,0.902586,50.00,False
-134.941292,6.747726,71.602657,-0.323551,0.177983,0.929320,50.00,False
-130.677558,6.637019,71.705734,-0.270804,0.155842,0.949936,200.00,True
-130.677558,6.637019,71.705734,-0.270804,0.155842,0.949936,50.00,False
-130.677558,6.637019,69.115886,-0.270804,0.155842,0.949936,50.00,False
-130.677558,6.637019,66.526039,-0.270804,0.155842,0.949936,50.00,False
-130.677558,6.637019,63.936191,-0.270804,0.155842,0.949936,50.00,False
-131.101496,6.915771,61.148540,-0.355592,0.211592,0.910375,50.00,False
-131.101496,7.669072,58.558692,-0.355592,0.211592,0.910375,50.00,False
-131.101496,6.915771,55.968845,-0.355592,0.211592,0.910375,50.00,False
-131.501630,7.226265,53.114688,-0.435619,0.273691,0.857514,50.00,False
-131.793631,6.896853,50.361943,-0.494019,0.274644,0.824934,50.00,False
-132.121601,7.733072,47.437069,-0.559613,0.335227,0.757929,50.00,False
-132.426941,7.965265,44.482072,-0.620681,0.381666,0.684899,50.00,False
-132.550233,8.582565,41.332974,-0.645339,0.505126,0.573049,50.00,False
-133.021209,8.355313,38.336475,-0.739535,0.459675,0.491718,50.00,False
-133.522217,8.530429,34.407370,-0.839736,0.494699,0.223867,50.00,False
-133.456314,9.422663,30.140665,-0.826556,0.551700,-0.111505,50.00,False
-133.220111,8.739223,26.796757,-0.779315,0.569086,-0.262316,50.00,False
-132.809406,8.934986,22.902724,-0.697174,0.490162,-0.523154,50.00,False
-132.216814,9.434118,19.961885,-0.578655,0.559546,-0.593352,50.00,False
-132.494685,10.264792,21.145493,-0.634230,0.756123,0.161339,50.00,False
-128.060787,7.979477,17.195797,0.252550,0.961239,-0.110630,50.00,False
-129.671286,7.512338,20.071108,-0.069550,0.173352,0.982401,50.00,False
-129.699590,8.099056,17.338530,-0.075211,0.290695,0.953855,50.00,False
-129.721981,8.641502,14.546412,-0.079689,0.399184,0.913401,50.00,False
-128.955947,6.091689,11.980348,0.073518,0.389335,0.918158,50.00,False
-129.628101,6.016636,8.901247,-0.060913,0.568670,0.820307,50.00,False
-130.678211,4.324397,6.476441,-0.270935,0.445474,0.853316,50.00,False
-130.060582,7.217028,-3.055754,-0.147409,0.831794,-0.535154,50.00,False
-130.712384,6.963204,-6.967794,-0.277770,0.532443,-0.799592,50.00,False
-130.736682,5.454649,-10.215008,-0.282629,0.230732,-0.931066,50.00,False
-130.248077,5.203758,-12.979664,-0.184908,0.180554,-0.966028,50.00,False
-130.432339,8.287931,-15.439377,-0.221760,0.259271,-0.940000,50.00,False
-130.256523,8.339487,-18.174888,-0.186597,0.161129,-0.969133,50.00,False
-130.684198,12.765072,-16.558019,-0.272132,0.953737,-0.127790,50.00,False
-134.245819,7.029741,-19.022997,-0.984456,0.142388,-0.102816,50.00,False
-131.303647,9.650746,-16.623652,-0.396022,0.205185,0.895023,50.00,False
-132.028844,9.869537,-19.672148,-0.541062,0.248943,0.803293,50.00,False
-132.461021,8.628307,-22.487089,-0.627497,0.176827,0.758274,50.00,False
-132.664330,9.067137,-25.391404,-0.668159,0.264593,0.695381,50.00,False
-133.661864,9.343572,-29.753311,-0.867665,0.361797,0.340969,50.00,False
-134.189276,8.545411,-34.167822,-0.973148,0.228930,-0.023964,50.00,False
-133.867224,8.920576,-38.067906,-0.908738,0.303963,-0.286011,50.00,False
-133.433237,9.389377,-41.639900,-0.821940,0.302764,-0.482440,50.00,False
-132.540135,9.474922,-45.500692,-0.643320,0.208607,-0.736629,50.00,False
-131.715955,9.277828,-48.715608,-0.478484,0.169189,-0.861643,50.00,False
-131.385262,9.621203,-51.394378,-0.412345,0.237864,-0.879427,50.00,False
-131.116785,10.720991,-53.978229,-0.358650,0.316363,-0.878228,50.00,False
-131.049283,10.340118,-56.713404,-0.345149,0.240189,-0.907293,50.00,False
-130.833751,9.816406,-59.484899,-0.302043,0.135446,-0.943623,50.00,False
-130.668026,10.068202,-62.082016,-0.268898,0.185805,-0.945077,50.00,False
-130.668026,10.068202,-64.671864,-0.268898,0.185805,-0.945077,50.00,False
-130.602795,9.788080,-67.326152,-0.255852,0.129781,-0.957965,50.00,False
-130.406401,9.951977,-69.939360,-0.216573,0.162561,-0.962637,50.00,False
-130.140920,9.928705,-72.585162,-0.163477,0.157906,-0.973828,50.00,False
-130.140920,9.928705,-75.175010,-0.163477,0.157906,-0.973828,50.00,False
-130.150258,9.563880,-77.808574,-0.165344,0.084941,-0.982571,50.00,False
-130.150258,9.563880,-80.398421,-0.165344,0.084941,-0.982571,50.00,False
-129.940919,9.481920,-83.025298,-0.123476,0.068549,-0.989977,50.00,False
-129.940919,9.481920,-85.615146,-0.123476,0.068549,-0.989977,50.00,False
-129.940919,10.095766,-88.204993,-0.123476,0.068549,-0.989977,50.00,False
-129.928919,10.217781,-90.786363,-0.121076,0.092952,-0.988282,50.00,False
-125.559584,10.162916,-90.822532,-0.047209,0.081979,-0.995515,200.00,True
-125.559584,10.162916,-90.822532,-0.047209,0.081979,-0.995515,50.00,False
-125.559584,10.162916,-88.232684,-0.047209,0.081979,-0.995515,50.00,False
-125.559584,10.162916,-85.642837,-0.047209,0.081979,-0.995515,50.00,False
-125.559584,10.162916,-83.052989,-0.047209,0.081979,-0.995515,50.00,False
-125.559584,10.162916,-80.463142,-0.047209,0.081979,-0.995515,50.00,False
-125.755970,10.258973,-77.851221,-0.086487,0.101191,-0.991101,50.00,False
-125.755970,10.258973,-75.261373,-0.086487,0.101191,-0.991101,50.00,False
-125.755970,10.258973,-72.671526,-0.086487,0.101191,-0.991101,50.00,False
-125.945224,10.332730,-70.053389,-0.124337,0.115942,-0.985443,50.00,False
-125.945224,9.718884,-67.463541,-0.124337,0.115942,-0.985443,50.00,False
-125.991115,9.909548,-64.841463,-0.133516,0.154075,-0.978997,50.00,False
-126.140920,9.928705,-62.225772,-0.163477,0.157906,-0.973828,50.00,False
-126.140920,9.928705,-59.635924,-0.163477,0.157906,-0.973828,50.00,False
-126.406401,9.951977,-56.990122,-0.216573,0.162561,-0.962637,50.00,False
-126.668026,10.068202,-54.312473,-0.268898,0.185805,-0.945077,50.00,False
-126.668026,8.915707,-51.722626,-0.268898,0.185805,-0.945077,50.00,False
-126.829895,9.293346,-48.992533,-0.301272,0.261333,-0.917028,50.00,False
-127.116785,9.230064,-46.208686,-0.358650,0.316363,-0.878228,50.00,False
-128.167652,6.396586,-43.311768,-0.568823,0.096204,-0.816814,50.00,False
-121.750008,5.559525,-34.315324,0.714706,0.522906,0.464505,50.00,False
-120.585339,5.980991,-34.304499,0.947640,0.315195,-0.051299,50.00,False
-121.626661,6.284679,-33.717008,0.739375,0.499227,-0.451771,50.00,False
-127.542276,7.286307,-24.493472,-0.443748,0.193701,0.874967,50.00,False
-126.585252,7.482706,-21.540570,-0.252343,0.196007,0.947578,50.00,False
-126.667471,7.175301,-18.919818,-0.268787,0.134526,0.953759,50.00,False
-126.563934,7.009279,-16.281633,-0.248080,0.101322,0.963426,50.00,False
-122.119532,10.332094,-18.773247,0.640801,0.765885,-0.052866,50.00,False
-127.812032,11.870099,-15.984426,-0.497699,0.867251,-0.013071,50.00,False
-125.929661,8.928974,-18.203942,-0.121225,0.186517,-0.974944,50.00,False
-126.122036,8.883535,-15.487082,-0.159700,0.269938,-0.949542,50.00,False
-126.548861,10.486009,-11.994432,-0.245065,0.590433,-0.768981,50.00,False
-125.223139,3.173603,-0.562023,0.020079,0.023109,0.999531,50.00,False
-125.878844,4.164935,-7.808645,-0.111062,0.226055,-0.967763,50.00,False
-125.525146,2.345647,0.792131,-0.040322,0.971298,0.234423,50.00,False
-120.355830,2.624118,2.322520,0.993541,0.111213,0.022531,50.00,False
-125.603491,5.485300,9.219899,-0.055991,0.464050,0.884037,50.00,False
-126.194259,6.079600,11.999922,-0.174144,0.345624,0.922073,50.00,False
-124.912955,2.263306,5.000119,0.082116,0.039051,-0.995857,50.00,False
-125.857334,4.953306,17.504117,-0.106759,0.120365,0.986973,50.00,False
-125.857334,5.191899,20.093964,-0.106759,0.120365,0.986973,50.00,False
-128.735363,8.115824,17.336184,-0.682365,0.726335,-0.082553,50.00,False
-127.192176,7.784540,16.104028,-0.373728,0.378149,-0.846954,50.00,False
-127.558721,8.930351,19.184292,-0.447037,0.489235,-0.748871,50.00,False
-127.364509,9.805840,22.387841,-0.408195,0.664333,-0.626130,50.00,False
-128.162618,9.231495,25.700151,-0.567816,0.667540,-0.481638,50.00,False
-128.845335,8.114743,30.776276,-0.704360,0.709671,0.015618,50.00,False
-128.425854,9.829076,34.358819,-0.620464,0.754428,0.214157,50.00,False
-128.442041,7.882842,38.888296,-0.623701,0.498491,0.602083,50.00,False
-127.902023,7.584485,42.147041,-0.515697,0.438820,0.735862,50.00,False
-127.328501,7.446591,45.214783,-0.400993,0.384591,0.831441,50.00,False
-127.328501,7.780766,47.804631,-0.400993,0.384591,0.831441,50.00,False
-127.211391,7.289085,50.640392,-0.377571,0.286255,0.880624,50.00,False
-126.906541,6.989658,53.432880,-0.316601,0.226370,0.921152,50.00,False
-126.906541,6.989658,56.022727,-0.316601,0.226370,0.921152,50.00,False
-126.677558,6.637019,58.756496,-0.270804,0.155842,0.949936,50.00,False
-126.303236,6.444718,61.464489,-0.195940,0.117382,0.973565,50.00,False
-126.303236,6.444718,64.054337,-0.195940,0.117382,0.973565,50.00,False
-126.054673,6.453876,66.686567,-0.146227,0.119213,0.982042,50.00,False
-126.054673,6.453876,69.276415,-0.146227,0.119213,0.982042,50.00,False
-128.380799,8.093425,70.220280,-0.611452,0.447123,0.652845,50.00,False
-124.550575,6.046214,70.297074,-0.645408,0.370071,0.668204,200.00,True
-124.550575,6.046214,70.297074,-0.645408,0.370071,0.668204,50.00,False
-117.785042,3.038841,60.862985,0.707699,0.090884,-0.700644,50.00,False
-121.693605,6.302715,66.742757,-0.074014,0.088981,0.993280,50.00,False
-121.775421,6.506493,64.123617,-0.090377,0.129737,0.987421,50.00,False
-121.775421,6.506493,61.533769,-0.090377,0.129737,0.987421,50.00,False
-121.775421,6.506493,58.943921,-0.090377,0.129737,0.987421,50.00,False
-121.775421,6.506493,56.354074,-0.090377,0.129737,0.987421,50.00,False
-121.775421,6.506493,53.764226,-0.090377,0.129737,0.987421,50.00,False
-121.876922,6.967334,51.081106,-0.110677,0.221905,0.968767,50.00,False
-121.813333,8.612389,47.791384,-0.097959,0.550916,0.828792,50.00,False
-122.040142,8.686238,45.117931,-0.143321,0.565686,0.812071,50.00,False
-121.972039,8.658884,42.308258,-0.129701,0.627050,0.768106,50.00,False
-122.719959,4.813431,40.130120,-0.279284,0.445802,0.850447,50.00,False
-123.540313,5.723528,36.343174,-0.443355,0.655806,0.611028,50.00,False
-126.195076,2.623455,30.864543,-0.974308,0.222749,0.033271,50.00,False
-122.395457,10.351582,26.210441,-0.214384,0.899977,-0.379580,50.00,False
-121.856930,8.988675,21.408376,-0.106679,0.559372,-0.822023,50.00,False
-122.068125,8.314124,18.463067,-0.148918,0.424462,-0.893116,50.00,False
-122.068125,8.314124,15.873219,-0.148918,0.424462,-0.893116,50.00,False
-118.968616,8.848642,18.385773,0.470984,0.872899,0.127365,50.00,False
-121.859777,5.533660,20.126240,-0.107248,0.039990,0.993428,50.00,False
-121.859777,5.533660,17.536393,-0.107248,0.039990,0.993428,50.00,False
-121.584934,6.249955,14.887783,-0.052279,0.183249,0.981675,50.00,False
-121.843550,6.063545,12.139135,-0.104003,0.294694,0.949915,50.00,False
-121.979560,4.189900,9.649383,-0.131205,0.204970,0.969934,50.00,False
-122.156822,2.107843,2.177805,-0.166657,0.985994,-0.006412,50.00,False
-122.384460,3.180080,1.472891,-0.212185,0.904241,0.370575,50.00,False
-121.302992,3.898977,1.975271,0.004109,0.147721,0.989020,50.00,False
-120.979995,8.464014,-9.981888,0.068708,0.461565,-0.884442,50.00,False
-121.415767,7.057030,-13.066841,-0.018446,0.180168,-0.983463,50.00,False
-121.318908,6.856086,-15.690145,0.000926,0.139979,-0.990154,50.00,False
-121.527516,8.827722,-18.211023,-0.040796,0.212265,-0.976360,50.00,False
-121.704126,11.139194,-16.076638,-0.076118,0.996601,-0.031514,50.00,False
-124.402509,10.442007,-18.548269,-0.615795,0.787867,-0.007870,50.00,False
-122.310064,7.196689,-16.246436,-0.197306,0.138804,0.970466,50.00,False
-122.251995,7.469651,-18.871673,-0.185692,0.193396,0.963388,50.00,False
-122.352406,7.863122,-21.578397,-0.205774,0.272090,0.940013,50.00,False
-120.522194,4.809865,-33.742240,0.160269,0.155260,-0.974786,50.00,False
-120.977413,6.051315,-34.156600,0.069225,0.839014,-0.539689,50.00,False
-119.928543,5.524138,-34.106091,0.278999,0.960221,-0.011618,50.00,False
-120.432574,6.915952,-33.733081,0.178192,0.794191,0.580954,50.00,False
-120.484216,4.731615,-34.633840,0.167864,0.357324,0.918772,50.00,False
-121.257406,7.122389,-46.709028,0.013226,0.206787,-0.978296,50.00,False
-121.482971,6.722227,-49.364501,-0.031887,0.126755,-0.991421,50.00,False
-121.701588,8.659518,-51.937319,-0.075610,0.134568,-0.988016,50.00,False
-121.701588,8.659518,-54.527166,-0.075610,0.134568,-0.988016,50.00,False
-121.559584,8.396575,-57.154513,-0.047209,0.081979,-0.995515,50.00,False
-121.559584,9.549070,-59.744361,-0.047209,0.081979,-0.995515,50.00,False
-121.559584,9.549070,-62.334208,-0.047209,0.081979,-0.995515,50.00,False
-121.559584,9.549070,-64.924056,-0.047209,0.081979,-0.995515,50.00,False
-121.559584,9.549070,-67.513903,-0.047209,0.081979,-0.995515,50.00,False
-121.448666,9.420596,-70.116680,-0.025026,0.056284,-0.998101,50.00,False
-121.448666,9.420596,-72.706528,-0.025026,0.056284,-0.998101,50.00,False
-121.448666,9.420596,-75.296375,-0.025026,0.056284,-0.998101,50.00,False
-121.448666,9.420596,-77.886223,-0.025026,0.056284,-0.998101,50.00,False
-121.448666,9.420596,-80.476071,-0.025026,0.056284,-0.998101,50.00,False
-121.448666,9.420596,-83.065918,-0.025026,0.056284,-0.998101,50.00,False
-121.448666,9.420596,-85.655766,-0.025026,0.056284,-0.998101,50.00,False
-121.448666,9.420596,-88.245613,-0.025026,0.056284,-0.998101,50.00,False
-121.448666,9.420596,-90.835461,-0.025026,0.056284,-0.998101,50.00,False
-117.439912,10.213838,-90.839683,-0.023275,0.039573,-0.998946,200.00,True
-117.439912,10.213838,-90.839683,-0.023275,0.039573,-0.998946,50.00,False
-117.439912,10.324237,-88.249836,-0.023275,0.039573,-0.998946,50.00,False
-117.363208,8.929105,-85.664080,-0.007934,0.020230,-0.999764,50.00,False
-117.363208,8.929105,-83.074232,-0.007934,0.020230,-0.999764,50.00,False
-117.439912,9.025821,-80.480293,-0.023275,0.039573,-0.998946,50.00,False
-117.439912,9.025821,-77.890445,-0.023275,0.039573,-0.998946,50.00,False
-117.439912,9.025821,-75.300598,-0.023275,0.039573,-0.998946,50.00,False
-117.439912,9.025821,-72.710750,-0.023275,0.039573,-0.998946,50.00,False
-117.439912,9.025821,-70.120902,-0.023275,0.039573,-0.998946,50.00,False
-117.439912,9.025821,-67.531055,-0.023275,0.039573,-0.998946,50.00,False
-117.439912,9.025821,-64.941207,-0.023275,0.039573,-0.998946,50.00,False
-117.491353,9.050674,-62.348849,-0.033563,0.044544,-0.998443,50.00,False
-117.439912,8.184546,-59.761512,-0.023275,0.039573,-0.998946,50.00,False
-117.439912,8.183810,-57.171664,-0.023275,0.039573,-0.998946,50.00,False
-117.491353,8.208663,-54.579306,-0.033563,0.044544,-0.998443,50.00,False
-117.493931,8.484353,-51.969419,-0.034079,0.099682,-0.994436,50.00,False
-117.244053,6.508922,-49.389049,0.015897,0.084094,-0.996331,50.00,False
-117.320506,6.877142,-46.754950,0.000606,0.157738,-0.987481,50.00,False
-117.098835,5.636769,-44.206328,0.044940,0.080685,-0.995726,50.00,False
-116.970950,6.404819,-34.057906,0.070517,0.853688,0.515989,50.00,False
-117.197986,4.282472,-34.216398,0.025110,0.999117,-0.033679,50.00,False
-117.158009,4.899680,-32.995659,0.033105,0.950972,-0.307501,50.00,False
-116.459354,4.334380,-33.783865,0.172836,0.060163,-0.983111,50.00,False
-117.940741,7.753511,-21.520107,-0.123441,0.281221,0.951671,50.00,False
-118.275303,8.964254,-19.001946,-0.190353,0.291842,0.937333,50.00,False
-118.275303,9.009959,-16.412098,-0.190353,0.291842,0.937333,50.00,False
-115.270092,12.100211,-18.216063,0.410689,0.909892,0.058571,50.00,False
-118.377876,12.613423,-16.218313,-0.210868,0.975681,-0.059849,50.00,False
-117.319828,8.002032,-18.322086,0.000742,0.053402,-0.998573,50.00,False
-117.356111,7.710379,-15.706937,-0.006515,0.113536,-0.993512,50.00,False
-117.514494,5.753998,-13.119811,-0.038192,0.101943,-0.994057,50.00,False
-117.781856,6.143581,-10.456741,-0.091664,0.179859,-0.979412,50.00,False
-117.737131,4.633509,1.874925,-0.082719,0.233004,0.968951,50.00,False
-117.943015,3.393494,0.827217,-0.123896,0.962474,0.241440,50.00,False
-117.571581,1.894224,1.887479,-0.049609,0.996685,-0.064477,50.00,False
-117.681659,1.643447,3.226885,-0.071625,0.946530,-0.314565,50.00,False
-116.828212,6.233692,12.085640,0.099065,0.328723,0.939216,50.00,False
-117.871528,7.037853,14.775656,-0.109598,0.260438,0.959250,50.00,False
-117.535209,5.929787,17.560998,-0.042335,0.038825,0.998349,50.00,False
-116.668509,9.659531,12.130208,0.131006,0.784774,-0.605779,50.00,False
-118.884434,10.297387,18.208133,-0.312180,0.945574,0.091837,50.00,False
-118.255631,7.382246,15.572869,-0.186419,0.238087,-0.953186,50.00,False
-118.380017,8.099565,18.429275,-0.211296,0.381550,-0.899874,50.00,False
-118.126201,8.713064,21.275967,-0.160533,0.504250,-0.848505,50.00,False
-117.543173,9.938964,25.687658,-0.043927,0.873889,-0.484136,50.00,False
-112.366051,1.442012,30.604483,0.991497,0.128772,-0.018741,50.00,False
-116.880839,6.472228,36.400746,0.088539,0.777562,0.622542,50.00,False
-117.274461,9.502222,39.300724,0.009815,0.728883,0.684568,50.00,False
-118.124136,8.935414,42.326149,-0.160120,0.615521,0.771684,50.00,False
-118.019982,8.485264,45.254177,-0.139289,0.525491,0.839320,50.00,False
-117.776836,7.274304,48.421110,-0.090660,0.283299,0.954737,50.00,False
-117.697928,6.989024,51.093216,-0.074878,0.226243,0.971189,50.00,False
-117.688193,6.602505,53.757887,-0.072931,0.148939,0.986153,50.00,False
-117.456995,6.216451,56.402303,-0.026692,0.071728,0.997067,50.00,False
-117.456995,6.216451,58.992151,-0.026692,0.071728,0.997067,50.00,False
-117.456995,6.216451,61.581999,-0.026692,0.071728,0.997067,50.00,False
-119.543020,8.962890,61.609817,-0.443897,0.753697,0.484661,50.00,False
-120.389171,6.220211,64.916593,-0.613127,0.479200,0.628047,50.00,False
-113.655471,5.034064,61.052922,0.733613,0.150658,-0.662657,50.00,False
-122.251702,4.672285,67.704322,-0.985633,0.078302,0.149654,50.00,False
-118.251702,4.672285,67.704322,-0.985633,0.078302,0.149654,200.00,True
-118.251702,4.672285,67.704322,-0.985633,0.078302,0.149654,50.00,False
-118.232083,5.232211,64.396930,-0.981709,0.190287,0.006145,50.00,False
-118.279935,4.725156,61.383986,-0.991280,0.105859,-0.078475,50.00,False
-116.996942,5.652563,62.249861,-0.734681,0.291340,0.612670,50.00,False
-114.640739,9.072487,58.012179,-0.263441,0.922199,0.283103,50.00,False
-113.230755,7.165888,58.985468,0.018556,0.090425,0.995730,50.00,False
-113.207454,7.370470,56.372295,0.023216,0.131342,0.991065,50.00,False
-113.228060,7.540956,53.757297,0.019095,0.165439,0.986035,50.00,False
-113.260213,7.879142,51.099153,0.012665,0.233076,0.972376,50.00,False
-113.362956,8.334578,48.377267,-0.007884,0.324163,0.945968,50.00,False
-113.362956,8.334578,45.787419,-0.007884,0.324163,0.945968,50.00,False
-113.475156,7.346215,42.978465,-0.030324,0.430362,0.902147,50.00,False
-114.456971,7.787796,39.434709,-0.226687,0.665261,0.711365,50.00,False
-115.149359,8.268010,35.966985,-0.365165,0.761304,0.535790,50.00,False
-108.530873,2.417728,31.097237,0.958533,0.273579,0.079810,50.00,False
-115.330290,7.388287,24.782366,-0.401351,0.629630,-0.665195,50.00,False
-114.983092,7.307336,21.133761,-0.331911,0.347564,-0.876946,50.00,False
-114.476822,6.449178,18.143654,-0.230657,0.175932,-0.956998,50.00,False
-113.933314,5.853601,15.384257,-0.121956,0.056817,-0.990908,50.00,False
-117.427781,7.201674,18.358041,-0.820849,0.558003,0.121818,50.00,False
-115.966370,9.285006,18.877440,-0.528567,0.409360,0.743668,50.00,False
-113.594662,6.510002,17.501484,-0.054225,0.154868,0.986446,50.00,False
-113.679847,6.807877,14.850074,-0.071262,0.214443,0.974133,50.00,False
-112.982736,4.197158,2.441574,0.068160,0.126697,-0.989597,50.00,False
-113.979561,5.374936,0.870956,-0.131205,0.604467,-0.785751,50.00,False
-113.187832,2.923304,2.066029,0.027141,0.999218,-0.028767,50.00,False
-113.043024,3.700084,0.655734,0.056102,0.976701,0.207144,50.00,False
-113.618280,4.577023,2.018562,-0.058949,0.034092,0.997679,50.00,False
-113.065522,5.252137,-10.551303,0.051603,0.026172,-0.998325,50.00,False
-113.281260,5.208749,-13.148583,0.008455,0.017494,-0.999811,50.00,False
-113.281260,5.208749,-15.738431,0.008455,0.017494,-0.999811,50.00,False
-113.281260,5.331756,-18.328278,0.008455,0.017494,-0.999811,50.00,False
-111.057033,9.559560,-15.513347,0.453301,0.887657,0.081145,50.00,False
-113.863128,7.621280,-13.538619,-0.107918,0.014106,0.994060,50.00,False
-113.863752,7.900531,-16.140356,-0.108043,0.069956,0.991682,50.00,False
-114.042540,8.232969,-18.787836,-0.143801,0.136444,0.980155,50.00,False
-112.758659,5.479473,-31.244306,0.112975,0.029185,-0.993169,50.00,False
-113.789922,5.720184,-23.905144,-0.093277,0.077327,0.992633,50.00,False
-113.513655,4.808627,-33.250575,-0.038024,0.932761,-0.358484,50.00,False
-113.534887,4.105219,-33.097188,-0.042270,0.980842,0.190163,50.00,False
-113.327636,6.235863,-34.526837,-0.000820,0.906501,0.422203,50.00,False
-113.854601,5.077864,-35.219501,-0.106213,0.588297,0.801639,50.00,False
-113.583844,7.539806,-46.739302,-0.052062,0.168352,-0.984351,50.00,False
-113.700537,8.695112,-49.296367,-0.075400,0.195531,-0.977795,50.00,False
-113.610288,9.868646,-51.879324,-0.057350,0.208138,-0.976417,50.00,False
-113.640228,9.636596,-54.511092,-0.063338,0.161728,-0.984801,50.00,False
-113.452057,9.117948,-57.166865,-0.025704,0.057999,-0.997986,50.00,False
-113.427232,9.055493,-59.760528,-0.020739,0.045508,-0.998749,50.00,False
-113.392753,8.847758,-62.356113,-0.013843,0.003960,-0.999896,50.00,False
-113.377705,8.865673,-64.946044,-0.010834,0.007543,-0.999913,50.00,False
-113.406373,10.167755,-67.533336,-0.016567,0.030357,-0.999402,50.00,False
-113.406373,10.167755,-70.123184,-0.016567,0.030357,-0.999402,50.00,False
-113.406373,10.167755,-72.713031,-0.016567,0.030357,-0.999402,50.00,False
-113.406373,10.167755,-75.302879,-0.016567,0.030357,-0.999402,50.00,False
-113.406373,10.167755,-77.892727,-0.016567,0.030357,-0.999402,50.00,False
-113.406373,10.167755,-80.482574,-0.016567,0.030357,-0.999402,50.00,False
-113.406373,10.167755,-83.072422,-0.016567,0.030357,-0.999402,50.00,False
-113.331989,10.047887,-75.665369,-0.001691,0.006383,0.999978,50.00,False
-113.346500,10.358978,-78.255196,-0.004593,0.003771,0.999982,50.00,False
-113.346500,10.358978,-80.845044,-0.004593,0.003771,0.999982,50.00,False
-109.390475,10.540609,-80.849425,-0.013388,0.040097,0.999106,200.00,True
-109.390475,10.540609,-80.849425,-0.013388,0.040097,0.999106,50.00,False
-109.390475,10.540609,-78.259577,-0.013388,0.040097,0.999106,50.00,False
-109.393760,10.587416,-75.671873,-0.014045,0.049458,0.998677,50.00,False
-109.393760,10.587416,-73.082026,-0.014045,0.049458,0.998677,50.00,False
-109.393760,10.587416,-70.492178,-0.014045,0.049458,0.998677,50.00,False
-109.393760,10.587416,-67.902330,-0.014045,0.049458,0.998677,50.00,False
-109.393760,10.587416,-65.312483,-0.014045,0.049458,0.998677,50.00,False
-109.393760,10.587416,-62.722635,-0.014045,0.049458,0.998677,50.00,False
-109.344440,10.341277,-60.126218,-0.004181,0.000231,0.999991,50.00,False
-109.344440,10.341277,-57.536371,-0.004181,0.000231,0.999991,50.00,False
-109.344440,10.017125,-54.946523,-0.004181,0.000231,0.999991,50.00,False
-109.322682,10.215294,-62.352657,0.000171,0.039864,-0.999205,50.00,False
-109.322682,9.364835,-59.762810,0.000171,0.039864,-0.999205,50.00,False
-109.322682,9.364835,-57.172962,0.000171,0.039864,-0.999205,50.00,False
-109.322682,9.364835,-54.583114,0.000171,0.039864,-0.999205,50.00,False
-109.239907,7.768547,-51.996281,0.016726,0.010218,-0.999808,50.00,False
-109.729855,8.306418,-49.355932,-0.081264,0.117792,-0.989708,50.00,False
-109.463858,8.541697,-46.747144,-0.028064,0.164848,-0.985920,50.00,False
-110.459772,4.616452,-35.326051,-0.227247,0.582619,0.780329,50.00,False
-109.739411,6.273467,-34.652620,-0.083175,0.914022,0.397046,50.00,False
-109.670217,4.864639,-32.976503,-0.069336,0.974304,0.214300,50.00,False
-109.917800,5.171369,-32.911924,-0.118853,0.949387,-0.290754,50.00,False
-108.876294,5.833110,-33.503769,0.089448,0.364004,-0.927092,50.00,False
-108.935022,5.625918,-31.245128,0.077703,0.085152,-0.993333,50.00,False
-109.762816,9.004478,-18.774053,-0.087856,0.161758,0.982912,50.00,False
-109.762816,9.004478,-16.184206,-0.087856,0.161758,0.982912,50.00,False
-109.834189,8.764705,-13.567718,-0.102131,0.113803,0.988240,50.00,False
-107.256456,9.979011,-16.183822,0.413416,0.909001,-0.052950,50.00,False
-109.367288,7.475638,-18.289721,-0.008750,0.125146,-0.992100,50.00,False
-109.031714,5.445833,-5.747912,0.058365,0.002366,0.998293,50.00,False
-109.806735,5.974521,-13.096684,-0.096640,0.108103,-0.989431,50.00,False
-109.918338,6.326070,-10.443369,-0.118960,0.178413,-0.976738,50.00,False
-110.198389,4.540326,-7.890882,-0.174971,0.026753,-0.984210,50.00,False
-108.624614,3.606087,0.873866,0.139784,0.957901,0.250770,50.00,False
-108.948413,1.894468,2.359249,0.075025,0.996734,0.029877,50.00,False
-105.290568,4.351773,1.951191,0.806594,0.157620,-0.569704,50.00,False
-109.655407,4.375024,12.340263,-0.066374,0.123352,0.990141,50.00,False
-109.793249,3.943734,14.953838,-0.093942,0.037094,0.994886,50.00,False
-109.757947,3.769773,17.550334,-0.086882,0.002301,0.996216,50.00,False
-106.140502,8.066263,14.066474,0.636607,0.739580,-0.218526,50.00,False
-104.481883,6.974598,18.287966,0.968331,0.225198,0.107803,50.00,False
-109.806066,7.080324,15.440914,-0.096506,0.176398,-0.979577,50.00,False
-109.806066,7.080324,18.030761,-0.096506,0.176398,-0.979577,50.00,False
-109.865985,7.961881,21.019623,-0.108490,0.422655,-0.899774,50.00,False
-110.812027,7.090787,24.157812,-0.297698,0.535826,-0.790106,50.00,False
-109.830473,2.010935,31.634970,-0.101387,0.977046,0.187356,50.00,False
-109.529966,4.244159,38.024420,-0.041286,0.317745,0.947277,50.00,False
-109.700218,5.717522,40.702869,-0.075336,0.251206,0.964997,50.00,False
-109.812484,8.786269,42.991627,-0.097790,0.414502,0.904779,50.00,False
-109.056450,8.108084,45.935407,0.053417,0.213115,0.975566,50.00,False
-109.313190,7.888051,48.575402,0.002069,0.169109,0.985595,50.00,False
-109.179834,7.909537,51.159428,0.028740,0.173406,0.984431,50.00,False
-109.179834,7.909537,53.749276,0.028740,0.173406,0.984431,50.00,False
-109.136475,7.708635,56.368865,0.037412,0.133225,0.990379,50.00,False
-105.200042,4.410373,51.188624,0.824699,0.046727,-0.563638,50.00,False
-105.162874,5.335823,54.068943,0.832133,0.227992,-0.505544,50.00,False
-113.778841,5.365874,57.241946,-0.891061,0.234002,-0.388913,50.00,False
-114.143597,5.076293,60.711384,-0.964012,0.159103,-0.212995,50.00,False
-114.232083,5.232211,64.396930,-0.981709,0.190287,0.006145,50.00,False
-114.066401,5.460283,68.011513,-0.948573,0.235901,0.211092,50.00,False
-110.066401,5.460283,68.011513,-0.948573,0.235901,0.211092,200.00,True
-110.066401,5.460283,68.011513,-0.948573,0.235901,0.211092,50.00,False
-110.010342,6.009602,64.578368,-0.937361,0.345765,0.042432,50.00,False
-110.100829,5.753657,61.686369,-0.955459,0.294576,-0.017998,50.00,False
-109.778841,5.450788,57.241946,-0.891061,0.234002,-0.388913,50.00,False
-109.619399,5.355042,54.315904,-0.859173,0.231836,-0.456152,50.00,False
-109.367847,5.332547,51.341256,-0.808862,0.248059,-0.533112,50.00,False
-101.442381,5.589984,49.063697,0.776231,0.419464,-0.470654,50.00,False
-105.078744,7.489848,53.801049,0.048958,0.089468,0.994786,50.00,False
-105.136376,7.622428,51.200001,0.037432,0.115984,0.992545,50.00,False
-104.908940,4.346353,48.627319,0.082919,0.033923,0.995979,50.00,False
-104.908940,4.346353,46.037472,0.082919,0.033923,0.995979,50.00,False
-105.018064,2.765857,43.457169,0.061094,0.022084,0.997888,50.00,False
-105.018064,2.765857,40.867321,0.061094,0.022084,0.997888,50.00,False
-104.528404,2.703435,38.224173,0.159026,0.009600,0.987228,50.00,False
-105.595127,1.988245,31.830426,-0.054318,0.972508,0.226448,50.00,False
-107.050497,6.519032,23.915896,-0.345392,0.421475,-0.838489,50.00,False
-106.011720,8.401404,21.083079,-0.137637,0.440614,-0.887083,50.00,False
-106.174651,7.367079,18.142243,-0.170223,0.233749,-0.957280,50.00,False
-106.356470,8.684815,15.666375,-0.206587,0.289932,-0.934484,50.00,False
-108.930699,9.294454,17.296405,-0.721432,0.686545,-0.090509,50.00,False
-108.315643,8.370305,15.337327,-0.598421,0.800388,0.035645,50.00,False
-105.781691,8.524188,17.454323,-0.091631,0.192478,0.977014,50.00,False
-106.021234,4.789939,14.912508,-0.139540,0.084315,0.986620,50.00,False
-106.076921,5.144824,12.271108,-0.150677,0.155292,0.976310,50.00,False
-105.283685,4.541350,-0.026328,0.007970,0.261362,-0.965208,50.00,False
-104.934372,1.910139,2.399366,0.077833,0.996246,0.037900,50.00,False
-104.994936,2.592420,0.551058,0.065720,0.980310,0.186208,50.00,False
-104.449373,4.852818,1.925491,0.174833,0.104240,0.979065,50.00,False
-104.919082,4.396329,-0.576485,0.080891,0.012942,0.996639,50.00,False
-105.470532,5.976528,-13.117833,-0.029399,0.108505,-0.993661,50.00,False
-105.365266,7.167977,-15.699918,-0.008346,0.125103,-0.992109,50.00,False
-105.398047,7.402961,-18.297983,-0.014902,0.110610,-0.993752,50.00,False
-101.755249,8.934212,-15.793081,0.713657,0.700042,0.025198,50.00,False
-105.883111,7.281070,-13.541100,-0.111915,0.017515,0.993563,50.00,False
-105.883111,7.281070,-16.130948,-0.111915,0.017515,0.993563,50.00,False
-105.949120,7.581495,-18.743099,-0.125117,0.077600,0.989103,50.00,False
-104.772386,5.644725,-31.228066,0.110230,0.088913,-0.989921,50.00,False
-104.893618,6.124901,-33.763205,0.085984,0.184948,-0.978980,50.00,False
-105.799224,5.290631,-32.504022,-0.095138,0.973240,-0.209173,50.00,False
-105.657153,4.954153,-33.521838,-0.066723,0.992207,0.105233,50.00,False
-105.186644,5.793975,-33.770220,0.027378,0.818730,0.573526,50.00,False
-105.544306,6.899556,-34.294203,-0.044154,0.156446,0.986699,50.00,False
-105.411354,7.135816,-36.832639,-0.017564,0.075628,0.996981,50.00,False
-105.376545,6.917511,-39.410230,-0.010602,0.031967,0.999433,50.00,False
-105.409994,7.752205,-41.998110,-0.017292,0.006950,0.999826,50.00,False
-105.349033,9.988929,-54.566442,-0.005099,0.090641,-0.995871,50.00,False
-105.388186,9.554015,-47.177388,-0.012930,0.003658,0.999910,50.00,False
-105.264304,10.543499,-59.763521,0.011846,0.034122,-0.999347,50.00,False
-105.264304,10.543499,-62.353369,0.011846,0.034122,-0.999347,50.00,False
-105.264304,10.543499,-64.943217,0.011846,0.034122,-0.999347,50.00,False
-105.264304,11.416385,-67.533064,0.011846,0.034122,-0.999347,50.00,False
-105.264304,11.416385,-70.122912,0.011846,0.034122,-0.999347,50.00,False
-105.264304,11.416385,-72.712760,0.011846,0.034122,-0.999347,50.00,False
-105.383187,11.571480,-65.316846,-0.011930,0.065141,0.997805,50.00,False
-105.383187,11.571480,-67.906694,-0.011930,0.065141,0.997805,50.00,False
-105.383187,11.571480,-70.496541,-0.011930,0.065141,0.997805,50.00,False
-105.383187,11.571480,-73.086389,-0.011930,0.065141,0.997805,50.00,False
-105.383187,11.571480,-75.676237,-0.011930,0.065141,0.997805,50.00,False
-105.383187,11.571480,-78.266084,-0.011930,0.065141,0.997805,50.00,False
-105.383187,11.571480,-80.855932,-0.011930,0.065141,0.997805,50.00,False
-101.425778,11.657394,-80.862976,-0.020448,0.082324,0.996396,200.00,True
-101.425778,11.657394,-80.862976,-0.020448,0.082324,0.996396,50.00,False
-101.425778,11.657394,-78.273129,-0.020448,0.082324,0.996396,50.00,False
-101.425778,11.557539,-75.683281,-0.020448,0.082324,0.996396,50.00,False
-101.425778,11.557539,-73.093433,-0.020448,0.082324,0.996396,50.00,False
-101.425778,11.557539,-70.503586,-0.020448,0.082324,0.996396,50.00,False
-101.425778,10.784507,-67.913738,-0.020448,0.082324,0.996396,50.00,False
-101.425778,10.784507,-65.323891,-0.020448,0.082324,0.996396,50.00,False
-101.425778,10.784507,-62.734043,-0.020448,0.082324,0.996396,50.00,False
-101.425778,9.947341,-60.144195,-0.020448,0.082324,0.996396,50.00,False
-101.541801,9.717540,-57.544403,-0.043653,0.036363,0.998385,50.00,False
-101.541801,9.717540,-54.954556,-0.043653,0.036363,0.998385,50.00,False
-101.551288,9.720720,-52.365249,-0.045550,0.036999,0.998277,50.00,False
-101.551288,9.347431,-49.775401,-0.045550,0.036999,0.998277,50.00,False
-101.557680,8.581751,-47.188419,-0.046829,0.048935,0.997704,50.00,False
-101.580511,7.022530,-44.600726,-0.051395,0.052971,0.997273,50.00,False
-101.628640,6.980196,-42.011522,-0.061021,0.044504,0.997144,50.00,False
-101.628640,6.980196,-39.421674,-0.061021,0.044504,0.997144,50.00,False
-101.544701,6.584562,-36.846204,-0.044233,0.097333,0.994268,50.00,False
-101.092559,6.834135,-34.401836,0.046195,0.257504,0.965172,50.00,False
-101.337875,5.324345,-33.730708,-0.002868,0.813592,0.581428,50.00,False
-100.827452,4.755708,-33.339307,0.099217,0.984919,0.141739,50.00,False
-100.482244,5.147623,-31.851424,0.168258,0.982600,-0.078654,50.00,False
-100.880771,6.003212,-33.652037,0.088553,0.277121,-0.956746,50.00,False
-100.923581,5.776860,-31.201744,0.079991,0.155088,-0.984657,50.00,False
-101.917103,6.902598,-18.725600,-0.118713,0.025441,0.992603,50.00,False
-101.919954,7.261946,-16.138078,-0.119284,0.037881,0.992137,50.00,False
-101.884077,8.082114,-13.543204,-0.112108,0.033156,0.993143,50.00,False
-104.035096,9.075230,-15.799898,-0.542312,0.839839,0.023834,50.00,False
-101.618996,6.671663,-18.303569,-0.059092,0.082116,-0.994869,50.00,False
-101.583353,6.875626,-15.694658,-0.051963,0.122909,-0.991057,50.00,False
-101.583353,6.875626,-13.104810,-0.051963,0.122909,-0.991057,50.00,False
-101.676941,5.486780,-10.509638,-0.070681,0.122149,-0.989992,50.00,False
-101.557549,5.238442,-7.881339,-0.046802,0.181365,-0.982302,50.00,False
-100.885889,2.751852,0.526951,0.087529,0.979509,0.181387,50.00,False
-101.208624,1.676525,2.287738,0.022983,0.999615,0.015575,50.00,False
-101.189474,1.570576,3.679340,0.026812,0.974203,-0.224074,50.00,False
-101.681269,5.740045,12.184402,-0.071547,0.274336,0.958969,50.00,False
-101.038341,4.678456,4.997187,0.057039,0.062018,-0.996444,50.00,False
-101.738857,6.511491,17.510107,-0.083064,0.128916,0.988171,50.00,False
-99.650125,10.493644,14.268576,0.334682,0.925347,-0.178105,50.00,False
-101.053104,11.603584,17.435894,0.054086,0.996571,-0.062611,50.00,False
-102.001072,7.427234,15.451007,-0.135507,0.161301,-0.977558,50.00,False
-101.868600,8.097108,18.182783,-0.109013,0.295276,-0.949172,50.00,False
-102.134870,7.373923,20.822215,-0.162267,0.302438,-0.939255,50.00,False
-101.143886,4.452918,32.009231,0.035930,0.624525,0.780178,50.00,False
-101.099362,1.811624,30.762293,0.044835,0.998912,0.012821,50.00,False
-101.551582,4.509895,38.147982,-0.045609,0.230557,0.971989,50.00,False
-100.973111,3.596706,40.859830,0.070085,0.047919,0.996389,50.00,False
-101.112113,3.395811,43.463108,0.042285,0.007740,0.999076,50.00,False
-101.112113,3.395811,46.052956,0.042285,0.007740,0.999076,50.00,False
-101.112113,3.395811,48.642804,0.042285,0.007740,0.999076,50.00,False
-101.130552,3.491838,51.231731,0.038597,0.026946,0.998891,50.00,False
-105.714742,3.387054,51.218024,-0.878241,0.005989,0.478181,50.00,False
-104.960561,7.347533,52.501028,-0.727405,0.651056,0.216812,50.00,False
-105.367847,5.332547,51.341256,-0.808862,0.248059,-0.533112,50.00,False
-105.355461,5.714329,54.059374,-0.806385,0.303693,-0.507458,50.00,False
-105.646005,5.782026,57.237063,-0.864494,0.317233,-0.389890,50.00,False
-105.640916,6.623830,60.843441,-0.863476,0.468611,-0.186584,50.00,False
-105.877084,6.319149,64.698224,-0.910710,0.407675,0.066404,50.00,False
-105.599572,5.958881,68.930764,-0.855207,0.335621,0.394942,50.00,False
-100.667627,7.100318,69.378292,-0.668818,0.563908,0.484448,200.00,True
-100.667627,7.100318,69.378292,-0.668818,0.563908,0.484448,50.00,False
-101.683243,6.710639,64.664071,-0.871941,0.485973,0.059573,50.00,False
-101.053244,7.327159,60.643107,-0.745941,0.626259,-0.226650,50.00,False
-101.037778,7.116601,57.551370,-0.742848,0.584148,-0.327028,50.00,False
-100.891465,6.132108,53.749056,-0.713586,0.407971,-0.569522,50.00,False
-100.568849,6.092272,50.655250,-0.649063,0.359719,-0.670313,50.00,False
-100.361417,5.939269,47.802649,-0.607576,0.329119,-0.722864,50.00,False
-93.480952,6.671689,48.058152,0.768517,0.621071,-0.153794,50.00,False
-97.399942,4.398460,51.222567,-0.015281,0.075103,0.997059,50.00,False
-97.399942,4.398460,48.632719,-0.015281,0.075103,0.997059,50.00,False
-97.461828,4.541129,46.028731,-0.027658,0.103637,0.994231,50.00,False
-97.353596,4.713685,43.419697,-0.006012,0.138148,0.990393,50.00,False
-97.455207,4.997449,40.780230,-0.026334,0.194901,0.980469,50.00,False
-97.516821,4.710614,38.097471,-0.038657,0.270701,0.961887,50.00,False
-97.554293,0.957335,30.328669,-0.046151,0.996197,-0.073904,50.00,False
-96.504542,4.719539,32.675063,0.163799,0.372789,0.913345,50.00,False
-96.604508,8.299799,21.168551,0.143806,0.471636,-0.869988,50.00,False
-97.058931,8.186597,18.275949,0.052921,0.362348,-0.930539,50.00,False
-97.448677,7.760417,15.424830,-0.025028,0.183005,-0.982793,50.00,False
-94.230141,9.844918,18.190731,0.618679,0.780660,0.088356,50.00,False
-101.838814,6.765723,17.109591,-0.903055,0.179762,0.390098,50.00,False
-97.428560,5.988742,17.566666,-0.021005,0.024366,0.999482,50.00,False
-97.419659,5.250819,14.976525,-0.019225,0.027975,0.999424,50.00,False
-97.478683,4.910252,12.357553,-0.031029,0.108620,0.993599,50.00,False
-96.662037,5.172985,0.833861,0.132300,0.594456,-0.793170,50.00,False
-97.334184,1.229231,1.605956,-0.002130,0.992677,-0.120781,50.00,False
-97.264297,2.281558,0.477148,0.011848,0.985126,0.171426,50.00,False
-97.162771,4.975421,1.776923,0.032153,0.312568,0.949351,50.00,False
-97.776230,5.354942,-10.516061,-0.090539,0.095782,-0.991276,50.00,False
-97.658843,4.951818,-13.137696,-0.067061,0.015157,-0.997634,50.00,False
-97.751812,6.612574,-15.694317,-0.085655,0.102980,-0.990989,50.00,False
-97.740059,6.373655,-18.304194,-0.083304,0.055196,-0.994994,50.00,False
-99.282514,9.476232,-15.894677,-0.391796,0.920039,0.004879,50.00,False
-97.940836,7.453245,-13.561796,-0.123460,0.076141,0.989424,50.00,False
-97.950806,7.495893,-16.156366,-0.125454,0.084670,0.988480,50.00,False
-97.950806,7.495893,-18.746214,-0.125454,0.084670,0.988480,50.00,False
-96.833252,5.430445,-31.235834,0.098057,0.085806,-0.991475,50.00,False
-96.415320,6.837303,-33.143903,0.181643,0.485569,-0.855119,50.00,False
-96.834742,4.576674,-31.690436,0.097759,0.994125,-0.046456,50.00,False
-97.030977,4.729491,-33.088686,0.058512,0.979676,0.191863,50.00,False
-96.785402,6.674605,-32.508470,0.107627,0.553484,0.825876,50.00,False
-97.138618,6.158530,-34.451578,0.036984,0.293563,0.955224,50.00,False
-97.057232,6.269665,-46.807494,0.053261,0.034354,-0.997990,50.00,False
-97.501577,6.371747,-39.418074,-0.035608,0.054770,0.997864,50.00,False
-96.958279,8.619634,-51.975870,0.073051,0.056511,-0.995726,50.00,False
-96.820293,9.568456,-54.545102,0.100649,0.081204,-0.991603,50.00,False
-96.979825,9.244851,-57.164428,0.068742,0.016483,-0.997498,50.00,False
-96.979825,9.244851,-59.754276,0.068742,0.016483,-0.997498,50.00,False
-97.515141,9.378404,-52.364974,-0.038321,0.043194,0.998332,50.00,False
-97.543938,9.451095,-54.955430,-0.044080,0.040423,0.998210,50.00,False
-97.543938,9.451095,-57.545278,-0.044080,0.040423,0.998210,50.00,False
-97.543938,9.451095,-60.135125,-0.044080,0.040423,0.998210,50.00,False
-97.518255,11.545868,-62.723714,-0.038944,0.039468,0.998462,50.00,False
-97.518255,11.545868,-65.313562,-0.038944,0.039468,0.998462,50.00,False
-97.518255,11.545868,-67.903409,-0.038944,0.039468,0.998462,50.00,False
-97.536987,11.541059,-70.493835,-0.042690,0.038506,0.998346,50.00,False
-97.536987,11.541059,-73.083682,-0.042690,0.038506,0.998346,50.00,False
-97.536987,11.541059,-75.673530,-0.042690,0.038506,0.998346,50.00,False
-97.519417,11.551448,-78.263069,-0.039176,0.040583,0.998408,50.00,False
-97.519417,11.551448,-80.852916,-0.039176,0.040583,0.998408,50.00,False
-93.473117,9.640025,-80.862516,-0.029916,0.078209,0.996488,200.00,True
-93.473117,9.640025,-80.862516,-0.029916,0.078209,0.996488,50.00,False
-93.473117,9.640025,-78.272668,-0.029916,0.078209,0.996488,50.00,False
-93.473117,9.640025,-75.682820,-0.029916,0.078209,0.996488,50.00,False
-93.473117,9.640025,-73.092973,-0.029916,0.078209,0.996488,50.00,False
-93.473117,9.640025,-70.503125,-0.029916,0.078209,0.996488,50.00,False
-93.473117,9.640025,-67.913278,-0.029916,0.078209,0.996488,50.00,False
-93.473117,9.640025,-65.323430,-0.029916,0.078209,0.996488,50.00,False
-93.473117,9.640025,-62.733582,-0.029916,0.078209,0.996488,50.00,False
-93.473117,9.640025,-60.143735,-0.029916,0.078209,0.996488,50.00,False
-93.473117,9.640025,-57.553887,-0.029916,0.078209,0.996488,50.00,False
-93.473117,9.640025,-54.964039,-0.029916,0.078209,0.996488,50.00,False
-93.457940,8.773515,-52.377145,-0.026881,0.086404,0.995897,50.00,False
-93.457940,8.773515,-49.787297,-0.026881,0.086404,0.995897,50.00,False
-93.466637,8.739666,-47.194871,-0.028620,0.079634,0.996413,50.00,False
-93.271693,8.365812,-54.586761,0.010369,0.004864,-0.999934,50.00,False
-93.449175,6.045915,-42.018661,-0.025128,0.088985,0.995716,50.00,False
-93.451123,6.077712,-39.431807,-0.025517,0.095344,0.995117,50.00,False
-93.451123,6.077712,-36.841960,-0.025517,0.095344,0.995117,50.00,False
-93.490623,6.280963,-34.276969,-0.033417,0.135994,0.990146,50.00,False
-93.821697,6.146883,-31.981719,-0.099632,0.350558,0.931226,50.00,False
-92.980576,5.862469,-32.698760,0.068592,0.960457,0.269849,50.00,False
-92.837002,4.301571,-32.007577,0.097307,0.989170,-0.109884,50.00,False
-92.478370,6.506825,-32.399635,0.169033,0.687471,-0.706265,50.00,False
-92.612812,6.612057,-31.082253,0.142145,0.238197,-0.960758,50.00,False
-93.897204,6.776055,-18.723202,-0.114734,0.024980,0.993082,50.00,False
-93.900909,6.771938,-16.133682,-0.115475,0.024157,0.993017,50.00,False
-93.933312,7.855974,-13.547343,-0.121955,0.020933,0.992315,50.00,False
-88.712259,7.344912,-15.732108,0.922255,0.384769,0.037392,50.00,False
-93.517823,6.549567,-18.324174,-0.038857,0.022549,-0.998990,50.00,False
-93.524818,7.083807,-15.693251,-0.040256,0.129397,-0.990775,50.00,False
-93.532068,4.793681,-13.144232,-0.041706,0.019426,-0.998941,50.00,False
-93.406617,5.092611,-10.543276,-0.016616,0.079212,-0.996719,50.00,False
-93.297648,4.846384,0.496207,0.005178,0.720719,0.693208,50.00,False
-93.600576,3.029593,0.356950,-0.055408,0.987526,0.147387,50.00,False
-93.801756,2.335771,1.861200,-0.095644,0.992970,-0.069733,50.00,False
-94.113394,4.460379,2.120543,-0.157972,0.829414,-0.535834,50.00,False
-93.737422,3.811062,2.674111,-0.082777,0.322071,-0.943090,50.00,False
-93.253226,5.324030,4.984444,0.014062,0.042617,-0.998993,50.00,False
-93.134817,6.068016,7.573525,0.037744,0.016819,-0.999146,50.00,False
-97.913844,7.888544,14.610012,-0.918061,0.380924,-0.109818,50.00,False
-91.233313,8.927372,17.509730,0.418045,0.907166,-0.047844,50.00,False
-93.691637,8.118160,15.564525,-0.073620,0.287807,-0.954854,50.00,False
-93.942191,4.808283,17.984598,-0.123731,0.083348,-0.988809,50.00,False
-93.784514,6.013970,20.811558,-0.092196,0.324485,-0.941387,50.00,False
-92.126825,3.498639,32.920239,0.239342,0.128609,0.962380,50.00,False
-91.447525,4.761510,28.116984,0.375202,0.769882,-0.516241,50.00,False
-93.010626,5.677943,37.995802,0.062582,0.331000,0.941553,50.00,False
-93.104751,6.552650,40.662303,0.043757,0.287156,0.956884,50.00,False
-93.286557,6.134247,43.362991,0.007396,0.203475,0.979052,50.00,False
-93.286557,6.134247,45.952839,0.007396,0.203475,0.979052,50.00,False
-93.391557,5.919478,48.582119,-0.013604,0.160521,0.986939,50.00,False
-93.013521,10.095303,46.582407,0.062003,0.995686,0.069027,50.00,False
-93.704844,9.575871,48.994039,-0.076261,0.996529,0.033384,50.00,False
-95.628826,6.980369,47.677023,-0.461058,0.477428,-0.747989,50.00,False
-95.690702,6.771627,50.365898,-0.473433,0.495590,-0.728184,50.00,False
-95.556605,8.482025,53.956606,-0.446614,0.722316,-0.528012,50.00,False
-95.682092,8.829565,57.219261,-0.471711,0.789104,-0.393450,50.00,False
-96.221682,8.854348,60.861249,-0.579629,0.794061,-0.183022,50.00,False
-95.435347,9.417807,65.488558,-0.422362,0.878193,0.224470,50.00,False
-95.569692,8.617814,69.613064,-0.449231,0.718195,0.531402,50.00,False
-90.673073,8.513297,70.276201,-0.269907,0.697291,0.664029,200.00,True
-90.673073,8.513297,70.276201,-0.269907,0.697291,0.664029,50.00,False
-90.069486,9.930234,64.998899,-0.149190,0.980679,0.126538,50.00,False
-90.440564,10.172923,61.939227,-0.223406,0.974181,0.032574,50.00,False
-91.180178,9.665708,57.601870,-0.371328,0.872738,-0.316928,50.00,False
-91.252591,8.422594,53.199495,-0.385811,0.624115,-0.679434,50.00,False
-91.091751,7.953255,50.344396,-0.353643,0.581725,-0.732484,50.00,False
-90.902660,6.975145,47.083439,-0.315825,0.386103,-0.866706,50.00,False
-91.062562,6.192429,44.281975,-0.347805,0.229560,-0.909029,50.00,False
-92.268848,7.851831,46.738625,-0.589062,0.801842,0.100270,50.00,False
-89.519756,5.534402,48.626097,-0.039244,0.083506,0.995734,50.00,False
-89.819487,5.965926,45.959939,-0.099190,0.169811,0.980472,50.00,False
-89.761560,6.070291,43.356404,-0.087605,0.190684,0.977735,50.00,False
-89.759869,6.376477,40.696908,-0.087267,0.251921,0.963805,50.00,False
-89.829490,7.055697,37.868970,-0.101191,0.387765,0.916187,50.00,False
-93.981620,3.347348,29.061457,-0.931617,0.157908,-0.327346,50.00,False
-88.529558,3.701157,32.957694,0.158796,0.184756,0.969871,50.00,False
-89.878356,5.058274,20.594302,-0.110964,0.133346,-0.984838,50.00,False
-89.961548,3.753008,17.976237,-0.127602,0.051615,-0.990481,50.00,False
-90.073613,4.579739,15.398962,-0.150015,0.037639,-0.987967,50.00,False
-87.268013,8.105679,20.390922,0.411105,0.742827,0.528395,50.00,False
-93.970122,7.785423,15.401830,-0.929317,0.366078,0.048546,50.00,False
-89.224973,6.298105,7.580108,0.019713,0.062836,-0.997829,50.00,False
-89.434251,5.985743,14.978086,-0.022143,0.006142,0.999736,50.00,False
-90.384213,4.788177,3.373205,-0.212135,0.556556,-0.803271,50.00,False
-89.800304,6.106945,2.482857,-0.095354,0.881019,-0.463371,50.00,False
-90.394563,2.482544,2.090069,-0.214205,0.976495,-0.023959,50.00,False
-90.592767,3.227030,0.316834,-0.253846,0.957152,0.139364,50.00,False
-90.795474,4.450512,0.571907,-0.294388,0.641545,0.708348,50.00,False
-89.524383,5.426070,-10.540542,-0.040169,0.077632,-0.996173,50.00,False
-89.300805,5.205361,-3.152383,0.004546,0.033490,0.999429,50.00,False
-89.415483,5.051880,-15.738510,-0.018389,0.002794,-0.999827,50.00,False
-89.404641,6.754656,-18.326454,-0.016221,0.029052,-0.999446,50.00,False
-88.141991,9.891212,-15.696817,0.236309,0.970661,0.044451,50.00,False
-88.711871,6.137100,-23.469292,0.122333,0.028673,-0.992075,50.00,False
-88.658137,6.060732,-26.053839,0.133080,0.013399,-0.991015,50.00,False
-89.961826,6.103435,-18.730735,-0.127658,0.021940,0.991576,50.00,False
-88.613710,5.283818,-31.023254,0.141965,0.281644,-0.948959,50.00,False
-88.837823,6.316703,-32.639190,0.097143,0.649447,-0.754176,50.00,False
-88.968631,4.540361,-31.970221,0.070981,0.992206,-0.102413,50.00,False
-89.111115,4.718203,-32.792681,0.042484,0.967038,0.251064,50.00,False
-89.299491,6.197459,-31.711439,0.004809,0.170867,0.985282,50.00,False
-89.458461,6.018635,-34.246999,-0.026985,0.083529,0.996140,50.00,False
-89.375964,6.866853,-36.818735,-0.010486,0.019122,0.999762,50.00,False
-89.375964,6.866853,-39.408583,-0.010486,0.019122,0.999762,50.00,False
-89.375964,7.435634,-41.998430,-0.010486,0.019122,0.999762,50.00,False
-89.375964,7.435634,-44.588278,-0.010486,0.019122,0.999762,50.00,False
-89.375964,7.785188,-47.178126,-0.010486,0.019122,0.999762,50.00,False
-89.375964,7.785188,-49.767973,-0.010486,0.019122,0.999762,50.00,False
-89.375964,7.785188,-52.357821,-0.010486,0.019122,0.999762,50.00,False
-89.452642,8.457048,-54.949482,-0.025821,0.023111,0.999399,50.00,False
-89.478165,8.697670,-57.551427,-0.030926,0.071235,0.996980,50.00,False
-89.478165,8.697670,-60.141275,-0.030926,0.071235,0.996980,50.00,False
-89.478165,8.697670,-62.731122,-0.030926,0.071235,0.996980,50.00,False
-89.478165,8.697670,-65.320970,-0.030926,0.071235,0.996980,50.00,False
-89.478165,8.697670,-67.910818,-0.030926,0.071235,0.996980,50.00,False
-89.478165,8.697670,-70.500665,-0.030926,0.071235,0.996980,50.00,False
-89.483903,9.590076,-73.089639,-0.032073,0.068220,0.997155,50.00,False
-89.483903,9.590076,-75.679487,-0.032073,0.068220,0.997155,50.00,False
-89.478165,8.697670,-78.270208,-0.030926,0.071235,0.996980,50.00,False
-92.419900,2.963354,-89.442010,-0.619273,0.314562,-0.719411,50.00,False
-90.301281,1.513836,-86.299773,-0.995549,0.024658,-0.090963,200.00,True
-90.301281,1.513836,-86.299773,-0.995549,0.024658,-0.090963,50.00,False
-90.301281,1.513836,-83.709925,-0.995549,0.024658,-0.090963,50.00,False
-88.642316,6.504042,-84.236649,-0.663756,0.221891,-0.714278,50.00,False
-85.521708,8.606607,-73.090829,-0.039634,0.067721,0.996917,50.00,False
-85.572408,10.490085,-70.501583,-0.049774,0.062606,0.996796,50.00,False
-85.521708,8.606607,-67.911134,-0.039634,0.067721,0.996917,50.00,False
-85.521708,8.606607,-65.321286,-0.039634,0.067721,0.996917,50.00,False
-85.521708,8.606607,-62.731438,-0.039634,0.067721,0.996917,50.00,False
-85.556124,8.597233,-60.142450,-0.046518,0.065846,0.996745,50.00,False
-85.556124,8.597233,-57.552602,-0.046518,0.065846,0.996745,50.00,False
-85.556124,8.597233,-54.962755,-0.046518,0.065846,0.996745,50.00,False
-85.556124,8.597233,-52.372907,-0.046518,0.065846,0.996745,50.00,False
-85.556124,8.597233,-49.783060,-0.046518,0.065846,0.996745,50.00,False
-85.694336,8.396332,-47.192356,-0.074160,0.025666,0.996916,50.00,False
-85.694336,8.396332,-44.602509,-0.074160,0.025666,0.996916,50.00,False
-85.694336,7.468353,-42.012661,-0.074160,0.025666,0.996916,50.00,False
-84.966802,7.337330,-49.394641,0.071347,0.002058,-0.997449,50.00,False
-84.901798,7.382638,-46.798968,0.084348,0.017409,-0.996284,50.00,False
-85.615265,5.776550,-34.250852,-0.058346,0.076392,0.995369,50.00,False
-85.583039,5.684070,-31.663220,-0.051900,0.086188,0.994926,50.00,False
-85.411024,4.693197,-32.686205,-0.017498,0.962036,0.272360,50.00,False
-85.803663,4.289883,-32.026562,-0.096025,0.988866,-0.113681,50.00,False
-84.832076,6.565366,-32.167249,0.098292,0.744995,-0.659788,50.00,False
-85.110019,5.777112,-30.897839,0.042703,0.380302,-0.923876,50.00,False
-84.625400,6.203754,-28.635177,0.139627,0.042004,-0.989313,50.00,False
-84.665020,6.082820,-26.054410,0.131703,0.017817,-0.991129,50.00,False
-84.640395,7.486943,-23.461329,0.136628,0.016659,-0.990482,50.00,False
-86.704440,9.457198,-16.027791,-0.276181,0.960860,-0.021744,50.00,False
-85.419730,6.756800,-18.326123,-0.019239,0.029481,-0.999380,50.00,False
-85.289254,5.649147,-5.739673,0.006856,0.008518,0.999940,50.00,False
-85.365959,5.065550,-3.184670,-0.008484,0.118050,0.992971,50.00,False
-85.381622,5.966590,-0.787606,-0.011617,0.298258,0.954415,50.00,False
-85.217389,5.625593,-0.221934,0.021229,0.835172,0.549580,50.00,False
-86.011835,3.363539,0.165463,-0.137660,0.984454,0.109089,50.00,False
-85.868724,3.477221,1.902458,-0.109038,0.992135,-0.061481,50.00,False
-85.657180,5.515877,3.054150,-0.066729,0.934702,-0.349112,50.00,False
-85.728235,6.661551,2.609021,-0.080940,0.281615,-0.956108,50.00,False
-85.671373,6.214942,5.085064,-0.069567,0.192293,-0.978869,50.00,False
-85.070903,6.921260,17.562778,0.050527,0.005995,0.998705,50.00,False
-86.492863,9.467640,17.582630,-0.233865,0.842833,0.484706,50.00,False
-88.552010,8.800286,18.931097,-0.645695,0.726071,0.236430,50.00,False
-84.523454,3.681056,25.270858,0.160016,0.037225,0.986412,50.00,False
-86.177923,3.700019,18.006454,-0.170877,0.041018,-0.984438,50.00,False
-86.277947,4.273728,20.672610,-0.190882,0.155759,-0.969176,50.00,False
-85.598390,5.347991,30.215625,-0.054971,0.905181,0.421457,50.00,False
-83.514923,5.482628,26.975137,0.361723,0.560992,-0.744610,50.00,False
-85.390535,5.110452,38.182924,-0.013400,0.203526,0.978978,50.00,False
-85.146046,4.143502,40.874474,0.035498,0.010136,0.999318,50.00,False
-85.146046,4.143502,43.464322,0.035498,0.010136,0.999318,50.00,False
-85.209315,4.150031,46.055946,0.022844,0.011442,0.999674,50.00,False
-85.209315,4.150031,48.645793,0.022844,0.011442,0.999674,50.00,False
-80.991783,7.501892,45.792549,0.866351,0.491452,-0.088945,50.00,False
-87.060658,7.554739,44.357463,-0.347424,0.283166,-0.893932,50.00,False
-87.339368,7.985011,47.230283,-0.403166,0.369220,-0.837337,50.00,False
-87.115721,8.403682,49.925286,-0.358437,0.452954,-0.816306,50.00,False
-86.898754,9.827959,53.611767,-0.315043,0.737810,-0.596979,50.00,False
-87.180079,11.415807,58.598761,-0.371308,0.921039,-0.117550,50.00,False
-87.099850,10.875562,62.255226,-0.355263,0.929847,0.095773,50.00,False
-86.217758,10.847480,66.053009,-0.178844,0.924231,0.337360,50.00,False
-85.347433,7.764673,71.126899,-0.004779,0.551488,0.834169,50.00,False
-81.077373,7.339014,71.098209,0.049233,0.557923,0.828431,200.00,True
-81.077373,7.339014,71.098209,0.049233,0.557923,0.828431,50.00,False
-81.381197,8.096508,67.889655,-0.011532,0.709422,0.704690,50.00,False
-81.619417,6.626544,64.918483,-0.059176,0.775616,0.628425,50.00,False
-84.041162,5.483733,56.377632,-0.543525,0.623689,-0.561776,50.00,False
-82.528971,7.833920,52.936361,-0.241087,0.637153,-0.732061,50.00,False
-82.831872,6.702951,49.537488,-0.301667,0.331664,-0.893866,50.00,False
-82.862245,5.943289,46.745268,-0.307742,0.179732,-0.934340,50.00,False
-82.867757,5.845592,44.139494,-0.308844,0.160192,-0.937525,50.00,False
-84.476825,8.521233,46.473976,-0.630658,0.774616,0.047341,50.00,False
-81.682206,4.342861,38.660483,-0.071734,0.008384,-0.997389,50.00,False
-81.714584,4.342457,36.073066,-0.078210,0.008304,-0.996902,50.00,False
-81.714584,4.134338,33.483219,-0.078210,0.008304,-0.996902,50.00,False
-81.703062,4.241046,30.894511,-0.075905,0.029645,-0.996674,50.00,False
-82.219091,4.045798,28.374772,-0.179111,0.048096,-0.982653,50.00,False
-82.616466,2.639531,29.512133,-0.258586,0.936410,-0.237211,50.00,False
-82.275796,1.970663,27.946231,-0.190452,0.981161,-0.032422,50.00,False
-80.876463,4.871459,29.796085,0.089415,0.509993,0.855519,50.00,False
-82.824631,5.871874,18.211231,-0.300219,0.140389,-0.943483,50.00,False
-82.395747,6.355197,15.501530,-0.214442,0.134344,-0.967453,50.00,False
-80.460409,11.902122,17.998875,0.172626,0.983718,0.049985,50.00,False
-81.211792,10.155990,16.135248,0.022349,0.980503,0.195229,50.00,False
-80.903418,8.577998,7.832891,0.084024,0.309216,-0.947273,50.00,False
-81.717478,6.673200,5.019385,-0.078788,0.098589,-0.992004,50.00,False
-80.678938,5.938742,2.731907,0.128920,0.340046,-0.931530,50.00,False
-81.407097,5.119581,2.933788,-0.016712,0.927607,-0.373185,50.00,False
-80.732630,3.545333,1.456513,0.118181,0.981495,-0.150670,50.00,False
-80.830700,3.261143,0.101987,0.098567,0.990451,0.096394,50.00,False
-80.882680,5.665470,-0.472117,0.088171,0.861790,0.499543,50.00,False
-81.242891,6.157385,-0.590767,0.016129,0.110165,0.993782,50.00,False
-81.132391,5.745941,-3.155126,0.038229,0.027876,0.998880,50.00,False
-81.132391,5.745941,-5.744974,0.038229,0.027876,0.998880,50.00,False
-85.042155,8.516717,-14.973258,-0.743724,0.582032,-0.328807,50.00,False
-85.152810,9.681064,-16.507197,-0.765855,0.632163,-0.117626,50.00,False
-80.611266,7.496594,-23.457052,0.142454,0.018589,-0.989627,50.00,False
-80.664897,6.762308,-26.049280,0.131728,0.048412,-0.990103,50.00,False
-80.678768,6.759984,-28.641067,0.128954,0.047948,-0.990491,50.00,False
-81.855749,6.646959,-30.832632,-0.106443,0.398812,-0.910834,50.00,False
-81.372669,5.668555,-30.551189,-0.009826,0.941605,-0.336576,50.00,False
-81.668532,4.001251,-31.581636,-0.068999,0.997311,-0.024696,50.00,False
-81.725860,5.297669,-33.010055,-0.080465,0.974901,0.207590,50.00,False
-82.019942,6.371650,-32.151377,-0.139281,0.418883,0.897295,50.00,False
-81.738232,5.841399,-34.279773,-0.082939,0.117654,0.989585,50.00,False
-81.706423,6.599025,-36.833200,-0.076577,0.019693,0.996869,50.00,False
-81.715756,7.511769,-39.422911,-0.078444,0.006636,0.996896,50.00,False
-81.749465,7.542290,-42.015823,-0.085186,0.012740,0.996284,50.00,False
-81.707962,7.642839,-44.604596,-0.076885,0.032850,0.996499,50.00,False
-81.707506,8.415424,-47.193882,-0.076794,0.029484,0.996611,50.00,False
-81.713627,8.412242,-49.784112,-0.078018,0.028848,0.996534,50.00,False
-81.713627,8.412242,-52.373959,-0.078018,0.028848,0.996534,50.00,False
-81.680011,8.553240,-54.967366,-0.071295,0.057047,0.995823,50.00,False
-81.680011,8.553240,-57.557214,-0.071295,0.057047,0.995823,50.00,False
-81.680011,8.553240,-60.147062,-0.071295,0.057047,0.995823,50.00,False
-81.663137,8.542276,-62.735114,-0.067920,0.054854,0.996182,50.00,False
-81.663137,8.542276,-65.324962,-0.067920,0.054854,0.996182,50.00,False
-81.663137,8.542276,-67.914809,-0.067920,0.054854,0.996182,50.00,False
-81.958248,11.928782,-77.254947,-0.126942,0.926638,-0.353876,50.00,False
-84.787023,4.775353,-81.532589,-0.692697,0.205152,-0.691435,50.00,False
-86.251446,1.820652,-81.393759,-0.985582,0.086022,-0.145700,50.00,False
-86.251446,1.820652,-83.983606,-0.985582,0.086022,-0.145700,50.00,False
-86.251446,1.820652,-86.573454,-0.985582,0.086022,-0.145700,50.00,False
-82.251446,1.820652,-86.573454,-0.985582,0.086022,-0.145700,200.00,True
-82.251446,1.820652,-86.573454,-0.985582,0.086022,-0.145700,50.00,False
-82.251446,1.820652,-83.983606,-0.985582,0.086022,-0.145700,50.00,False
-82.305072,1.733034,-80.406417,-0.996307,0.068498,0.051769,50.00,False
-82.305072,1.733034,-77.816570,-0.996307,0.068498,0.051769,50.00,False
-82.075514,1.624081,-73.947982,-0.950396,0.046707,0.307517,50.00,False
-79.469402,10.117640,-75.599788,-0.429173,0.723416,-0.540814,50.00,False
-77.655152,9.691636,-65.317218,-0.066323,0.011632,0.997730,50.00,False
-77.631905,9.671658,-62.725687,-0.061674,0.007636,0.998067,50.00,False
-77.631905,9.671658,-60.135839,-0.061674,0.007636,0.998067,50.00,False
-77.621111,9.606237,-57.545320,-0.059515,0.007218,0.998201,50.00,False
-77.066084,9.580435,-64.939836,0.051491,0.002058,-0.998671,50.00,False
-77.591537,9.637509,-52.364274,-0.053600,0.013473,0.998472,50.00,False
-77.658481,8.395205,-49.781011,-0.066989,0.034571,0.997155,50.00,False
-77.560289,8.305009,-47.183229,-0.047350,0.016532,0.998742,50.00,False
-77.560289,8.305009,-44.593381,-0.047350,0.016532,0.998742,50.00,False
-77.560289,8.305009,-42.003534,-0.047350,0.016532,0.998742,50.00,False
-77.560289,8.305009,-39.413686,-0.047350,0.016532,0.998742,50.00,False
-77.655330,6.711805,-36.833041,-0.066359,0.042249,0.996901,50.00,False
-77.655330,6.599187,-34.243194,-0.066359,0.042249,0.996901,50.00,False
-77.353826,6.211118,-32.027083,-0.006058,0.386777,0.922154,50.00,False
-77.271938,5.213952,-32.617728,0.010320,0.958158,0.286055,50.00,False
-76.868758,3.993563,-31.521915,0.090956,0.995773,-0.012752,50.00,False
-76.871869,4.464928,-30.037667,0.090334,0.968062,-0.233872,50.00,False
-77.070102,4.515558,-28.280766,0.050687,0.914911,-0.400461,50.00,False
-76.988927,6.575010,-28.524304,0.066922,0.245286,-0.967138,50.00,False
-76.677668,6.694809,-26.053801,0.129174,0.034913,-0.991007,50.00,False
-76.671347,7.682865,-23.462160,0.130438,0.040020,-0.990648,50.00,False
-77.076051,11.513979,-15.956241,0.049497,0.998747,-0.007434,50.00,False
-74.159830,10.273222,-10.787036,0.632741,0.584064,0.508437,50.00,False
-77.105561,7.365315,-5.744144,0.043595,0.002482,0.999046,50.00,False
-77.155096,5.559378,-3.153244,0.033688,0.018742,0.999257,50.00,False
-77.124254,5.951192,-0.587300,0.039856,0.097105,0.994476,50.00,False
-76.890830,5.496229,0.139831,0.086541,0.778274,0.621933,50.00,False
-76.571445,2.921026,0.208502,0.150418,0.981591,0.117697,50.00,False
-76.598834,2.467585,1.441101,0.144940,0.977421,-0.153753,50.00,False
-77.402107,4.155436,2.368705,-0.015714,0.873706,-0.486201,50.00,False
-77.467474,6.704733,2.680145,-0.028788,0.334706,-0.941883,50.00,False
-77.485859,7.238770,4.986325,-0.032464,0.041371,-0.998616,50.00,False
-74.689303,8.381711,8.934093,0.526847,0.440292,-0.727032,50.00,False
-76.520857,10.048922,15.212861,0.160536,0.986971,0.010752,50.00,False
-76.877726,8.773917,21.654129,0.089162,0.618088,0.781036,50.00,False
-78.215482,5.940096,15.425694,-0.178389,0.051324,-0.982621,50.00,False
-76.607243,4.877302,27.852067,0.143259,0.099365,0.984685,50.00,False
-76.628453,5.026403,27.741331,0.139017,0.884892,0.444568,50.00,False
-77.694326,2.314097,27.940211,-0.074158,0.996679,-0.033626,50.00,False
-77.128268,5.446671,28.462914,0.039054,0.893654,-0.447055,50.00,False
-77.863947,5.111199,28.383809,-0.108082,0.162052,-0.980845,50.00,False
-77.935107,4.573601,30.922922,-0.122314,0.054532,-0.990992,50.00,False
-77.908608,4.585360,33.510231,-0.117014,0.056884,-0.991500,50.00,False
-77.908164,4.576369,36.099519,-0.116925,0.055086,-0.991612,50.00,False
-81.686677,6.552834,44.591872,-0.872628,0.450379,0.188889,50.00,False
-80.456188,8.947896,45.907745,-0.626530,0.776605,-0.065906,50.00,False
-78.824943,5.709312,44.101608,-0.300281,0.128889,-0.945103,50.00,False
-78.927334,5.878343,46.751554,-0.320760,0.162695,-0.933083,50.00,False
-79.245648,6.865256,49.756629,-0.384422,0.360077,-0.850037,50.00,False
-79.650622,8.065976,53.785408,-0.465417,0.683565,-0.562251,50.00,False
-72.531190,2.569971,57.963953,0.958469,0.146802,-0.244512,50.00,False
-77.972596,7.549891,65.271663,-0.129812,0.703180,0.699061,50.00,False
-76.754369,6.653764,68.586731,0.113834,0.523955,0.844105,50.00,False
-76.639811,6.270715,71.600361,0.136745,0.344263,0.928861,50.00,False
-73.598569,7.766598,71.705960,-0.055007,0.307425,0.949981,200.00,True
-73.598569,7.766598,71.705960,-0.055007,0.307425,0.949981,50.00,False
-73.265562,9.054255,68.491403,0.011595,0.564956,0.825039,50.00,False
-73.354593,6.392612,66.184979,-0.006211,0.471725,0.881724,50.00,False
-73.092256,4.914310,57.343545,0.046256,0.928439,-0.368593,50.00,False
-73.105005,4.311376,51.753602,0.043706,0.244704,-0.968612,50.00,False
-74.561905,7.499150,49.818652,-0.247674,0.486856,-0.837633,50.00,False
-74.302408,9.507197,47.506005,-0.195774,0.591479,-0.782193,50.00,False
-74.480331,8.023049,44.191242,-0.231359,0.294649,-0.927176,50.00,False
-74.904903,7.008288,41.516143,-0.316273,0.091697,-0.944226,50.00,False
-68.698007,5.924631,42.663505,0.925106,0.324738,-0.196784,50.00,False
-73.964255,4.687820,36.113915,-0.128144,0.077376,-0.988733,50.00,False
-73.919857,4.728236,33.521841,-0.119264,0.085459,-0.989178,50.00,False
-73.895717,4.740369,30.930205,-0.114436,0.087886,-0.989535,50.00,False
-73.983771,4.906812,28.453761,-0.132047,0.218530,-0.966855,50.00,False
-74.314085,5.286119,27.612842,-0.198110,0.761563,-0.617069,50.00,False
-72.881968,2.475741,27.142279,0.088314,0.977174,-0.193212,50.00,False
-73.292312,4.839369,27.082987,0.006245,0.949766,0.312899,50.00,False
-73.996960,5.235509,17.979205,-0.134685,0.044519,-0.989888,50.00,False
-72.577494,5.289977,25.279695,0.149208,0.035183,0.988180,50.00,False
-72.482253,5.251693,22.675744,0.168257,0.027526,0.985359,50.00,False
-72.142605,9.847956,15.636377,0.236186,0.967008,0.095455,50.00,False
-75.107049,9.343302,14.365047,-0.356703,0.862420,0.359159,50.00,False
-73.414931,6.931639,5.017423,-0.018279,0.121716,-0.992397,50.00,False
-73.499105,6.023321,2.492123,-0.035114,0.198424,-0.979487,50.00,False
-73.220531,6.973241,0.519565,0.020601,0.516517,-0.856029,50.00,False
-72.736876,2.782796,1.460400,0.117332,0.981716,-0.149893,50.00,False
-72.331068,2.321922,0.318644,0.198494,0.970091,0.139726,50.00,False
-73.418741,5.212927,0.784762,-0.019041,0.660120,0.750919,50.00,False
-73.070920,5.626907,-0.568669,0.050523,0.032248,0.998202,50.00,False
-73.070920,5.626907,-3.158516,0.050523,0.032248,0.998202,50.00,False
-73.071655,7.499548,-5.747877,0.050376,0.029329,0.998300,50.00,False
-73.071655,7.499548,-8.337724,0.050376,0.029329,0.998300,50.00,False
-72.542367,12.111180,-15.254867,0.156234,0.978746,0.132841,50.00,False
-72.485917,7.769537,-23.429909,0.167524,0.057354,-0.984198,50.00,False
-72.535643,7.485057,-26.029040,0.157579,0.053522,-0.986055,50.00,False
-72.329097,6.864307,-28.305305,0.198888,0.328466,-0.923338,50.00,False
-72.904039,4.176931,-28.326611,0.083899,0.908385,-0.409630,50.00,False
-73.092231,3.411403,-30.077843,0.046261,0.969196,-0.241907,50.00,False
-73.284894,3.390296,-31.376199,0.007729,0.999836,0.016391,50.00,False
-73.259773,4.150295,-32.831097,0.012753,0.969847,0.243381,50.00,False
-73.944039,6.108801,-32.088016,-0.124101,0.395676,0.909967,50.00,False
-73.749158,7.136971,-34.263376,-0.085124,0.083510,0.992865,50.00,False
-73.729629,7.944196,-36.849470,-0.081219,0.078309,0.993615,50.00,False
-73.729629,7.944196,-39.439317,-0.081219,0.078309,0.993615,50.00,False
-73.720545,8.588069,-42.026463,-0.079402,0.073144,0.994156,50.00,False
-73.636337,9.869368,-44.602461,-0.062560,0.047178,0.996925,50.00,False
-73.616361,9.825327,-47.189207,-0.058565,0.038370,0.997546,50.00,False
-73.616361,9.825327,-49.779054,-0.058565,0.038370,0.997546,50.00,False
-73.605708,9.829965,-52.368469,-0.056434,0.039298,0.997633,50.00,False
-73.605708,9.829965,-54.958316,-0.056434,0.039298,0.997633,50.00,False
-73.605708,9.829965,-57.548164,-0.056434,0.039298,0.997633,50.00,False
-73.605708,9.829965,-60.138011,-0.056434,0.039298,0.997633,50.00,False
-73.605708,9.829965,-62.727859,-0.056434,0.039298,0.997633,50.00,False
-76.479542,6.769457,-73.147547,-0.631201,0.527807,-0.568335,50.00,False
-78.075514,1.624081,-71.358134,-0.950396,0.046707,0.307517,50.00,False
-78.075514,1.624081,-73.947982,-0.950396,0.046707,0.307517,50.00,False
-78.220925,2.327301,-77.703833,-0.979478,0.187351,0.074316,50.00,False
-78.256894,2.118114,-81.029438,-0.986672,0.145514,-0.072835,50.00,False
-78.251446,1.820652,-83.983606,-0.985582,0.086022,-0.145700,50.00,False
-78.251446,1.820652,-86.573454,-0.985582,0.086022,-0.145700,50.00,False
-74.251446,1.820652,-86.573454,-0.985582,0.086022,-0.145700,200.00,True
-74.251446,1.820652,-86.573454,-0.985582,0.086022,-0.145700,50.00,False
-74.251446,1.820652,-83.983606,-0.985582,0.086022,-0.145700,50.00,False
-74.256894,2.118114,-81.029438,-0.986672,0.145514,-0.072835,50.00,False
-74.076910,2.180150,-76.740512,-0.950675,0.157921,0.266980,50.00,False
-74.075514,1.624081,-73.947982,-0.950396,0.046707,0.307517,50.00,False
-73.916040,1.445901,-70.919397,-0.918501,0.011071,0.395264,50.00,False
-73.779380,1.406596,-68.037566,-0.891169,0.003210,0.453661,50.00,False
-66.911020,5.705020,-66.964315,0.482503,0.862895,0.150342,50.00,False
-69.791125,10.499153,-60.161366,-0.093518,0.072675,0.992962,50.00,False
-69.791125,11.405702,-57.571519,-0.093518,0.072675,0.992962,50.00,False
-69.893153,10.855298,-54.981101,-0.113923,0.028673,0.993076,50.00,False
-69.822494,10.496965,-52.394718,-0.099792,0.072237,0.992383,50.00,False
-69.923531,10.323374,-49.806460,-0.119999,0.037519,0.992065,50.00,False
-69.982614,10.216789,-47.221227,-0.131816,0.016202,0.991142,50.00,False
-69.860524,7.935331,-44.630759,-0.107398,0.076536,0.991266,50.00,False
-69.901475,7.937041,-42.045652,-0.115588,0.076878,0.990318,50.00,False
-69.901475,7.937041,-39.455805,-0.115588,0.076878,0.990318,50.00,False
-69.912180,7.519330,-36.868086,-0.117729,0.079081,0.989892,50.00,False
-69.912180,7.146488,-34.278238,-0.117729,0.079081,0.989892,50.00,False
-69.750182,5.934018,-32.176919,-0.085329,0.443534,0.892186,50.00,False
-69.580031,3.577531,-31.236793,-0.051299,0.825380,0.562242,50.00,False
-70.353359,4.341052,-31.610614,-0.205964,0.978084,-0.030492,50.00,False
-69.998050,4.534461,-29.603396,-0.134903,0.979891,-0.147018,50.00,False
-68.170686,6.204981,-29.651380,0.230570,0.701266,-0.674584,50.00,False
-68.026199,6.553116,-28.346740,0.259467,0.254461,-0.931626,50.00,False
-68.436532,6.834864,-25.993080,0.177401,0.101766,-0.978863,50.00,False
-68.448896,7.397940,-23.421120,0.174928,0.064890,-0.982441,50.00,False
-66.228542,10.245586,-16.160156,0.618999,0.783910,-0.048217,50.00,False
-67.334585,9.072784,-11.223264,0.397790,0.815083,0.421192,50.00,False
-69.136405,5.214289,-5.747589,0.037426,0.043384,0.998357,50.00,False
-69.142732,5.218922,-3.157711,0.036161,0.044311,0.998363,50.00,False
-69.138288,5.203382,-0.567361,0.037050,0.041203,0.998464,50.00,False
-68.945431,5.077461,1.490483,0.075621,0.445539,0.892063,50.00,False
-68.718215,1.689948,-0.256689,0.121064,0.992338,0.024659,50.00,False
-68.940867,3.054548,1.115346,0.076534,0.972740,-0.218903,50.00,False
-69.101630,5.897552,0.134964,0.044381,0.357261,-0.932949,50.00,False
-69.351147,6.864212,2.419007,-0.005522,0.108231,-0.994110,50.00,False
-69.349855,7.895829,5.011447,-0.005264,0.112904,-0.993592,50.00,False
-65.613196,9.417718,13.856286,0.742068,0.618932,0.257406,50.00,False
-66.869870,8.329544,16.276696,0.490733,0.842152,0.223519,50.00,False
-68.626481,5.720826,22.698102,0.139411,0.028289,0.989830,50.00,False
-68.612907,4.294376,25.284924,0.142126,0.035119,0.989225,50.00,False
-68.300525,4.739724,27.741399,0.204602,0.177858,0.962551,50.00,False
-68.404539,5.698077,27.156951,0.183799,0.926734,0.327692,50.00,False
-69.029503,1.695277,27.822399,0.058807,0.996630,-0.057188,50.00,False
-70.175954,5.917950,26.570412,-0.170484,0.537954,-0.825555,50.00,False
-69.860185,4.546685,28.371185,-0.107330,0.146504,-0.983370,50.00,False
-69.963306,4.354038,30.948458,-0.127954,0.107975,-0.985885,50.00,False
-68.555443,6.093045,43.408298,0.153619,0.005748,0.988113,50.00,False
-69.927466,6.357521,36.102853,-0.120786,0.058643,-0.990945,50.00,False
-65.751808,8.233574,43.027834,0.714346,0.688734,-0.123918,50.00,False
-70.597303,7.134024,41.536837,-0.254753,0.226576,-0.940087,50.00,False
-70.317306,8.605086,44.378724,-0.198754,0.411056,-0.889679,50.00,False
-70.317306,8.056429,46.968571,-0.198754,0.411056,-0.889679,50.00,False
-70.102356,7.441846,49.840206,-0.155764,0.530389,-0.833322,50.00,False
-67.772486,7.370530,53.991865,0.310210,0.795217,-0.520960,50.00,False
-74.145017,3.385580,60.267496,-0.964296,0.152944,0.216197,50.00,False
-68.265795,5.008446,66.423426,0.211548,0.302388,0.929413,50.00,False
-68.439862,6.727667,68.963841,0.176735,0.351048,0.919527,50.00,False
-68.529369,8.162526,71.492992,0.158833,0.389127,0.907388,50.00,False
-64.399747,7.161120,71.778403,0.184758,0.188846,0.964470,200.00,True
-64.399747,7.161120,71.778403,0.184758,0.188846,0.964470,50.00,False
-64.712469,8.356783,68.843645,0.122214,0.427978,0.895488,50.00,False
-64.516114,7.772972,65.886512,0.161484,0.546066,0.822031,50.00,False
-64.370751,5.379862,63.480416,0.190557,0.475587,0.858781,50.00,False
-70.089604,1.631331,58.061571,-0.953213,0.074471,0.292981,50.00,False
-65.995547,8.422430,50.637372,-0.134402,0.726505,-0.673889,50.00,False
-67.184769,6.440317,47.079694,-0.372247,0.330083,-0.867455,50.00,False
-67.149571,5.887150,44.303666,-0.365207,0.219449,-0.904691,50.00,False
-67.172749,6.257962,41.671459,-0.369843,0.171319,-0.913163,50.00,False
-68.398703,9.340648,43.488040,-0.615033,0.787856,-0.031877,50.00,False
-66.492542,9.935983,41.062043,-0.233801,0.972284,0.000893,50.00,False
-66.062696,6.402747,33.534263,-0.147832,0.067688,-0.986693,50.00,False
-66.062696,6.402747,30.944415,-0.147832,0.067688,-0.986693,50.00,False
-64.817066,5.478619,38.245880,0.101294,0.080811,0.991569,50.00,False
-66.083275,4.841241,25.788637,-0.151948,0.112980,-0.981910,50.00,False
-65.237629,5.532111,26.642119,0.017181,0.955883,-0.293244,50.00,False
-64.560591,2.217972,25.726514,0.152589,0.987414,0.041604,50.00,False
-64.788827,5.139269,27.794104,0.106942,0.204097,0.973092,50.00,False
-64.707616,4.548098,25.282109,0.123184,0.085863,0.988662,50.00,False
-63.929584,4.150828,22.550602,0.278791,0.006409,0.960331,50.00,False
-66.690786,9.320871,15.595048,-0.273450,0.957926,0.087189,50.00,False
-67.569266,8.988727,14.883173,-0.449146,0.764264,0.462784,50.00,False
-65.129765,6.853911,5.005577,0.038754,0.094546,-0.994766,50.00,False
-65.058025,5.916992,2.507999,0.053102,0.209750,-0.976312,50.00,False
-65.317277,2.869063,1.803981,0.001252,0.800639,-0.599146,50.00,False
-64.912211,2.780007,0.268109,0.082265,0.917832,-0.388351,50.00,False
-64.881972,1.722997,-1.323335,0.088313,0.978062,-0.188670,50.00,False
-64.507983,4.685305,1.626437,0.163111,0.358284,0.919254,50.00,False
-64.745734,4.521274,-0.618840,0.115561,0.100847,0.988168,50.00,False
-64.688219,6.121723,-3.199863,0.127063,0.062355,0.989933,50.00,False
-64.583796,6.977730,-5.807647,0.147948,0.072346,0.986345,50.00,False
-65.284353,10.682879,-12.209836,0.007837,0.974586,0.223877,50.00,False
-61.896548,6.750651,-19.303430,0.685398,0.268467,-0.676872,50.00,False
-64.344058,6.807684,-23.388327,0.195896,0.096330,-0.975882,50.00,False
-64.374491,6.825542,-25.982391,0.189809,0.099902,-0.976725,50.00,False
-64.432237,5.543951,-28.485232,0.178260,0.218909,-0.959324,50.00,False
-63.493770,4.979604,-30.358832,0.365953,0.447326,-0.816074,50.00,False
-65.040705,3.882396,-29.044698,0.056566,0.997775,-0.035278,50.00,False
-65.547901,4.709126,-29.843800,-0.044873,0.945379,0.322871,50.00,False
-65.349286,5.709575,-29.640354,-0.005150,0.472100,0.881530,50.00,False
-65.922918,6.512559,-31.787601,-0.119876,0.211264,0.970050,50.00,False
-65.833208,7.159347,-34.253869,-0.101934,0.007084,0.994766,50.00,False
-65.880556,7.500772,-36.852337,-0.111404,0.038171,0.993042,50.00,False
-65.911062,8.287536,-39.445556,-0.117505,0.037407,0.992368,50.00,False
-65.922199,8.248329,-42.035412,-0.119733,0.029566,0.992366,50.00,False
-65.937701,8.274699,-44.628011,-0.122833,0.034840,0.991816,50.00,False
-65.905082,8.467466,-47.224448,-0.116309,0.073393,0.990498,50.00,False
-65.927560,8.468288,-49.817048,-0.120805,0.073557,0.989947,50.00,False
-65.921614,8.471931,-52.406446,-0.119616,0.074286,0.990037,50.00,False
-65.921614,8.471931,-54.996293,-0.119616,0.074286,0.990037,50.00,False
-65.915883,8.458840,-57.584487,-0.118469,0.071668,0.990368,50.00,False
-65.028033,8.283736,-65.875704,0.059101,0.986932,-0.149906,50.00,False
-69.649716,1.599211,-65.217898,-0.865236,0.041733,0.499625,50.00,False
-69.649716,1.599211,-67.807745,-0.865236,0.041733,0.499625,50.00,False
-69.916040,1.445901,-70.919397,-0.918501,0.011071,0.395264,50.00,False
-70.048215,1.704827,-73.879751,-0.944936,0.062857,0.321163,50.00,False
-70.076910,2.180150,-76.740512,-0.950675,0.157921,0.266980,50.00,False
-70.220925,3.359471,-80.293680,-0.979478,0.187351,0.074316,50.00,False
-70.251446,1.820652,-83.983606,-0.985582,0.086022,-0.145700,50.00,False
-70.251446,1.820652,-86.573454,-0.985582,0.086022,-0.145700,50.00,False
-66.097738,2.535142,-86.791999,-0.954840,0.228920,-0.189409,200.00,True
-66.097738,2.535142,-86.791999,-0.954840,0.228920,-0.189409,50.00,False
-66.191404,2.355972,-83.864875,-0.973573,0.193086,-0.121953,50.00,False
-66.220925,3.359471,-80.293680,-0.979478,0.187351,0.074316,50.00,False
-66.076910,3.212321,-76.740512,-0.950675,0.157921,0.266980,50.00,False
-66.048215,1.704827,-73.879751,-0.944936,0.062857,0.321163,50.00,False
-65.649716,1.599211,-70.397593,-0.865236,0.041733,0.499625,50.00,False
-65.582520,2.169581,-67.805038,-0.851797,0.155807,0.500166,50.00,False
-65.323709,2.259179,-64.844769,-0.800034,0.173727,0.574251,50.00,False
-65.183541,2.208447,-62.055116,-0.772001,0.163581,0.614212,50.00,False
-60.248287,9.812136,-63.105555,0.215050,0.969945,-0.113846,50.00,False
-61.748207,8.223126,-54.966056,-0.084934,0.024525,0.996085,50.00,False
-61.714068,8.242616,-52.373933,-0.078106,0.028423,0.996540,50.00,False
-61.714068,8.242616,-49.784085,-0.078106,0.028423,0.996540,50.00,False
-60.907902,8.123260,-57.159579,0.083127,0.004552,-0.996529,50.00,False
-60.943879,8.243423,-54.570605,0.075931,0.028584,-0.996703,50.00,False
-61.572847,7.531242,-42.003853,-0.049862,0.012522,0.998678,50.00,False
-60.870044,7.715845,-49.380645,0.090698,0.049443,-0.994650,50.00,False
-60.836594,7.771177,-46.784573,0.097388,0.060509,-0.993405,50.00,False
-61.091379,6.818549,-44.219533,0.046431,0.033279,-0.998367,50.00,False
-61.266099,6.587747,-31.767903,0.011487,0.226302,0.973989,50.00,False
-61.781884,6.974115,-29.493558,-0.091669,0.402341,0.910889,50.00,False
-62.010999,4.520197,-29.474656,-0.137493,0.907593,0.396700,50.00,False
-61.022405,4.962795,-28.743621,0.060226,0.997873,0.024937,50.00,False
-60.372191,5.378089,-27.160455,0.190269,0.965754,-0.176399,50.00,False
-60.026859,5.858423,-28.307411,0.259336,0.281803,-0.923760,50.00,False
-59.836171,6.958038,-25.816661,0.297473,0.145492,-0.943579,50.00,False
-59.101643,5.983290,-22.951056,0.444379,0.114995,-0.888428,50.00,False
-57.113261,6.501536,-18.384522,0.842055,0.218644,-0.493090,50.00,False
-57.263393,4.879579,-10.527626,0.812029,0.163254,0.560319,50.00,False
-63.250194,4.147138,-15.352504,-0.385332,0.016766,-0.922626,50.00,False
-59.927272,4.207064,-3.350592,0.279253,0.028751,0.959787,50.00,False
-60.058091,4.513958,-0.743502,0.253089,0.090130,0.963235,50.00,False
-61.004841,4.770457,0.548375,0.063739,0.707691,0.703641,50.00,False
-61.274034,0.833944,-0.970860,0.009900,0.992943,-0.118175,50.00,False
-61.405928,2.667745,0.067609,-0.016478,0.903415,-0.428451,50.00,False
-61.129680,4.595161,2.042517,0.038771,0.833314,-0.551439,50.00,False
-60.675811,6.052736,2.548905,0.129545,0.214339,-0.968131,50.00,False
-60.863219,5.594088,5.018958,0.092063,0.085336,-0.992090,50.00,False
-61.955083,10.815875,11.150714,-0.126309,0.950555,-0.283708,50.00,False
-64.144500,9.130855,12.620998,-0.564193,0.651159,-0.507621,50.00,False
-63.616798,7.208516,13.510689,-0.458652,0.266691,-0.847652,50.00,False
-60.557128,4.893644,25.266204,0.153282,0.073013,0.985481,50.00,False
-60.628239,5.277305,27.613054,0.139059,0.320803,0.936882,50.00,False
-61.085797,1.814149,25.927378,0.047548,0.995516,0.081777,50.00,False
-62.230059,4.253737,23.559264,-0.181305,0.373316,-0.909815,50.00,False
-61.929546,5.893993,25.741908,-0.121202,0.052171,-0.991256,50.00,False
-61.881006,5.854312,28.320389,-0.111494,0.021650,-0.993529,50.00,False
-61.881006,5.854312,30.910236,-0.111494,0.021650,-0.993529,50.00,False
-61.959494,6.264134,33.512367,-0.127192,0.039966,-0.991073,50.00,False
-64.628851,9.367291,41.210189,-0.661063,0.749709,0.030522,50.00,False
-64.493364,5.877621,39.810060,-0.633966,0.095251,-0.767473,50.00,False
-63.296325,6.352318,41.742410,-0.394558,0.190191,-0.898973,50.00,False
-63.435038,6.919654,44.556716,-0.422300,0.303658,-0.854081,50.00,False
-63.222549,6.654387,47.563749,-0.379803,0.511721,-0.770644,50.00,False
-56.901771,3.568403,52.411793,0.884353,0.340816,-0.319005,50.00,False
-60.708575,6.852942,59.937277,0.122992,0.733815,0.668123,50.00,False
-60.207621,8.185186,62.911982,0.223183,0.628509,0.745094,50.00,False
-60.365731,7.756100,65.865337,0.191561,0.542692,0.817796,50.00,False
-60.219437,8.122867,68.842956,0.220820,0.386765,0.895350,50.00,False
-60.180788,7.539255,71.640655,0.228550,0.264473,0.936920,50.00,False
-55.951526,5.811356,71.702281,0.274402,0.153743,0.949245,200.00,True
-55.951526,5.811356,71.702281,0.274402,0.153743,0.949245,50.00,False
-55.832272,5.973523,69.046974,0.298253,0.186177,0.936154,50.00,False
-56.057480,6.747038,66.303182,0.253211,0.340880,0.905365,50.00,False
-56.057480,6.140970,63.713334,0.253211,0.340880,0.905365,50.00,False
-57.669315,7.049799,60.845367,-0.069156,0.522645,0.849741,50.00,False
-57.208514,2.058172,54.888059,0.023004,0.984077,0.176249,50.00,False
-59.223492,6.495912,47.463546,-0.379991,0.480026,-0.790685,50.00,False
-58.972761,7.149553,44.442614,-0.329845,0.349637,-0.876901,50.00,False
-59.215763,6.406201,41.719554,-0.378445,0.200967,-0.903544,50.00,False
-59.099016,5.730506,38.984879,-0.355096,0.065828,-0.932509,50.00,False
-52.816548,7.299300,40.367692,0.901398,0.410420,-0.137977,50.00,False
-59.045079,10.473785,41.340728,-0.344309,0.742487,0.574600,50.00,False
-57.814604,7.005173,30.908033,-0.098214,0.048765,-0.993970,50.00,False
-57.185520,7.628530,38.210326,0.027603,0.173436,0.984458,50.00,False
-57.852132,6.071719,25.736884,-0.105719,0.065131,-0.992261,50.00,False
-57.378265,4.662737,24.839208,-0.010946,0.756565,-0.653826,50.00,False
-57.778209,3.116696,26.559922,-0.090935,0.973832,0.208286,50.00,False
-56.099614,4.764030,26.992155,0.244784,0.528768,0.812702,50.00,False
-56.383922,5.698286,25.187427,0.187923,0.155937,0.969726,50.00,False
-56.060391,6.324651,22.585337,0.252629,0.023507,0.967278,50.00,False
-55.744335,6.413068,10.656582,0.315840,0.298894,-0.900504,50.00,False
-55.407992,6.386537,8.034426,0.383109,0.175046,-0.906966,50.00,False
-55.684964,6.326281,5.326353,0.327714,0.162994,-0.930611,50.00,False
-56.479345,5.923739,2.540196,0.168838,0.175616,-0.969873,50.00,False
-57.312813,4.883303,2.147259,0.002145,0.847688,-0.530490,50.00,False
-57.450620,2.233216,0.226902,-0.025417,0.917643,-0.396592,50.00,False
-58.018725,2.219819,-0.396835,-0.139038,0.990281,-0.003370,50.00,False
-55.939819,5.571396,-1.423920,0.276743,0.909846,0.309182,50.00,False
-55.910584,4.417881,-1.179479,0.282591,0.390764,0.876040,50.00,False
-59.607596,4.123107,-12.596941,-0.456812,0.011959,-0.889483,50.00,False
-59.826519,4.379911,-15.056183,-0.500597,0.063320,-0.863362,50.00,False
-59.846193,6.282598,-17.330545,-0.504531,0.324075,-0.800264,50.00,False
-54.112893,6.094989,-19.474199,0.642129,0.286554,-0.711026,50.00,False
-54.246365,5.096179,-22.174767,0.615434,0.289314,-0.733170,50.00,False
-55.435141,5.634361,-24.495719,0.377679,0.629116,-0.679391,50.00,False
-56.140085,5.390927,-25.066506,0.236690,0.931683,-0.275579,50.00,False
-57.728153,4.144576,-26.072732,-0.080923,0.995871,0.041146,50.00,False
-57.617607,3.586737,-27.845175,-0.058814,0.977072,0.204627,50.00,False
-58.161071,5.663210,-29.523195,-0.167507,0.906741,0.386992,50.00,False
-58.240328,5.273344,-30.717048,-0.183358,0.722889,0.666191,50.00,False
-57.583143,7.204799,-31.662821,-0.051921,0.085248,0.995006,50.00,False
-57.569390,7.108881,-34.235061,-0.049171,0.022912,0.998528,50.00,False
-57.259106,7.611556,-46.815088,0.012886,0.028585,-0.999508,50.00,False
-57.259106,7.891601,-49.404935,0.012886,0.028585,-0.999508,50.00,False
-57.206260,7.890642,-51.993849,0.023455,0.028393,-0.999322,50.00,False
-57.206260,7.890642,-54.583697,0.023455,0.028393,-0.999322,50.00,False
-57.206260,7.890642,-57.173545,0.023455,0.028393,-0.999322,50.00,False
-57.206260,7.890642,-59.763392,0.023455,0.028393,-0.999322,50.00,False
-57.513924,8.127249,-52.360329,-0.038078,0.005350,0.999260,50.00,False
-57.192835,7.029818,-64.944645,0.026140,0.007100,-0.999633,50.00,False
-60.464203,2.680397,-58.865837,-0.628133,0.257971,0.734098,50.00,False
-60.843868,2.632378,-61.799748,-0.704066,0.248367,0.665285,50.00,False
-61.131651,2.677929,-64.742658,-0.761623,0.257477,0.594673,50.00,False
-61.144585,2.919556,-67.466556,-0.764210,0.305802,0.567863,50.00,False
-61.396342,2.748046,-70.332626,-0.814561,0.271500,0.512618,50.00,False
-61.757091,2.891961,-73.727915,-0.886711,0.300283,0.351530,50.00,False
-61.852128,3.920772,-76.576186,-0.905718,0.299611,0.299845,50.00,False
-61.707971,4.821145,-80.821023,-0.876887,0.479686,-0.031152,50.00,False
-61.551164,4.802022,-84.465918,-0.845526,0.475861,-0.242162,50.00,False
-62.097738,2.535142,-86.791999,-0.954840,0.228920,-0.189409,50.00,False
-57.551164,4.802022,-87.055766,-0.845526,0.475861,-0.242162,200.00,True
-57.551164,4.802022,-87.055766,-0.845526,0.475861,-0.242162,50.00,False
-57.225822,5.383429,-84.258273,-0.780457,0.592143,-0.200633,50.00,False
-57.255955,5.490778,-81.016079,-0.786484,0.613613,-0.070164,50.00,False
-57.510337,4.896584,-76.787199,-0.837360,0.482129,0.257643,50.00,False
-57.270412,4.574126,-73.235752,-0.789375,0.417637,0.449963,50.00,False
-57.058325,4.238735,-70.070994,-0.746958,0.350559,0.564945,50.00,False
-56.952866,4.212687,-67.331595,-0.725866,0.345349,0.594855,50.00,False
-56.603271,3.978210,-64.249544,-0.655947,0.298454,0.693296,50.00,False
-56.464203,3.385916,-61.455685,-0.628133,0.257971,0.734098,50.00,False
-56.464203,3.385916,-58.865837,-0.628133,0.257971,0.734098,50.00,False
-56.348732,1.455641,-56.061189,-0.605039,0.173518,0.777058,50.00,False
-53.350241,8.059621,-62.354130,-0.005341,0.031175,-0.999500,50.00,False
-53.329347,9.588160,-59.762861,-0.001162,0.039590,-0.999215,50.00,False
-53.329347,9.588160,-57.173013,-0.001162,0.039590,-0.999215,50.00,False
-53.329347,9.588160,-54.583166,-0.001162,0.039590,-0.999215,50.00,False
-53.374182,9.638500,-51.990816,-0.010129,0.049658,-0.998715,50.00,False
-53.350241,8.059621,-49.404892,-0.005341,0.031175,-0.999500,50.00,False
-53.279943,7.975186,-36.818246,0.008719,0.014288,0.999860,50.00,False
-53.375663,8.073906,-34.238559,-0.010425,0.065046,0.997828,50.00,False
-53.868245,6.838949,-32.466410,-0.108942,0.540458,0.834288,50.00,False
-53.938162,7.344244,-30.416810,-0.122925,0.676363,0.726239,50.00,False
-53.696760,5.521399,-29.097648,-0.074645,0.878378,0.472101,50.00,False
-53.217062,4.350333,-26.775889,0.021295,0.907975,0.418484,50.00,False
-53.147659,3.686855,-25.940686,0.035175,0.997095,0.067555,50.00,False
-52.407599,2.850431,-23.745296,0.183187,0.983013,-0.011337,50.00,False
-51.679283,3.203840,-21.558098,0.328851,0.939903,-0.091867,50.00,False
-48.914115,5.940735,-20.489425,0.881884,0.255703,-0.396101,50.00,False
-56.876114,5.058587,-12.400747,-0.710515,0.004903,0.703665,50.00,False
-55.361750,5.780847,-17.833444,-0.407643,0.149355,-0.900844,50.00,False
-55.383409,5.607348,-15.259140,-0.411974,0.114655,-0.903953,50.00,False
-51.230857,5.185361,-3.611046,0.418536,0.030258,0.907696,50.00,False
-51.968123,1.596536,-4.397194,0.271083,0.934055,0.232497,50.00,False
-52.001425,0.823644,-2.677967,0.264422,0.962639,0.058373,50.00,False
-52.320898,1.901362,-0.707083,0.200528,0.977501,-0.065420,50.00,False
-53.060652,3.139527,0.763437,0.052577,0.955798,-0.289285,50.00,False
-52.828104,5.543808,2.115310,0.099086,0.837819,-0.536880,50.00,False
-52.721596,5.309830,3.011485,0.120388,0.467767,-0.875615,50.00,False
-52.712716,5.944685,5.143323,0.122164,0.222639,-0.967217,50.00,False
-54.875118,5.505608,7.864133,-0.310316,0.134823,-0.941024,50.00,False
-56.100353,5.047759,11.027684,-0.555363,0.093953,-0.826283,50.00,False
-50.524560,3.721565,21.823551,0.559795,0.150114,0.814920,50.00,False
-51.246849,5.764931,24.807700,0.415338,0.169266,0.893781,50.00,False
-53.717273,4.831285,25.139327,-0.078747,0.893484,0.442136,50.00,False
-54.002051,0.852294,25.432754,-0.135703,0.990601,-0.017148,50.00,False
-54.143959,3.764426,25.502836,-0.164084,0.837574,-0.521101,50.00,False
-53.815687,4.113423,25.807724,-0.098430,0.183429,-0.978093,50.00,False
-52.575674,7.082806,38.221327,0.149572,0.064291,0.986658,50.00,False
-51.835049,6.280079,31.343500,0.297697,0.298247,-0.906876,50.00,False
-49.551274,5.723522,35.282900,0.754452,0.158353,-0.636966,50.00,False
-54.750756,8.768765,43.928188,-0.285444,0.767402,0.574122,50.00,False
-55.732843,5.912965,39.317068,-0.481861,0.133153,-0.866072,50.00,False
-55.597098,6.167355,41.880184,-0.454712,0.184031,-0.871418,50.00,False
-51.751911,4.662379,52.969111,0.314325,0.463634,0.828398,50.00,False
-52.609063,5.781439,53.704056,0.142895,0.877696,0.457418,50.00,False
-53.326697,0.327939,53.541143,-0.000632,0.995653,-0.093135,50.00,False
-53.175813,6.094489,61.209857,0.029545,0.384532,0.922639,50.00,False
-52.448529,8.488884,63.403498,0.175001,0.507992,0.843397,50.00,False
-52.303372,8.036299,66.406166,0.204033,0.317752,0.925961,50.00,False
-52.691209,9.274209,68.977125,0.126465,0.365491,0.922184,50.00,False
-52.462330,8.799075,71.692039,0.172241,0.270464,0.947197,50.00,False
-47.996669,9.255727,71.424503,0.265374,0.361795,0.893690,200.00,True
-47.996669,9.255727,71.424503,0.265374,0.361795,0.893690,50.00,False
-47.996669,9.255727,68.834655,0.265374,0.361795,0.893690,50.00,False
-48.247713,9.454370,66.227435,0.215165,0.401524,0.890215,50.00,False
-48.730987,8.719357,63.601003,0.118510,0.454363,0.882898,50.00,False
-48.096461,7.842248,60.991652,0.245415,0.408821,0.878998,50.00,False
-47.593572,5.017385,58.546705,0.345993,0.236359,0.907978,50.00,False
-49.455390,3.089641,51.946924,-0.026371,0.994017,0.105991,50.00,False
-48.771029,2.039752,50.577231,0.110501,0.930201,0.350022,50.00,False
-52.020016,6.146602,42.205754,-0.539296,0.242969,-0.806304,50.00,False
-51.850599,5.420205,39.360776,-0.505413,0.097690,-0.857330,50.00,False
-52.640289,7.540566,37.456535,-0.663351,0.203140,-0.720209,50.00,False
-53.812775,5.251514,37.678590,-0.897848,0.411047,-0.157828,50.00,False
-46.798388,4.072215,31.652204,0.505030,0.175187,-0.845136,50.00,False
-47.914815,3.982318,28.555420,0.281744,0.157208,-0.946523,50.00,False
-48.305239,4.394620,25.951920,0.203660,0.239668,-0.949253,50.00,False
-49.328228,6.338788,24.779007,-0.000938,0.746070,-0.665867,50.00,False
-49.815991,1.481223,25.150267,-0.098491,0.992409,-0.073645,50.00,False
-48.794872,2.017130,23.636372,0.105733,0.984269,0.141545,50.00,False
-48.275397,5.152401,22.479356,0.209628,0.879077,0.428112,50.00,False
-46.955471,5.354256,22.083656,0.473613,0.155252,0.866941,50.00,False
-46.702538,5.619295,19.416469,0.524200,0.014408,0.851473,50.00,False
-51.490664,5.857171,8.073978,-0.433426,0.061984,-0.899055,50.00,False
-50.153161,6.684369,5.181627,-0.165925,0.227423,-0.959556,50.00,False
-49.312979,6.286014,2.690351,0.002111,0.341604,-0.939842,50.00,False
-48.145315,3.274893,2.729770,0.235644,0.879253,-0.413988,50.00,False
-47.963578,2.942743,0.742245,0.271992,0.916441,-0.293524,50.00,False
-47.870552,1.755457,-1.017199,0.290597,0.948320,-0.127443,50.00,False
-47.568672,-0.510479,-3.218652,0.350973,0.935062,-0.049764,50.00,False
-47.535274,-0.554997,-4.961459,0.357652,0.926159,0.119644,50.00,False
-47.284391,1.403644,-7.257945,0.407829,0.895477,0.178316,50.00,False
-50.464201,5.337690,-5.880702,-0.228133,0.060723,0.971735,50.00,False
-50.140179,5.067661,-18.261966,-0.163329,0.006718,-0.986549,50.00,False
-52.934314,5.802988,-19.291169,-0.722156,0.153783,-0.674420,50.00,False
-45.558221,6.228792,-20.551027,0.753063,0.515837,-0.408422,50.00,False
-47.431742,2.207689,-20.852280,0.378359,0.924345,0.049297,50.00,False
-47.433530,2.204204,-23.372838,0.378001,0.923648,0.063155,50.00,False
-47.351439,4.291801,-25.264352,0.394420,0.896268,0.202822,50.00,False
-47.911348,4.373855,-26.445465,0.282438,0.827902,0.484569,50.00,False
-48.129896,5.745237,-28.595609,0.238728,0.784374,0.572509,50.00,False
-48.463529,5.881151,-30.620214,0.172001,0.707408,0.685558,50.00,False
-49.696292,7.623174,-31.941674,-0.074551,0.335080,0.939235,50.00,False
-49.466806,7.450672,-34.247226,-0.028654,0.083515,0.996095,50.00,False
-49.466126,8.039960,-36.821436,-0.028518,0.027243,0.999222,50.00,False
-49.195824,8.055257,-49.403466,0.025542,0.030302,-0.999214,50.00,False
-49.253780,9.657258,-51.989617,0.013951,0.053410,-0.998475,50.00,False
-49.253780,9.657258,-54.579465,0.013951,0.053410,-0.998475,50.00,False
-49.253780,9.657258,-57.169313,0.013951,0.053410,-0.998475,50.00,False
-49.253780,9.657258,-59.759160,0.013951,0.053410,-0.998475,50.00,False
-49.329643,8.135964,-62.351233,-0.001221,0.046443,-0.998920,50.00,False
-51.921187,3.477312,-55.903663,-0.519530,0.276250,0.808563,50.00,False
-52.101713,3.547715,-58.640889,-0.555635,0.290330,0.779088,50.00,False
-52.198366,3.944886,-61.476900,-0.574966,0.369765,0.729855,50.00,False
-52.198366,4.334764,-64.066747,-0.574966,0.369765,0.729855,50.00,False
-52.306996,4.552387,-66.866572,-0.596692,0.413289,0.687860,50.00,False
-52.607476,5.087146,-70.166346,-0.656788,0.520241,0.545874,50.00,False
-52.560536,5.332202,-72.951670,-0.647400,0.569252,0.506779,50.00,False
-52.953579,5.551861,-76.518840,-0.726009,0.613184,0.311315,50.00,False
-53.255955,4.458607,-81.016079,-0.786484,0.613613,-0.070164,50.00,False
-53.225822,5.383429,-84.258273,-0.780457,0.592143,-0.200633,50.00,False
-52.711985,4.617155,-87.607737,-0.677690,0.645322,-0.352556,50.00,False
-47.460476,6.827059,-88.030969,-0.427388,0.791324,-0.437203,200.00,True
-47.460476,6.827059,-88.030969,-0.427388,0.791324,-0.437203,50.00,False
-47.546625,7.015478,-84.951145,-0.444618,0.829008,-0.339207,50.00,False
-47.986764,7.096621,-80.881170,-0.532645,0.845236,-0.043182,50.00,False
-48.134831,6.455398,-76.015146,-0.562259,0.716992,0.412053,50.00,False
-47.948421,5.852490,-72.769500,-0.524977,0.655224,0.543213,50.00,False
-47.960501,5.185569,-69.543331,-0.527393,0.521840,0.670477,50.00,False
-47.805883,5.319040,-66.941987,-0.496469,0.548534,0.672777,50.00,False
-47.773413,4.839118,-63.990694,-0.489975,0.452550,0.745066,50.00,False
-47.690723,4.675961,-61.254723,-0.473437,0.419918,0.774290,50.00,False
-47.715765,3.810599,-58.494346,-0.478446,0.342907,0.808396,50.00,False
-47.596418,3.840686,-55.848883,-0.454576,0.348925,0.819519,50.00,False
-46.075581,8.793470,-58.400364,-0.150409,0.966334,-0.208747,50.00,False
-45.328647,9.225944,-59.753603,-0.001022,0.072557,-0.997364,50.00,False
-45.328647,9.225944,-57.163755,-0.001022,0.072557,-0.997364,50.00,False
-45.328647,9.225944,-54.573908,-0.001022,0.072557,-0.997364,50.00,False
-45.328647,9.225944,-51.984060,-0.001022,0.072557,-0.997364,50.00,False
-45.328647,8.266530,-49.394213,-0.001022,0.072557,-0.997364,50.00,False
-45.328647,7.395882,-46.804365,-0.001022,0.072557,-0.997364,50.00,False
-44.934543,6.503167,-34.273890,0.077799,0.111079,0.990762,50.00,False
-44.274637,5.812759,-32.050096,0.209780,0.337776,0.917551,50.00,False
-44.033854,5.305007,-30.230960,0.257937,0.592179,0.763409,50.00,False
-43.909905,5.342993,-28.465301,0.282726,0.749519,0.598571,50.00,False
-44.269266,4.536811,-26.549408,0.210854,0.860493,0.463780,50.00,False
-44.496256,2.720964,-25.098685,0.165456,0.957575,0.235955,50.00,False
-44.155757,1.079159,-23.001359,0.233556,0.962579,0.137451,50.00,False
-43.767595,2.106989,-20.389330,0.311188,0.939697,0.141887,50.00,False
-43.509421,1.450746,-17.884314,0.362823,0.923447,0.124921,50.00,False
-43.415695,0.989608,-15.489300,0.381568,0.920336,0.085954,50.00,False
-43.527404,-0.372621,-12.742013,0.359226,0.925831,0.117442,50.00,False
-43.236432,2.410980,-10.080466,0.417421,0.899107,0.131782,50.00,False
-43.580147,1.591121,-7.702696,0.348678,0.932972,0.089366,50.00,False
-43.754633,-0.257224,-5.393084,0.313781,0.948911,0.033319,50.00,False
-43.946655,-0.385562,-3.218830,0.275376,0.960046,-0.049800,50.00,False
-44.037003,-0.851948,-1.251185,0.257307,0.950491,-0.174240,50.00,False
-44.163915,-0.914486,0.921477,0.231924,0.937984,-0.257677,50.00,False
-44.020810,1.264739,3.227356,0.260545,0.912811,-0.314471,50.00,False
-43.397856,1.072815,5.770564,0.385136,0.864190,-0.323799,50.00,False
-43.150974,5.240053,6.089502,0.434512,0.453811,-0.777981,50.00,False
-41.778033,5.059766,9.729104,0.709101,0.417754,-0.568030,50.00,False
-43.636948,5.836763,19.857144,0.337318,0.057902,0.939608,50.00,False
-43.011710,3.553815,18.789899,0.462365,0.861902,0.208190,50.00,False
-43.420389,3.795555,21.153747,0.380630,0.910250,0.162990,50.00,False
-44.099848,0.902270,23.204861,0.244738,0.968014,0.055243,50.00,False
-44.325378,1.601210,25.075596,0.199632,0.975859,-0.088579,50.00,False
-42.787617,6.068499,25.539860,0.507184,0.692012,-0.513696,50.00,False
-43.442896,4.792083,26.612250,0.376128,0.436729,-0.817187,50.00,False
-42.431798,5.820914,29.278331,0.578348,0.149683,-0.801941,50.00,False
-40.601044,5.575187,34.314115,0.944499,0.100537,-0.312754,50.00,False
-49.613963,5.703057,35.967051,-0.858085,0.116421,-0.500136,50.00,False
-49.122139,5.905643,37.902443,-0.759721,0.156938,-0.631027,50.00,False
-42.201643,3.670628,47.522939,0.624379,0.096783,0.775103,50.00,False
-43.348987,5.021915,50.448353,0.394910,0.367040,0.842216,50.00,False
-45.171323,1.503137,49.222862,0.030443,0.996398,0.079148,50.00,False
-46.226715,5.383355,50.020549,-0.180636,0.943065,-0.279284,50.00,False
-43.741952,4.642133,58.696584,0.316317,0.142080,0.937953,50.00,False
-43.345530,7.807482,60.834609,0.395601,0.353684,0.847589,50.00,False
-43.476381,7.706123,63.523437,0.369431,0.333412,0.867385,50.00,False
-43.818102,7.304176,66.373440,0.301087,0.253023,0.919416,50.00,False
-43.701792,7.222898,69.031908,0.324349,0.155071,0.933140,50.00,False
-43.712828,8.220697,71.625811,0.322142,0.154789,0.933951,50.00,False
-43.127398,6.133414,62.293739,-0.360772,0.018871,-0.932463,200.00,True
-43.127398,6.133414,62.293739,-0.360772,0.018871,-0.932463,50.00,False
-43.127398,6.133414,59.703892,-0.360772,0.018871,-0.932463,50.00,False
-39.733541,6.610742,66.482217,0.317999,0.114336,0.941172,50.00,False
-39.533398,6.788684,63.794490,0.358028,0.149925,0.921596,50.00,False
-39.787803,4.745427,61.341507,0.307147,0.071551,0.948969,50.00,False
-39.548624,4.975444,58.644080,0.354982,0.117554,0.927453,50.00,False
-42.950252,3.778143,46.694192,-0.325343,0.044353,-0.944555,50.00,False
-41.212267,5.845244,45.859238,0.022254,0.804470,-0.593576,50.00,False
-40.681143,4.918958,47.229400,0.128479,0.971659,0.198425,50.00,False
-44.775822,7.393038,40.833290,-0.690457,0.454417,-0.562827,50.00,False
-44.533996,6.882793,37.653335,-0.642092,0.352368,-0.680849,50.00,False
-45.172028,6.199690,35.463493,-0.769698,0.215747,-0.600847,50.00,False
-46.019004,5.910953,34.378022,-0.939094,0.167691,-0.299972,50.00,False
-38.377265,5.947840,29.557091,0.589254,0.309809,-0.746189,50.00,False
-38.898764,5.214368,27.186834,0.484954,0.521186,-0.702271,50.00,False
-39.855813,1.231915,26.814018,0.293545,0.920229,-0.258864,50.00,False
-39.600020,0.656819,24.664163,0.344703,0.923030,-0.170866,50.00,False
-39.545387,0.247100,22.591062,0.355630,0.932185,-0.067516,50.00,False
-39.482175,1.208990,20.725832,0.368272,0.926490,0.077407,50.00,False
-39.281237,2.341890,18.545619,0.408460,0.898762,0.159334,50.00,False
-39.234393,2.373449,15.554719,0.417829,0.905074,0.079123,50.00,False
-39.160602,2.337785,12.163953,0.432587,0.897941,-0.081060,50.00,False
-39.202159,2.319115,9.265538,0.424275,0.894207,-0.142774,50.00,False
-39.529022,1.298625,6.337562,0.358903,0.909352,-0.210399,50.00,False
-39.864203,-1.017025,3.448306,0.291867,0.917476,-0.270281,50.00,False
-40.012921,-0.022507,0.979615,0.262123,0.933140,-0.246050,50.00,False
-40.073704,-0.866498,-1.375050,0.249967,0.947581,-0.199013,50.00,False
-40.038695,-1.448773,-3.417346,0.256968,0.962266,-0.089503,50.00,False
-39.992784,-2.327586,-5.678293,0.266150,0.963640,-0.023723,50.00,False
-39.949398,-2.505246,-7.987462,0.274828,0.960947,0.032413,50.00,False
-39.862980,-3.143904,-10.532031,0.292111,0.955485,0.041469,50.00,False
-39.983859,-3.115570,-12.997627,0.267935,0.961152,0.066319,50.00,False
-39.852860,-2.120241,-15.236275,0.294135,0.945958,0.136559,50.00,False
-39.904898,-1.133646,-17.677828,0.283728,0.944389,0.166218,50.00,False
-40.200716,-0.746533,-19.739524,0.224564,0.935772,0.271848,50.00,False
-40.357956,-0.497049,-22.301125,0.193116,0.941117,0.277497,50.00,False
-40.700150,0.035181,-25.215124,0.124677,0.969138,0.212667,50.00,False
-40.734005,3.154934,-27.290929,0.117906,0.941580,0.315476,50.00,False
-40.422688,5.094894,-28.893685,0.180170,0.839332,0.512894,50.00,False
-40.453238,5.624882,-29.358699,0.174060,0.300200,0.937861,50.00,False
-40.938004,5.862559,-31.654140,0.077106,0.023659,0.996742,50.00,False
-40.938004,5.862559,-34.243988,0.077106,0.023659,0.996742,50.00,False
-41.684545,7.408048,-46.790381,-0.072202,0.074990,-0.994567,50.00,False
-41.648930,8.343694,-49.376946,-0.065079,0.088919,-0.993911,50.00,False
-41.598162,9.420954,-51.958435,-0.054925,0.111559,-0.992239,50.00,False
-41.598162,9.420954,-54.548283,-0.054925,0.111559,-0.992239,50.00,False
-41.563610,9.444859,-57.137178,-0.048015,0.116340,-0.992048,50.00,False
-41.663488,7.371169,-59.743745,-0.067990,0.067614,-0.995392,50.00,False
-43.593423,3.507935,-53.198254,-0.453977,0.319719,0.831676,50.00,False
-43.582097,3.678941,-55.851677,-0.451712,0.353921,0.818961,50.00,False
-43.556068,4.157637,-58.668387,-0.446506,0.449660,0.773588,50.00,False
-43.535944,4.882456,-61.298390,-0.442482,0.467047,0.765557,50.00,False
-43.533713,5.062258,-63.982997,-0.442035,0.497178,0.746605,50.00,False
-43.475886,6.183770,-66.807419,-0.430470,0.570201,0.699690,50.00,False
-43.610962,5.725000,-69.756641,-0.457485,0.629726,0.627815,50.00,False
-43.169511,7.109083,-72.777837,-0.369195,0.755264,0.541546,50.00,False
-42.979605,7.960813,-76.879055,-0.331214,0.912714,0.239272,50.00,False
-42.557981,8.370693,-81.223053,-0.246889,0.962601,-0.111559,50.00,False
-41.898094,8.023026,-85.430113,-0.114912,0.893067,-0.435001,50.00,False
-40.851802,6.261248,-89.489114,0.094347,0.678161,-0.728832,50.00,False
-36.201239,6.183285,-89.949428,0.224460,0.525119,-0.820894,200.00,True
-36.201239,6.183285,-89.949428,0.224460,0.525119,-0.820894,50.00,False
-36.766948,7.570811,-86.325882,0.111318,0.781295,-0.614155,50.00,False
-36.935772,8.347724,-82.372746,0.077553,0.936678,-0.341497,50.00,False
-37.474631,8.684522,-78.180417,-0.030219,0.999323,-0.021001,50.00,False
-38.453859,8.338479,-74.038303,-0.226064,0.930114,0.289453,50.00,False
-39.086355,7.479714,-70.220856,-0.352564,0.767791,0.534972,50.00,False
-39.040521,7.128457,-67.161364,-0.343397,0.697540,0.628901,50.00,False
-39.352139,5.938233,-64.149521,-0.405721,0.571484,0.713300,50.00,False
-39.488924,5.028116,-61.363693,-0.433078,0.496179,0.752496,50.00,False
-39.375074,5.115348,-58.768579,-0.410308,0.513625,0.753550,50.00,False
-39.467611,4.137962,-56.017589,-0.428815,0.445725,0.785778,50.00,False
-39.626696,2.458500,-53.177238,-0.460632,0.298538,0.835879,50.00,False
-40.152482,10.312467,-56.400459,-0.565789,0.757051,-0.326735,50.00,False
-37.674604,8.916051,-57.079493,-0.070214,0.183488,-0.980511,50.00,False
-37.674604,8.916051,-54.489645,-0.070214,0.183488,-0.980511,50.00,False
-37.674604,8.916051,-51.899797,-0.070214,0.183488,-0.980511,50.00,False
-37.674604,8.916051,-49.309950,-0.070214,0.183488,-0.980511,50.00,False
-37.674604,8.816538,-46.720102,-0.070214,0.183488,-0.980511,50.00,False
-37.858424,7.370264,-44.127000,-0.106977,0.168611,-0.979860,50.00,False
-37.958953,6.187482,-41.577466,-0.127083,0.088644,-0.987923,50.00,False
-36.925537,5.146931,-29.663295,0.079600,0.473959,0.876942,50.00,False
-36.162599,5.683848,-28.360152,0.232188,0.749789,0.619601,50.00,False
-36.424301,2.600444,-27.352476,0.179847,0.935813,0.303166,50.00,False
-36.512540,1.529295,-24.897216,0.162199,0.947300,0.276249,50.00,False
-36.371957,-0.539302,-22.156350,0.190316,0.932666,0.306453,50.00,False
-36.019647,-2.889102,-19.632389,0.260778,0.919774,0.293275,50.00,False
-36.133894,-3.935822,-17.406352,0.237929,0.945920,0.220513,50.00,False
-36.083709,-3.140045,-15.359290,0.247965,0.962278,0.111956,50.00,False
-36.074969,-3.088377,-13.039975,0.249714,0.966590,0.057850,50.00,False
-36.046456,-3.092643,-10.509457,0.255416,0.965737,0.045983,50.00,False
-36.008055,-3.332289,-7.964592,0.263096,0.964060,0.036987,50.00,False
-36.068965,-3.090907,-5.624017,0.250914,0.967924,-0.012867,50.00,False
-35.901641,-2.607123,-3.409023,0.284379,0.954680,-0.087838,50.00,False
-35.950741,-1.488666,-1.136802,0.274559,0.949582,-0.151364,50.00,False
-35.937124,-0.963250,1.095989,0.277282,0.934605,-0.222775,50.00,False
-35.874416,-0.958438,3.652958,0.289824,0.929193,-0.229351,50.00,False
-35.687070,1.432142,6.743812,0.327293,0.936055,-0.129149,50.00,False
-35.378806,1.343873,9.616799,0.388946,0.918402,-0.072521,50.00,False
-35.299254,1.323412,12.512297,0.404856,0.914309,-0.011392,50.00,False
-35.321407,-0.101711,15.502009,0.400426,0.913759,0.068581,50.00,False
-35.407485,-0.773655,18.211283,0.383210,0.919021,0.092467,50.00,False
-35.605398,-0.312273,20.370507,0.343628,0.939085,0.006342,50.00,False
-35.561157,-0.851670,22.412184,0.352476,0.930103,-0.103292,50.00,False
-35.703043,-0.847213,24.518764,0.324099,0.924652,-0.199946,50.00,False
-35.695211,-0.895196,26.918639,0.325665,0.915056,-0.237940,50.00,False
-35.651173,1.229126,29.577819,0.334473,0.915379,-0.224074,50.00,False
-35.545346,1.265189,32.540606,0.355638,0.922592,-0.149486,50.00,False
-35.521143,1.310685,35.653884,0.360479,0.931691,-0.044800,50.00,False
-35.379743,1.246263,38.809094,0.388759,0.918807,0.068273,50.00,False
-35.168687,4.492574,41.903039,0.430970,0.886382,0.169092,50.00,False
-36.188870,1.658817,43.471311,0.226933,0.973273,-0.035223,50.00,False
-36.689055,5.322024,44.301756,0.126896,0.913262,-0.387103,50.00,False
-38.409210,4.254224,43.946436,-0.217135,0.003000,-0.976137,50.00,False
-36.191387,6.029695,56.272592,0.226430,0.075141,0.971125,50.00,False
-36.126355,6.007390,58.848496,0.239436,0.070680,0.968336,50.00,False
-38.821556,5.999659,51.838886,-0.299604,0.069133,-0.951556,50.00,False
-38.723007,6.222820,54.420180,-0.279894,0.113766,-0.953266,50.00,False
-38.857664,6.185856,57.047345,-0.306826,0.106373,-0.945803,50.00,False
-38.833527,6.490751,59.621114,-0.301998,0.090338,-0.949019,50.00,False
-35.969490,9.337606,71.691353,0.270809,0.172454,0.947060,50.00,False
-31.918765,9.346733,71.674877,0.280954,0.174279,0.943765,200.00,True
-31.918765,9.346733,71.674877,0.280954,0.174279,0.943765,50.00,False
-32.008643,6.969671,69.188941,0.262979,0.022166,0.964547,50.00,False
-31.905891,6.977197,66.569716,0.283529,0.023671,0.958671,50.00,False
-34.726102,6.874365,54.387286,-0.280513,0.003105,-0.959845,50.00,False
-34.726102,5.892687,51.797438,-0.280513,0.003105,-0.959845,50.00,False
-32.242141,6.008989,58.886694,0.216279,0.026366,0.975976,50.00,False
-34.133297,4.773214,46.483665,-0.161952,0.016501,-0.986661,50.00,False
-34.153300,3.635859,44.085647,-0.165953,0.270549,-0.948295,50.00,False
-32.112081,0.630239,44.660389,0.242291,0.917514,-0.315377,50.00,False
-31.587514,0.238937,42.851922,0.347205,0.924195,-0.159101,50.00,False
-31.486151,0.396921,40.725226,0.367477,0.927654,-0.066470,50.00,False
-31.419628,0.499284,38.538924,0.380782,0.924555,0.014239,50.00,False
-31.315628,-0.656613,35.862411,0.401582,0.915818,-0.003094,50.00,False
-31.361673,-0.705785,32.493722,0.392373,0.905984,-0.158863,50.00,False
-31.405705,-0.920837,29.782544,0.383566,0.905174,-0.183129,50.00,False
-31.641637,-0.921950,26.890906,0.336380,0.909705,-0.243487,50.00,False
-31.612134,-1.558209,24.531088,0.342280,0.918611,-0.197481,50.00,False
-31.703091,-1.444998,22.454046,0.324089,0.941253,-0.094920,50.00,False
-31.663523,-1.990970,20.276383,0.332003,0.943196,-0.012483,50.00,False
-31.347345,-1.470615,17.945569,0.395238,0.917737,0.039324,50.00,False
-31.273844,-1.502060,15.333307,0.409939,0.911447,0.034841,50.00,False
-31.260069,-1.505503,12.640384,0.412693,0.910759,0.014226,50.00,False
-31.315501,-2.232674,9.854762,0.401607,0.915473,-0.024929,50.00,False
-31.426826,-2.201700,6.982483,0.379342,0.921668,-0.081415,50.00,False
-31.640578,-3.937567,4.162210,0.336592,0.932979,-0.127500,50.00,False
-31.738864,-3.917490,1.475119,0.316934,0.936994,-0.146949,50.00,False
-31.714060,-3.119860,-1.059398,0.321895,0.936973,-0.135883,50.00,False
-31.904002,-4.010889,-3.345568,0.283907,0.955903,-0.075147,50.00,False
-32.057470,-4.233824,-5.623909,0.253213,0.967325,-0.012846,50.00,False
-32.033667,-4.447118,-8.005155,0.257974,0.965720,0.028874,50.00,False
-32.041717,-3.986241,-10.480880,0.256364,0.965197,0.051699,50.00,False
-32.047798,-3.840501,-13.024852,0.255148,0.964984,0.060874,50.00,False
-32.032650,-2.683973,-15.413901,0.258177,0.960800,0.101034,50.00,False
-32.060027,-2.776632,-17.410369,0.252702,0.942268,0.219710,50.00,False
-31.877182,-1.452377,-19.586996,0.289271,0.908243,0.302354,50.00,False
-31.874963,-0.475909,-22.006745,0.289715,0.896057,0.336373,50.00,False
-31.910119,-0.489380,-24.532087,0.282683,0.893363,0.349275,50.00,False
-31.969860,0.323934,-27.109898,0.270735,0.896115,0.351682,50.00,False
-32.406759,0.460222,-29.771710,0.183356,0.923373,0.337289,50.00,False
-32.782018,3.303288,-31.118115,0.108304,0.803057,0.585978,50.00,False
-33.464297,5.927165,-41.630106,-0.028152,0.047991,-0.998451,50.00,False
-33.573516,7.180455,-44.178535,-0.049996,0.130649,-0.990167,50.00,False
-33.554280,7.378105,-46.739206,-0.046149,0.170179,-0.984332,50.00,False
-33.641992,9.216847,-49.246246,-0.063691,0.243647,-0.967770,50.00,False
-33.614510,9.125971,-51.859792,-0.058195,0.225472,-0.972510,50.00,False
-33.729329,9.118956,-54.443030,-0.081159,0.224069,-0.971188,50.00,False
-33.750755,8.844936,-57.086236,-0.085444,0.169265,-0.981860,50.00,False
-31.352959,6.339625,-55.403734,0.394115,0.910189,-0.127390,50.00,False
-36.217204,3.306700,-53.572151,-0.578733,0.303604,0.756896,50.00,False
-35.728331,3.829580,-56.066830,-0.480959,0.408181,0.775930,50.00,False
-35.447886,4.947697,-58.594066,-0.424870,0.444779,0.788452,50.00,False
-35.419333,5.205409,-61.324957,-0.419159,0.496322,0.760243,50.00,False
-35.392242,5.985748,-64.211479,-0.413741,0.580987,0.700909,50.00,False
-35.390704,6.460488,-67.255521,-0.413433,0.675935,0.610070,50.00,False
-34.523797,8.102798,-70.550311,-0.240052,0.849904,0.469081,50.00,False
-33.769656,8.729011,-74.460760,-0.089224,0.974695,0.204961,50.00,False
-33.791305,8.827196,-77.822828,-0.093554,0.994332,0.050517,50.00,False
-33.601843,8.248240,-83.037328,-0.055661,0.878541,-0.474413,50.00,False
-32.752472,6.972238,-87.122932,0.114213,0.623340,-0.773565,50.00,False
-32.219995,5.912420,-90.266656,0.220708,0.411376,-0.884340,50.00,False
-28.962036,5.742656,-90.476908,0.072300,0.369559,-0.926390,200.00,True
-28.962036,5.742656,-90.476908,0.072300,0.369559,-0.926390,50.00,False
-29.223634,6.676623,-87.408641,0.019980,0.556352,-0.830707,50.00,False
-29.383014,8.433189,-82.762894,-0.011896,0.907665,-0.419527,50.00,False
-29.447395,8.991861,-78.993381,-0.024772,0.982690,-0.183594,50.00,False
-29.724674,9.051699,-75.160774,-0.080228,0.994658,0.064958,50.00,False
-30.281506,8.561578,-70.899846,-0.191594,0.896634,0.399174,50.00,False
-30.501541,8.347379,-68.003543,-0.235601,0.855841,0.460465,50.00,False
-30.930129,6.291875,-64.603515,-0.321319,0.713615,0.622501,50.00,False
-31.541972,6.560343,-62.047611,-0.443687,0.651183,0.615713,50.00,False
-32.119651,5.016445,-59.082992,-0.559223,0.458529,0.690667,50.00,False
-32.279225,4.576471,-56.530759,-0.591138,0.428801,0.683144,50.00,False
-32.474052,4.318924,-53.963178,-0.630103,0.377292,0.678691,50.00,False
-32.662153,4.406201,-51.611153,-0.667723,0.394747,0.631126,50.00,False
-29.491036,9.776602,-53.984495,-0.033500,0.931766,-0.361512,50.00,False
-29.966624,5.706603,-54.541745,-0.128618,0.038895,-0.990931,50.00,False
-29.926141,6.074603,-51.928822,-0.120521,0.112495,-0.986316,50.00,False
-29.931918,5.761028,-49.368301,-0.121676,0.027760,-0.992182,50.00,False
-28.559532,5.414307,-36.885167,0.152801,0.059306,0.986476,50.00,False
-28.588746,5.403904,-34.290269,0.146958,0.057226,0.987486,50.00,False
-28.576128,5.291733,-31.753890,0.149482,0.153402,0.976792,50.00,False
-28.724750,3.086572,-30.852329,0.119757,0.759714,0.639135,50.00,False
-28.854326,-0.062470,-29.321162,0.093842,0.899180,0.427399,50.00,False
-28.838609,-0.475778,-26.702501,0.096985,0.896083,0.433161,50.00,False
-27.981485,-0.598845,-24.226045,0.268410,0.871470,0.410483,50.00,False
-27.773450,-1.579814,-22.005948,0.310017,0.889177,0.336533,50.00,False
-27.538168,-2.966618,-19.928378,0.357074,0.904271,0.234077,50.00,False
-27.731602,-6.734976,-17.948225,0.318387,0.941305,0.112139,50.00,False
-27.896828,-6.413419,-15.546123,0.285342,0.955519,0.074589,50.00,False
-27.927059,-6.267091,-13.010551,0.279295,0.958088,0.063734,50.00,False
-27.917043,-6.269535,-10.428112,0.281299,0.957599,0.062252,50.00,False
-27.972686,-5.447286,-7.962700,0.270170,0.962087,0.037365,50.00,False
-27.960680,-5.181205,-5.550352,0.272571,0.962134,0.001865,50.00,False
-28.004490,-5.180307,-3.299889,0.263809,0.962313,-0.066012,50.00,False
-28.002942,-5.199898,-0.921273,0.264119,0.958395,-0.108258,50.00,False
-27.950248,-5.575930,1.723455,0.274658,0.956608,-0.097282,50.00,False
-27.890525,-5.408510,4.328753,0.286602,0.953408,-0.094192,50.00,False
-27.563422,-3.926358,7.199701,0.352023,0.935221,-0.037972,50.00,False
-27.627600,-4.110060,10.064196,0.339187,0.940566,0.016958,50.00,False
-27.633817,-5.476551,12.822739,0.337944,0.939800,0.050697,50.00,False
-27.580294,-5.677074,15.437287,0.348648,0.935601,0.055637,50.00,False
-27.398940,-4.379361,17.948796,0.384919,0.922084,0.039969,50.00,False
-27.357832,-3.124998,20.016283,0.393141,0.917213,-0.064503,50.00,False
-27.321623,-3.101959,22.443552,0.400383,0.911198,-0.097018,50.00,False
-27.297333,-3.148433,24.770975,0.405241,0.901903,-0.149503,50.00,False
-27.186911,-2.355981,27.210783,0.427325,0.886098,-0.179511,50.00,False
-27.139552,-2.205795,29.833793,0.436797,0.882792,-0.172879,50.00,False
-27.081941,-1.532283,32.663692,0.448319,0.885109,-0.124869,50.00,False
-27.057837,-0.800276,35.437888,0.453140,0.887085,-0.087999,50.00,False
-27.186492,-0.719633,38.272393,0.427409,0.903214,-0.039067,50.00,False
-27.225037,-1.435716,40.674422,0.419700,0.904422,-0.076631,50.00,False
-29.348999,4.691828,39.856807,-0.005092,0.652091,-0.758124,50.00,False
-27.893294,3.786194,51.028085,0.286048,0.010069,0.958162,50.00,False
-29.745502,5.376106,43.880406,-0.084393,0.118652,-0.989343,50.00,False
-30.007535,5.831750,46.576312,-0.136800,0.209780,-0.968131,50.00,False
-29.723324,6.315383,49.030287,-0.079957,0.054526,-0.995306,50.00,False
-29.766232,6.670396,51.656007,-0.088539,0.125528,-0.988131,50.00,False
-29.719994,6.870291,54.205957,-0.079292,0.038419,-0.996111,50.00,False
-29.719994,7.127589,56.795805,-0.079292,0.038419,-0.996111,50.00,False
-30.188390,7.553720,59.480531,-0.172971,0.123645,-0.977135,50.00,False
-30.245841,7.297007,62.055170,-0.184461,0.072303,-0.980177,50.00,False
-25.905774,8.751295,62.097437,-0.116447,0.205411,-0.971723,200.00,True
-25.905774,8.751295,62.097437,-0.116447,0.205411,-0.971723,50.00,False
-26.035628,8.280214,59.448502,-0.142418,0.111195,-0.983541,50.00,False
-24.562991,7.946842,66.713162,0.152109,0.044520,0.987361,50.00,False
-24.562446,7.761649,64.128104,0.152218,0.007482,0.988319,50.00,False
-24.627015,8.708305,61.449135,0.139304,0.196813,0.970494,50.00,False
-24.817456,8.433761,58.829261,0.101216,0.243960,0.964489,50.00,False
-26.643726,8.040056,55.806489,-0.264038,0.399460,0.877904,50.00,False
-25.925596,4.128605,43.879064,-0.120412,0.078551,-0.989611,50.00,False
-23.470884,4.232140,50.854781,0.370530,0.099258,0.923502,50.00,False
-24.547331,3.832577,39.330977,0.155241,0.480241,-0.863290,50.00,False
-23.518367,-3.490256,40.361410,0.361034,0.922100,-0.139234,50.00,False
-23.197488,-3.441807,38.093389,0.425210,0.901993,-0.074868,50.00,False
-23.178164,-3.225591,35.510237,0.429074,0.900271,-0.073529,50.00,False
-23.196980,-2.778285,32.696666,0.425311,0.897286,-0.118274,50.00,False
-23.265878,-3.120778,30.022479,0.411532,0.901320,-0.135142,50.00,False
-23.324690,-2.737199,27.396840,0.399769,0.905503,-0.142300,50.00,False
-23.594028,-5.106275,24.819552,0.345902,0.927799,-0.139788,50.00,False
-23.519974,-4.762976,22.456495,0.360712,0.927884,-0.094430,50.00,False
-23.894570,-6.749921,20.391180,0.285793,0.958234,0.010477,50.00,False
-23.947566,-6.743682,18.051550,0.275194,0.959482,0.060520,50.00,False
-23.873686,-6.021708,15.577028,0.289970,0.953379,0.083585,50.00,False
-23.951494,-6.000068,13.002200,0.274408,0.957707,0.086589,50.00,False
-23.971966,-5.370099,10.263828,0.270314,0.961090,0.056884,50.00,False
-24.149620,-5.317525,7.242877,0.234783,0.971605,-0.029336,50.00,False
-24.182008,-5.901192,4.325952,0.228306,0.968968,-0.094752,50.00,False
-24.221564,-6.161063,1.637347,0.220394,0.968667,-0.114503,50.00,False
-24.212032,-7.176393,-0.926637,0.222301,0.968829,-0.109331,50.00,False
-24.175747,-6.947305,-3.303221,0.229558,0.971008,-0.066678,50.00,False
-24.158513,-6.686489,-5.801546,0.233005,0.971272,-0.048373,50.00,False
-23.907925,-6.262762,-8.070510,0.283122,0.958954,0.015803,50.00,False
-23.884335,-6.276995,-10.465175,0.287840,0.956107,0.054840,50.00,False
-23.878365,-6.281187,-13.016129,0.289034,0.955269,0.062619,50.00,False
-23.872080,-6.418564,-15.577031,0.290291,0.954490,0.068408,50.00,False
-23.789546,-6.354733,-17.990294,0.306798,0.946106,0.103725,50.00,False
-23.535179,-3.720328,-20.186615,0.357671,0.915855,0.182430,50.00,False
-23.542261,-1.683603,-21.866545,0.356255,0.860398,0.364414,50.00,False
-24.808260,0.110701,-23.939133,0.103055,0.877771,0.467865,50.00,False
-24.445128,0.382021,-26.435763,0.175682,0.855830,0.486509,50.00,False
-24.824610,2.044252,-28.965365,0.099785,0.861094,0.498558,50.00,False
-24.739298,4.435671,-29.345351,0.116848,0.318981,0.940530,50.00,False
-26.535247,5.187298,-41.488307,-0.242342,0.013905,-0.970091,50.00,False
-26.482405,5.233311,-44.090175,-0.231774,0.023107,-0.972495,50.00,False
-26.474093,5.816264,-46.673853,-0.230111,0.060828,-0.971261,50.00,False
-26.474093,5.816264,-49.263701,-0.230111,0.060828,-0.971261,50.00,False
-26.396032,5.632074,-51.879389,-0.214499,0.023990,-0.976430,50.00,False
-26.410435,5.744297,-54.461999,-0.217380,0.046434,-0.974982,50.00,False
-30.026645,3.482332,-53.457645,-0.940622,0.222760,-0.256142,50.00,False
-28.862727,5.286747,-51.855647,-0.707838,0.399970,0.582227,50.00,False
-28.358517,6.130955,-54.581706,-0.606996,0.568812,0.554985,50.00,False
-28.243901,6.450014,-57.403618,-0.584073,0.632624,0.508572,50.00,False
-28.025310,6.346839,-59.630446,-0.540355,0.608482,0.581176,50.00,False
-27.549944,7.486029,-62.744613,-0.445281,0.758189,0.476312,50.00,False
-27.330928,8.108377,-65.560300,-0.401478,0.808041,0.431145,50.00,False
-26.876936,8.792049,-68.689203,-0.310680,0.893831,0.323333,50.00,False
-26.073062,9.177191,-72.201693,-0.149905,0.978908,0.138805,50.00,False
-25.415410,9.255380,-75.998893,-0.018375,0.994546,-0.102666,50.00,False
-24.772862,8.867573,-79.469960,0.110135,0.953981,-0.278909,50.00,False
-24.441387,7.317058,-84.371063,0.176430,0.647729,-0.741161,50.00,False
-24.432552,6.949319,-87.112108,0.178197,0.610891,-0.771400,50.00,False
-24.784750,5.972966,-90.360617,0.107757,0.415621,-0.903132,50.00,False
-20.304887,5.781305,-90.230435,0.203730,0.434968,-0.877096,200.00,True
-20.304887,5.781305,-90.230435,0.203730,0.434968,-0.877096,50.00,False
-20.086913,6.485508,-87.430737,0.247325,0.491320,-0.835126,50.00,False
-20.209796,7.392978,-84.256989,0.222748,0.659062,-0.718346,50.00,False
-20.703472,8.390388,-80.584691,0.124013,0.856015,-0.501856,50.00,False
-21.228859,9.199849,-76.386774,0.018935,0.983440,-0.180242,50.00,False
-21.561933,9.629154,-72.892807,-0.047679,0.998863,0.000582,50.00,False
-21.930858,9.590921,-70.044260,-0.121464,0.991216,0.052322,50.00,False
-23.043678,9.295814,-66.415795,-0.344028,0.902231,0.260045,50.00,False
-23.438255,9.007906,-63.485397,-0.422944,0.844649,0.328156,50.00,False
-23.735555,8.482975,-60.608866,-0.482404,0.786564,0.385492,50.00,False
-24.228257,7.775426,-57.658957,-0.580944,0.673197,0.457504,50.00,False
-24.690458,5.865894,-54.708500,-0.673384,0.515800,0.529626,50.00,False
-24.935881,4.469759,-52.021641,-0.722469,0.420245,0.549029,50.00,False
-25.173074,4.448050,-49.756882,-0.769908,0.415904,0.484011,50.00,False
-19.711740,8.995399,-51.352937,0.322359,0.878269,-0.353170,50.00,False
-22.057725,6.869130,-51.836782,-0.146838,0.203943,-0.967908,50.00,False
-22.199083,6.562546,-49.278211,-0.175109,0.142626,-0.974163,50.00,False
-22.199083,6.225256,-46.688364,-0.175109,0.142626,-0.974163,50.00,False
-22.303629,5.709077,-44.116433,-0.196018,0.074751,-0.977747,50.00,False
-22.313839,4.778692,-41.535687,-0.198061,0.034927,-0.979567,50.00,False
-20.329794,3.182096,-31.139900,0.198748,0.788807,0.581621,50.00,False
-20.063566,3.088351,-28.527670,0.251994,0.770058,0.586097,50.00,False
-19.741789,0.709098,-25.591795,0.316349,0.685931,0.655303,50.00,False
-19.047263,-0.312475,-23.638604,0.455255,0.716931,0.527971,50.00,False
-19.173319,-1.961758,-21.642811,0.430043,0.804767,0.409160,50.00,False
-19.442331,-2.051979,-20.054672,0.376241,0.902684,0.208819,50.00,False
-19.725646,-3.580928,-18.083646,0.319578,0.943735,0.085054,50.00,False
-19.851542,-6.672383,-15.621151,0.294399,0.953823,0.059584,50.00,False
-19.858696,-6.856355,-13.017241,0.292968,0.954084,0.062396,50.00,False
-19.967083,-7.609678,-10.558582,0.271291,0.961818,0.036158,50.00,False
-20.045519,-8.009286,-8.326582,0.255603,0.966133,-0.035411,50.00,False
-20.101315,-7.998368,-5.815128,0.244444,0.968317,-0.051090,50.00,False
-20.118212,-8.240255,-3.364025,0.241065,0.967301,-0.078839,50.00,False
-20.239866,-8.096766,-0.963588,0.216734,0.969228,-0.116721,50.00,False
-20.244968,-7.239937,1.638043,0.215714,0.969736,-0.114364,50.00,False
-20.198282,-6.692100,4.340643,0.225051,0.970012,-0.091814,50.00,False
-20.234371,-7.209599,7.295304,0.217833,0.975804,-0.018851,50.00,False
-20.227845,-6.137181,10.172876,0.219138,0.974926,0.038694,50.00,False
-20.179589,-5.937467,12.966597,0.228789,0.970227,0.079469,50.00,False
-20.150948,-5.946954,15.587457,0.234518,0.968329,0.085671,50.00,False
-20.104686,-6.707098,18.132237,0.243770,0.966799,0.076658,50.00,False
-20.017650,-6.170487,20.384653,0.261177,0.965247,0.009171,50.00,False
-20.021007,-6.180688,22.598162,0.260506,0.963207,-0.066097,50.00,False
-19.916567,-5.081812,24.994506,0.281394,0.953853,-0.104797,50.00,False
-19.707291,-6.298138,27.550632,0.323249,0.939717,-0.111542,50.00,False
-19.757423,-7.841232,30.173713,0.313223,0.943869,-0.104895,50.00,False
-19.674885,-4.901719,32.771888,0.329730,0.938414,-0.103229,50.00,False
-19.553512,-4.939709,35.423422,0.354005,0.930816,-0.090892,50.00,False
-19.740559,-3.272278,37.695391,0.316595,0.935899,-0.154468,50.00,False
-25.414609,2.343323,43.801620,-0.818215,0.171272,0.548808,50.00,False
-21.147413,3.825587,48.559007,0.035225,0.183885,0.982316,50.00,False
-20.642443,3.426479,51.189713,0.136219,0.019446,0.990488,50.00,False
-20.520577,3.343527,53.762205,0.160592,0.002856,0.987017,50.00,False
-20.614835,10.025438,55.550922,0.141740,0.544359,0.826791,50.00,False
-20.604162,9.758920,58.302641,0.143875,0.491055,0.859165,50.00,False
-20.475783,8.216380,61.439000,0.169551,0.182547,0.968467,50.00,False
-20.475783,8.636978,64.028848,0.169551,0.182547,0.968467,50.00,False
-20.608219,8.734411,66.620724,0.143064,0.202034,0.968873,50.00,False
-20.524927,7.996633,69.294495,0.159722,0.054478,0.985658,50.00,False
-20.524927,7.996633,71.884342,0.159722,0.054478,0.985658,50.00,False
-16.496361,8.466098,71.847866,0.165435,0.124252,0.978362,200.00,True
-16.496361,8.466098,71.847866,0.165435,0.124252,0.978362,50.00,False
-16.496361,8.466098,69.258018,0.165435,0.124252,0.978362,50.00,False
-16.551047,8.708695,66.640206,0.154498,0.172771,0.972770,50.00,False
-16.551047,8.708695,64.050359,0.154498,0.172771,0.972770,50.00,False
-16.556892,8.430275,61.407377,0.153329,0.225326,0.962143,50.00,False
-16.633203,4.983451,58.956319,0.138067,0.032162,0.989901,50.00,False
-17.721232,3.131109,46.437889,-0.079539,0.044990,-0.995816,50.00,False
-15.878293,6.485141,53.315703,0.289049,0.332500,0.897716,50.00,False
-17.227368,3.268069,51.223231,0.019234,0.072381,0.997192,50.00,False
-17.074585,4.096156,48.497367,0.049790,0.237999,0.969988,50.00,False
-17.983238,5.985374,44.941293,-0.131940,0.615842,0.776743,50.00,False
-15.640934,3.150888,34.973627,0.336520,0.631192,-0.698821,50.00,False
-15.886392,-4.830956,35.377870,0.287429,0.952567,-0.100003,50.00,False
-15.963084,-6.272884,32.877754,0.272090,0.958767,-0.082056,50.00,False
-16.019917,-6.260278,30.252412,0.260724,0.961288,-0.089155,50.00,False
-16.031506,-6.194313,27.591126,0.258406,0.960482,-0.103443,50.00,False
-16.049207,-6.962868,25.156093,0.254866,0.964256,-0.072480,50.00,False
-16.047315,-8.691912,22.583783,0.255244,0.964413,-0.068972,50.00,False
-16.040087,-8.259247,20.482981,0.256690,0.966064,0.028837,50.00,False
-16.148214,-8.007543,18.134373,0.235064,0.968918,0.077085,50.00,False
-16.156639,-8.013267,15.632074,0.233380,0.967774,0.094595,50.00,False
-16.164907,-8.186861,13.000467,0.231726,0.968951,0.086242,50.00,False
-16.222386,-8.156483,10.122837,0.220230,0.975026,0.028686,50.00,False
-16.271590,-8.054953,7.426051,0.210389,0.977590,0.007298,50.00,False
-16.236872,-7.453839,4.497981,0.217333,0.974230,-0.060346,50.00,False
-16.184802,-7.482134,1.709840,0.227747,0.968571,-0.100005,50.00,False
-16.236179,-8.099799,-0.981629,0.217471,0.968621,-0.120329,50.00,False
-16.185023,-8.236602,-3.495787,0.227703,0.968032,-0.105191,50.00,False
-16.046671,-8.664078,-5.842237,0.255373,0.965190,-0.056512,50.00,False
-16.026708,-8.797905,-8.414599,0.259366,0.964323,-0.053014,50.00,False
-15.990398,-8.651250,-10.732389,0.266628,0.963799,0.001397,50.00,False
-15.932154,-7.369811,-13.119849,0.278277,0.959588,0.041875,50.00,False
-15.857055,-7.295515,-15.640822,0.293296,0.954401,0.055650,50.00,False
-15.797234,-7.940780,-18.382026,0.305260,0.951931,0.025378,50.00,False
-15.599189,-1.881709,-20.799270,0.344870,0.936737,0.059899,50.00,False
-15.006976,-1.792293,-22.256911,0.463312,0.838660,0.286340,50.00,False
-14.256731,-0.038132,-23.632194,0.613361,0.586242,0.529253,50.00,False
-14.541384,0.643519,-25.768168,0.556430,0.553128,0.620028,50.00,False
-15.203882,2.366608,-28.286838,0.423931,0.646523,0.634264,50.00,False
-16.029766,3.690116,-29.595222,0.258754,0.374107,0.890556,50.00,False
-18.650882,4.170363,-41.444773,-0.265469,0.072568,-0.961384,50.00,False
-17.891204,5.966703,-44.004826,-0.113534,0.272529,-0.955426,50.00,False
-17.941246,5.748545,-46.653648,-0.123542,0.221860,-0.967220,50.00,False
-18.134553,7.027949,-49.198355,-0.162203,0.235707,-0.958192,50.00,False
-20.797335,5.961185,-50.341668,-0.694760,0.264388,-0.668885,50.00,False
-21.220764,5.936581,-50.980442,-0.779445,0.561077,-0.278671,50.00,False
-20.618458,7.821658,-50.173779,-0.658984,0.636580,0.400631,50.00,False
-20.574237,7.851505,-52.739175,-0.650140,0.642549,0.405522,50.00,False
-19.971557,8.287372,-55.369275,-0.529604,0.749357,0.397471,50.00,False
-19.345706,8.776401,-58.200143,-0.404434,0.845249,0.349267,50.00,False
-18.907577,9.576369,-61.130311,-0.316808,0.905846,0.281203,50.00,False
-18.695372,9.725862,-64.018202,-0.274367,0.935745,0.221595,50.00,False
-18.106638,9.872198,-67.696140,-0.156620,0.987651,0.003976,50.00,False
-17.594615,9.765313,-70.651696,-0.054216,0.996131,-0.069165,50.00,False
-16.834077,9.566541,-73.558117,0.097892,0.986340,-0.132480,50.00,False
-16.578987,8.630111,-77.537142,0.148910,0.899704,-0.410315,50.00,False
-15.808583,7.300115,-81.623510,0.302991,0.636111,-0.709620,50.00,False
-15.678366,6.481992,-84.337616,0.329034,0.593539,-0.734471,50.00,False
-15.793033,6.055900,-87.279758,0.306101,0.508321,-0.804930,50.00,False
-15.821400,5.628363,-90.119802,0.300427,0.422813,-0.854969,50.00,False
-11.351490,5.728571,-89.870874,0.394409,0.442855,-0.805184,200.00,True
-11.351490,5.728571,-89.870874,0.394409,0.442855,-0.805184,50.00,False
-11.453099,6.214419,-87.024830,0.374087,0.540024,-0.753944,50.00,False
-11.533811,6.928465,-84.299462,0.357945,0.586156,-0.726840,50.00,False
-11.237800,6.982142,-81.614348,0.417147,0.570110,-0.707787,50.00,False
-11.199245,7.558949,-78.442016,0.424858,0.685472,-0.591290,50.00,False
-11.550182,8.900511,-74.123478,0.354671,0.902171,-0.245552,50.00,False
-12.482674,9.775747,-71.227765,0.168172,0.968361,-0.184379,50.00,False
-13.685831,10.113321,-68.070893,-0.072459,0.994843,-0.070974,50.00,False
-13.733825,10.438075,-65.314598,-0.082058,0.995915,-0.037685,50.00,False
-14.074448,10.450464,-62.278663,-0.150182,0.987314,0.051533,50.00,False
-14.773795,10.295397,-59.762183,-0.290052,0.956301,0.036859,50.00,False
-15.518397,10.195945,-56.438742,-0.438972,0.879547,0.183578,50.00,False
-15.833818,9.905705,-53.871263,-0.502056,0.846086,0.179104,50.00,False
-16.850401,7.774102,-50.524411,-0.705373,0.627069,0.330505,50.00,False
-17.410461,7.858751,-49.975776,-0.817385,0.570823,-0.077737,50.00,False
-16.356667,6.592345,-49.762792,-0.606626,0.571029,-0.553110,50.00,False
-15.698819,8.319226,-48.172080,-0.475057,0.455419,-0.752937,50.00,False
-14.694752,8.392509,-46.193978,-0.274243,0.398327,-0.875286,50.00,False
-14.322473,8.624984,-43.592954,-0.199787,0.444822,-0.873051,50.00,False
-13.978373,8.145768,-41.126269,-0.130967,0.420727,-0.897684,50.00,False
-13.978373,6.742880,-38.536421,-0.130967,0.420727,-0.897684,50.00,False
-9.511086,2.099357,-28.235276,0.762490,0.055955,0.644576,50.00,False
-10.404944,0.315002,-25.737728,0.583718,0.516964,0.626116,50.00,False
-10.140330,0.355372,-24.325644,0.636641,0.664942,0.390563,50.00,False
-11.407698,-1.988836,-23.068408,0.383168,0.915312,0.124041,50.00,False
-11.840992,-8.070181,-21.100993,0.296509,0.955030,-0.000446,50.00,False
-11.861547,-8.308834,-18.395860,0.292398,0.956029,0.022611,50.00,False
-11.851860,-8.999908,-15.659864,0.294335,0.954295,0.051841,50.00,False
-11.860065,-8.689997,-13.242636,0.292694,0.956049,0.017317,50.00,False
-11.984881,-8.916909,-10.852507,0.267731,0.963228,-0.022626,50.00,False
-12.119634,-10.080499,-8.502981,0.240781,0.968002,-0.070691,50.00,False
-12.228108,-9.972084,-6.132622,0.219086,0.968954,-0.114589,50.00,False
-12.237992,-8.864905,-3.597183,0.217109,0.968050,-0.125470,50.00,False
-12.259193,-8.535603,-0.968974,0.212869,0.969954,-0.117798,50.00,False
-12.251316,-8.157665,1.720996,0.214444,0.971830,-0.097774,50.00,False
-12.185879,-8.151340,4.618382,0.227531,0.973095,-0.036266,50.00,False
-12.103364,-9.146793,7.387148,0.244034,0.969766,-0.000482,50.00,False
-12.023602,-9.171026,10.162193,0.259987,0.964920,0.036557,50.00,False
-12.128534,-9.161310,13.017987,0.239001,0.966863,0.089747,50.00,False
-12.144287,-8.016010,15.629489,0.235850,0.967225,0.094077,50.00,False
-12.116222,-9.423264,18.162101,0.241463,0.966886,0.082630,50.00,False
-12.083511,-9.414476,20.413595,0.248005,0.968643,0.014960,50.00,False
-12.092923,-9.557839,22.689622,0.246123,0.968059,-0.047805,50.00,False
-12.073442,-9.235951,25.161405,0.250019,0.965604,-0.071417,50.00,False
-12.897300,19.617413,29.848115,0.085247,0.933627,0.347955,50.00,False
-12.880724,20.853269,32.448885,0.088562,0.932501,0.350140,50.00,False
-12.917887,20.338139,34.779920,0.081130,0.950994,0.298377,50.00,False
-12.923165,19.777208,37.115128,0.080074,0.965586,0.247449,50.00,False
-12.998176,15.689096,39.694761,0.065072,0.967234,0.245406,50.00,False
-12.254747,4.824426,45.435374,0.213758,0.433248,0.875559,50.00,False
-12.143049,4.129255,48.278020,0.236097,0.294214,0.926119,50.00,False
-11.686725,7.369534,50.216493,0.327362,0.509378,0.795844,50.00,False
-12.400726,6.232914,53.534514,0.184562,0.282055,0.941479,50.00,False
-13.255859,6.078529,56.403998,0.013535,0.070699,0.997406,50.00,False
-13.255859,6.078529,58.993846,0.013535,0.070699,0.997406,50.00,False
-13.255859,6.078529,61.583693,0.013535,0.070699,0.997406,50.00,False
-12.924342,7.701326,64.146031,0.079839,0.098754,0.991904,50.00,False
-12.924342,7.701326,66.735879,0.079839,0.098754,0.991904,50.00,False
-12.924342,7.701326,69.325726,0.079839,0.098754,0.991904,50.00,False
-12.713717,8.442064,71.840884,0.121964,0.175107,0.976966,50.00,False
-9.663318,5.763894,61.967764,-0.067956,0.007771,-0.997658,200.00,True
-9.663318,5.763894,61.967764,-0.067956,0.007771,-0.997658,50.00,False
-9.663318,5.763894,59.377916,-0.067956,0.007771,-0.997658,50.00,False
-9.663318,5.763894,56.788069,-0.067956,0.007771,-0.997658,50.00,False
-8.810495,5.890338,64.157373,0.102608,0.033060,0.994172,50.00,False
-9.807266,5.735236,51.620129,-0.096746,0.002040,-0.995307,50.00,False
-9.807266,5.735236,49.030281,-0.096746,0.002040,-0.995307,50.00,False
-8.569166,6.882166,56.222380,0.150874,0.231426,0.961082,50.00,False
-8.741673,8.353810,53.040313,0.116373,0.525755,0.842638,50.00,False
-9.238146,8.267962,50.305298,0.017078,0.581167,0.813605,50.00,False
-8.096124,10.289777,46.554778,0.245482,0.775648,0.581471,50.00,False
-8.498635,15.060328,43.153875,0.164980,0.892750,0.419259,50.00,False
-8.828590,15.598909,39.961276,0.098989,0.949197,0.298709,50.00,False
-8.923983,19.772762,37.132609,0.079911,0.964697,0.250945,50.00,False
-8.969870,20.601014,34.727390,0.070733,0.955053,0.287871,50.00,False
-8.864986,20.856217,32.450720,0.091710,0.932059,0.350506,50.00,False
-8.849134,21.612339,29.622328,0.094881,0.948320,0.302798,50.00,False
-8.843592,21.646606,26.918757,0.095989,0.955174,0.280053,50.00,False
-8.089412,-10.644067,22.674267,0.246825,0.967724,-0.050875,50.00,False
-8.121872,-10.552638,20.476439,0.240333,0.970300,0.027528,50.00,False
-8.130943,-10.146087,18.182433,0.238519,0.967260,0.086697,50.00,False
-8.110352,-9.166499,15.614870,0.242637,0.965825,0.091154,50.00,False
-8.885393,23.093779,12.800652,0.087629,0.995078,0.046280,50.00,False
-8.181460,-9.134981,10.243611,0.228415,0.972129,0.052841,50.00,False
-8.196936,-9.126103,7.253437,0.225320,0.973904,-0.027224,50.00,False
-8.247311,-9.309504,4.471327,0.215245,0.974349,-0.065677,50.00,False
-8.245400,-9.925777,1.701548,0.215627,0.971169,-0.101663,50.00,False
-8.239862,-11.423659,-1.003116,0.216735,0.968243,-0.124626,50.00,False
-8.235348,-11.082530,-3.597766,0.217638,0.967916,-0.125587,50.00,False
-8.233099,-11.081522,-6.175827,0.218087,0.968118,-0.123230,50.00,False
-8.958393,22.524168,-9.349100,0.073029,0.968043,-0.239915,50.00,False
-8.914986,22.592095,-11.601472,0.081710,0.981629,-0.172420,50.00,False
-8.934734,22.680942,-13.559571,0.077760,0.995907,-0.046070,50.00,False
-8.946714,22.664010,-15.438883,0.075364,0.992521,0.096037,50.00,False
-9.006519,22.621938,-17.679535,0.063403,0.984106,0.165877,50.00,False
-8.994103,22.915598,-20.286596,0.065887,0.984517,0.162434,50.00,False
-7.640754,-1.857781,-23.769837,0.336556,0.941523,-0.016245,50.00,False
-6.708943,1.542358,-24.372882,0.522919,0.762435,0.381116,50.00,False
-10.078865,8.745555,-31.619249,-0.151066,0.821263,-0.550188,50.00,False
-9.624229,10.542675,-34.964077,-0.060138,0.710439,-0.701184,50.00,False
-9.680796,10.095133,-37.951013,-0.071452,0.620931,-0.780602,50.00,False
-10.007636,10.111719,-40.483610,-0.136820,0.624248,-0.769152,50.00,False
-10.322246,10.050720,-43.053597,-0.199742,0.612048,-0.765180,50.00,False
-10.695237,10.053302,-45.523966,-0.274340,0.612565,-0.741284,50.00,False
-11.335725,10.467238,-47.384513,-0.402438,0.695352,-0.595424,50.00,False
-11.958820,10.093892,-48.885677,-0.527057,0.761291,-0.377687,50.00,False
-12.412457,10.216778,-49.724424,-0.617784,0.785868,-0.027467,50.00,False
-11.538723,11.297473,-51.795209,-0.443037,0.893247,0.076345,50.00,False
-10.885769,10.871388,-54.370455,-0.312446,0.946622,0.079266,50.00,False
-10.356604,10.861015,-57.513355,-0.206614,0.977920,-0.031345,50.00,False
-9.741945,10.951086,-60.113179,-0.083682,0.995935,-0.033340,50.00,False
-9.218538,10.925372,-63.205100,0.021000,0.990792,-0.133755,50.00,False
-8.988565,10.390661,-66.177326,0.066994,0.975354,-0.210230,50.00,False
-8.762411,9.888108,-69.176202,0.112225,0.949800,-0.292036,50.00,False
-8.155567,9.343972,-71.732573,0.233594,0.929524,-0.285341,50.00,False
-7.254603,7.625474,-75.645021,0.413787,0.725558,-0.549861,50.00,False
-7.082069,7.303125,-78.634724,0.448293,0.634307,-0.629832,50.00,False
-7.114810,6.783560,-81.693228,0.441745,0.530394,-0.723563,50.00,False
-6.885992,6.420792,-84.296643,0.487509,0.484621,-0.726277,50.00,False
-6.945796,6.439552,-86.913475,0.475548,0.488373,-0.731673,50.00,False
-6.599634,4.036654,-89.786420,0.544780,0.286022,-0.788293,50.00,False
-2.561417,5.526131,-89.704639,0.552424,0.314550,-0.771937,200.00,True
-2.561417,5.526131,-89.704639,0.552424,0.314550,-0.771937,50.00,False
-2.737163,6.063444,-86.989065,0.517275,0.418007,-0.746791,50.00,False
-2.698279,5.993597,-84.423501,0.525051,0.399182,-0.751648,50.00,False
-2.715040,6.195049,-81.716852,0.521699,0.444327,-0.728288,50.00,False
-2.556142,5.199472,-79.160593,0.553479,0.391699,-0.735006,50.00,False
-2.455546,5.779346,-76.599376,0.573598,0.349717,-0.740732,50.00,False
-3.637122,7.981258,-72.865085,0.337283,0.790099,-0.511843,50.00,False
-3.856327,8.088076,-70.242977,0.293442,0.811463,-0.505391,50.00,False
-4.686071,9.746076,-66.697586,0.127493,0.940730,-0.314282,50.00,False
-4.997685,10.741819,-63.596674,0.065170,0.975079,-0.212069,50.00,False
-5.234729,11.214519,-60.765560,0.017761,0.986331,-0.163816,50.00,False
-5.262401,11.776178,-58.247736,0.012227,0.983915,-0.178221,50.00,False
-5.478453,12.162419,-55.744968,-0.030983,0.980187,-0.195637,50.00,False
-6.836204,12.316620,-52.667628,-0.302534,0.948073,-0.098138,50.00,False
-7.122040,12.493048,-50.869873,-0.359701,0.897103,-0.256557,50.00,False
-7.121938,12.900397,-48.624464,-0.359680,0.874480,-0.325445,50.00,False
-6.777709,12.763335,-46.982038,-0.290835,0.806389,-0.514929,50.00,False
-5.954799,13.571463,-44.713080,-0.126252,0.805416,-0.579107,50.00,False
-5.476657,14.867641,-42.567698,-0.030624,0.743531,-0.668000,50.00,False
-5.335766,14.768790,-40.088084,-0.002446,0.723761,-0.690047,50.00,False
-5.278826,16.922185,-36.969224,0.008942,0.811529,-0.584244,50.00,False
-5.164780,17.722522,-33.361486,0.031751,0.924167,-0.380666,50.00,False
-4.934802,18.805236,-29.744013,0.077747,0.981469,-0.175141,50.00,False
-5.025037,23.501712,-26.188086,0.059700,0.998053,0.018075,50.00,False
-5.021156,23.852407,-23.203015,0.060476,0.993434,0.097120,50.00,False
-5.052751,23.349300,-20.289380,0.054157,0.985324,0.161877,50.00,False
-5.017134,23.044480,-17.669818,0.061280,0.983911,0.167820,50.00,False
-4.931508,22.956329,-15.458856,0.078406,0.992663,0.092043,50.00,False
-4.941483,22.831916,-13.440247,0.076411,0.996829,-0.022205,50.00,False
-4.939374,22.796926,-11.337938,0.076832,0.989831,-0.119713,50.00,False
-4.941966,22.693571,-9.321114,0.076314,0.969160,-0.234317,50.00,False
-4.929109,22.697102,-6.712244,0.078886,0.969866,-0.230513,50.00,False
-4.235375,-11.425151,-3.596724,0.217632,0.967944,-0.125379,50.00,False
-4.208500,-11.426200,-0.966445,0.223007,0.967735,-0.117292,50.00,False
-4.189623,-10.668160,1.702464,0.226783,0.968644,-0.101480,50.00,False
-4.212615,-10.646665,4.482868,0.222184,0.972943,-0.063369,50.00,False
-4.930661,22.782456,8.119762,0.078575,0.986153,0.146041,50.00,False
-4.962430,22.859620,10.566989,0.072221,0.990441,0.117516,50.00,False
-4.961548,23.089824,12.932785,0.072398,0.994722,0.072706,50.00,False
-5.009771,23.365028,14.955688,0.062753,0.997200,-0.040683,50.00,False
-4.952908,23.541374,17.381032,0.074126,0.994530,-0.073584,50.00,False
-4.852072,23.340227,20.302275,0.094293,0.995518,-0.007304,50.00,False
-4.906921,22.364278,23.712130,0.083323,0.984126,0.156697,50.00,False
-4.793808,22.240868,26.824663,0.105946,0.959444,0.261234,50.00,False
-4.833773,21.774248,29.694137,0.097953,0.943300,0.317159,50.00,False
-4.880243,20.973302,32.322625,0.088659,0.941588,0.324888,50.00,False
-4.942779,20.031524,34.668702,0.076151,0.958098,0.276133,50.00,False
-4.765910,19.252957,37.166035,0.111525,0.959786,0.257631,50.00,False
-4.737414,17.770274,39.808154,0.117224,0.956237,0.268085,50.00,False
-4.481500,14.865814,43.349432,0.168407,0.872660,0.458371,50.00,False
-4.362713,12.614657,46.431724,0.192165,0.808072,0.556860,50.00,False
-4.308973,9.950685,49.620331,0.202913,0.707830,0.676611,50.00,False
-4.319051,9.738186,52.422173,0.200897,0.665330,0.719010,50.00,False
-4.373127,6.602261,56.166578,0.190082,0.248027,0.949922,50.00,False
-5.928563,5.376025,49.043576,-0.121005,0.002780,-0.992648,50.00,False
-4.612323,5.468987,61.544669,0.142243,0.021372,0.989601,50.00,False
-4.713064,5.743925,64.149068,0.122095,0.003778,0.992511,50.00,False
-4.713064,5.743925,66.738915,0.122095,0.003778,0.992511,50.00,False
-4.713064,5.743925,69.328763,0.122095,0.003778,0.992511,50.00,False
-4.713064,5.743925,71.918611,0.122095,0.003778,0.992511,50.00,False
-2.013742,5.447553,62.004659,-0.138041,0.017085,-0.990279,200.00,True
-2.013742,5.447553,62.004659,-0.138041,0.017085,-0.990279,50.00,False
-2.013742,5.447553,59.414811,-0.138041,0.017085,-0.990279,50.00,False
-0.459834,5.697100,66.689791,0.172741,0.066995,0.982686,50.00,False
-0.373439,5.658099,64.086482,0.190020,0.059195,0.979994,50.00,False
-0.242556,6.901504,61.229352,0.216196,0.307876,0.926538,50.00,False
-0.091329,7.800469,58.155683,0.246441,0.500742,0.829773,50.00,False
-0.063978,8.014419,55.420446,0.251912,0.543532,0.800695,50.00,False
-0.049708,8.207732,52.687637,0.254766,0.582195,0.772103,50.00,False
-0.311157,10.491928,49.741345,0.202476,0.684005,0.700814,50.00,False
-0.398013,12.541119,46.547036,0.185105,0.793364,0.579922,50.00,False
-0.437087,12.713522,43.718599,0.177290,0.827845,0.532204,50.00,False
-0.520781,16.733468,40.306427,0.160551,0.915965,0.367739,50.00,False
-0.517224,18.228977,37.427849,0.161262,0.936962,0.309993,50.00,False
-0.746493,19.202491,34.743757,0.115409,0.949692,0.291144,50.00,False
-0.834620,21.103882,32.168712,0.097783,0.950758,0.294105,50.00,False
-0.784350,21.795118,29.613864,0.107837,0.947474,0.301105,50.00,False
-0.727273,22.359465,26.798181,0.119253,0.959309,0.255938,50.00,False
-0.719732,23.133001,23.981477,0.120761,0.970092,0.210567,50.00,False
-0.944960,23.347285,20.438685,0.075715,0.996929,0.019978,50.00,False
-0.986428,23.346069,17.521421,0.067422,0.996686,-0.045506,50.00,False
-1.011540,23.073213,14.882700,0.062399,0.996519,-0.055280,50.00,False
-1.017065,23.075886,12.799840,0.061294,0.997054,0.046117,50.00,False
-0.904000,23.029847,10.558147,0.083907,0.989728,0.115748,50.00,False
-0.894040,23.473175,8.160457,0.085899,0.984302,0.154180,50.00,False
-0.888276,23.611196,5.568896,0.087052,0.984254,0.153837,50.00,False
-0.815225,23.933452,2.626624,0.101662,0.991321,0.083352,50.00,False
-0.782858,23.975895,-0.395194,0.108136,0.994131,-0.003042,50.00,False
-0.884265,23.891529,-3.590689,0.087854,0.988364,-0.124171,50.00,False
-0.893285,23.817520,-6.617656,0.086050,0.973562,-0.211595,50.00,False
-0.924182,23.511930,-9.295642,0.079871,0.970091,-0.229223,50.00,False
-1.090130,23.206659,-11.503916,0.046681,0.987137,-0.152908,50.00,False
-1.008236,22.829614,-13.615252,0.063060,0.996369,-0.057206,50.00,False
-0.948021,22.964432,-15.539636,0.075103,0.994284,0.075887,50.00,False
-0.936808,23.128078,-17.625624,0.077346,0.981229,0.176659,50.00,False
-0.944971,23.580282,-20.350541,0.075713,0.985837,0.149645,50.00,False
-0.859683,23.761690,-23.464509,0.092771,0.994678,0.044821,50.00,False
-0.853550,23.500709,-26.411536,0.093997,0.995217,-0.026615,50.00,False
-0.907892,20.819775,-29.401411,0.083129,0.990819,-0.106621,50.00,False
-0.963355,20.131248,-32.822112,0.072036,0.959373,-0.272791,50.00,False
-1.203524,18.465013,-36.780325,0.024002,0.837138,-0.546464,50.00,False
-0.999706,17.023727,-39.972688,0.064766,0.742267,-0.666967,50.00,False
-1.218577,16.294146,-42.394928,0.020992,0.773502,-0.633446,50.00,False
-1.705681,15.451002,-44.338504,-0.076429,0.860203,-0.504192,50.00,False
-2.075775,14.296289,-46.438954,-0.150448,0.901264,-0.406312,50.00,False
-2.132861,13.711065,-48.923565,-0.161865,0.908499,-0.385265,50.00,False
-1.478258,13.448921,-51.182520,-0.030944,0.947220,-0.319086,50.00,False
-1.378353,13.049522,-53.535197,-0.010963,0.962333,-0.271652,50.00,False
-1.286423,12.254732,-55.993818,0.007423,0.969392,-0.245407,50.00,False
-1.120102,11.672415,-58.482493,0.040687,0.973469,-0.225172,50.00,False
-0.857205,10.597783,-61.402274,0.093266,0.952118,-0.291159,50.00,False
-0.428225,10.038537,-64.028884,0.179062,0.937458,-0.298511,50.00,False
0.572472,8.572614,-67.774533,0.379202,0.758719,-0.529672,50.00,False
0.698049,7.447882,-70.755180,0.404317,0.683424,-0.607832,50.00,False
1.571990,5.839891,-73.958674,0.579105,0.361826,-0.730561,50.00,False
1.635353,5.376784,-76.694822,0.591778,0.269204,-0.759821,50.00,False
1.696006,5.437911,-79.210797,0.603908,0.283197,-0.745046,50.00,False
1.701058,4.661344,-81.794874,0.604919,0.284073,-0.743892,50.00,False
1.601989,4.577025,-84.493612,0.585105,0.267209,-0.765670,50.00,False
1.531643,4.170237,-87.215398,0.571036,0.215783,-0.792058,50.00,False
1.542670,4.437555,-89.714390,0.573241,0.269247,-0.773887,50.00,False
5.582743,4.099116,-89.822033,0.581256,0.171628,-0.795415,200.00,True
5.582743,4.099116,-89.822033,0.581256,0.171628,-0.795415,50.00,False
5.604185,4.092844,-87.217781,0.585544,0.170373,-0.792535,50.00,False
5.696006,4.656964,-84.390492,0.603908,0.283197,-0.745046,50.00,False
5.696912,4.658743,-81.799232,0.604090,0.283553,-0.744764,50.00,False
5.564156,4.614747,-79.329260,0.577538,0.274754,-0.768739,50.00,False
5.456460,4.608634,-76.820146,0.555999,0.273531,-0.784886,50.00,False
5.409348,5.845307,-74.171671,0.546577,0.321678,-0.773160,50.00,False
5.310470,6.327565,-71.477570,0.526801,0.395614,-0.752310,50.00,False
4.531745,7.677378,-68.363938,0.371056,0.665577,-0.647553,50.00,False
3.764302,8.920479,-65.601932,0.217568,0.759439,-0.613121,50.00,False
3.802626,9.793130,-62.211485,0.225232,0.862589,-0.453001,50.00,False
3.043404,11.115169,-58.558293,0.073388,0.967913,-0.240332,50.00,False
3.077175,11.921516,-56.126072,0.080142,0.958995,-0.271858,50.00,False
2.970451,12.965574,-53.777643,0.058797,0.945543,-0.320141,50.00,False
2.677030,14.008471,-51.578856,0.000113,0.917232,-0.398353,50.00,False
2.668046,14.754583,-49.090004,-0.001684,0.908191,-0.418552,50.00,False
2.723726,15.130096,-46.556586,0.009452,0.902856,-0.429838,50.00,False
2.987081,16.298424,-44.113499,0.062123,0.886163,-0.459191,50.00,False
3.030215,16.760310,-41.696326,0.070750,0.866735,-0.493726,50.00,False
3.349369,17.569875,-39.630615,0.134581,0.789698,-0.598553,50.00,False
3.417523,18.358963,-36.996436,0.148212,0.793916,-0.589687,50.00,False
3.315266,19.611315,-32.907884,0.127760,0.948477,-0.289946,50.00,False
3.335053,22.192051,-29.462991,0.131718,0.984126,-0.118937,50.00,False
3.255297,23.040098,-26.421726,0.115767,0.992863,-0.028653,50.00,False
3.249656,23.438462,-23.506208,0.114638,0.992737,0.036481,50.00,False
3.187053,23.001437,-20.407946,0.102118,0.985131,0.138164,50.00,False
3.206128,22.989680,-17.751901,0.105933,0.982779,0.151403,50.00,False
3.109057,22.554910,-15.549110,0.086519,0.993499,0.073992,50.00,False
3.068749,22.567416,-13.543048,0.078457,0.996000,-0.042765,50.00,False
3.124859,23.188020,-11.527785,0.089679,0.983409,-0.157682,50.00,False
3.145101,23.384944,-9.277519,0.093728,0.969701,-0.225598,50.00,False
3.183661,23.567728,-6.379073,0.101439,0.981251,-0.163879,50.00,False
3.241256,24.087543,-3.302346,0.112958,0.991372,-0.066503,50.00,False
3.210231,24.102102,-0.389894,0.106753,0.994284,-0.001982,50.00,False
3.268610,23.957096,2.568278,0.118429,0.990372,0.071683,50.00,False
3.212317,23.488766,5.381010,0.107171,0.987420,0.116260,50.00,False
3.125037,23.486542,8.057232,0.089715,0.986975,0.133535,50.00,False
3.049350,23.045556,10.444365,0.074577,0.992870,0.092992,50.00,False
3.038812,23.068023,12.550116,0.072470,0.997363,-0.003828,50.00,False
3.092290,23.065892,14.934011,0.083165,0.995518,-0.045018,50.00,False
3.073650,23.224955,17.641777,0.079437,0.996609,-0.021435,50.00,False
3.288029,23.046333,20.548305,0.122313,0.991607,0.041902,50.00,False
3.071489,22.676450,23.963027,0.079005,0.975172,0.206876,50.00,False
3.114101,21.937871,26.858853,0.087527,0.959415,0.268072,50.00,False
3.205819,21.120815,29.638267,0.105871,0.946131,0.305985,50.00,False
3.198081,20.786312,32.245556,0.104324,0.945168,0.309474,50.00,False
3.272879,18.251985,34.863062,0.119283,0.941564,0.315005,50.00,False
3.391813,17.926000,37.482764,0.143070,0.936219,0.320976,50.00,False
3.580338,14.818876,40.661611,0.180775,0.880225,0.438776,50.00,False
3.662500,12.697513,43.602421,0.197207,0.837890,0.508969,50.00,False
3.640911,11.442125,46.838191,0.192889,0.745355,0.638153,50.00,False
3.631356,8.218711,49.972015,0.190978,0.636864,0.746948,50.00,False
3.621902,8.157852,52.615280,0.189088,0.624692,0.757632,50.00,False
3.845953,7.303011,55.608351,0.233898,0.492528,0.838277,50.00,False
3.812027,6.290423,58.655239,0.227113,0.290011,0.929685,50.00,False
3.782495,5.596169,61.413869,0.221206,0.151160,0.963441,50.00,False
3.765369,5.342927,64.020470,0.217781,0.133735,0.966792,50.00,False
3.665139,5.089216,66.660039,0.197735,0.082993,0.976736,50.00,False
3.665139,5.089216,69.249886,0.197735,0.082993,0.976736,50.00,False
3.711310,5.665065,71.833907,0.206969,0.073661,0.975570,50.00,False
7.684993,5.574933,71.769747,0.201706,0.180136,0.962739,200.00,True
7.684993,5.574933,71.769747,0.201706,0.180136,0.962739,50.00,False
7.684993,5.574933,69.179900,0.201706,0.180136,0.962739,50.00,False
7.679539,5.764433,66.551853,0.200615,0.218036,0.955099,50.00,False
7.786583,6.284268,63.842990,0.222024,0.288780,0.931296,50.00,False
7.814152,6.339938,61.228829,0.227538,0.299914,0.926433,50.00,False
7.814534,6.819113,58.455340,0.227614,0.395749,0.889705,50.00,False
7.588870,7.474349,55.684769,0.182481,0.487991,0.853560,50.00,False
7.687448,7.810586,52.860811,0.202197,0.555239,0.806738,50.00,False
7.671415,8.053294,50.096847,0.198990,0.603780,0.771915,50.00,False
7.526417,10.975561,47.009375,0.169991,0.720413,0.672390,50.00,False
7.640608,11.240251,44.077285,0.192829,0.773351,0.603941,50.00,False
7.537081,14.835287,40.645968,0.172123,0.883507,0.435648,50.00,False
7.440605,17.002071,37.658028,0.152828,0.921893,0.356029,50.00,False
7.269621,18.955967,35.012628,0.118631,0.931106,0.344919,50.00,False
7.222330,20.365359,32.319000,0.109173,0.939681,0.324162,50.00,False
7.170781,21.265009,29.601834,0.098863,0.949213,0.298699,50.00,False
7.082181,21.955692,26.803869,0.081143,0.962979,0.257075,50.00,False
7.161185,22.703969,23.778306,0.096944,0.980676,0.169932,50.00,False
7.179880,22.767367,20.617541,0.100683,0.993355,0.055749,50.00,False
7.127996,22.894446,17.951378,0.090306,0.995091,0.040486,50.00,False
7.040912,22.751670,14.881915,0.072890,0.995798,-0.055437,50.00,False
7.086312,22.508076,12.515914,0.081970,0.996578,-0.010668,50.00,False
7.137847,22.977846,10.344208,0.092277,0.993057,0.072960,50.00,False
7.185532,23.254802,7.879299,0.101814,0.989970,0.097948,50.00,False
7.150355,23.394166,5.474648,0.094778,0.986304,0.134987,50.00,False
7.124822,23.426287,2.611420,0.089672,0.992728,0.080311,50.00,False
7.220636,23.503879,-0.407181,0.108834,0.994045,-0.005439,50.00,False
7.130564,23.444620,-3.792147,0.090820,0.982193,-0.164463,50.00,False
7.170847,23.386114,-6.659325,0.098877,0.970492,-0.219929,50.00,False
7.179315,22.738951,-9.183819,0.100570,0.973188,-0.206858,50.00,False
7.141330,22.461873,-11.583191,0.092973,0.981262,-0.168763,50.00,False
7.142706,22.158229,-13.735913,0.093249,0.992315,-0.081338,50.00,False
7.243705,22.266747,-15.550437,0.113448,0.990805,0.073727,50.00,False
7.310803,22.476699,-17.676731,0.126868,0.977856,0.166437,50.00,False
7.277099,22.717094,-20.481711,0.120127,0.985058,0.123411,50.00,False
7.304348,22.861624,-23.455603,0.125577,0.990989,0.046602,50.00,False
7.332650,22.556649,-26.340023,0.131237,0.991275,-0.012313,50.00,False
7.378399,21.348672,-29.464449,0.140387,0.982892,-0.119228,50.00,False
7.514622,19.015284,-33.160661,0.167632,0.925180,-0.340501,50.00,False
7.598114,18.617017,-36.553530,0.184330,0.845527,-0.501105,50.00,False
7.629037,17.604857,-39.505701,0.190515,0.796694,-0.573570,50.00,False
7.703959,17.210273,-41.817746,0.205499,0.830323,-0.518009,50.00,False
7.767108,14.956326,-44.046998,0.218129,0.868102,-0.445890,50.00,False
7.480708,15.163693,-46.323114,0.160849,0.909576,-0.383144,50.00,False
7.263708,13.975972,-48.976966,0.117449,0.910732,-0.395945,50.00,False
7.201108,12.586646,-51.652139,0.104929,0.904662,-0.413010,50.00,False
7.132870,11.797185,-53.747909,0.091281,0.944960,-0.314194,50.00,False
7.312361,11.380949,-56.379201,0.127180,0.937992,-0.322483,50.00,False
8.248436,10.450908,-59.270385,0.314394,0.868711,-0.382751,50.00,False
8.611702,8.693354,-62.581873,0.387048,0.756559,-0.527079,50.00,False
8.705083,7.963745,-65.925331,0.405724,0.613167,-0.677801,50.00,False
9.006992,6.848416,-68.776383,0.466106,0.499785,-0.730042,50.00,False
9.276662,6.344158,-71.492301,0.520040,0.398933,-0.755256,50.00,False
9.494079,5.579173,-74.249083,0.563523,0.245936,-0.788643,50.00,False
9.546817,3.349550,-76.860583,0.574071,0.204050,-0.792973,50.00,False
9.562650,3.329886,-79.443943,0.577237,0.200117,-0.791676,50.00,False
9.599335,4.263218,-82.001206,0.584574,0.204448,-0.785159,50.00,False
9.594890,4.188235,-84.613107,0.583685,0.189451,-0.789569,50.00,False
9.633276,4.210005,-87.168962,0.591362,0.193805,-0.782771,50.00,False
9.615376,4.089198,-89.800119,0.587783,0.169644,-0.791033,50.00,False
13.593926,4.196907,-89.791424,0.583492,0.191186,-0.789294,200.00,True
13.593926,4.196907,-89.791424,0.583492,0.191186,-0.789294,50.00,False
13.594511,3.266166,-87.205713,0.583609,0.187373,-0.790121,50.00,False
13.567155,3.245298,-84.640792,0.578138,0.183199,-0.795106,50.00,False
13.537312,2.937658,-82.048198,0.572170,0.203226,-0.794557,50.00,False
13.514450,2.872435,-79.490763,0.567597,0.190182,-0.801040,50.00,False
13.452491,2.934945,-76.928912,0.555205,0.202684,-0.806639,50.00,False
13.452841,3.112124,-74.344696,0.555276,0.197950,-0.807765,50.00,False
13.465862,3.120246,-71.743864,0.557880,0.199575,-0.805568,50.00,False
13.586408,3.571762,-68.925056,0.581989,0.289878,-0.759776,50.00,False
13.669444,3.876060,-66.137250,0.598596,0.350737,-0.720185,50.00,False
13.394197,8.286559,-62.982399,0.543547,0.579556,-0.607184,50.00,False
13.111775,8.910081,-59.939209,0.487062,0.704260,-0.516516,50.00,False
13.319165,9.696981,-57.031893,0.528540,0.717925,-0.453022,50.00,False
12.268932,10.839100,-54.818980,0.318494,0.786985,-0.528409,50.00,False
11.630482,12.456231,-51.664098,0.190804,0.889402,-0.415402,50.00,False
11.460844,13.408381,-48.683436,0.156876,0.928256,-0.337239,50.00,False
11.726887,14.326587,-46.011648,0.210085,0.923536,-0.320851,50.00,False
11.911776,14.992824,-43.841184,0.247062,0.880429,-0.404728,50.00,False
11.844832,14.820533,-41.624205,0.233674,0.845971,-0.479301,50.00,False
11.766040,17.088712,-39.550326,0.217915,0.783079,-0.582495,50.00,False
11.761865,18.140493,-36.680494,0.217080,0.821995,-0.526498,50.00,False
11.590249,18.712638,-32.955736,0.182757,0.936424,-0.299516,50.00,False
11.418399,21.184170,-29.306242,0.148387,0.985043,-0.087587,50.00,False
11.427256,22.089187,-26.577071,0.150159,0.986856,-0.059722,50.00,False
11.360527,22.480171,-23.622465,0.136813,0.990509,0.013230,50.00,False
11.329447,22.211587,-20.340639,0.130597,0.979773,0.151625,50.00,False
11.283835,21.882733,-17.764540,0.121474,0.981366,0.148875,50.00,False
11.237674,21.923602,-15.465966,0.112242,0.989540,0.090621,50.00,False
11.082174,22.071328,-13.945662,0.081142,0.989048,-0.123288,50.00,False
11.104268,22.099785,-11.620451,0.085561,0.980626,-0.176215,50.00,False
11.130913,22.235081,-9.235515,0.090890,0.971887,-0.217198,50.00,False
11.160685,22.728043,-6.652468,0.096844,0.971007,-0.218558,50.00,False
11.215496,23.266462,-3.870909,0.107806,0.977701,-0.180215,50.00,False
11.009202,23.437649,-0.302650,0.066548,0.997663,0.015467,50.00,False
10.979813,23.423187,2.620660,0.060670,0.994771,0.082159,50.00,False
11.118736,22.645699,5.467863,0.088454,0.987076,0.133630,50.00,False
11.071598,22.466726,7.898125,0.079027,0.991670,0.101713,50.00,False
10.967664,22.489836,10.296039,0.058240,0.996292,0.063327,50.00,False
11.044983,22.212392,12.461484,0.073704,0.997047,-0.021554,50.00,False
11.019439,22.376728,14.926915,0.068595,0.996563,-0.046437,50.00,False
11.075383,22.377515,17.681412,0.079784,0.996721,-0.013507,50.00,False
10.943063,22.275951,20.618864,0.053320,0.997005,0.056013,50.00,False
11.042805,22.209117,23.751550,0.073268,0.983639,0.164581,50.00,False
11.141095,21.176876,26.926757,0.092926,0.955006,0.281653,50.00,False
11.131120,20.376601,29.724672,0.090931,0.941929,0.323266,50.00,False
11.147230,19.588526,32.445407,0.094153,0.932215,0.349444,50.00,False
11.218919,17.662658,35.156366,0.108491,0.921197,0.373666,50.00,False
11.354622,16.969470,37.773250,0.135632,0.915373,0.379073,50.00,False
11.534697,14.599112,40.841330,0.171647,0.863237,0.474720,50.00,False
11.550761,11.872344,43.838078,0.174860,0.812513,0.556100,50.00,False
11.500439,10.800905,46.861388,0.164795,0.748105,0.642792,50.00,False
11.530224,10.305646,49.786529,0.170752,0.683341,0.709851,50.00,False
11.822264,7.007717,52.910489,0.229160,0.529651,0.816674,50.00,False
12.035471,6.472404,55.743390,0.271801,0.421197,0.865284,50.00,False
11.882933,5.953385,58.592224,0.241294,0.317393,0.917082,50.00,False
11.717491,5.583366,61.333255,0.208205,0.243390,0.947318,50.00,False
11.488728,5.317224,64.027606,0.162453,0.190161,0.968219,50.00,False
11.766967,5.441593,66.546113,0.218101,0.205936,0.953951,50.00,False
11.817359,5.448208,69.112583,0.228179,0.216358,0.949275,50.00,False
11.736073,5.269339,71.739270,0.211922,0.199807,0.956643,50.00,False
15.515604,4.107437,71.853842,0.167828,0.110909,0.979558,200.00,True
15.515604,4.107437,71.853842,0.167828,0.110909,0.979558,50.00,False
15.642290,5.475014,69.143520,0.193165,0.223110,0.955463,50.00,False
15.688022,5.674334,66.493123,0.202312,0.262974,0.943353,50.00,False
15.692597,5.680495,63.900570,0.203227,0.264206,0.942812,50.00,False
15.712095,6.192549,61.131778,0.207126,0.366617,0.907023,50.00,False
15.607295,6.458607,58.448342,0.186166,0.419829,0.888305,50.00,False
15.583083,7.234128,55.728509,0.181324,0.472807,0.862308,50.00,False
15.565842,7.705327,52.848371,0.177876,0.567047,0.804250,50.00,False
15.583994,8.545005,50.062942,0.181506,0.617759,0.765134,50.00,False
15.484177,10.525754,47.160088,0.161543,0.693074,0.702533,50.00,False
15.597772,11.831134,43.932236,0.184262,0.797183,0.574932,50.00,False
15.299894,12.075935,41.058552,0.124686,0.846144,0.518164,50.00,False
15.299538,15.889575,37.986224,0.124615,0.898146,0.421668,50.00,False
15.237033,17.337591,35.290396,0.112114,0.909424,0.400472,50.00,False
15.136354,18.463957,32.539077,0.091978,0.925195,0.368178,50.00,False
15.092676,19.657595,29.674392,0.083242,0.946028,0.313210,50.00,False
15.146133,20.001522,26.901835,0.093934,0.956363,0.276669,50.00,False
15.017663,21.525128,23.876865,0.068240,0.979479,0.189644,50.00,False
14.987230,22.067087,20.474785,0.062153,0.997696,0.027198,50.00,False
15.037780,22.062533,17.575929,0.072263,0.996785,-0.034604,50.00,False
14.995961,22.063425,14.936596,0.063899,0.996964,-0.044501,50.00,False
15.030218,21.842399,12.464863,0.070751,0.997275,-0.020878,50.00,False
15.095186,22.088385,10.257050,0.083745,0.994939,0.055529,50.00,False
15.026647,22.408247,7.882681,0.070037,0.992657,0.098624,50.00,False
15.088578,22.646944,5.477873,0.082423,0.987325,0.135632,50.00,False
15.112439,22.993446,2.806369,0.087195,0.989022,0.119301,50.00,False
15.052030,23.179426,-0.454575,0.075113,0.997063,-0.014918,50.00,False
15.203073,22.983928,-3.572007,0.105322,0.987118,-0.120435,50.00,False
15.178476,22.668258,-6.580668,0.100402,0.973767,-0.204198,50.00,False
15.106711,22.011045,-9.125275,0.086049,0.976991,-0.195150,50.00,False
15.143566,21.714722,-11.402042,0.093420,0.986766,-0.132534,50.00,False
15.105593,21.517979,-13.838682,0.085826,0.991086,-0.101892,50.00,False
15.156193,21.546708,-15.806957,0.095946,0.995134,0.022423,50.00,False
15.083505,21.742963,-17.919424,0.081408,0.989683,0.117899,50.00,False
15.279258,21.709558,-20.406442,0.120559,0.983002,0.138465,50.00,False
15.377156,21.739918,-23.459845,0.140138,0.989074,0.045754,50.00,False
15.466548,21.582924,-26.500433,0.158017,0.986438,-0.044395,50.00,False
15.502399,21.154232,-29.336175,0.165187,0.981813,-0.093573,50.00,False
15.516212,18.922023,-33.456953,0.167950,0.901102,-0.399760,50.00,False
15.753590,17.094925,-36.776737,0.215425,0.809785,-0.545747,50.00,False
15.786864,16.409739,-39.497135,0.222080,0.789722,-0.571857,50.00,False
16.056686,14.768716,-41.173453,0.276044,0.878841,-0.389151,50.00,False
15.759654,14.274444,-43.452907,0.216638,0.919832,-0.327072,50.00,False
15.678760,13.477572,-45.892131,0.200459,0.933616,-0.296947,50.00,False
15.795092,11.877764,-49.174363,0.223726,0.871982,-0.435424,50.00,False
15.930596,11.108977,-52.393645,0.250826,0.788680,-0.561311,50.00,False
16.331327,10.224216,-55.196907,0.330973,0.725016,-0.603994,50.00,False
17.591480,6.375292,-57.874379,0.583003,0.523280,-0.621519,50.00,False
17.956385,6.146347,-60.279334,0.655984,0.477491,-0.584540,50.00,False
17.909582,5.666410,-63.249256,0.646624,0.381503,-0.660555,50.00,False
17.784776,5.599532,-65.993270,0.621662,0.368127,-0.691389,50.00,False
17.691029,3.546948,-68.852162,0.602913,0.284915,-0.745198,50.00,False
17.707282,3.210834,-71.540861,0.606164,0.217692,-0.764968,50.00,False
17.563459,3.123597,-74.263497,0.577399,0.200245,-0.791525,50.00,False
17.498476,3.064650,-76.914220,0.564402,0.188455,-0.803700,50.00,False
17.495399,2.860976,-79.506888,0.563787,0.187890,-0.804265,50.00,False
17.499420,2.838194,-82.099172,0.564591,0.183333,-0.804752,50.00,False
17.530867,2.812350,-84.672605,0.570881,0.178165,-0.801469,50.00,False
17.584220,2.582361,-87.248923,0.581551,0.154194,-0.798763,50.00,False
17.557217,2.748067,-89.822882,0.576151,0.187335,-0.795585,50.00,False
21.491074,2.664902,-89.888406,0.562922,0.170702,-0.808690,200.00,True
21.491074,2.664902,-89.888406,0.562922,0.170702,-0.808690,50.00,False
21.491074,2.775036,-87.298559,0.562922,0.170702,-0.808690,50.00,False
21.506079,2.823632,-84.687633,0.565923,0.180421,-0.804475,50.00,False
21.503514,3.035772,-82.097041,0.565410,0.182680,-0.804326,50.00,False
21.508576,3.021517,-79.506843,0.566422,0.179829,-0.804256,50.00,False
21.672359,3.111548,-76.774654,0.599179,0.197835,-0.775787,50.00,False
21.818401,3.160604,-74.054244,0.628387,0.207646,-0.749675,50.00,False
21.937083,3.237175,-71.338947,0.652124,0.222960,-0.724585,50.00,False
22.115039,3.237507,-68.580546,0.687715,0.223027,-0.690874,50.00,False
22.099999,5.272421,-65.851239,0.684707,0.302705,-0.662982,50.00,False
22.079096,5.066749,-63.368703,0.680526,0.261571,-0.684445,50.00,False
22.169295,4.644514,-60.823014,0.698566,0.177124,-0.693277,50.00,False
22.118657,4.510948,-58.314420,0.688439,0.150411,-0.709527,50.00,False
20.745438,8.190196,-55.773383,0.413795,0.558029,-0.719289,50.00,False
20.683638,9.644302,-52.826136,0.401435,0.647451,-0.647810,50.00,False
20.251605,11.192158,-49.622751,0.315028,0.790585,-0.525102,50.00,False
19.900371,11.750464,-46.182450,0.244782,0.902247,-0.355011,50.00,False
19.897039,12.567236,-43.264140,0.244115,0.925582,-0.289319,50.00,False
19.733826,13.479286,-41.190646,0.211473,0.895071,-0.392590,50.00,False
19.503344,13.766981,-39.746672,0.165376,0.765546,-0.621764,50.00,False
19.673659,15.027711,-37.029842,0.199439,0.777541,-0.596368,50.00,False
19.435892,17.674386,-33.645542,0.151886,0.886309,-0.437477,50.00,False
19.560456,19.268891,-29.688657,0.176798,0.970476,-0.164070,50.00,False
19.403022,20.237765,-26.785200,0.145312,0.984181,-0.101348,50.00,False
19.409389,21.190965,-23.832817,0.146585,0.988778,-0.028841,50.00,False
19.302482,21.184054,-20.614653,0.125204,0.987395,0.096822,50.00,False
19.188264,21.190179,-17.957734,0.102360,0.988620,0.110237,50.00,False
19.030134,21.000621,-16.105875,0.070734,0.996795,-0.037361,50.00,False
19.055811,21.107273,-13.909122,0.075869,0.990350,-0.115980,50.00,False
19.076055,21.490510,-11.484708,0.079918,0.985592,-0.149067,50.00,False
19.119131,21.962720,-8.989262,0.088534,0.981812,-0.167947,50.00,False
19.144340,21.945503,-6.482150,0.093575,0.978369,-0.184494,50.00,False
19.239368,22.548709,-3.569772,0.112581,0.986371,-0.119988,50.00,False
19.165136,22.754144,0.003763,0.097734,0.992249,0.076749,50.00,False
19.123626,22.750008,2.686446,0.089433,0.991422,0.095316,50.00,False
19.134120,22.489782,5.480311,0.091531,0.986455,0.136120,50.00,False
19.020899,22.344604,7.791213,0.068887,0.994385,0.080331,50.00,False
18.931933,21.775620,10.129157,0.051094,0.998245,0.029950,50.00,False
18.969557,21.825651,12.523983,0.058619,0.998239,-0.009054,50.00,False
18.977938,21.841373,14.923771,0.060295,0.997070,-0.047066,50.00,False
19.004741,21.845119,17.715294,0.065655,0.997820,-0.006731,50.00,False
18.913105,21.764483,21.093263,0.047328,0.987416,0.150893,50.00,False
19.243755,21.383939,24.067846,0.113458,0.967066,0.227840,50.00,False
19.132755,19.997480,26.920158,0.091258,0.955555,0.280333,50.00,False
19.031357,19.470942,29.748159,0.070979,0.942020,0.327964,50.00,False
18.984623,18.486945,32.512628,0.061632,0.929792,0.362888,50.00,False
19.123666,16.824147,35.410736,0.089440,0.900981,0.424540,50.00,False
19.254709,14.930939,38.104837,0.115649,0.887836,0.445391,50.00,False
19.268964,12.224447,41.072368,0.118500,0.845336,0.520927,50.00,False
19.217666,10.688969,44.101795,0.108240,0.785871,0.608843,50.00,False
19.571075,9.099053,47.356716,0.178922,0.646246,0.741858,50.00,False
19.537526,8.798756,50.195583,0.172212,0.586186,0.791662,50.00,False
19.530938,8.777516,52.802491,0.170895,0.581938,0.795074,50.00,False
19.596648,7.539216,55.868300,0.184037,0.416601,0.890266,50.00,False
19.753617,6.784253,58.498557,0.215431,0.382832,0.898348,50.00,False
19.715920,6.283520,61.165749,0.207891,0.348883,0.913817,50.00,False
19.794747,5.489327,63.819273,0.223657,0.302454,0.926552,50.00,False
19.800991,5.490027,66.407380,0.224905,0.302594,0.926204,50.00,False
19.773926,4.699787,69.115185,0.219492,0.222960,0.949796,50.00,False
19.773926,4.699787,71.705032,0.219492,0.222960,0.949796,50.00,False
23.868985,5.119316,71.675496,0.238504,0.228452,0.943888,200.00,True
23.868985,5.119316,71.675496,0.238504,0.228452,0.943888,50.00,False
23.816444,5.903571,69.039394,0.227996,0.272893,0.934637,50.00,False
23.816444,5.341522,66.449546,0.227996,0.272893,0.934637,50.00,False
23.918126,6.271194,63.709579,0.248332,0.346418,0.904614,50.00,False
23.754987,6.442975,61.092447,0.215705,0.380774,0.899157,50.00,False
23.754987,6.442975,58.502599,0.215705,0.380774,0.899157,50.00,False
23.908446,7.436951,55.707422,0.246396,0.450521,0.858091,50.00,False
23.849857,7.688157,52.992944,0.234679,0.500762,0.833165,50.00,False
23.665928,8.470955,50.175946,0.197893,0.583363,0.787735,50.00,False
23.677374,8.929201,47.397965,0.200182,0.630290,0.750108,50.00,False
23.276629,10.509046,44.310507,0.120033,0.749887,0.650586,50.00,False
23.347499,12.593250,41.135873,0.134207,0.835002,0.533629,50.00,False
23.250827,14.030304,38.185542,0.114873,0.879655,0.461532,50.00,False
23.155217,14.908415,35.582368,0.095751,0.883331,0.458867,50.00,False
23.056710,16.970414,32.690997,0.076049,0.913983,0.398562,50.00,False
23.028470,18.937500,29.734770,0.070401,0.942991,0.325286,50.00,False
23.086636,19.803971,26.875683,0.082034,0.958953,0.271438,50.00,False
23.080286,20.481875,24.207297,0.080765,0.963369,0.255731,50.00,False
23.146269,21.545663,20.953360,0.093961,0.987959,0.122913,50.00,False
22.971181,21.688776,17.816247,0.058943,0.998171,0.013460,50.00,False
23.025393,21.811634,14.970228,0.069786,0.996847,-0.037775,50.00,False
22.968653,21.572578,12.508290,0.058438,0.998217,-0.012193,50.00,False
22.961229,21.653439,10.144377,0.056953,0.997832,0.032994,50.00,False
22.991172,22.084169,7.663568,0.062942,0.996511,0.054802,50.00,False
23.087149,22.198149,5.407171,0.082137,0.989188,0.121492,50.00,False
23.129536,22.518926,2.633010,0.090614,0.992284,0.084629,50.00,False
23.302477,22.515908,-0.529549,0.125203,0.991680,-0.029913,50.00,False
23.138826,22.181893,-3.665840,0.092472,0.985937,-0.139202,50.00,False
23.108149,21.959065,-6.426069,0.086337,0.981081,-0.173278,50.00,False
23.068522,20.978078,-8.945740,0.078412,0.984121,-0.159243,50.00,False
23.013626,21.026792,-11.397556,0.067432,0.989002,-0.131636,50.00,False
22.989882,21.013674,-13.910475,0.062684,0.991240,-0.116251,50.00,False
23.088674,20.782037,-16.083008,0.082442,0.996056,-0.032788,50.00,False
23.311709,20.760189,-18.406923,0.127049,0.991687,0.020399,50.00,False
23.340057,20.756058,-20.978220,0.132719,0.990860,0.024109,50.00,False
23.342158,20.265315,-23.750410,0.133139,0.991020,-0.012359,50.00,False
23.401555,19.887459,-26.893253,0.145018,0.981759,-0.122959,50.00,False
23.471189,18.074704,-29.878997,0.158945,0.966373,-0.202138,50.00,False
23.478749,16.786258,-34.144165,0.160457,0.828051,-0.537202,50.00,False
23.679337,13.340099,-37.294447,0.200575,0.733617,-0.649289,50.00,False
23.698196,12.575400,-39.594397,0.204346,0.780126,-0.591309,50.00,False
23.739318,12.390972,-41.036910,0.212571,0.907680,-0.361842,50.00,False
24.254854,11.246380,-43.410879,0.315678,0.893756,-0.318667,50.00,False
25.267215,10.001976,-46.919375,0.518150,0.692184,-0.502396,50.00,False
25.255009,9.686300,-49.905600,0.515709,0.629049,-0.581672,50.00,False
25.248855,8.981648,-53.015534,0.514478,0.514920,-0.685689,50.00,False
25.151254,9.069103,-55.610429,0.494958,0.532411,-0.686698,50.00,False
25.637058,7.158092,-58.392273,0.592119,0.351609,-0.725098,50.00,False
26.118657,4.510948,-60.904268,0.688439,0.150411,-0.709527,50.00,False
26.120337,4.663994,-63.456541,0.688775,0.181020,-0.702012,50.00,False
26.191188,4.743374,-65.953565,0.702945,0.196896,-0.683448,50.00,False
26.235276,4.896506,-68.448929,0.711762,0.227522,-0.664551,50.00,False
26.172120,2.931011,-71.115729,0.699131,0.221123,-0.679941,50.00,False
26.091553,3.166142,-73.805543,0.683018,0.208754,-0.699935,50.00,False
25.855203,3.105360,-76.627923,0.635748,0.196597,-0.746441,50.00,False
25.773894,3.107778,-79.284894,0.619486,0.197081,-0.759866,50.00,False
25.626220,3.082192,-81.996852,0.589951,0.191964,-0.784288,50.00,False
25.508576,3.021517,-84.686539,0.566422,0.179829,-0.804256,50.00,False
25.508576,3.021517,-87.276386,0.566422,0.179829,-0.804256,50.00,False
25.485477,2.504366,-89.893922,0.561803,0.169153,-0.809793,50.00,False
29.530213,3.006951,-89.854150,0.570750,0.176915,-0.801839,200.00,True
29.530213,3.006951,-89.854150,0.570750,0.176915,-0.801839,50.00,False
29.664398,3.014580,-87.163588,0.597587,0.178441,-0.781696,50.00,False
29.772497,3.075858,-84.473861,0.619207,0.190697,-0.761720,50.00,False
29.855203,3.105360,-81.807618,0.635748,0.196597,-0.746441,50.00,False
29.986621,3.052029,-79.115800,0.662031,0.185931,-0.726047,50.00,False
30.144912,3.132235,-76.352602,0.693690,0.201972,-0.691377,50.00,False
30.238667,2.906779,-73.643731,0.712441,0.216277,-0.667572,50.00,False
30.234179,4.880595,-71.045354,0.711543,0.224340,-0.665866,50.00,False
30.208639,3.663221,-68.496188,0.706435,0.216032,-0.674003,50.00,False
30.120337,3.848959,-66.046389,0.688775,0.181020,-0.702012,50.00,False
29.990284,6.113974,-63.591288,0.662764,0.171344,-0.728962,50.00,False
29.831437,6.325944,-61.123442,0.630995,0.185179,-0.753362,50.00,False
29.437862,6.887197,-58.660763,0.552280,0.297430,-0.778796,50.00,False
29.485117,7.390701,-55.803060,0.561731,0.398130,-0.725225,50.00,False
29.777253,6.663781,-53.187265,0.620158,0.311374,-0.720035,50.00,False
29.587834,6.667195,-50.750831,0.582274,0.312057,-0.750718,50.00,False
29.357925,8.701015,-47.911576,0.536292,0.470339,-0.700837,50.00,False
28.423257,10.080495,-44.822044,0.349359,0.718935,-0.600900,50.00,False
27.942820,10.998749,-41.719186,0.253271,0.829188,-0.498298,50.00,False
27.902100,11.350892,-39.405073,0.245127,0.795997,-0.553445,50.00,False
27.781274,12.123801,-37.435971,0.220962,0.701458,-0.677594,50.00,False
27.767146,13.701749,-34.209817,0.218136,0.805947,-0.550332,50.00,False
27.453859,16.685459,-30.299497,0.155479,0.945460,-0.286238,50.00,False
27.439682,18.677925,-26.881549,0.152644,0.980893,-0.120618,50.00,False
27.275936,20.021810,-24.012685,0.119894,0.990669,-0.064815,50.00,False
27.268017,20.274341,-21.012185,0.118311,0.992826,0.017316,50.00,False
27.232989,20.036946,-18.441891,0.111305,0.993696,0.013405,50.00,False
27.272508,20.032331,-15.988270,0.119209,0.992773,-0.013840,50.00,False
27.023179,20.725317,-13.920146,0.069343,0.990567,-0.118185,50.00,False
27.021050,20.835524,-11.397521,0.068917,0.988900,-0.131629,50.00,False
27.030233,20.961432,-8.917932,0.070754,0.985584,-0.153681,50.00,False
27.026059,21.536198,-6.274012,0.069919,0.987269,-0.142867,50.00,False
26.980000,21.929180,-3.464040,0.060707,0.993250,-0.098842,50.00,False
26.985016,21.947867,-0.614967,0.061710,0.996987,-0.046997,50.00,False
27.082977,21.933410,2.569159,0.081303,0.994096,0.071859,50.00,False
27.026574,21.932528,5.224613,0.070022,0.993919,0.084980,50.00,False
27.044818,21.422594,7.628735,0.073671,0.996135,0.047835,50.00,False
26.994914,21.349848,10.084583,0.063690,0.997748,0.021035,50.00,False
26.956141,21.288619,12.541994,0.055935,0.998419,-0.005452,50.00,False
26.966788,21.394861,15.040563,0.058065,0.998031,-0.023708,50.00,False
27.016069,21.380836,18.099355,0.067921,0.995226,0.070081,50.00,False
26.937398,21.361449,20.940956,0.052187,0.991349,0.120432,50.00,False
27.024644,20.017812,23.927072,0.069636,0.977382,0.199686,50.00,False
27.072933,19.907972,26.925079,0.079294,0.956333,0.281317,50.00,False
27.130207,18.681334,29.711601,0.090749,0.942840,0.320652,50.00,False
27.151937,17.367843,32.748448,0.095095,0.907091,0.410052,50.00,False
27.215745,14.780200,35.590972,0.107856,0.881037,0.460587,50.00,False
27.319863,13.648774,38.296099,0.128680,0.865754,0.483643,50.00,False
27.612438,9.512381,41.657792,0.187195,0.746926,0.638012,50.00,False
27.868026,8.971907,44.715111,0.238313,0.638831,0.731507,50.00,False
27.851571,8.659010,47.561180,0.235022,0.576252,0.782751,50.00,False
28.021695,7.598663,50.269723,0.269046,0.526487,0.806490,50.00,False
28.025568,7.241857,53.069931,0.269821,0.455126,0.848562,50.00,False
28.002507,5.067254,56.015229,0.265209,0.289662,0.919652,50.00,False
28.001290,5.214745,58.556349,0.264965,0.319161,0.909907,50.00,False
28.070862,5.002433,61.194664,0.278880,0.276698,0.919600,50.00,False
28.041984,4.612908,63.892612,0.273104,0.198793,0.941220,50.00,False
27.957407,4.627630,66.503063,0.256189,0.201738,0.945341,50.00,False
27.957407,4.627630,69.092911,0.256189,0.201738,0.945341,50.00,False
27.973481,4.273353,71.740351,0.259404,0.130882,0.956859,50.00,False
32.124977,4.221065,71.703607,0.289703,0.120425,0.949511,200.00,True
32.124977,4.221065,71.703607,0.289703,0.120425,0.949511,50.00,False
32.124977,4.221065,69.113759,0.289703,0.120425,0.949511,50.00,False
32.100094,4.386422,66.507559,0.284726,0.153496,0.946240,50.00,False
32.104785,4.317816,63.926920,0.285664,0.139775,0.948082,50.00,False
32.015971,4.129893,61.386721,0.267902,0.102190,0.958011,50.00,False
32.161464,4.449456,58.708414,0.297000,0.166103,0.940320,50.00,False
32.161464,4.449456,56.118566,0.297000,0.166103,0.940320,50.00,False
32.042218,4.431136,53.567907,0.273151,0.162439,0.948157,50.00,False
32.151925,4.785904,50.869898,0.295092,0.233392,0.926525,50.00,False
32.123954,3.539950,48.325703,0.289498,0.201841,0.935655,50.00,False
31.907224,7.183544,45.092641,0.246152,0.536786,0.807013,50.00,False
31.403405,8.750159,42.080253,0.145388,0.675906,0.722504,50.00,False
31.207077,12.060726,38.621257,0.106123,0.829273,0.548675,50.00,False
31.172162,14.110705,35.830413,0.099140,0.855350,0.508476,50.00,False
31.091614,16.639731,32.820147,0.083030,0.901664,0.424392,50.00,False
31.036301,18.665632,29.760884,0.071968,0.941055,0.330509,50.00,False
30.995418,19.518697,26.982213,0.063791,0.954061,0.292744,50.00,False
31.063151,20.000632,23.994561,0.077337,0.973947,0.213183,50.00,False
31.056844,21.081865,21.155778,0.076076,0.983623,0.163396,50.00,False
31.052226,21.136100,18.115736,0.075153,0.994470,0.073357,50.00,False
30.966879,21.014300,15.078479,0.058083,0.998182,-0.016125,50.00,False
30.974037,21.063738,12.581226,0.059515,0.998225,0.002394,50.00,False
30.977756,21.055981,10.100763,0.060258,0.997888,0.024271,50.00,False
30.956151,21.245384,7.591827,0.055937,0.997614,0.040454,50.00,False
31.029415,21.346598,5.120572,0.070590,0.995439,0.064172,50.00,False
31.105799,21.341849,2.510600,0.085867,0.994489,0.060147,50.00,False
31.085827,21.350515,-0.524678,0.081873,0.996223,-0.028939,50.00,False
31.083174,21.250102,-3.592449,0.081342,0.988877,-0.124523,50.00,False
31.036801,21.246491,-6.237115,0.072067,0.988155,-0.135487,50.00,False
31.012432,20.966128,-8.863900,0.067194,0.987457,-0.142875,50.00,False
31.030961,20.514498,-11.385647,0.070899,0.989074,-0.129254,50.00,False
31.090153,20.183670,-13.877487,0.082738,0.990520,-0.109653,50.00,False
31.124248,19.673985,-16.171674,0.089557,0.994700,-0.050521,50.00,False
31.289084,19.380554,-18.497094,0.122524,0.992463,0.002365,50.00,False
31.338681,19.373909,-21.045759,0.132444,0.991134,0.010601,50.00,False
31.378702,19.266591,-24.014953,0.140448,0.987934,-0.065268,50.00,False
31.462610,17.986595,-27.016936,0.157229,0.976455,-0.147695,50.00,False
31.656989,14.350398,-30.696441,0.196105,0.909868,-0.365627,50.00,False
31.493697,13.018341,-34.692132,0.163447,0.744944,-0.646795,50.00,False
31.712767,10.931829,-37.401494,0.207261,0.712185,-0.670698,50.00,False
31.772243,11.116487,-39.763533,0.219156,0.749116,-0.625136,50.00,False
32.036427,9.398802,-42.322602,0.271993,0.736806,-0.618981,50.00,False
32.415341,8.999888,-45.161844,0.347775,0.657023,-0.668860,50.00,False
32.456878,8.592071,-48.088601,0.356083,0.575459,-0.736241,50.00,False
33.147342,7.585107,-50.914113,0.494176,0.376982,-0.783374,50.00,False
33.211964,5.506339,-53.743892,0.507100,0.227353,-0.831361,50.00,False
33.549320,4.415928,-56.226789,0.574571,0.117540,-0.809970,50.00,False
33.563587,5.956050,-58.759714,0.577425,0.169828,-0.798586,50.00,False
33.662921,5.988484,-61.268652,0.597291,0.176314,-0.782404,50.00,False
33.646915,6.032812,-63.860445,0.594090,0.185180,-0.782793,50.00,False
33.849629,5.986005,-66.299067,0.634633,0.175819,-0.752548,50.00,False
34.012897,3.859722,-68.735803,0.667287,0.183172,-0.721926,50.00,False
34.186937,3.232256,-71.106801,0.702095,0.217182,-0.678156,50.00,False
34.291431,3.694035,-73.576612,0.722993,0.222195,-0.654148,50.00,False
34.236290,2.902171,-76.237602,0.711965,0.215355,-0.668377,50.00,False
34.147371,2.812475,-78.946559,0.694181,0.197416,-0.692199,50.00,False
34.065915,3.049676,-81.632340,0.677890,0.185460,-0.711385,50.00,False
33.992758,3.029818,-84.295514,0.663259,0.181489,-0.726051,50.00,False
33.772497,3.075858,-87.063709,0.619207,0.190697,-0.761720,50.00,False
33.727651,3.053635,-89.695021,0.610238,0.186252,-0.770013,50.00,False
37.992758,3.029818,-89.475209,0.663259,0.181489,-0.726051,200.00,True
37.992758,3.029818,-89.475209,0.663259,0.181489,-0.726051,50.00,False
38.042361,2.745471,-86.836197,0.673179,0.184015,-0.716218,50.00,False
38.085040,2.727836,-84.210287,0.681715,0.180488,-0.709005,50.00,False
38.202735,2.843738,-81.470761,0.705254,0.203668,-0.679070,50.00,False
38.236290,2.902171,-78.827450,0.711965,0.215355,-0.668377,50.00,False
38.204375,2.875759,-76.279588,0.705582,0.210073,-0.676774,50.00,False
38.170129,3.187676,-73.727849,0.698733,0.208265,-0.684396,50.00,False
37.905303,3.921748,-71.406325,0.645768,0.195578,-0.738061,50.00,False
37.857554,3.873701,-68.869978,0.636218,0.185968,-0.748761,50.00,False
37.611157,5.891386,-66.507747,0.586939,0.156895,-0.794284,50.00,False
37.552008,5.857056,-63.967490,0.575109,0.150029,-0.804202,50.00,False
37.637151,4.203483,-61.368304,0.592138,0.075051,-0.802334,50.00,False
37.463505,5.053619,-58.861230,0.557408,0.136809,-0.818889,50.00,False
37.286206,5.159854,-56.367963,0.521949,0.158056,-0.838205,50.00,False
37.110736,5.982079,-53.837412,0.486854,0.200905,-0.850065,50.00,False
37.192643,7.377540,-50.979121,0.503236,0.335468,-0.796376,50.00,False
36.931897,7.920032,-48.207352,0.451087,0.467903,-0.759992,50.00,False
36.806140,8.306743,-45.525129,0.425935,0.518394,-0.741517,50.00,False
36.625511,9.133018,-42.793823,0.389809,0.582545,-0.713225,50.00,False
36.284889,10.091796,-40.124264,0.321685,0.640559,-0.697283,50.00,False
35.821007,10.512074,-37.737231,0.228909,0.634968,-0.737846,50.00,False
35.537667,11.437714,-34.804589,0.172241,0.722764,-0.669287,50.00,False
35.739865,11.947344,-31.488673,0.212680,0.824691,-0.524073,50.00,False
35.533188,14.633921,-27.232114,0.171345,0.966573,-0.190731,50.00,False
35.544295,18.389794,-24.225164,0.173566,0.978958,-0.107310,50.00,False
35.375069,19.028636,-21.270381,0.139721,0.989596,-0.034323,50.00,False
35.144304,19.140230,-18.796455,0.093568,0.993951,-0.057507,50.00,False
35.009433,19.306195,-16.436266,0.066594,0.992404,-0.103439,50.00,False
35.021054,19.905298,-13.942388,0.068918,0.990056,-0.122633,50.00,False
35.024544,20.177459,-11.381290,0.069616,0.989278,-0.128383,50.00,False
35.033047,20.564554,-8.843457,0.071317,0.987751,-0.138786,50.00,False
35.013924,20.974918,-6.209639,0.067492,0.989215,-0.129992,50.00,False
35.051011,21.259814,-3.532547,0.074909,0.990819,-0.112543,50.00,False
35.076815,21.289286,-0.441327,0.080070,0.996714,-0.012269,50.00,False
35.061388,21.289174,2.340224,0.076985,0.996691,0.026072,50.00,False
34.982201,21.152031,5.042072,0.061147,0.996951,0.048472,50.00,False
34.943740,20.898003,7.544313,0.053455,0.998090,0.030951,50.00,False
34.934623,20.872830,10.087812,0.051632,0.998431,0.021681,50.00,False
34.961240,20.872534,12.553192,0.056955,0.998372,-0.003212,50.00,False
34.978830,20.961609,15.141300,0.060473,0.998163,-0.003560,50.00,False
35.046149,20.951399,17.987447,0.073937,0.996122,0.047700,50.00,False
35.100136,20.781550,21.051992,0.084735,0.986141,0.142639,50.00,False
35.099868,20.121891,23.969030,0.084681,0.974440,0.208077,50.00,False
35.017850,18.563049,26.845178,0.068277,0.961735,0.265337,50.00,False
34.949871,17.685197,29.764701,0.054681,0.941949,0.331272,50.00,False
35.008537,15.417352,33.091914,0.066415,0.875438,0.478745,50.00,False
35.118358,13.251352,35.915183,0.088379,0.846235,0.525430,50.00,False
35.207926,11.989480,38.725856,0.106292,0.815024,0.569595,50.00,False
35.726353,9.250495,42.270460,0.209978,0.614393,0.760546,50.00,False
35.665286,9.074214,45.011971,0.197765,0.579137,0.790879,50.00,False
36.036070,7.643853,47.888170,0.271921,0.454645,0.848149,50.00,False
35.996223,6.522816,50.615044,0.263952,0.404641,0.875554,50.00,False
36.028026,5.967515,53.411719,0.270313,0.293581,0.916920,50.00,False
36.024206,3.459101,56.141558,0.269549,0.185671,0.944918,50.00,False
35.946847,3.134880,58.804852,0.254077,0.120827,0.959607,50.00,False
35.940220,2.773812,61.428210,0.252751,0.048613,0.966309,50.00,False
35.969698,2.680197,64.014058,0.258647,0.029890,0.965509,50.00,False
35.954461,2.783061,66.603683,0.255599,0.050463,0.965465,50.00,False
35.954461,2.993636,69.193531,0.255599,0.050463,0.965465,50.00,False
35.954461,2.993636,71.783379,0.255599,0.050463,0.965465,50.00,False
39.907069,2.698197,71.799356,0.246121,0.033490,0.968660,200.00,True
39.907069,2.698197,71.799356,0.246121,0.033490,0.968660,50.00,False
39.907069,2.698197,69.209508,0.246121,0.033490,0.968660,50.00,False
40.036010,3.281436,66.529053,0.271909,0.150138,0.950539,50.00,False
39.991927,3.282099,63.951490,0.263093,0.150271,0.952996,50.00,False
39.935294,3.700876,61.384953,0.251766,0.139661,0.957658,50.00,False
39.963467,3.991964,58.735952,0.257401,0.197878,0.945827,50.00,False
39.948879,5.905648,56.043417,0.254483,0.281207,0.925290,50.00,False
40.003897,6.196592,53.339125,0.265487,0.339396,0.902401,50.00,False
39.708363,7.391642,50.692684,0.206380,0.404203,0.891082,50.00,False
39.687282,8.513988,47.951362,0.202164,0.467092,0.860787,50.00,False
39.751596,9.730292,44.921420,0.215027,0.597154,0.772768,50.00,False
39.626506,10.541837,42.140131,0.190008,0.651487,0.734480,50.00,False
39.519175,11.708239,38.851958,0.168542,0.785995,0.594815,50.00,False
39.135999,13.180614,36.022923,0.091907,0.832087,0.546978,50.00,False
39.008192,14.247126,33.237153,0.066346,0.858920,0.507793,50.00,False
39.039753,17.062610,30.186688,0.072658,0.906609,0.415670,50.00,False
38.923910,18.181518,26.942527,0.049489,0.957307,0.284807,50.00,False
38.854367,19.640115,24.105831,0.035581,0.971238,0.235437,50.00,False
38.938892,20.307775,21.120667,0.052486,0.986302,0.156374,50.00,False
38.932727,20.483506,17.951907,0.051253,0.997860,0.040592,50.00,False
38.844236,20.639403,15.290911,0.033554,0.999089,0.026362,50.00,False
38.844951,20.562179,12.595629,0.033697,0.999418,0.005275,50.00,False
38.864110,20.565685,10.072392,0.037529,0.999122,0.018597,50.00,False
38.851377,20.718873,7.570569,0.034983,0.998732,0.036202,50.00,False
38.860602,20.716782,5.024060,0.036828,0.998314,0.044870,50.00,False
38.855030,20.909589,2.278880,0.035713,0.999267,0.013803,50.00,False
38.910537,20.907389,-0.441924,0.046815,0.998827,-0.012388,50.00,False
38.998693,20.896102,-3.229454,0.064446,0.996569,-0.051924,50.00,False
38.891505,20.668937,-6.222796,0.043008,0.990233,-0.132623,50.00,False
38.941890,20.467059,-8.819448,0.053085,0.989561,-0.133984,50.00,False
38.941503,20.164177,-11.398630,0.053008,0.989851,-0.131851,50.00,False
38.915785,19.866129,-13.948023,0.047864,0.991157,-0.123760,50.00,False
38.950340,19.307951,-16.453786,0.054775,0.992755,-0.106943,50.00,False
39.043428,19.185800,-19.022731,0.073393,0.991995,-0.102763,50.00,False
39.296988,18.582208,-21.750283,0.124105,0.983676,-0.130304,50.00,False
39.359879,17.159533,-24.377834,0.136683,0.980977,-0.137844,50.00,False
39.470598,12.377078,-28.043583,0.158827,0.922035,-0.353025,50.00,False
39.552511,10.423462,-31.679956,0.175209,0.808138,-0.562330,50.00,False
39.547376,9.442522,-35.315544,0.174182,0.611950,-0.771478,50.00,False
39.673998,8.192672,-38.385749,0.199507,0.455582,-0.867549,50.00,False
40.312757,8.263064,-40.737608,0.327259,0.469661,-0.819952,50.00,False
40.292649,7.043632,-43.578509,0.323237,0.371935,-0.870162,50.00,False
40.764827,6.648225,-46.118087,0.417673,0.292854,-0.860108,50.00,False
40.917493,6.321354,-48.729906,0.448206,0.227480,-0.864503,50.00,False
41.107569,5.463653,-51.339295,0.486221,0.097220,-0.868411,50.00,False
41.140648,5.512507,-53.904683,0.492837,0.106991,-0.863519,50.00,False
41.304374,5.353544,-56.414001,0.525582,0.075198,-0.847413,50.00,False
41.317836,5.513923,-58.978133,0.528274,0.107274,-0.842270,50.00,False
41.450052,4.763064,-61.498174,0.554718,0.078698,-0.828309,50.00,False
41.490769,4.581989,-64.073775,0.562861,0.042483,-0.825459,50.00,False
41.653923,4.116922,-66.542746,0.595492,0.057739,-0.801284,50.00,False
41.602586,4.095803,-69.171692,0.585224,0.053515,-0.809103,50.00,False
41.753736,3.461093,-71.622794,0.615454,0.103447,-0.781354,50.00,False
41.831688,3.937511,-74.055166,0.631045,0.198730,-0.749859,50.00,False
42.072824,3.918034,-76.433474,0.679272,0.194835,-0.707551,50.00,False
42.170734,3.113273,-78.928694,0.698854,0.193385,-0.688626,50.00,False
42.180407,2.837114,-81.495765,0.700789,0.202344,-0.684070,50.00,False
42.202735,2.843738,-84.060609,0.705254,0.203668,-0.679070,50.00,False
42.133019,2.710076,-86.757902,0.691311,0.176936,-0.700559,50.00,False
42.085040,2.727836,-89.389982,0.681715,0.180488,-0.709005,50.00,False
46.133019,2.710076,-89.347750,0.691311,0.176936,-0.700559,200.00,True
46.133019,2.710076,-89.347750,0.691311,0.176936,-0.700559,50.00,False
46.173969,2.845074,-86.679683,0.699501,0.203936,-0.684915,50.00,False
46.217083,2.808976,-84.055922,0.708124,0.196716,-0.678132,50.00,False
46.201116,3.046228,-81.505725,0.704931,0.179976,-0.686062,50.00,False
46.002930,3.814018,-79.115641,0.665293,0.174032,-0.726015,50.00,False
45.879044,3.639848,-76.671837,0.640516,0.139198,-0.755224,50.00,False
45.598301,4.154672,-74.350162,0.584367,0.065289,-0.808859,50.00,False
45.607480,4.121239,-71.756231,0.586203,0.058602,-0.808042,50.00,False
45.536787,4.589014,-69.221342,0.572065,0.043888,-0.819034,50.00,False
45.391550,5.254567,-66.725786,0.543017,0.055403,-0.837892,50.00,False
45.208669,5.477973,-64.228712,0.506441,0.100084,-0.856447,50.00,False
45.122192,5.596827,-61.673449,0.489146,0.123855,-0.863363,50.00,False
45.006332,5.521673,-59.157188,0.465974,0.108824,-0.878081,50.00,False
45.119766,5.242642,-56.531245,0.488660,0.053018,-0.870862,50.00,False
44.792266,5.541127,-54.103261,0.423160,0.071434,-0.903234,50.00,False
44.762271,5.570433,-51.524939,0.417161,0.077295,-0.905540,50.00,False
44.658597,6.269726,-48.867467,0.396427,0.217154,-0.892015,50.00,False
44.707627,6.523454,-46.185626,0.406233,0.267899,-0.873616,50.00,False
44.519298,6.678336,-43.628925,0.368567,0.298876,-0.880245,50.00,False
43.881421,7.573977,-41.147580,0.240991,0.358353,-0.901946,50.00,False
44.232630,7.624831,-38.427855,0.311233,0.368524,-0.875970,50.00,False
44.133934,7.878202,-35.757295,0.291494,0.419198,-0.859828,50.00,False
43.027753,11.198333,-32.089416,0.070258,0.761605,-0.644222,50.00,False
43.145653,11.939151,-28.300311,0.093838,0.909769,-0.404370,50.00,False
42.826538,14.318054,-24.517687,0.030015,0.985700,-0.165815,50.00,False
42.800406,18.278283,-21.853338,0.024788,0.988236,-0.150915,50.00,False
42.809603,18.744017,-19.132781,0.026628,0.991828,-0.124773,50.00,False
42.799624,19.289408,-16.513749,0.024632,0.992596,-0.118936,50.00,False
42.799342,19.506031,-13.921288,0.024576,0.992660,-0.118413,50.00,False
42.806171,20.016829,-11.376518,0.025941,0.991508,-0.127429,50.00,False
42.796472,20.439999,-8.829820,0.024002,0.990410,-0.136059,50.00,False
42.800278,20.604788,-6.224055,0.024763,0.990823,-0.132875,50.00,False
42.875228,20.701839,-3.315627,0.039753,0.996813,-0.069159,50.00,False
42.814605,20.714172,-0.510002,0.027628,0.999280,-0.026004,50.00,False
42.782236,20.647700,2.345933,0.021154,0.999406,0.027214,50.00,False
42.773857,20.646455,4.980422,0.019479,0.999157,0.036142,50.00,False
42.793487,20.570548,7.562368,0.023405,0.999128,0.034562,50.00,False
42.756817,20.483145,10.062537,0.016071,0.999733,0.016626,50.00,False
42.784575,20.390437,12.605186,0.021622,0.999740,0.007186,50.00,False
42.772515,20.370990,15.367617,0.019210,0.998945,0.041703,50.00,False
42.725270,20.352139,18.237088,0.009761,0.995175,0.097628,50.00,False
42.775044,20.172538,21.050853,0.019716,0.989611,0.142411,50.00,False
42.760543,19.345559,23.940411,0.016816,0.979168,0.202353,50.00,False
42.944004,18.156542,27.020492,0.053508,0.952311,0.300400,50.00,False
43.257487,16.121561,30.321014,0.116205,0.889190,0.442535,50.00,False
43.207233,14.663848,33.211978,0.106154,0.857884,0.502758,50.00,False
43.461721,11.234792,36.250766,0.157051,0.790078,0.592546,50.00,False
43.608193,10.884066,39.220678,0.186346,0.719933,0.668559,50.00,False
43.438004,10.425372,42.155427,0.152308,0.657904,0.737539,50.00,False
43.493248,9.562236,45.106450,0.163357,0.563542,0.809774,50.00,False
43.577074,8.386361,48.054897,0.180122,0.436490,0.881494,50.00,False
43.577074,8.386361,50.644744,0.180122,0.436490,0.881494,50.00,False
43.723067,5.722063,53.431318,0.209321,0.328998,0.920839,50.00,False
43.748762,5.215462,56.037198,0.214460,0.316459,0.924046,50.00,False
43.786016,5.206123,58.621435,0.221911,0.314591,0.922924,50.00,False
43.837385,4.894353,61.293649,0.232184,0.252237,0.939397,50.00,False
43.834649,4.086580,63.928192,0.231637,0.216802,0.948336,50.00,False
43.862655,3.973788,66.535528,0.237238,0.194243,0.951834,50.00,False
43.878769,3.805471,69.152626,0.240461,0.160580,0.957284,50.00,False
43.997996,3.495982,71.752939,0.264306,0.098682,0.959377,50.00,False
47.858684,3.671793,71.767966,0.236444,0.133844,0.962382,200.00,True
47.858684,3.671793,71.767966,0.236444,0.133844,0.962382,50.00,False
47.850908,4.529775,69.142898,0.234889,0.179321,0.955338,50.00,False
47.788765,4.860380,66.494064,0.222460,0.245442,0.943541,50.00,False
47.704016,4.818911,63.933948,0.205511,0.237148,0.949487,50.00,False
47.651080,5.360244,61.329907,0.194923,0.256634,0.946649,50.00,False
47.596386,5.673277,58.655028,0.183984,0.319241,0.929642,50.00,False
47.596386,5.673277,56.065181,0.183984,0.319241,0.929642,50.00,False
47.596386,5.673277,53.475333,0.183984,0.319241,0.929642,50.00,False
47.458558,5.751747,50.883109,0.156419,0.334935,0.929167,50.00,False
47.438262,7.503355,48.140949,0.152360,0.411238,0.898705,50.00,False
47.511720,7.735768,45.423887,0.167051,0.457720,0.873262,50.00,False
47.675233,8.023877,42.634626,0.199754,0.515342,0.833379,50.00,False
47.558965,8.497873,39.739797,0.176500,0.610141,0.772383,50.00,False
47.328165,12.114315,36.388739,0.130340,0.773587,0.620141,50.00,False
47.117501,13.476065,33.472176,0.088207,0.827296,0.554798,50.00,False
47.035610,15.501419,30.526655,0.071829,0.872302,0.483663,50.00,False
46.636770,17.934614,27.207255,-0.007939,0.941201,0.337753,50.00,False
46.878801,19.125982,23.961386,0.040467,0.977599,0.206548,50.00,False
46.862509,20.056325,21.092038,0.037209,0.987887,0.150648,50.00,False
46.826380,20.188056,18.332432,0.029983,0.992715,0.116696,50.00,False
46.769605,20.226132,15.426300,0.018628,0.998397,0.053440,50.00,False
46.775458,20.299739,12.617650,0.019799,0.999757,0.009679,50.00,False
46.788999,20.432419,10.060684,0.022507,0.999615,0.016256,50.00,False
46.763943,20.563959,7.558211,0.017496,0.999278,0.033730,50.00,False
46.758271,20.647131,4.969102,0.016361,0.999292,0.033878,50.00,False
46.748251,20.650152,2.204472,0.014357,0.999896,-0.001078,50.00,False
46.785026,20.645960,-0.567874,0.021712,0.999058,-0.037578,50.00,False
46.742968,20.632979,-3.384783,0.013301,0.996462,-0.082990,50.00,False
46.770395,20.490429,-6.179641,0.018786,0.992105,-0.123992,50.00,False
46.760404,20.015420,-8.805041,0.016788,0.991227,-0.131103,50.00,False
46.739372,19.967116,-11.351713,0.012582,0.992393,-0.122468,50.00,False
46.732015,19.699555,-13.921536,0.011110,0.992896,-0.118463,50.00,False
46.737656,19.030734,-16.509224,0.012239,0.992935,-0.118031,50.00,False
46.732258,18.736998,-19.196948,0.011159,0.990424,-0.137606,50.00,False
46.723370,18.192135,-21.865809,0.009381,0.988118,-0.153409,50.00,False
46.752895,10.857556,-25.323734,0.015286,0.944892,-0.327024,50.00,False
47.591195,10.030914,-29.273501,0.182946,0.779564,-0.599008,50.00,False
47.660370,9.470897,-32.458712,0.196781,0.667561,-0.718081,50.00,False
47.693110,8.565056,-35.706919,0.203329,0.486392,-0.849753,50.00,False
47.770692,7.929517,-38.428841,0.218846,0.429461,-0.876168,50.00,False
47.687003,7.632597,-41.171600,0.202108,0.370077,-0.906750,50.00,False
47.665201,7.409719,-43.850859,0.197748,0.325501,-0.924632,50.00,False
47.665201,7.409719,-46.440707,0.197748,0.325501,-0.924632,50.00,False
47.805528,7.217485,-49.061983,0.225813,0.287055,-0.930918,50.00,False
48.097970,7.005158,-51.632295,0.284301,0.244589,-0.927011,50.00,False
48.299408,6.610229,-54.243315,0.324589,0.165603,-0.931245,50.00,False
48.282710,6.363698,-56.876069,0.321249,0.116297,-0.939827,50.00,False
48.621521,5.672745,-59.346941,0.389011,0.097758,-0.916031,50.00,False
48.982236,5.128741,-61.790654,0.461155,0.030238,-0.886804,50.00,False
49.011309,5.218287,-64.361289,0.466969,0.048147,-0.882962,50.00,False
49.066490,5.440306,-66.903664,0.478005,0.092551,-0.873467,50.00,False
49.103438,5.417331,-69.475472,0.485395,0.087956,-0.869860,50.00,False
49.340230,5.315952,-71.933822,0.532753,0.067680,-0.843560,50.00,False
49.531002,4.692369,-74.398231,0.570908,0.064559,-0.818472,50.00,False
49.597288,4.024630,-76.949138,0.584165,0.039281,-0.810684,50.00,False
49.787509,3.741106,-79.353198,0.622209,0.120469,-0.773526,50.00,False
49.936728,3.121095,-81.814939,0.652053,0.124358,-0.747905,50.00,False
50.115382,3.719690,-84.210952,0.687784,0.155166,-0.709138,50.00,False
50.240703,2.372589,-86.651678,0.712848,0.174300,-0.679314,50.00,False
50.238916,2.730745,-89.234539,0.712490,0.181070,-0.677917,50.00,False
54.241768,2.923334,-89.263274,0.713061,0.155397,-0.683664,200.00,True
54.241768,2.923334,-89.263274,0.713061,0.155397,-0.683664,50.00,False
53.960912,2.787774,-86.970074,0.656890,0.128285,-0.742993,50.00,False
53.850553,3.783908,-84.474321,0.634818,0.129029,-0.761812,50.00,False
53.605115,4.046637,-82.122053,0.585730,0.043682,-0.809328,50.00,False
53.533750,4.531071,-79.585545,0.571457,0.032299,-0.819996,50.00,False
53.193753,5.189628,-77.210608,0.503458,0.042415,-0.862978,50.00,False
53.051931,5.328638,-74.691516,0.475093,0.070217,-0.877129,50.00,False
48.397941,5.114417,-63.267472,-0.455705,0.027373,0.889710,50.00,False
48.608593,5.067041,-60.574702,-0.413574,0.017898,0.910295,50.00,False
52.618208,5.079527,-67.142761,0.388349,0.020395,-0.921287,50.00,False
48.853955,6.239658,-55.312992,-0.364502,0.091489,0.926697,50.00,False
52.357432,6.098148,-62.054986,0.336194,0.063187,-0.939671,50.00,False
52.088915,6.230171,-59.542170,0.282490,0.089592,-0.955077,50.00,False
52.088915,6.230171,-56.952323,0.282490,0.089592,-0.955077,50.00,False
51.948380,6.866407,-54.366679,0.254383,0.146662,-0.955918,50.00,False
51.948380,6.866407,-51.776831,0.254383,0.146662,-0.955918,50.00,False
51.910194,6.852846,-49.199039,0.246746,0.143950,-0.958329,50.00,False
51.917907,7.205321,-46.540802,0.248289,0.214445,-0.944651,50.00,False
51.899962,7.551752,-43.863479,0.244700,0.283732,-0.927156,50.00,False
51.812987,7.522482,-41.304532,0.227305,0.277878,-0.933336,50.00,False
51.682557,7.780722,-38.660280,0.201219,0.329526,-0.922455,50.00,False
51.642490,7.757313,-36.087271,0.193205,0.324844,-0.925823,50.00,False
51.499295,10.463784,-32.394317,0.164566,0.689644,-0.705202,50.00,False
51.212675,11.101517,-29.109976,0.107242,0.817190,-0.566303,50.00,False
51.060481,11.686673,-25.430245,0.076804,0.934222,-0.348327,50.00,False
50.763198,17.821409,-21.926886,0.017347,0.986036,-0.165624,50.00,False
50.705048,18.401592,-19.214309,0.005717,0.989982,-0.141078,50.00,False
50.716972,19.065801,-16.502569,0.008102,0.993134,-0.116700,50.00,False
50.737341,19.462026,-13.902540,0.012175,0.993330,-0.114664,50.00,False
50.754634,19.792750,-11.338286,0.015634,0.992677,-0.119782,50.00,False
50.771696,19.961644,-8.800774,0.019047,0.991298,-0.130249,50.00,False
50.766495,20.375300,-6.190437,0.018006,0.991848,-0.126152,50.00,False
50.779015,20.494702,-3.553141,0.020510,0.992960,-0.116662,50.00,False
50.787863,20.520581,-0.664098,0.022280,0.998136,-0.056823,50.00,False
50.798757,20.527935,2.141210,0.024459,0.999607,-0.013731,50.00,False
50.760839,20.526502,4.963645,0.016875,0.999320,0.032787,50.00,False
50.753033,20.488480,7.572898,0.015314,0.999210,0.036668,50.00,False
50.773084,20.299099,10.075354,0.019324,0.999629,0.019189,50.00,False
50.776449,20.174891,12.635892,0.019997,0.999711,0.013328,50.00,False
50.790725,20.171614,15.343841,0.022852,0.999056,0.036948,50.00,False
50.835526,20.126145,18.278627,0.031812,0.993864,0.105935,50.00,False
50.748478,19.515871,21.194394,0.014403,0.985145,0.171119,50.00,False
50.818054,19.068605,24.130016,0.028318,0.970292,0.240274,50.00,False
50.761100,17.298842,27.423137,0.016927,0.924449,0.380929,50.00,False
51.123097,14.275949,30.670464,0.089327,0.854074,0.512425,50.00,False
51.098664,13.461173,33.497161,0.084440,0.824318,0.559795,50.00,False
51.108756,10.904893,36.786695,0.086458,0.709155,0.699732,50.00,False
51.506260,10.594516,39.598589,0.165959,0.647079,0.744141,50.00,False
51.434205,6.069224,42.940777,0.151548,0.420366,0.894609,50.00,False
51.434205,6.285621,45.530625,0.151548,0.420366,0.894609,50.00,False
51.452522,5.479327,48.413905,0.155212,0.259107,0.953296,50.00,False
51.510782,5.116288,51.056396,0.166864,0.207843,0.963825,50.00,False
51.510782,5.116288,53.646244,0.166864,0.207843,0.963825,50.00,False
51.529874,5.149387,56.225485,0.170682,0.214463,0.961703,50.00,False
51.538710,5.105844,58.823263,0.172449,0.205754,0.963289,50.00,False
51.529753,5.140347,61.407209,0.170658,0.212655,0.962109,50.00,False
51.665463,5.261521,63.942451,0.197800,0.236890,0.951188,50.00,False
51.686882,4.648225,66.558827,0.202084,0.210434,0.956494,50.00,False
51.665463,5.261521,69.122146,0.197800,0.236890,0.951188,50.00,False
51.686519,4.394712,71.764909,0.202011,0.184901,0.961771,50.00,False
55.525309,4.933772,71.787780,0.169769,0.193275,0.966345,200.00,True
55.525309,4.933772,71.787780,0.169769,0.193275,0.966345,50.00,False
55.525309,4.933772,69.197933,0.169769,0.193275,0.966345,50.00,False
55.525309,4.933772,66.608085,0.169769,0.193275,0.966345,50.00,False
55.525309,4.933772,64.018238,0.169769,0.193275,0.966345,50.00,False
55.476067,5.025948,61.417463,0.159921,0.211710,0.964160,50.00,False
55.554601,5.183611,58.826488,0.175628,0.199963,0.963934,50.00,False
55.431900,5.228067,56.247994,0.151087,0.208855,0.966205,50.00,False
55.567305,5.000249,53.678904,0.178168,0.163291,0.970357,50.00,False
55.428391,5.474011,51.009060,0.150385,0.258043,0.954357,50.00,False
55.426427,5.698226,48.353172,0.149993,0.302887,0.941149,50.00,False
55.478549,6.287685,45.521914,0.160417,0.420778,0.892867,50.00,False
55.527614,7.461084,42.790523,0.170230,0.472822,0.864559,50.00,False
55.059722,8.222783,39.761495,0.076652,0.625161,0.776722,50.00,False
55.167204,12.148151,36.737554,0.098148,0.717217,0.689904,50.00,False
54.963940,12.550748,33.699486,0.057495,0.797736,0.600260,50.00,False
54.787277,15.155998,30.841384,0.022163,0.837095,0.546609,50.00,False
54.955721,17.072397,27.421284,0.055851,0.923069,0.380558,50.00,False
54.884278,18.388257,24.295129,0.041563,0.961031,0.273297,50.00,False
54.760126,19.843458,21.272312,0.016732,0.982274,0.186703,50.00,False
54.831163,20.012510,18.183858,0.030940,0.995729,0.086982,50.00,False
54.836959,20.090845,15.338635,0.032099,0.998840,0.035907,50.00,False
54.782168,20.159367,12.653243,0.021141,0.999635,0.016798,50.00,False
54.762601,20.239543,10.102574,0.017227,0.999548,0.024634,50.00,False
54.753068,20.350168,7.559595,0.015321,0.999304,0.034007,50.00,False
54.766230,20.490271,4.915997,0.017953,0.999568,0.023257,50.00,False
54.860536,20.488555,2.140298,0.036814,0.999225,-0.013913,50.00,False
54.838909,20.477871,-0.724916,0.032489,0.997088,-0.068986,50.00,False
54.818843,20.330876,-3.450067,0.028476,0.994969,-0.096047,50.00,False
54.759115,20.321606,-6.139518,0.016530,0.993115,-0.115968,50.00,False
54.758343,19.915052,-8.756156,0.016376,0.992478,-0.121326,50.00,False
54.742679,19.565932,-11.304867,0.013243,0.993496,-0.113099,50.00,False
54.730971,19.323086,-13.875344,0.010901,0.993957,-0.109224,50.00,False
54.710892,19.068200,-16.482176,0.006886,0.993614,-0.112621,50.00,False
54.723064,18.373643,-19.183956,0.009320,0.990801,-0.135008,50.00,False
54.905056,13.683408,-22.011760,0.045718,0.982124,-0.182599,50.00,False
54.884315,11.573901,-25.732720,0.041570,0.911667,-0.408821,50.00,False
55.373276,10.589105,-29.705452,0.139362,0.714708,-0.685398,50.00,False
55.543999,10.138324,-32.675638,0.173507,0.624552,-0.761466,50.00,False
55.928037,9.314355,-35.718336,0.250315,0.459758,-0.852036,50.00,False
55.748425,9.061441,-38.482560,0.214392,0.409175,-0.886911,50.00,False
55.561014,8.625614,-41.288153,0.176910,0.322010,-0.930061,50.00,False
55.519796,8.545914,-43.912442,0.168667,0.306070,-0.936949,50.00,False
55.669475,8.481271,-46.493617,0.198602,0.293141,-0.935214,50.00,False
55.852930,8.294802,-49.095622,0.235293,0.255847,-0.937646,50.00,False
55.880526,7.923157,-51.764475,0.240812,0.181518,-0.953447,50.00,False
55.938999,7.645454,-54.383884,0.252507,0.125978,-0.959359,50.00,False
53.421277,6.213533,-47.337718,-0.251037,0.016088,0.967844,50.00,False
53.375357,6.226986,-49.939952,-0.260221,0.018778,0.965366,50.00,False
55.966243,6.171875,-62.187260,0.257956,0.007756,-0.966126,50.00,False
55.947793,6.306800,-64.779030,0.254266,0.034741,-0.966510,50.00,False
53.305306,6.211480,-57.728648,-0.274232,0.015677,0.961536,50.00,False
53.150918,5.500162,-60.375098,-0.305109,0.063241,0.950215,50.00,False
53.071202,5.452777,-62.988351,-0.321052,0.053764,0.945534,50.00,False
52.853955,5.434998,-65.672382,-0.364502,0.091489,0.926697,50.00,False
52.561772,4.983966,-68.364930,-0.422938,0.001283,0.906158,50.00,False
56.790736,5.012510,-80.016418,0.422855,0.006992,-0.906171,50.00,False
56.852833,5.218286,-82.570462,0.435274,0.048147,-0.899010,50.00,False
57.533750,4.531071,-84.765241,0.571457,0.032299,-0.819996,50.00,False
57.771030,4.369558,-87.144918,0.618913,0.108266,-0.777962,50.00,False
58.015946,3.546985,-89.543768,0.667897,0.081644,-0.739762,50.00,False
60.821443,5.423581,-90.236781,0.428996,0.210801,-0.878365,200.00,True
60.821443,5.423581,-90.236781,0.428996,0.210801,-0.878365,50.00,False
60.835856,5.292862,-87.753730,0.431878,0.063062,-0.899724,50.00,False
60.635824,5.277851,-85.255547,0.391872,0.060060,-0.918057,50.00,False
57.020704,4.915758,-73.357529,-0.331152,0.001123,0.943577,50.00,False
57.076248,6.361529,-70.754061,-0.320043,0.045687,0.946301,50.00,False
60.087659,6.274764,-77.690345,0.282239,0.028334,-0.958926,50.00,False
59.928933,6.203424,-75.145950,0.250494,0.014066,-0.968016,50.00,False
59.928933,6.203424,-72.556102,0.250494,0.014066,-0.968016,50.00,False
59.881211,6.197298,-69.978438,0.240949,0.012841,-0.970453,50.00,False
59.851399,6.185334,-67.396039,0.234987,0.010448,-0.971942,50.00,False
57.496816,7.018045,-55.087629,-0.235929,0.000496,0.971770,50.00,False
59.883492,7.586573,-62.175038,0.241406,0.114201,-0.963681,50.00,False
59.834333,7.395140,-59.616038,0.231574,0.075915,-0.969851,50.00,False
59.808074,7.415067,-57.030786,0.226322,0.079900,-0.970770,50.00,False
59.730922,8.094333,-54.354098,0.210892,0.215753,-0.953402,50.00,False
59.561520,8.421361,-51.713216,0.177011,0.281159,-0.943195,50.00,False
59.617387,8.461341,-49.100409,0.188185,0.289155,-0.938603,50.00,False
59.693392,8.673859,-46.423620,0.203386,0.331659,-0.921215,50.00,False
59.693392,8.673859,-43.833773,0.203386,0.331659,-0.921215,50.00,False
59.595975,8.034782,-41.266086,0.183902,0.330693,-0.925647,50.00,False
59.531625,8.199353,-38.626589,0.171032,0.363607,-0.915717,50.00,False
59.489211,8.584519,-35.872377,0.162549,0.440640,-0.882844,50.00,False
59.526120,8.870685,-33.120500,0.169931,0.497873,-0.850439,50.00,False
59.414440,9.342569,-30.239065,0.147595,0.592250,-0.792121,50.00,False
59.657790,10.008102,-26.987619,0.196265,0.725357,-0.659801,50.00,False
59.465193,11.107550,-22.527278,0.157746,0.945246,-0.285703,50.00,False
58.729016,18.272649,-19.098010,0.010511,0.992980,-0.117818,50.00,False
58.716043,18.807300,-16.456305,0.007916,0.994179,-0.107447,50.00,False
58.725249,18.991505,-13.862377,0.009757,0.994251,-0.106631,50.00,False
58.737804,19.366255,-11.280187,0.012268,0.994058,-0.108163,50.00,False
58.739884,19.829017,-8.744107,0.012684,0.992823,-0.118916,50.00,False
58.750720,19.940914,-6.133912,0.014851,0.993272,-0.114847,50.00,False
58.756387,20.269004,-3.415149,0.015985,0.995898,-0.089063,50.00,False
58.700109,20.348351,-0.655960,0.004729,0.998464,-0.055195,50.00,False
58.689998,20.355907,2.177603,0.002707,0.999976,-0.006452,50.00,False
58.752529,20.349981,4.975402,0.015213,0.999267,0.035138,50.00,False
58.749708,20.285931,7.564113,0.014649,0.999283,0.034911,50.00,False
58.750181,20.158175,10.136593,0.014743,0.999397,0.031437,50.00,False
58.772232,20.060549,12.665563,0.019154,0.999631,0.019262,50.00,False
58.763453,20.041988,15.373139,0.017398,0.998932,0.042808,50.00,False
58.681010,19.913283,18.182169,0.000909,0.996239,0.086644,50.00,False
58.824372,19.860707,21.133240,0.029582,0.986853,0.158889,50.00,False
58.886885,17.905213,24.323416,0.042084,0.959382,0.278954,50.00,False
58.936147,15.562826,27.478933,0.051937,0.918460,0.392088,50.00,False
59.129685,14.028609,30.701445,0.090644,0.850186,0.518621,50.00,False
59.098741,11.415891,34.016873,0.084455,0.743183,0.663737,50.00,False
59.122240,11.148051,36.881372,0.089155,0.689615,0.718667,50.00,False
59.175901,10.393601,39.611600,0.099888,0.657569,0.746743,50.00,False
59.528151,8.000110,42.799534,0.170337,0.469472,0.866361,50.00,False
59.647928,7.510182,45.596983,0.194293,0.371486,0.907881,50.00,False
59.608883,7.424553,48.229053,0.186484,0.354361,0.916325,50.00,False
59.586506,6.595665,50.919767,0.182009,0.299738,0.936499,50.00,False
59.537917,6.064256,53.656434,0.172291,0.193456,0.965863,50.00,False
59.537917,5.151075,56.246282,0.172291,0.193456,0.965863,50.00,False
59.580861,5.160228,58.826426,0.180879,0.195287,0.963922,50.00,False
59.580861,5.160228,61.416274,0.180879,0.195287,0.963922,50.00,False
59.580861,5.160228,64.006122,0.180879,0.195287,0.963922,50.00,False
59.571339,5.088417,66.611734,0.178975,0.180925,0.967075,50.00,False
59.532135,5.043918,69.216775,0.171134,0.172025,0.970114,50.00,False
59.532135,5.043918,71.806622,0.171134,0.172025,0.970114,50.00,False
63.559409,5.068095,71.797378,0.176589,0.176860,0.968265,200.00,True
63.559409,5.068095,71.797378,0.176589,0.176860,0.968265,50.00,False
63.551512,5.112307,69.200682,0.175010,0.185703,0.966895,50.00,False
63.598222,4.946446,66.631122,0.184352,0.152530,0.970953,50.00,False
63.554449,5.094029,64.023929,0.175597,0.182047,0.967484,50.00,False
63.554449,5.094029,61.434082,0.175597,0.182047,0.967484,50.00,False
63.554449,6.007211,58.844234,0.175597,0.182047,0.967484,50.00,False
63.536336,6.028593,56.253569,0.171975,0.186324,0.967320,50.00,False
63.536938,7.046736,53.551143,0.172095,0.278797,0.944804,50.00,False
63.446872,7.425588,50.848511,0.154082,0.354568,0.922248,50.00,False
63.567330,7.580062,48.174215,0.178173,0.385462,0.905358,50.00,False
63.567330,7.580062,45.584368,0.178173,0.385462,0.905358,50.00,False
63.592177,7.694634,42.938992,0.183143,0.408377,0.894252,50.00,False
63.578052,7.887704,40.258764,0.180318,0.446991,0.876176,50.00,False
63.226642,10.328367,37.170285,0.110036,0.620498,0.776450,50.00,False
63.040431,10.630059,34.342234,0.072794,0.680836,0.728809,50.00,False
63.088791,13.762166,31.100640,0.082466,0.796897,0.598460,50.00,False
62.899402,14.992815,27.932264,0.044588,0.874620,0.482754,50.00,False
62.839733,18.416883,24.231681,0.032654,0.964893,0.260607,50.00,False
62.814547,19.631357,20.953493,0.027617,0.992030,0.122939,50.00,False
62.762163,19.854013,18.181547,0.017140,0.996103,0.086520,50.00,False
62.732346,19.929343,15.344157,0.011176,0.999252,0.037011,50.00,False
62.750749,19.969056,12.709009,0.014857,0.999499,0.027951,50.00,False
62.745448,20.122383,10.142879,0.013797,0.999370,0.032694,50.00,False
62.747093,20.202646,7.554635,0.014126,0.999355,0.033015,50.00,False
62.754956,20.286129,4.966142,0.015698,0.999323,0.033286,50.00,False
62.765670,20.288433,2.263394,0.017841,0.999784,0.010706,50.00,False
62.697963,20.283872,-0.616514,0.004300,0.998871,-0.047306,50.00,False
62.695256,20.215608,-3.411622,0.003758,0.996082,-0.088358,50.00,False
62.744021,20.045220,-6.169075,0.013511,0.992453,-0.121879,50.00,False
62.741910,19.637307,-8.729512,0.013089,0.993163,-0.115997,50.00,False
62.740332,19.366664,-11.276123,0.012774,0.994139,-0.107350,50.00,False
62.733127,19.030499,-13.843480,0.011333,0.994632,-0.102852,50.00,False
62.745653,18.625507,-16.471533,0.013838,0.993781,-0.110493,50.00,False
62.702577,12.049874,-19.250888,0.005223,0.988915,-0.148394,50.00,False
63.342669,10.309092,-23.170750,0.133241,0.900290,-0.414397,50.00,False
63.795780,8.342562,-27.850501,0.223863,0.506984,-0.832378,50.00,False
63.461511,7.716528,-30.832564,0.157010,0.381777,-0.910821,50.00,False
63.582342,8.430718,-33.338134,0.181176,0.409880,-0.893965,50.00,False
63.754376,7.818958,-36.124128,0.215582,0.287528,-0.933195,50.00,False
63.917693,7.675868,-38.715282,0.248246,0.258910,-0.933456,50.00,False
63.843026,7.634206,-41.335660,0.233312,0.250577,-0.939562,50.00,False
63.771460,7.417447,-43.995027,0.218999,0.207226,-0.953466,50.00,False
63.771460,7.417447,-46.584875,0.218999,0.207226,-0.953466,50.00,False
63.745871,7.395507,-49.185237,0.213882,0.202838,-0.955569,50.00,False
63.774101,7.293813,-51.789166,0.219527,0.182499,-0.958385,50.00,False
63.826981,7.273362,-54.370453,0.230103,0.178409,-0.956673,50.00,False
63.826981,7.273362,-56.960300,0.230103,0.178409,-0.956673,50.00,False
63.826981,7.907608,-59.550148,0.230103,0.178409,-0.956673,50.00,False
63.814197,7.688643,-62.178719,0.227547,0.134615,-0.964418,50.00,False
63.763707,7.674066,-64.782209,0.217449,0.131700,-0.967146,50.00,False
63.797467,7.588645,-67.375225,0.224201,0.114616,-0.967780,50.00,False
63.797467,7.588645,-69.965072,0.224201,0.114616,-0.967780,50.00,False
63.882722,7.242788,-72.563012,0.241252,0.045444,-0.969398,50.00,False
61.496816,7.018045,-65.447020,-0.235929,0.000496,0.971770,50.00,False
63.889007,7.197058,-77.743067,0.242509,0.036298,-0.969470,50.00,False
63.889007,6.314587,-80.332915,0.242509,0.036298,-0.969470,50.00,False
63.851399,6.185334,-82.935125,0.234987,0.010448,-0.971942,50.00,False
63.862429,6.217496,-85.521840,0.237193,0.016880,-0.971316,50.00,False
64.017839,6.288351,-88.069317,0.268275,0.031051,-0.962842,50.00,False
64.249024,6.462693,-90.579765,0.314512,0.065920,-0.946962,50.00,False
67.834865,7.211913,-90.704951,0.231680,0.039270,-0.971999,200.00,True
67.834865,7.211913,-90.704951,0.231680,0.039270,-0.971999,50.00,False
67.863997,7.228333,-88.107375,0.237507,0.042554,-0.970453,50.00,False
67.845920,7.225908,-85.522021,0.233891,0.042068,-0.971352,50.00,False
67.793845,6.375597,-82.942923,0.223476,0.048500,-0.973502,50.00,False
67.780130,6.633411,-80.355716,0.220733,0.050419,-0.974030,50.00,False
67.736528,6.622313,-77.776105,0.212013,0.048199,-0.976078,50.00,False
67.780632,6.795722,-75.164788,0.220834,0.082881,-0.971784,50.00,False
67.780632,6.795722,-72.574940,0.220834,0.082881,-0.971784,50.00,False
67.780632,6.795722,-69.985093,0.220834,0.082881,-0.971784,50.00,False
67.774600,6.997247,-67.375204,0.219627,0.123186,-0.967775,50.00,False
67.748003,7.112141,-64.775320,0.214308,0.146164,-0.965768,50.00,False
67.748003,6.007996,-62.185472,0.214308,0.146164,-0.965768,50.00,False
67.748003,6.538465,-59.595625,0.214308,0.146164,-0.965768,50.00,False
67.795111,6.500861,-57.000636,0.223729,0.138644,-0.964740,50.00,False
67.795111,6.500861,-54.410788,0.223729,0.138644,-0.964740,50.00,False
67.795111,6.500861,-51.820941,0.223729,0.138644,-0.964740,50.00,False
67.852938,6.902974,-49.141964,0.235295,0.219066,-0.946914,50.00,False
67.853046,6.898334,-46.553161,0.235316,0.218138,-0.947123,50.00,False
67.818062,6.948870,-43.959966,0.228320,0.228246,-0.946453,50.00,False
67.818062,6.948870,-41.370118,0.228320,0.228246,-0.946453,50.00,False
67.788327,6.932877,-38.791167,0.222373,0.225047,-0.948633,50.00,False
67.890203,7.247992,-36.089811,0.242748,0.288070,-0.926331,50.00,False
67.818061,4.374304,-33.618795,0.228320,0.212568,-0.950097,50.00,False
67.850780,7.247779,-30.920334,0.234863,0.288027,-0.928375,50.00,False
67.727009,6.888716,-28.414016,0.210109,0.250353,-0.945081,50.00,False
67.118519,9.661536,-24.032585,0.088411,0.804917,-0.586764,50.00,False
66.360694,10.598942,-20.465812,-0.063154,0.918060,-0.391379,50.00,False
66.734030,18.252086,-16.460948,0.011513,0.994043,-0.108376,50.00,False
66.737241,19.055673,-13.844764,0.012156,0.994596,-0.103108,50.00,False
66.739540,19.348380,-11.283112,0.012615,0.993989,-0.108748,50.00,False
66.733832,19.638477,-8.720269,0.011474,0.993397,-0.114148,50.00,False
66.739234,20.045916,-6.163894,0.012554,0.992592,-0.120843,50.00,False
66.683568,20.212890,-3.441572,0.001421,0.995538,-0.094348,50.00,False
66.765796,20.228429,-0.624274,0.017866,0.998646,-0.048858,50.00,False
66.763393,20.234164,2.262735,0.017386,0.999793,0.010574,50.00,False
66.749199,20.232133,4.958975,0.014547,0.999387,0.031853,50.00,False
66.745723,20.142959,7.552279,0.013852,0.999374,0.032544,50.00,False
66.745052,20.016401,10.142832,0.013718,0.999372,0.032685,50.00,False
66.744032,19.950594,12.714869,0.013514,0.999484,0.029123,50.00,False
66.726916,19.867182,15.397298,0.010090,0.998814,0.047639,50.00,False
66.601569,19.753471,18.240818,-0.014979,0.995037,0.098374,50.00,False
66.759376,19.602642,21.159818,0.016582,0.986287,0.164204,50.00,False
66.787429,17.991222,24.281465,0.022193,0.962446,0.270564,50.00,False
66.818197,15.047246,27.837303,0.028347,0.885506,0.463762,50.00,False
67.030388,12.380686,31.149259,0.070785,0.790634,0.608184,50.00,False
67.110819,10.374145,34.558207,0.086871,0.629653,0.772004,50.00,False
67.158505,10.236257,37.224864,0.096408,0.608901,0.787366,50.00,False
67.561455,7.800938,40.275067,0.176998,0.441885,0.879437,50.00,False
67.596390,7.680475,42.916323,0.183985,0.417792,0.889718,50.00,False
67.615480,7.485120,45.588858,0.187803,0.378721,0.906256,50.00,False
67.534957,7.113846,48.332027,0.171699,0.304466,0.936920,50.00,False
67.534957,7.113846,50.921875,0.171699,0.304466,0.936920,50.00,False
67.580825,5.111950,53.641024,0.180872,0.200845,0.962781,50.00,False
67.551762,4.937869,56.269258,0.175060,0.166028,0.970458,50.00,False
67.551762,4.937869,58.859106,0.175060,0.166028,0.970458,50.00,False
67.559765,4.937560,61.447556,0.176660,0.165967,0.970178,50.00,False
67.559765,4.937560,64.037404,0.176660,0.165967,0.970178,50.00,False
67.559765,4.937560,66.627251,0.176660,0.165967,0.970178,50.00,False
67.530308,4.893560,69.229684,0.170769,0.157167,0.972696,50.00,False
67.498409,4.797449,71.839566,0.164389,0.137944,0.976702,50.00,False
71.614351,4.718719,71.829149,0.187578,0.122199,0.974619,200.00,True
71.614351,4.718719,71.829149,0.187578,0.122199,0.974619,50.00,False
71.635680,5.002507,69.191066,0.191843,0.178956,0.964972,50.00,False
71.634357,4.863497,66.625199,0.191579,0.151154,0.969768,50.00,False
71.634357,4.863497,64.035352,0.191579,0.151154,0.969768,50.00,False
71.634357,4.863497,61.445504,0.191579,0.151154,0.969768,50.00,False
71.634357,4.863497,58.855656,0.191579,0.151154,0.969768,50.00,False
71.599008,4.852146,56.274411,0.184509,0.148884,0.971489,50.00,False
71.599008,4.852146,53.684564,0.184509,0.148884,0.971489,50.00,False
71.584748,4.968633,51.078126,0.181657,0.172181,0.968171,50.00,False
71.620780,5.183136,48.438225,0.188863,0.215082,0.958160,50.00,False
71.527405,7.236744,45.701834,0.170188,0.329046,0.928851,50.00,False
71.379885,7.644017,42.972442,0.140684,0.410501,0.900942,50.00,False
71.354074,7.721369,40.350528,0.135522,0.425971,0.894529,50.00,False
71.091242,8.395242,37.644264,0.082956,0.483786,0.871246,50.00,False
71.064347,10.209158,34.577983,0.077577,0.625995,0.775959,50.00,False
71.130296,11.879262,31.445235,0.090766,0.739166,0.667379,50.00,False
70.936285,12.275366,28.430375,0.051964,0.811257,0.582377,50.00,False
70.867489,14.808324,24.467752,0.038205,0.950677,0.307821,50.00,False
70.855100,19.065171,21.368601,0.035727,0.977908,0.205961,50.00,False
70.953755,19.594974,18.255712,0.055458,0.993304,0.101353,50.00,False
70.745432,19.791048,15.353775,0.013794,0.999147,0.038935,50.00,False
70.745496,19.843989,12.730015,0.013807,0.999388,0.032152,50.00,False
70.745136,19.946046,10.142686,0.013735,0.999372,0.032656,50.00,False
70.741177,20.016532,7.550526,0.012943,0.999398,0.032193,50.00,False
70.743745,20.104492,4.959418,0.013456,0.999399,0.031941,50.00,False
70.749324,20.171090,2.237943,0.014572,0.999878,0.005616,50.00,False
70.764619,20.231644,-0.546623,0.017631,0.999289,-0.033328,50.00,False
70.770130,20.149329,-3.432899,0.018733,0.995526,-0.092613,50.00,False
70.745810,19.870494,-6.147904,0.013869,0.992959,-0.117645,50.00,False
70.737897,19.605420,-8.719055,0.012287,0.993416,-0.113906,50.00,False
70.728618,19.275651,-11.286955,0.010431,0.993930,-0.109516,50.00,False
70.719980,18.953890,-13.856071,0.008703,0.994395,-0.105370,50.00,False
70.710056,12.391908,-16.793569,0.006718,0.984563,-0.174900,50.00,False
70.491621,10.226691,-21.187330,-0.036969,0.843610,-0.535683,50.00,False
71.200925,9.790885,-24.326702,0.104892,0.756449,-0.645587,50.00,False
71.556626,8.536810,-27.911607,0.176033,0.505634,-0.844599,50.00,False
71.863204,7.443282,-30.918876,0.237348,0.286928,-0.928083,50.00,False
71.780648,7.352660,-33.555993,0.220837,0.268804,-0.937537,50.00,False
71.908636,7.307317,-36.126688,0.246434,0.259735,-0.933706,50.00,False
71.840568,7.174003,-38.768892,0.232821,0.233072,-0.944178,50.00,False
71.961888,6.807445,-41.325881,0.257085,0.234099,-0.937606,50.00,False
72.008934,6.794659,-43.905757,0.266494,0.231542,-0.935612,50.00,False
71.982819,3.949044,-46.619321,0.261271,0.097241,-0.960355,50.00,False
71.982819,3.949044,-49.209168,0.261271,0.097241,-0.960355,50.00,False
71.877283,6.625889,-51.781435,0.240164,0.163649,-0.956839,50.00,False
71.848601,6.622069,-54.379041,0.234427,0.162885,-0.958390,50.00,False
71.848601,6.622069,-56.968889,0.234427,0.162885,-0.958390,50.00,False
71.844628,6.573196,-59.567755,0.233633,0.153111,-0.960194,50.00,False
71.844628,6.573196,-62.157602,0.233633,0.153111,-0.960194,50.00,False
71.795111,6.500861,-64.770179,0.223729,0.138644,-0.964740,50.00,False
71.795111,6.500861,-67.360026,0.223729,0.138644,-0.964740,50.00,False
71.795111,6.500861,-69.949874,0.223729,0.138644,-0.964740,50.00,False
71.747757,6.259406,-72.578968,0.214259,0.090353,-0.972589,50.00,False
71.736272,6.283145,-75.169069,0.211962,0.095101,-0.972640,50.00,False
71.775771,6.014789,-77.768972,0.219862,0.041429,-0.974651,50.00,False
71.753061,5.562766,-80.359924,0.215319,0.057118,-0.974872,50.00,False
71.753061,6.666911,-82.949772,0.215319,0.057118,-0.974872,50.00,False
71.770150,6.789326,-85.527089,0.218737,0.081601,-0.972366,50.00,False
71.770150,5.685181,-88.116937,0.218737,0.081601,-0.972366,50.00,False
71.780632,5.691577,-90.703873,0.220834,0.082881,-0.971784,50.00,False
75.775771,6.014789,-90.718210,0.219862,0.041429,-0.974651,200.00,True
75.775771,6.014789,-90.718210,0.219862,0.041429,-0.974651,50.00,False
75.747757,6.259406,-88.118054,0.214259,0.090353,-0.972589,50.00,False
75.747757,6.259406,-85.528206,0.214259,0.090353,-0.972589,50.00,False
75.802742,6.304303,-82.921527,0.225256,0.099332,-0.969223,50.00,False
75.802742,6.304303,-80.331680,0.225256,0.099332,-0.969223,50.00,False
75.844628,6.573196,-77.696688,0.233633,0.153111,-0.960194,50.00,False
75.844628,6.573196,-75.106841,0.233633,0.153111,-0.960194,50.00,False
75.741586,6.483938,-72.554218,0.213025,0.135259,-0.967639,50.00,False
75.887299,6.557924,-69.918977,0.242167,0.150056,-0.958560,50.00,False
75.773447,6.540018,-67.359216,0.219397,0.146475,-0.964578,50.00,False
75.795478,3.606555,-64.817532,0.223803,0.028743,-0.974211,50.00,False
75.795478,3.606555,-62.227684,0.223803,0.028743,-0.974211,50.00,False
75.785001,3.768627,-59.632751,0.221708,0.061158,-0.973193,50.00,False
75.707111,3.682321,-57.064635,0.206129,0.043897,-0.977540,50.00,False
75.707111,3.682321,-54.474787,0.206129,0.043897,-0.977540,50.00,False
75.764031,3.719920,-51.860405,0.217513,0.081691,-0.972633,50.00,False
75.374103,6.924683,-49.188089,0.139528,0.257546,-0.956139,50.00,False
75.568089,3.723998,-46.720078,0.178325,0.082506,-0.980506,50.00,False
75.505055,3.992115,-44.111360,0.165718,0.136130,-0.976732,50.00,False
75.612030,3.802307,-41.520375,0.187113,0.106896,-0.976505,50.00,False
75.614020,4.240981,-38.861937,0.187511,0.194631,-0.962787,50.00,False
75.577941,4.367974,-36.251590,0.180296,0.220029,-0.958687,50.00,False
75.301829,7.216534,-33.578237,0.125073,0.311479,-0.941986,50.00,False
75.328047,7.661461,-30.832698,0.130317,0.391630,-0.910848,50.00,False
75.303328,8.538211,-28.046664,0.125373,0.473896,-0.871610,50.00,False
75.019286,10.124506,-24.723589,0.068565,0.685365,-0.724965,50.00,False
75.268972,12.042361,-20.441310,0.118502,0.914654,-0.386478,50.00,False
74.736134,12.376797,-16.873460,0.011934,0.981541,-0.190878,50.00,False
74.668787,18.598247,-13.846489,-0.001535,0.994633,-0.103453,50.00,False
74.677582,19.377154,-11.267834,0.000224,0.994399,-0.105692,50.00,False
74.697017,19.752785,-8.707172,0.004111,0.993753,-0.111529,50.00,False
74.689693,20.041864,-6.073617,0.002646,0.994700,-0.102788,50.00,False
74.653828,20.069339,-3.385174,-0.004527,0.996534,-0.083068,50.00,False
74.612638,20.081342,-0.601788,-0.012765,0.998934,-0.044361,50.00,False
74.655827,20.086626,2.204465,-0.004127,0.999991,-0.001080,50.00,False
74.702010,20.083915,4.963747,0.005109,0.999449,0.032807,50.00,False
74.705633,20.009840,7.557394,0.005834,0.999419,0.033567,50.00,False
74.717932,19.877490,10.152295,0.008294,0.999368,0.034578,50.00,False
74.743824,19.731254,12.740436,0.013472,0.999323,0.034236,50.00,False
74.777531,19.726650,15.422947,0.020213,0.998402,0.052769,50.00,False
74.915308,19.582367,18.359313,0.047769,0.991371,0.122073,50.00,False
74.904755,18.690339,21.332556,0.045658,0.978986,0.198752,50.00,False
74.609935,14.928079,24.516760,-0.013306,0.948124,0.317623,50.00,False
74.399850,12.392648,28.257989,-0.055323,0.834713,0.547899,50.00,False
74.834410,9.016050,32.075081,0.031589,0.607948,0.793348,50.00,False
74.983114,8.309776,35.109639,0.061330,0.466693,0.882290,50.00,False
74.926728,7.899599,37.730278,0.050053,0.456239,0.888449,50.00,False
75.076609,7.559658,40.451074,0.080029,0.396273,0.914638,50.00,False
75.076609,7.392409,43.040922,0.080029,0.396273,0.914638,50.00,False
75.331283,4.436710,45.908636,0.130964,0.203808,0.970212,50.00,False
75.331283,4.436710,48.498484,0.130964,0.203808,0.970212,50.00,False
75.430576,4.299075,51.100856,0.150822,0.176281,0.972717,50.00,False
75.430576,4.299075,53.690704,0.150822,0.176281,0.972717,50.00,False
75.414409,4.240822,56.293223,0.147589,0.164630,0.975251,50.00,False
75.511240,4.243757,58.866932,0.166955,0.165217,0.972023,50.00,False
75.536812,3.251773,61.474952,0.172070,0.135956,0.975658,50.00,False
75.536812,3.251773,64.064800,0.172070,0.135956,0.975658,50.00,False
75.536812,3.251773,66.654648,0.172070,0.135956,0.975658,50.00,False
75.580110,2.852530,69.243934,0.180729,0.125091,0.975546,50.00,False
75.575221,2.807255,71.840276,0.179751,0.116036,0.976844,50.00,False
78.964373,1.603698,71.927711,0.057582,0.089383,0.994331,200.00,True
78.964373,1.603698,71.927711,0.057582,0.089383,0.994331,50.00,False
78.987411,1.660532,69.331038,0.062189,0.100750,0.992966,50.00,False
78.972421,3.295892,66.714818,0.059191,0.144780,0.987692,50.00,False
78.978681,3.373201,64.109016,0.060443,0.164635,0.984501,50.00,False
78.933488,3.312593,61.534826,0.051405,0.148120,0.987633,50.00,False
78.933488,3.312593,58.944979,0.051405,0.148120,0.987633,50.00,False
78.912577,3.877692,56.360959,0.047223,0.141593,0.988798,50.00,False
78.912577,3.877692,53.771111,0.047223,0.141593,0.988798,50.00,False
78.827378,3.956007,51.172756,0.030183,0.157256,0.987097,50.00,False
78.773700,3.997362,48.577493,0.019447,0.165527,0.986014,50.00,False
78.773700,3.997362,45.987646,0.019447,0.165527,0.986014,50.00,False
78.812970,4.019381,43.393120,0.027301,0.169930,0.985078,50.00,False
78.781796,4.079048,40.793373,0.021066,0.181864,0.983098,50.00,False
78.741772,4.318578,38.153822,0.013062,0.229770,0.973157,50.00,False
78.802408,8.016014,34.964131,0.025189,0.520994,0.853189,50.00,False
78.916363,8.563289,32.141962,0.047980,0.588977,0.806724,50.00,False
78.637699,11.784096,28.353755,-0.007753,0.823645,0.567053,50.00,False
78.799981,14.846124,24.714666,0.024703,0.933700,0.357204,50.00,False
78.745550,18.698505,21.304271,0.013817,0.981083,0.193095,50.00,False
78.653666,19.460025,18.408287,-0.004560,0.991257,0.131868,50.00,False
78.725011,19.721320,15.520566,0.009709,0.997336,0.072293,50.00,False
78.725762,19.824899,12.795650,0.009860,0.998926,0.045279,50.00,False
78.704435,19.939047,10.200507,0.005594,0.999006,0.044220,50.00,False
78.660932,20.022386,7.580957,-0.003106,0.999262,0.038280,50.00,False
78.645582,20.066240,4.942148,-0.006176,0.999575,0.028487,50.00,False
78.665108,20.068249,2.241897,-0.002271,0.999977,0.006407,50.00,False
78.680867,20.063451,-0.601563,0.000881,0.999017,-0.044316,50.00,False
78.605470,20.054316,-3.337593,-0.014199,0.997190,-0.073552,50.00,False
78.638197,19.989259,-6.135292,-0.007653,0.993322,-0.115123,50.00,False
78.638806,19.571680,-8.702949,-0.007532,0.993827,-0.110684,50.00,False
78.642755,19.220695,-11.273007,-0.006742,0.994266,-0.106726,50.00,False
78.633591,18.820015,-13.897409,-0.008575,0.993485,-0.113637,50.00,False
78.639207,11.613175,-16.874029,-0.007451,0.981563,-0.190992,50.00,False
78.587138,10.856995,-21.293865,-0.017865,0.830327,-0.556990,50.00,False
78.789159,9.876869,-24.962547,0.022539,0.634302,-0.772756,50.00,False
78.568833,9.056735,-28.099899,-0.021526,0.470275,-0.882257,50.00,False
78.653181,8.319634,-30.839893,-0.004656,0.409526,-0.912287,50.00,False
78.730432,7.995573,-33.522310,0.010794,0.365369,-0.930800,50.00,False
78.870680,8.037258,-36.132143,0.038843,0.353051,-0.934797,50.00,False
78.976836,8.087688,-38.696989,0.060074,0.363137,-0.929797,50.00,False
79.126340,6.887518,-41.463687,0.089975,0.245676,-0.965167,50.00,False
79.399528,5.331807,-44.093920,0.144613,0.178557,-0.973244,50.00,False
79.126611,5.755681,-46.620022,0.090030,0.263332,-0.960495,50.00,False
79.180033,5.759509,-49.203510,0.100714,0.264097,-0.959223,50.00,False
79.206974,5.711694,-51.803370,0.106102,0.254534,-0.961226,50.00,False
79.150805,5.625889,-54.420964,0.094868,0.237373,-0.966775,50.00,False
79.123675,5.268651,-57.087305,0.089442,0.165926,-0.982074,50.00,False
79.123675,5.268651,-59.677153,0.089442,0.165926,-0.982074,50.00,False
79.127336,3.885354,-62.303082,0.090174,0.114778,-0.989290,50.00,False
79.127336,3.885354,-64.892929,0.090174,0.114778,-0.989290,50.00,False
79.240214,3.906300,-67.468706,0.112750,0.118967,-0.986476,50.00,False
79.240214,4.057672,-70.058553,0.112750,0.118967,-0.986476,50.00,False
79.240214,4.057672,-72.648401,0.112750,0.118967,-0.986476,50.00,False
78.077913,3.606944,-65.343918,-0.119710,0.028821,0.992390,50.00,False
78.054576,4.167732,-67.984874,-0.124378,0.140979,0.982169,50.00,False
78.054576,4.167732,-70.574722,-0.124378,0.140979,0.982169,50.00,False
78.023314,3.542735,-73.118901,-0.130630,0.015979,0.991302,50.00,False
78.023314,3.542735,-75.708748,-0.130630,0.015979,0.991302,50.00,False
78.023314,3.542735,-78.298596,-0.130630,0.015979,0.991302,50.00,False
78.023314,3.542735,-80.888444,-0.130630,0.015979,0.991302,50.00,False
82.209120,4.129406,-80.911673,-0.093469,0.133314,0.986657,200.00,True
82.209120,4.129406,-80.911673,-0.093469,0.133314,0.986657,50.00,False
82.257841,3.862293,-78.303205,-0.083724,0.110165,0.990381,50.00,False
83.063374,3.788428,-85.627398,0.077382,0.095392,-0.992427,50.00,False
83.046035,3.548149,-83.056115,0.073914,0.047337,-0.996141,50.00,False
83.046035,3.548149,-80.466268,0.073914,0.047337,-0.996141,50.00,False
82.314651,3.505439,-67.914489,-0.072362,0.047522,0.996246,50.00,False
83.000349,4.499540,-75.295002,0.064777,0.012103,-0.997826,50.00,False
82.377811,4.716580,-62.732673,-0.059731,0.055511,0.996670,50.00,False
82.408642,4.802756,-60.146619,-0.053564,0.072747,0.995911,50.00,False
82.408642,4.802756,-57.556772,-0.053564,0.072747,0.995911,50.00,False
82.481577,5.043879,-54.987027,-0.038977,0.120971,0.991890,50.00,False
82.481577,5.043879,-52.397179,-0.038977,0.120971,0.991890,50.00,False
82.691337,4.525708,-59.766011,0.002975,0.017337,-0.999845,50.00,False
82.463787,4.681989,-57.166499,-0.042535,0.048593,-0.997913,50.00,False
82.461246,4.814411,-54.568330,-0.043044,0.075078,-0.996248,50.00,False
82.461246,4.814411,-51.978483,-0.043044,0.075078,-0.996248,50.00,False
82.618240,5.247838,-49.341198,-0.011645,0.161763,-0.986761,50.00,False
82.599645,5.429385,-46.717881,-0.015364,0.198072,-0.980067,50.00,False
82.599645,5.429385,-44.128033,-0.015364,0.198072,-0.980067,50.00,False
82.546734,5.532485,-41.515095,-0.025946,0.218692,-0.975449,50.00,False
82.617418,5.537570,-38.925473,-0.011809,0.219709,-0.975494,50.00,False
82.620930,5.878612,-36.246109,-0.011107,0.287918,-0.957591,50.00,False
82.591695,5.890929,-33.652112,-0.016954,0.290381,-0.956761,50.00,False
82.591695,5.890929,-31.062265,-0.016954,0.290381,-0.956761,50.00,False
82.636163,5.860031,-28.482266,-0.008060,0.284202,-0.958731,50.00,False
82.501658,10.630369,-24.539281,-0.034961,0.724770,-0.688103,50.00,False
82.529915,11.285916,-21.090637,-0.029310,0.855880,-0.516344,50.00,False
82.700033,12.937954,-16.850326,0.004714,0.982491,-0.186251,50.00,False
82.653825,18.796689,-13.888591,-0.004528,0.993712,-0.111874,50.00,False
82.620348,19.492055,-11.272920,-0.011223,0.994227,-0.106709,50.00,False
82.632520,19.803402,-8.705675,-0.008789,0.993756,-0.111230,50.00,False
82.633916,19.990227,-6.126571,-0.008509,0.993515,-0.113378,50.00,False
82.620665,20.119901,-3.401808,-0.011160,0.996198,-0.086395,50.00,False
82.640475,20.137059,-0.511137,-0.007198,0.999630,-0.026231,50.00,False
82.684507,20.138867,2.191014,0.001609,0.999992,-0.003770,50.00,False
82.620999,20.048491,4.965344,-0.011093,0.999390,0.033127,50.00,False
82.614822,20.044714,7.643415,-0.012328,0.998634,0.050771,50.00,False
82.653112,19.973930,10.255624,-0.004670,0.998462,0.055243,50.00,False
82.670108,19.931841,12.841735,-0.001271,0.998513,0.054496,50.00,False
82.707982,19.768404,15.561443,0.006304,0.996737,0.080468,50.00,False
82.705258,19.462942,18.386282,0.005759,0.991826,0.127467,50.00,False
82.724421,18.405791,21.224482,0.009592,0.984139,0.177137,50.00,False
82.806472,15.547348,24.601095,0.026002,0.942041,0.334490,50.00,False
82.977663,11.806598,28.304827,0.060240,0.828145,0.557267,50.00,False
83.019842,11.187811,31.640765,0.068676,0.704388,0.706485,50.00,False
82.402669,9.374449,34.876129,-0.054759,0.546620,0.835588,50.00,False
82.299556,7.805407,37.813133,-0.075382,0.418637,0.905020,50.00,False
82.429819,7.060147,40.532305,-0.049329,0.361968,0.930885,50.00,False
82.600521,5.930936,43.204736,-0.015189,0.319688,0.947401,50.00,False
82.723156,5.797479,45.837918,0.009338,0.292996,0.956068,50.00,False
82.545773,5.560362,48.492554,-0.026138,0.245573,0.969026,50.00,False
82.503514,4.095396,51.147796,-0.034590,0.185133,0.982104,50.00,False
82.483984,3.828125,53.753916,-0.038496,0.166089,0.985359,50.00,False
82.483984,3.828125,56.343764,-0.038496,0.166089,0.985359,50.00,False
82.473576,3.774103,58.941996,-0.040578,0.155285,0.987036,50.00,False
82.473576,3.774103,61.531844,-0.040578,0.155285,0.987036,50.00,False
82.473576,3.774103,64.121691,-0.040578,0.155285,0.987036,50.00,False
82.473576,3.774103,66.711539,-0.040578,0.155285,0.987036,50.00,False
82.504818,2.836437,69.323407,-0.034329,0.125968,0.991440,50.00,False
82.543219,2.829441,71.915319,-0.026649,0.124569,0.991853,50.00,False
86.515863,4.177335,71.911628,-0.032120,0.129073,0.991115,200.00,True
86.515863,4.177335,71.911628,-0.032120,0.129073,0.991115,50.00,False
86.515863,4.177335,69.321781,-0.032120,0.129073,0.991115,50.00,False
86.515863,4.177335,66.731933,-0.032120,0.129073,0.991115,50.00,False
86.515863,4.177335,64.142085,-0.032120,0.129073,0.991115,50.00,False
86.465107,4.292222,61.534006,-0.042271,0.152050,0.987468,50.00,False
86.465107,4.292222,58.944158,-0.042271,0.152050,0.987468,50.00,False
86.465107,4.292222,56.354311,-0.042271,0.152050,0.987468,50.00,False
86.479555,4.428982,53.742057,-0.039382,0.179402,0.982987,50.00,False
86.736529,6.156623,51.072862,0.012013,0.254045,0.967118,50.00,False
86.771943,6.264738,48.452741,0.019096,0.275668,0.961063,50.00,False
86.733468,6.336754,45.842263,0.011401,0.290072,0.956937,50.00,False
86.839162,6.418856,43.224315,0.032540,0.306492,0.951317,50.00,False
86.839162,6.418856,40.634467,0.032540,0.306492,0.951317,50.00,False
86.817783,6.692929,37.948128,0.028264,0.361307,0.932019,50.00,False
86.581909,8.791208,34.963443,-0.018911,0.521485,0.853051,50.00,False
86.721240,9.943672,31.876562,0.008955,0.657221,0.753644,50.00,False
86.944375,11.202921,28.660778,0.053582,0.775997,0.628457,50.00,False
86.883614,13.108573,24.900097,0.041430,0.918052,0.394290,50.00,False
86.719882,18.862086,21.226726,0.008684,0.984067,0.177586,50.00,False
86.719233,19.416005,18.428800,0.008554,0.990676,0.135970,50.00,False
86.713238,19.868720,15.591231,0.007355,0.996231,0.086426,50.00,False
86.704412,19.935556,12.888333,0.005590,0.997946,0.063816,50.00,False
86.632334,19.970545,10.309075,-0.008826,0.997785,0.065934,50.00,False
86.594977,20.048027,7.655031,-0.016297,0.998456,0.053094,50.00,False
86.630178,20.164181,4.942692,-0.009257,0.999548,0.028596,50.00,False
86.625354,20.166174,2.216935,-0.010222,0.999947,0.001414,50.00,False
86.625435,20.163021,-0.557683,-0.010206,0.999316,-0.035540,50.00,False
86.591577,20.142305,-3.453116,-0.016977,0.995173,-0.096657,50.00,False
86.625672,20.107425,-6.117591,-0.010158,0.993703,-0.111582,50.00,False
86.625260,19.782736,-8.700574,-0.010241,0.993856,-0.110209,50.00,False
86.626502,19.383273,-11.273401,-0.009992,0.994230,-0.106805,50.00,False
86.623021,18.901092,-13.929436,-0.010689,0.992711,-0.120043,50.00,False
86.653590,12.978374,-16.955875,-0.004575,0.978254,-0.207361,50.00,False
86.079136,12.549190,-20.684464,-0.119466,0.892417,-0.435109,50.00,False
86.634992,11.419633,-24.323237,-0.008294,0.764227,-0.644894,50.00,False
87.186136,10.764138,-27.525144,0.101934,0.633128,-0.767306,50.00,False
87.092186,9.623196,-30.674256,0.083145,0.469219,-0.879159,50.00,False
86.629720,9.286690,-33.446448,-0.009349,0.401918,-0.915628,50.00,False
86.458193,8.220927,-36.253993,-0.043654,0.279449,-0.959168,50.00,False
86.501855,8.149388,-38.865888,-0.034922,0.265141,-0.963577,50.00,False
86.316015,5.141601,-41.575103,-0.072090,0.140516,-0.987450,50.00,False
86.280778,5.095622,-44.168580,-0.079137,0.131320,-0.988176,50.00,False
86.280778,5.095622,-46.758428,-0.079137,0.131320,-0.988176,50.00,False
86.344977,4.905462,-49.374541,-0.066297,0.093288,-0.993429,50.00,False
86.344977,4.905462,-51.964388,-0.066297,0.093288,-0.993429,50.00,False
86.451397,4.784059,-54.570089,-0.045013,0.069007,-0.996600,50.00,False
86.451397,4.784059,-57.159937,-0.045013,0.069007,-0.996600,50.00,False
86.952858,3.539561,-49.775343,0.055279,0.019101,0.998288,50.00,False
86.952858,3.539561,-52.365191,0.055279,0.019101,0.998288,50.00,False
86.952858,3.539561,-54.955038,0.055279,0.019101,0.998288,50.00,False
86.945930,3.980062,-57.572449,0.053893,0.107201,0.992776,50.00,False
86.945930,3.980062,-60.162296,0.053893,0.107201,0.992776,50.00,False
86.945930,3.980062,-62.752144,0.053893,0.107201,0.992776,50.00,False
86.945930,3.980062,-65.341992,0.053893,0.107201,0.992776,50.00,False
86.945930,3.980062,-67.931839,0.053893,0.107201,0.992776,50.00,False
86.945930,3.980062,-70.521687,0.053893,0.107201,0.992776,50.00,False
86.945930,3.980062,-73.111535,0.053893,0.107201,0.992776,50.00,False
86.945930,3.980062,-75.701382,0.053893,0.107201,0.992776,50.00,False
86.945930,3.980062,-78.291230,0.053893,0.107201,0.992776,50.00,False
86.945930,3.980062,-80.881077,0.053893,0.107201,0.992776,50.00,False
90.897313,4.164943,-80.902128,0.044170,0.144177,0.988566,200.00,True
90.897313,4.164943,-80.902128,0.044170,0.144177,0.988566,50.00,False
90.897313,4.164943,-78.312280,0.044170,0.144177,0.988566,50.00,False
90.897313,4.164943,-75.722432,0.044170,0.144177,0.988566,50.00,False
90.897313,4.164943,-73.132585,0.044170,0.144177,0.988566,50.00,False
90.897313,4.164943,-70.542737,0.044170,0.144177,0.988566,50.00,False
90.897313,4.164943,-67.952890,0.044170,0.144177,0.988566,50.00,False
90.897313,4.164943,-65.363042,0.044170,0.144177,0.988566,50.00,False
90.898617,4.188509,-62.776747,0.044431,0.148890,0.987855,50.00,False
90.898617,4.188509,-60.186899,0.044431,0.148890,0.987855,50.00,False
90.898617,4.188509,-57.597052,0.044431,0.148890,0.987855,50.00,False
90.898123,4.215647,-55.011349,0.044332,0.154318,0.987026,50.00,False
90.874996,4.228849,-52.422598,0.039706,0.156958,0.986807,50.00,False
90.874996,4.228849,-49.832751,0.039706,0.156958,0.986807,50.00,False
90.874996,4.228849,-47.242903,0.039706,0.156958,0.986807,50.00,False
90.807195,3.583761,-44.590751,0.026146,0.027941,0.999268,50.00,False
90.807195,3.583761,-42.000903,0.026146,0.027941,0.999268,50.00,False
90.527916,3.557868,-49.403890,-0.029710,0.022762,-0.999299,50.00,False
90.527916,3.557868,-46.814043,-0.029710,0.022762,-0.999299,50.00,False
90.527916,3.557868,-44.224195,-0.029710,0.022762,-0.999299,50.00,False
90.453626,3.769522,-41.622268,-0.044568,0.065093,-0.996883,50.00,False
90.453626,3.769522,-39.032420,-0.044568,0.065093,-0.996883,50.00,False
90.374394,3.927754,-36.425528,-0.060414,0.096740,-0.993475,50.00,False
90.365764,4.001471,-33.827416,-0.062140,0.111483,-0.991822,50.00,False
90.548983,4.235713,-31.213744,-0.025496,0.158331,-0.987057,50.00,False
90.605053,9.722807,-27.946319,-0.014282,0.524093,-0.851541,50.00,False
90.663731,10.905676,-24.344454,-0.002547,0.760667,-0.649138,50.00,False
91.056457,11.656270,-20.538044,0.075999,0.910785,-0.405825,50.00,False
90.579972,12.167095,-16.957653,-0.019298,0.977999,-0.207717,50.00,False
90.606699,19.152082,-13.968015,-0.013953,0.991707,-0.127759,50.00,False
90.572312,19.381695,-11.280229,-0.020830,0.993914,-0.108171,50.00,False
90.581805,19.830584,-8.677393,-0.018932,0.994231,-0.105573,50.00,False
90.614112,20.136427,-6.103133,-0.012470,0.993997,-0.108691,50.00,False
90.628849,20.148555,-3.389667,-0.009523,0.996423,-0.083967,50.00,False
90.629837,20.232720,-0.557679,-0.009325,0.999325,-0.035539,50.00,False
90.609212,20.165934,2.186769,-0.013450,0.999899,-0.004619,50.00,False
90.629967,20.164468,4.932209,-0.009299,0.999606,0.026499,50.00,False
90.682142,20.113223,7.718708,0.001136,0.997830,0.065830,50.00,False
90.701135,19.991463,10.360793,0.004934,0.997074,0.076277,50.00,False
90.703753,19.967343,12.975598,0.005458,0.996677,0.081269,50.00,False
90.738445,19.591969,15.585572,0.012396,0.996279,0.085294,50.00,False
90.715529,19.266211,18.386811,0.007813,0.991799,0.127572,50.00,False
90.731405,18.840773,21.337078,0.010988,0.979804,0.199656,50.00,False
90.826679,17.365755,24.259708,0.030043,0.963446,0.266213,50.00,False
90.819386,14.198614,27.925322,0.028584,0.876054,0.481366,50.00,False
90.768823,10.895997,31.604727,0.018472,0.714612,0.699277,50.00,False
90.768600,10.452480,34.596582,0.018427,0.625908,0.779679,50.00,False
90.822576,6.871098,37.874930,0.029222,0.396940,0.917379,50.00,False
90.763362,6.699268,40.536846,0.017380,0.362574,0.931793,50.00,False
90.647412,6.509010,43.197030,-0.005810,0.324523,0.945860,50.00,False
90.535168,6.359365,45.833601,-0.028259,0.294594,0.955205,50.00,False
90.505885,4.571301,48.535237,-0.034116,0.207866,0.977562,50.00,False
90.520371,4.397627,51.159293,-0.031219,0.173131,0.984404,50.00,False
90.508736,4.313316,53.762845,-0.033545,0.156269,0.987145,50.00,False
90.545138,4.286085,56.358028,-0.026265,0.150822,0.988212,50.00,False
90.532327,4.287455,58.947309,-0.028827,0.151097,0.988099,50.00,False
90.514837,4.306650,61.533642,-0.032325,0.154935,0.987396,50.00,False
90.438370,1.519058,64.158505,-0.047619,0.094358,0.994399,50.00,False
90.438370,1.519058,66.748353,-0.047619,0.094358,0.994399,50.00,False
90.438370,1.519058,69.338201,-0.047619,0.094358,0.994399,50.00,False
90.445496,1.424861,71.936423,-0.046194,0.075519,0.996074,50.00,False
94.545395,4.583983,71.905854,-0.026214,0.138896,0.989960,200.00,True
94.545395,4.583983,71.905854,-0.026214,0.138896,0.989960,50.00,False
94.545395,4.583983,69.316006,-0.026214,0.138896,0.989960,50.00,False
94.545395,4.583983,66.726158,-0.026214,0.138896,0.989960,50.00,False
94.545395,4.583983,64.136311,-0.026214,0.138896,0.989960,50.00,False
94.545395,4.583983,61.546463,-0.026214,0.138896,0.989960,50.00,False
94.519849,4.749922,58.929737,-0.031323,0.172084,0.984584,50.00,False
94.519849,4.749922,56.339889,-0.031323,0.172084,0.984584,50.00,False
94.519849,4.749922,53.750041,-0.031323,0.172084,0.984584,50.00,False
94.519849,4.749922,51.160194,-0.031323,0.172084,0.984584,50.00,False
94.580770,4.926590,48.537752,-0.019139,0.207418,0.978065,50.00,False
94.580770,4.926590,45.947904,-0.019139,0.207418,0.978065,50.00,False
94.576333,5.395862,43.234369,-0.020026,0.301272,0.953328,50.00,False
94.586720,5.748134,40.518726,-0.017949,0.371727,0.928169,50.00,False
94.596935,5.927446,37.853170,-0.015906,0.407589,0.913027,50.00,False
94.726676,7.554615,34.926436,0.010042,0.533644,0.845650,50.00,False
94.760632,13.128864,31.018356,0.016834,0.813012,0.582003,50.00,False
94.714779,13.356686,28.081631,0.007663,0.858577,0.512628,50.00,False
94.722502,17.462149,24.391955,0.009208,0.956172,0.292662,50.00,False
94.737400,18.907464,21.165042,0.012187,0.986177,0.165249,50.00,False
94.659582,19.323217,18.360738,-0.003376,0.992480,0.122358,50.00,False
94.733832,19.590124,15.607211,0.011474,0.995910,0.089622,50.00,False
94.730458,20.043285,13.010636,0.010799,0.996037,0.088276,50.00,False
94.690223,20.043090,10.426043,0.002752,0.995999,0.089327,50.00,False
94.627885,20.110152,7.759218,-0.009716,0.997216,0.073932,50.00,False
94.631714,20.232738,4.977380,-0.008950,0.999328,0.035534,50.00,False
94.600915,20.235483,2.189383,-0.015110,0.999877,-0.004096,50.00,False
94.599435,20.273092,-0.475722,-0.015406,0.999698,-0.019148,50.00,False
94.602800,20.220350,-3.359429,-0.014733,0.996851,-0.077920,50.00,False
94.602198,20.064109,-6.037720,-0.014853,0.995308,-0.095608,50.00,False
94.578339,19.718161,-8.647570,-0.019625,0.994833,-0.099609,50.00,False
94.572798,19.383330,-11.294369,-0.020733,0.993604,-0.110999,50.00,False
94.586700,19.155738,-13.981336,-0.017953,0.991296,-0.130423,50.00,False
94.650089,11.997117,-16.939113,-0.005275,0.978955,-0.204009,50.00,False
94.321633,11.588374,-20.688280,-0.070966,0.897206,-0.435873,50.00,False
94.394040,10.678368,-24.581908,-0.056485,0.715205,-0.696628,50.00,False
94.555529,10.195831,-27.614897,-0.024187,0.618698,-0.785257,50.00,False
94.638359,9.279601,-30.779360,-0.007621,0.435452,-0.900180,50.00,False
94.780169,4.285153,-33.795965,0.020741,0.168219,-0.985531,50.00,False
94.851568,4.201473,-36.397352,0.035021,0.151483,-0.987839,50.00,False
94.587800,3.834426,-39.031952,-0.017733,0.078074,-0.996790,50.00,False
94.587800,3.834426,-41.621800,-0.017733,0.078074,-0.996790,50.00,False
94.562428,3.642682,-44.222450,-0.022807,0.039725,-0.998950,50.00,False
94.562428,3.642682,-46.812298,-0.022807,0.039725,-0.998950,50.00,False
94.562428,3.642682,-49.402145,-0.022807,0.039725,-0.998950,50.00,False
94.811483,3.602198,-42.001567,0.027004,0.031628,0.999135,50.00,False
94.811483,3.602198,-44.591415,0.027004,0.031628,0.999135,50.00,False
94.811483,3.602198,-47.181262,0.027004,0.031628,0.999135,50.00,False
94.811483,3.602198,-49.771110,0.027004,0.031628,0.999135,50.00,False
94.811483,3.602198,-52.360958,0.027004,0.031628,0.999135,50.00,False
94.940438,4.250290,-55.018974,0.052795,0.161247,0.985501,50.00,False
94.940438,4.250290,-57.608822,0.052795,0.161247,0.985501,50.00,False
94.940438,4.250290,-60.198670,0.052795,0.161247,0.985501,50.00,False
94.888872,4.124401,-62.767082,0.042482,0.136069,0.989788,50.00,False
94.888872,4.124401,-65.356929,0.042482,0.136069,0.989788,50.00,False
94.888872,4.124401,-67.946777,0.042482,0.136069,0.989788,50.00,False
94.888872,4.124401,-70.536624,0.042482,0.136069,0.989788,50.00,False
94.888872,4.124401,-73.126472,0.042482,0.136069,0.989788,50.00,False
94.888872,4.124401,-75.716320,0.042482,0.136069,0.989788,50.00,False
94.888872,4.124401,-78.306167,0.042482,0.136069,0.989788,50.00,False
94.888872,4.124401,-80.896015,0.042482,0.136069,0.989788,50.00,False
98.634764,4.781336,-90.844779,-0.008340,0.001049,-0.999965,200.00,True
98.634764,4.781336,-90.844779,-0.008340,0.001049,-0.999965,50.00,False
98.634764,4.781336,-88.254931,-0.008340,0.001049,-0.999965,50.00,False
98.634764,4.781336,-85.665084,-0.008340,0.001049,-0.999965,50.00,False
98.634764,4.781336,-83.075236,-0.008340,0.001049,-0.999965,50.00,False
98.594749,5.071493,-80.476162,-0.016343,0.059081,-0.998119,50.00,False
98.594749,5.071493,-77.886315,-0.016343,0.059081,-0.998119,50.00,False
98.594749,5.071493,-75.296467,-0.016343,0.059081,-0.998119,50.00,False
98.594749,5.071493,-72.706619,-0.016343,0.059081,-0.998119,50.00,False
98.594749,5.071493,-70.116772,-0.016343,0.059081,-0.998119,50.00,False
98.759592,3.543808,-57.538013,0.016626,0.019950,0.999663,50.00,False
98.759592,3.543808,-54.948166,0.016626,0.019950,0.999663,50.00,False
98.759592,3.543808,-52.358318,0.016626,0.019950,0.999663,50.00,False
98.594749,3.739459,-59.757381,-0.016343,0.059081,-0.998119,50.00,False
98.759592,3.142977,-47.178623,0.016626,0.019950,0.999663,50.00,False
98.507161,3.240584,-54.580323,-0.033860,0.039472,-0.998647,50.00,False
98.535549,3.931371,-51.971441,-0.028183,0.097463,-0.994840,50.00,False
98.472440,3.450031,-49.386639,-0.040805,0.081361,-0.995849,50.00,False
98.472440,3.450031,-46.796791,-0.040805,0.081361,-0.995849,50.00,False
98.472440,3.450031,-44.206944,-0.040805,0.081361,-0.995849,50.00,False
98.472440,3.450031,-41.617096,-0.040805,0.081361,-0.995849,50.00,False
98.472440,3.450031,-39.027248,-0.040805,0.081361,-0.995849,50.00,False
98.462543,7.954241,-36.221581,-0.042784,0.300933,-0.952685,50.00,False
98.525336,7.959577,-33.632451,-0.030226,0.302000,-0.952829,50.00,False
98.571329,8.884374,-30.864985,-0.021027,0.397630,-0.917305,50.00,False
98.843385,9.870532,-27.704286,0.033384,0.594862,-0.803135,50.00,False
98.614948,10.803170,-24.218378,-0.012303,0.781389,-0.623923,50.00,False
98.617469,11.309530,-20.858225,-0.011799,0.882661,-0.469862,50.00,False
98.626431,11.804603,-16.870549,-0.010007,0.981676,-0.190296,50.00,False
98.608097,19.301436,-13.959694,-0.013673,0.991924,-0.126094,50.00,False
98.611832,19.408141,-11.260522,-0.012926,0.994469,-0.104230,50.00,False
98.648432,19.867392,-8.625408,-0.005606,0.995445,-0.095176,50.00,False
98.654493,20.066330,-6.019514,-0.004394,0.995752,-0.091967,50.00,False
98.643120,20.251416,-3.449641,-0.006669,0.995363,-0.095962,50.00,False
98.599387,20.271285,-0.544962,-0.015415,0.999337,-0.032996,50.00,False
98.612394,20.274189,2.204444,-0.012814,0.999917,-0.001084,50.00,False
98.631838,20.273364,4.901644,-0.008925,0.999752,0.020387,50.00,False
98.612460,20.097774,7.750434,-0.012801,0.997310,0.072175,50.00,False
98.567215,20.122743,10.504186,-0.021850,0.994237,0.104956,50.00,False
98.605654,20.033344,13.109288,-0.014162,0.994049,0.108007,50.00,False
98.702935,19.492297,15.591031,0.005294,0.996248,0.086386,50.00,False
98.729776,19.258996,18.310667,0.010662,0.993612,0.112343,50.00,False
98.707205,18.907089,21.168943,0.006148,0.986102,0.166029,50.00,False
98.707404,16.400896,24.180571,0.006188,0.968126,0.250385,50.00,False
98.802966,13.263356,28.229165,0.025300,0.839911,0.542134,50.00,False
98.696304,12.762785,31.067210,0.003968,0.806094,0.591774,50.00,False
98.616366,10.725173,34.634338,-0.012020,0.616542,0.787230,50.00,False
98.530651,10.526375,37.369919,-0.029163,0.576783,0.816377,50.00,False
98.392199,10.246695,40.136657,-0.056853,0.520847,0.851755,50.00,False
98.147644,8.290570,42.887551,-0.105764,0.455435,0.883964,50.00,False
98.048550,8.069345,45.571865,-0.125583,0.411190,0.902857,50.00,False
98.141638,7.895035,48.248880,-0.106965,0.376329,0.920291,50.00,False
98.504908,7.691189,50.944243,-0.034311,0.335559,0.941394,50.00,False
98.492435,6.317311,53.571593,-0.036806,0.313440,0.948895,50.00,False
98.547523,5.754195,56.313415,-0.025788,0.200817,0.979289,50.00,False
98.482875,5.194521,58.905044,-0.038718,0.196966,0.979646,50.00,False
98.421594,5.227521,61.485331,-0.050974,0.203566,0.977733,50.00,False
98.421594,5.227521,64.075178,-0.050974,0.203566,0.977733,50.00,False
98.504034,5.049173,66.702365,-0.034486,0.167896,0.985201,50.00,False
98.504034,5.049173,69.292213,-0.034486,0.167896,0.985201,50.00,False
98.504034,4.989490,71.882061,-0.034486,0.167896,0.985201,50.00,False
102.549420,5.148516,71.853691,-0.025409,0.199701,0.979527,200.00,True
102.549420,5.148516,71.853691,-0.025409,0.199701,0.979527,50.00,False
102.560496,5.258138,69.253671,-0.023194,0.209689,0.977493,50.00,False
102.541388,5.277805,66.659072,-0.027015,0.213623,0.976543,50.00,False
102.541388,5.277805,64.069225,-0.027015,0.213623,0.976543,50.00,False
102.541388,5.277805,61.479377,-0.027015,0.213623,0.976543,50.00,False
102.522669,5.946069,58.859242,-0.030759,0.239191,0.970485,50.00,False
102.522669,5.946069,56.269394,-0.030759,0.239191,0.970485,50.00,False
102.522669,5.946069,53.679546,-0.030759,0.239191,0.970485,50.00,False
102.541237,6.119422,51.044216,-0.027045,0.273862,0.961389,50.00,False
102.456449,6.313793,48.391526,-0.044003,0.312736,0.948820,50.00,False
102.324350,8.360546,45.458361,-0.070423,0.469431,0.880157,50.00,False
102.408749,8.533743,42.777737,-0.053543,0.504070,0.862001,50.00,False
102.675931,9.794544,40.109052,-0.000106,0.532812,0.846234,50.00,False
102.708386,9.940770,37.423405,0.006384,0.562057,0.827074,50.00,False
102.675993,11.323139,34.580337,-0.000094,0.630204,0.776430,50.00,False
102.824504,12.327747,31.385391,0.029608,0.754692,0.655410,50.00,False
102.860782,13.272521,28.208272,0.036864,0.842167,0.537956,50.00,False
102.764693,15.838285,24.227195,0.017646,0.965525,0.259710,50.00,False
102.729027,18.328799,21.147596,0.010513,0.986774,0.161760,50.00,False
102.736153,19.128434,18.283430,0.011938,0.994199,0.106896,50.00,False
102.712866,19.542951,15.688758,0.007281,0.994347,0.105931,50.00,False
102.744572,20.111116,13.200256,0.013622,0.991911,0.126200,50.00,False
102.643984,20.117224,10.563457,-0.006496,0.993133,0.116810,50.00,False
102.628538,20.234205,7.726948,-0.009585,0.997675,0.067478,50.00,False
102.618601,20.273676,4.876616,-0.011573,0.999815,0.015381,50.00,False
102.611481,20.322966,2.218668,-0.012997,0.999914,0.001761,50.00,False
102.643027,20.315196,-0.664263,-0.006687,0.998360,-0.056856,50.00,False
102.663528,20.253753,-3.425781,-0.002587,0.995830,-0.091190,50.00,False
102.661355,20.170183,-6.020462,-0.003022,0.995740,-0.092156,50.00,False
102.579990,19.745762,-8.561985,-0.019295,0.996405,-0.082492,50.00,False
102.600915,19.575461,-11.227771,-0.015110,0.995103,-0.097679,50.00,False
102.596410,19.302081,-13.953214,-0.016011,0.992053,-0.124798,50.00,False
102.720307,10.358376,-17.208907,0.008769,0.966114,-0.257967,50.00,False
102.362452,9.445839,-21.599293,-0.062802,0.783606,-0.618075,50.00,False
102.261168,8.350116,-25.205114,-0.083059,0.564462,-0.821270,50.00,False
102.285395,7.616598,-28.214540,-0.078214,0.417758,-0.905185,50.00,False
102.565708,7.273759,-30.962410,-0.022151,0.349190,-0.936790,50.00,False
102.654505,6.993724,-33.648539,-0.004392,0.293183,-0.956046,50.00,False
102.671635,6.786118,-36.297229,-0.000966,0.251662,-0.967815,50.00,False
102.671635,6.786118,-38.887077,-0.000966,0.251662,-0.967815,50.00,False
102.533994,6.449932,-41.550018,-0.028494,0.184425,-0.982433,50.00,False
102.533994,6.449932,-44.139866,-0.028494,0.184425,-0.982433,50.00,False
102.533994,6.449932,-46.729713,-0.028494,0.184425,-0.982433,50.00,False
102.533994,6.449932,-49.319561,-0.028494,0.184425,-0.982433,50.00,False
102.608654,6.288696,-51.938542,-0.013562,0.152178,-0.988260,50.00,False
102.608654,6.288696,-54.528389,-0.013562,0.152178,-0.988260,50.00,False
102.608654,6.288696,-57.118237,-0.013562,0.152178,-0.988260,50.00,False
102.608654,6.288696,-59.708085,-0.013562,0.152178,-0.988260,50.00,False
102.541100,6.192151,-62.310451,-0.027073,0.132869,-0.990764,50.00,False
102.496950,6.053087,-64.915569,-0.035903,0.105056,-0.993818,50.00,False
102.499103,5.888933,-67.520114,-0.035472,0.072225,-0.996757,50.00,False
102.499103,5.137216,-70.109962,-0.035472,0.072225,-0.996757,50.00,False
102.499103,5.137216,-72.699809,-0.035472,0.072225,-0.996757,50.00,False
102.499103,5.137216,-75.289657,-0.035472,0.072225,-0.996757,50.00,False
102.519064,5.310470,-77.864587,-0.031480,0.106876,-0.993774,50.00,False
102.519064,5.310470,-80.454435,-0.031480,0.106876,-0.993774,50.00,False
102.519064,5.310470,-83.044282,-0.031480,0.106876,-0.993774,50.00,False
102.519064,5.310470,-85.634130,-0.031480,0.106876,-0.993774,50.00,False
102.519064,5.310470,-88.223977,-0.031480,0.106876,-0.993774,50.00,False
102.519064,5.310470,-90.813825,-0.031480,0.106876,-0.993774,50.00,False
106.634524,5.137310,-90.831714,-0.008388,0.072244,-0.997352,200.00,True
106.634524,5.137310,-90.831714,-0.008388,0.072244,-0.997352,50.00,False
106.636987,5.232538,-88.234073,-0.007895,0.091290,-0.995793,50.00,False
106.607144,5.270692,-85.640254,-0.013864,0.098920,-0.994999,50.00,False
106.606789,5.373441,-83.039113,-0.013935,0.119470,-0.992740,50.00,False
106.606789,5.373441,-80.449265,-0.013935,0.119470,-0.992740,50.00,False
106.606789,5.373441,-77.859417,-0.013935,0.119470,-0.992740,50.00,False
106.606789,5.373441,-75.269570,-0.013935,0.119470,-0.992740,50.00,False
106.606789,5.373441,-72.679722,-0.013935,0.119470,-0.992740,50.00,False
106.606789,5.373441,-70.089875,-0.013935,0.119470,-0.992740,50.00,False
106.606789,5.373441,-67.500027,-0.013935,0.119470,-0.992740,50.00,False
106.606789,5.373441,-64.910179,-0.013935,0.119470,-0.992740,50.00,False
106.606789,5.373441,-62.320332,-0.013935,0.119470,-0.992740,50.00,False
106.606789,5.373441,-59.730484,-0.013935,0.119470,-0.992740,50.00,False
106.557662,5.687222,-57.091784,-0.023760,0.182226,-0.982969,50.00,False
106.569310,6.675310,-54.479438,-0.021431,0.205274,-0.978470,50.00,False
106.569310,6.675310,-51.889591,-0.021431,0.205274,-0.978470,50.00,False
106.569310,6.675310,-49.299743,-0.021431,0.205274,-0.978470,50.00,False
106.517703,6.960918,-46.639735,-0.031752,0.262395,-0.964438,50.00,False
106.452170,6.989146,-44.039511,-0.044859,0.268041,-0.962363,50.00,False
106.452170,6.989146,-41.449663,-0.044859,0.268041,-0.962363,50.00,False
106.468088,7.018686,-38.852207,-0.041675,0.273949,-0.960841,50.00,False
106.493874,7.020044,-36.263021,-0.036518,0.274221,-0.960973,50.00,False
106.456883,7.127951,-33.639504,-0.043916,0.295802,-0.954239,50.00,False
106.469146,10.260303,-30.594946,-0.041464,0.502990,-0.863297,50.00,False
106.796706,10.765803,-27.671379,0.024048,0.604090,-0.796553,50.00,False
106.457053,11.466528,-24.431139,-0.043882,0.744235,-0.666475,50.00,False
106.755253,12.315546,-20.535523,0.015758,0.914039,-0.405321,50.00,False
106.601956,17.440412,-16.926168,-0.014901,0.979392,-0.201420,50.00,False
106.571534,19.396599,-13.941321,-0.020986,0.992257,-0.122420,50.00,False
106.549580,19.588260,-11.299220,-0.025377,0.993388,-0.111969,50.00,False
106.572791,19.826623,-8.610389,-0.020735,0.995527,-0.092172,50.00,False
106.575765,20.303226,-5.996896,-0.020140,0.995966,-0.087443,50.00,False
106.624822,20.346449,-3.374377,-0.010328,0.996668,-0.080909,50.00,False
106.635523,20.356030,-0.642787,-0.008188,0.998584,-0.052561,50.00,False
106.640022,20.362772,2.164703,-0.007288,0.999933,-0.009032,50.00,False
106.613480,20.362294,4.864367,-0.012597,0.999837,0.012931,50.00,False
106.670978,20.246095,7.822525,-0.001097,0.996243,0.086593,50.00,False
106.654679,20.174945,10.621719,-0.004357,0.991705,0.128462,50.00,False
106.666781,20.146353,13.324828,-0.001936,0.988514,0.151115,50.00,False
106.723826,19.536849,15.742415,0.009473,0.993126,0.116663,50.00,False
106.722843,19.324083,18.257243,0.009276,0.994776,0.101659,50.00,False
106.674541,18.914348,21.090377,-0.000385,0.988638,0.150316,50.00,False
106.764851,17.338956,24.161816,0.017677,0.968947,0.246634,50.00,False
106.403678,12.766373,28.242511,-0.054557,0.836787,0.544804,50.00,False
106.545421,12.450729,31.273644,-0.026209,0.773658,0.633061,50.00,False
106.765090,11.796589,34.527205,0.017725,0.642830,0.765804,50.00,False
106.699124,9.626424,37.361114,0.004532,0.579983,0.814616,50.00,False
106.812019,9.402212,40.099520,0.027111,0.535141,0.844328,50.00,False
106.818559,6.922044,42.969121,0.028419,0.434386,0.900278,50.00,False
106.598740,6.633057,45.688828,-0.015545,0.376589,0.926250,50.00,False
106.523945,6.188159,48.433735,-0.030504,0.287610,0.957262,50.00,False
106.516984,5.277643,51.119286,-0.031896,0.213590,0.976403,50.00,False
106.521347,4.769933,53.713632,-0.031023,0.209566,0.977302,50.00,False
106.521347,4.769933,56.303480,-0.031023,0.209566,0.977302,50.00,False
106.532905,4.782362,58.890999,-0.028712,0.212052,0.976837,50.00,False
106.532905,4.782362,61.480847,-0.028712,0.212052,0.976837,50.00,False
106.526386,4.718227,64.083982,-0.030015,0.199225,0.979494,50.00,False
106.526187,4.551120,66.676004,-0.030055,0.197068,0.979929,50.00,False
106.526187,4.551120,69.265851,-0.030055,0.197068,0.979929,50.00,False
106.523454,3.418211,71.884088,-0.030602,0.166261,0.985607,50.00,False
110.545751,3.940424,71.878794,-0.026142,0.173153,0.984548,200.00,True
110.545751,3.940424,71.878794,-0.026142,0.173153,0.984548,50.00,False
110.540804,3.943340,69.288299,-0.027132,0.173736,0.984418,50.00,False
110.521088,4.691521,66.679020,-0.031075,0.193883,0.980532,50.00,False
110.521088,4.691521,64.089173,-0.031075,0.193883,0.980532,50.00,False
110.526530,4.686494,61.500486,-0.029987,0.192878,0.980764,50.00,False
110.526530,4.686494,58.910638,-0.029987,0.192878,0.980764,50.00,False
110.526530,4.686494,56.320791,-0.029987,0.192878,0.980764,50.00,False
110.527199,4.684297,53.731395,-0.029853,0.192439,0.980855,50.00,False
110.527199,4.684297,51.141547,-0.029853,0.192439,0.980855,50.00,False
110.527199,4.684297,48.551700,-0.029853,0.192439,0.980855,50.00,False
110.479350,4.742077,45.948468,-0.039423,0.203995,0.978178,50.00,False
110.481524,4.771302,43.352521,-0.038988,0.209840,0.976958,50.00,False
110.517514,5.381015,40.591984,-0.031790,0.331782,0.942820,50.00,False
110.788680,6.147007,37.659219,0.022443,0.484981,0.874237,50.00,False
110.736473,11.320611,34.319893,0.012002,0.689337,0.724341,50.00,False
110.793877,11.751435,31.262882,0.023483,0.775502,0.630908,50.00,False
110.802423,14.295529,27.697131,0.025192,0.899726,0.435728,50.00,False
110.784858,17.106260,24.494262,0.021679,0.949465,0.313123,50.00,False
110.740675,18.789353,21.206153,0.012842,0.984755,0.173471,50.00,False
110.698293,19.399894,18.269949,0.004366,0.994547,0.104200,50.00,False
110.634083,19.383740,15.815241,-0.008476,0.991316,0.131228,50.00,False
110.561425,20.155247,13.299017,-0.023008,0.989024,0.145953,50.00,False
110.590532,20.266027,10.592544,-0.017186,0.992304,0.122628,50.00,False
110.572068,20.303605,7.666910,-0.020879,0.998242,0.055470,50.00,False
110.636234,20.362632,4.855860,-0.008046,0.999905,0.011230,50.00,False
110.662921,20.363062,2.226918,-0.002709,0.999991,0.003411,50.00,False
110.654461,20.360078,-0.552671,-0.004401,0.999394,-0.034537,50.00,False
110.647300,20.352177,-3.298993,-0.005833,0.997814,-0.065832,50.00,False
110.598175,20.245364,-5.950104,-0.015658,0.996824,-0.078085,50.00,False
110.554458,19.824441,-8.629085,-0.024401,0.995091,-0.095912,50.00,False
110.589447,19.658742,-11.369889,-0.017403,0.991864,-0.126103,50.00,False
110.575892,19.568277,-14.053694,-0.020114,0.989243,-0.144894,50.00,False
110.537104,17.605995,-16.825381,-0.027872,0.983040,-0.181262,50.00,False
110.425182,12.797752,-20.139302,-0.050256,0.944006,-0.326077,50.00,False
110.859536,12.057142,-24.120467,0.036614,0.795884,-0.604340,50.00,False
110.863592,11.427912,-27.395524,0.037426,0.670038,-0.741382,50.00,False
110.502133,7.331767,-30.983532,-0.034866,0.336565,-0.941014,50.00,False
110.440470,6.897658,-33.704113,-0.047199,0.249743,-0.967161,50.00,False
110.440470,6.897658,-36.293961,-0.047199,0.249743,-0.967161,50.00,False
110.485588,6.755196,-38.920350,-0.038175,0.221251,-0.974469,50.00,False
110.605127,6.442504,-41.526221,-0.014267,0.209642,-0.977674,50.00,False
110.659195,6.151407,-44.170014,-0.003454,0.151423,-0.988463,50.00,False
110.650577,6.202846,-46.751669,-0.005177,0.161711,-0.986825,50.00,False
110.650577,6.202846,-49.341517,-0.005177,0.161711,-0.986825,50.00,False
110.650577,6.202846,-51.931364,-0.005177,0.161711,-0.986825,50.00,False
110.614587,5.793092,-54.570775,-0.012375,0.079760,-0.996737,50.00,False
110.614587,5.793092,-57.160623,-0.012375,0.079760,-0.996737,50.00,False
110.614587,5.793092,-59.750471,-0.012375,0.079760,-0.996737,50.00,False
110.614587,5.793092,-62.340318,-0.012375,0.079760,-0.996737,50.00,False
110.614587,5.793092,-64.930166,-0.012375,0.079760,-0.996737,50.00,False
110.647189,3.946634,-67.534203,-0.005855,0.028554,-0.999575,50.00,False
110.647189,3.946634,-70.124050,-0.005855,0.028554,-0.999575,50.00,False
110.647189,3.946634,-72.713898,-0.005855,0.028554,-0.999575,50.00,False
110.630937,4.072966,-75.298415,-0.009105,0.053820,-0.998509,50.00,False
110.630937,4.072966,-77.888263,-0.009105,0.053820,-0.998509,50.00,False
110.630937,4.072966,-80.478111,-0.009105,0.053820,-0.998509,50.00,False
110.578406,4.035159,-83.069098,-0.019612,0.046259,-0.998737,50.00,False
110.578406,4.035159,-85.658945,-0.019612,0.046259,-0.998737,50.00,False
110.533158,4.059767,-88.246498,-0.028661,0.051181,-0.998278,50.00,False
110.533158,4.059767,-90.836346,-0.028661,0.051181,-0.998278,50.00,False
114.389172,4.499606,-90.835797,-0.057458,0.018938,-0.998168,200.00,True
114.389172,4.499606,-90.835797,-0.057458,0.018938,-0.998168,50.00,False
114.389172,4.499606,-88.245949,-0.057458,0.018938,-0.998168,50.00,False
114.256554,4.655836,-85.641274,-0.083982,0.050184,-0.995203,50.00,False
114.256554,4.983835,-83.051427,-0.083982,0.050184,-0.995203,50.00,False
114.256554,4.983835,-80.461579,-0.083982,0.050184,-0.995203,50.00,False
114.256554,4.983835,-77.871731,-0.083982,0.050184,-0.995203,50.00,False
114.256554,4.983835,-75.281884,-0.083982,0.050184,-0.995203,50.00,False
114.256554,4.983835,-72.692036,-0.083982,0.050184,-0.995203,50.00,False
114.256554,4.983835,-70.102189,-0.083982,0.050184,-0.995203,50.00,False
114.256554,4.983835,-67.512341,-0.083982,0.050184,-0.995203,50.00,False
114.274640,4.908048,-64.927229,-0.080365,0.035027,-0.996150,50.00,False
114.274640,4.908048,-62.337381,-0.080365,0.035027,-0.996150,50.00,False
114.274640,4.908048,-59.747534,-0.080365,0.035027,-0.996150,50.00,False
114.201434,5.166348,-57.135412,-0.095006,0.086687,-0.991695,50.00,False
114.400142,5.768106,-54.565433,-0.055264,0.074763,-0.995669,50.00,False
114.400142,5.768106,-51.975585,-0.055264,0.074763,-0.995669,50.00,False
114.408380,5.918852,-49.372569,-0.053617,0.104912,-0.993035,50.00,False
114.585612,5.872919,-46.793756,-0.018170,0.095725,-0.995242,50.00,False
114.518703,5.924742,-44.196977,-0.031552,0.106090,-0.993856,50.00,False
114.505031,6.046762,-41.592131,-0.034287,0.130494,-0.990856,50.00,False
114.548091,6.258457,-38.971086,-0.025675,0.172833,-0.984616,50.00,False
114.432326,6.417825,-36.346179,-0.048828,0.204707,-0.977605,50.00,False
114.496411,9.208834,-33.463998,-0.036011,0.392286,-0.919138,50.00,False
114.480878,9.735436,-30.611062,-0.039117,0.497607,-0.866520,50.00,False
114.317796,10.360699,-27.584604,-0.071734,0.622659,-0.779198,50.00,False
114.391252,11.120931,-24.247484,-0.057042,0.774706,-0.629744,50.00,False
114.408484,11.803533,-20.550942,-0.053596,0.911226,-0.408405,50.00,False
114.500766,17.837735,-16.871443,-0.035139,0.981063,-0.190475,50.00,False
114.543096,19.565422,-14.057701,-0.026674,0.988970,-0.145696,50.00,False
114.568899,19.677584,-11.379125,-0.021513,0.991547,-0.127950,50.00,False
114.595668,19.970057,-8.601221,-0.016159,0.995780,-0.090339,50.00,False
114.623186,20.245270,-5.925482,-0.010655,0.997263,-0.073160,50.00,False
114.636052,20.407722,-3.268538,-0.008082,0.998181,-0.059741,50.00,False
114.685274,20.413549,-0.560491,0.001762,0.999347,-0.036101,50.00,False
114.658970,20.416376,2.145899,-0.003499,0.999912,-0.012793,50.00,False
114.622741,20.416408,4.834232,-0.010745,0.999918,0.006904,50.00,False
114.653178,20.328547,7.498391,-0.004657,0.999752,0.021766,50.00,False
114.671404,20.273410,10.536166,-0.001012,0.993781,0.111352,50.00,False
114.583585,20.240756,13.359710,-0.018576,0.987250,0.158091,50.00,False
114.659604,19.983451,16.000610,-0.003372,0.985730,0.168302,50.00,False
114.753725,19.280427,18.488543,0.015452,0.988879,0.147919,50.00,False
114.814050,18.781269,21.242700,0.027517,0.983138,0.180781,50.00,False
114.715054,16.850833,24.616140,0.007718,0.941294,0.337499,50.00,False
114.937774,14.205585,27.862678,0.052262,0.881737,0.468837,50.00,False
115.041110,12.615347,31.080637,0.072929,0.800812,0.594460,50.00,False
114.635132,9.751877,34.608313,-0.008266,0.623192,0.782025,50.00,False
114.390652,5.271540,37.770448,-0.057162,0.439376,0.896483,50.00,False
114.512932,4.680361,40.610216,-0.032706,0.321140,0.946467,50.00,False
114.477785,4.667011,43.203229,-0.039736,0.318470,0.947100,50.00,False
114.537331,4.147806,45.939074,-0.027827,0.214629,0.976299,50.00,False
114.537331,4.147806,48.528921,-0.027827,0.214629,0.976299,50.00,False
114.552814,4.148105,51.119120,-0.024730,0.214689,0.976369,50.00,False
114.511793,4.070527,53.724174,-0.032934,0.199173,0.979411,50.00,False
114.527144,4.026301,56.323299,-0.029864,0.190328,0.981266,50.00,False
114.527144,4.026301,58.913147,-0.029864,0.190328,0.981266,50.00,False
114.527144,4.026301,61.502994,-0.029864,0.190328,0.981266,50.00,False
114.527144,3.210699,64.092842,-0.029864,0.190328,0.981266,50.00,False
114.566193,3.089640,66.705656,-0.022054,0.166117,0.985859,50.00,False
114.566193,3.089640,69.295504,-0.022054,0.166117,0.985859,50.00,False
114.566193,3.089640,71.885351,-0.022054,0.166117,0.985859,50.00,False
118.560622,3.155543,71.873665,-0.023168,0.179297,0.983522,200.00,True
118.560622,3.155543,71.873665,-0.023168,0.179297,0.983522,50.00,False
118.534423,3.230256,69.268920,-0.028408,0.194240,0.980543,50.00,False
118.533512,3.230318,66.679033,-0.028590,0.194252,0.980535,50.00,False
118.534180,3.707755,64.089171,-0.028457,0.194287,0.980532,50.00,False
118.561634,3.801297,61.480580,-0.022966,0.212995,0.976783,50.00,False
118.580549,3.810959,58.889024,-0.019183,0.214927,0.976442,50.00,False
118.621385,4.237346,56.279594,-0.011016,0.232537,0.972525,50.00,False
118.634346,4.330334,53.666698,-0.008424,0.251135,0.967915,50.00,False
118.634346,5.188324,51.076850,-0.008424,0.251135,0.967915,50.00,False
118.634346,5.188324,48.487003,-0.008424,0.251135,0.967915,50.00,False
118.623693,6.018648,45.711537,-0.010554,0.365397,0.930792,50.00,False
118.593335,6.457441,43.002475,-0.016626,0.420912,0.906949,50.00,False
118.451218,6.869982,40.192214,-0.045049,0.503421,0.862866,50.00,False
118.581665,8.542768,37.493042,-0.018960,0.540701,0.841001,50.00,False
118.562342,9.641190,34.692596,-0.022824,0.601055,0.798882,50.00,False
118.944752,11.939111,31.241574,0.053658,0.777454,0.626647,50.00,False
118.919165,13.449043,28.120528,0.048540,0.852537,0.520407,50.00,False
118.715051,17.186468,24.197625,0.007717,0.967227,0.253796,50.00,False
118.790132,18.271494,21.186550,0.022734,0.985259,0.169551,50.00,False
118.661589,19.384088,18.590603,-0.002975,0.985726,0.168331,50.00,False
118.716496,19.924865,16.102737,0.008006,0.981997,0.188727,50.00,False
118.629937,20.314801,13.427253,-0.009305,0.985123,0.171600,50.00,False
118.490732,20.353288,10.547912,-0.037146,0.992820,0.113701,50.00,False
118.635317,20.382095,7.652565,-0.008229,0.998582,0.052601,50.00,False
118.617660,20.416431,4.819540,-0.011761,0.999923,0.003966,50.00,False
118.597242,20.415059,2.103597,-0.015844,0.999649,-0.021253,50.00,False
118.628245,20.413209,-0.563663,-0.009644,0.999278,-0.036736,50.00,False
118.610767,20.409993,-3.222548,-0.013139,0.998635,-0.050543,50.00,False
118.588778,20.388879,-5.924538,-0.017537,0.997180,-0.072972,50.00,False
118.571855,19.976504,-8.517463,-0.020922,0.997069,-0.073587,50.00,False
118.606061,19.812198,-11.242086,-0.014081,0.994833,-0.100542,50.00,False
118.613262,19.480273,-14.058671,-0.012640,0.989220,-0.145890,50.00,False
118.562712,17.498406,-16.885103,-0.022750,0.980894,-0.193207,50.00,False
118.787772,9.357251,-20.536632,0.022262,0.913805,-0.405543,50.00,False
118.098397,7.799864,-25.047927,-0.115613,0.602328,-0.789832,50.00,False
118.192219,7.293244,-27.988658,-0.096849,0.501004,-0.860009,50.00,False
118.857537,5.941547,-31.140257,0.036215,0.230664,-0.972359,50.00,False
118.446214,6.260867,-33.640971,-0.046050,0.294528,-0.954533,50.00,False
118.417727,5.825200,-36.342594,-0.051747,0.207395,-0.976888,50.00,False
118.360010,5.648635,-38.953236,-0.063291,0.183144,-0.981047,50.00,False
118.360010,5.648635,-41.543084,-0.063291,0.183144,-0.981047,50.00,False
118.307051,5.131367,-44.160831,-0.073883,0.145291,-0.986627,50.00,False
118.229523,4.883381,-46.774492,-0.089388,0.095693,-0.991389,50.00,False
118.256554,4.655836,-49.383408,-0.083982,0.050184,-0.995203,50.00,False
118.256554,4.655836,-51.973255,-0.083982,0.050184,-0.995203,50.00,False
118.256554,4.655836,-54.563103,-0.083982,0.050184,-0.995203,50.00,False
118.256554,4.655836,-57.152950,-0.083982,0.050184,-0.995203,50.00,False
118.336038,4.468387,-59.754778,-0.068085,0.012694,-0.997599,50.00,False
118.336038,4.468387,-62.344626,-0.068085,0.012694,-0.997599,50.00,False
118.379139,4.429501,-64.937571,-0.059465,0.004917,-0.998218,50.00,False
118.347650,4.507292,-67.524453,-0.065763,0.020475,-0.997625,50.00,False
118.347650,4.507292,-70.114301,-0.065763,0.020475,-0.997625,50.00,False
118.347650,4.507292,-72.704148,-0.065763,0.020475,-0.997625,50.00,False
118.376766,4.490312,-75.296149,-0.059940,0.017079,-0.998056,50.00,False
118.376766,4.490312,-77.885997,-0.059940,0.017079,-0.998056,50.00,False
118.376766,3.889262,-80.475845,-0.059940,0.017079,-0.998056,50.00,False
118.376766,3.889262,-83.065692,-0.059940,0.017079,-0.998056,50.00,False
118.376766,3.889262,-85.655540,-0.059940,0.017079,-0.998056,50.00,False
118.376766,3.889262,-88.245387,-0.059940,0.017079,-0.998056,50.00,False
118.376766,3.889262,-90.835235,-0.059940,0.017079,-0.998056,50.00,False
122.438722,4.386147,-90.834422,-0.047548,0.044136,-0.997893,200.00,True
122.438722,4.386147,-90.834422,-0.047548,0.044136,-0.997893,50.00,False
122.440989,4.336795,-88.246621,-0.047095,0.034266,-0.998303,50.00,False
122.440989,4.336795,-85.656773,-0.047095,0.034266,-0.998303,50.00,False
122.433786,4.221896,-83.069201,-0.048536,0.011286,-0.998758,50.00,False
122.433786,4.221896,-80.479354,-0.048536,0.011286,-0.998758,50.00,False
122.433786,4.221896,-77.889506,-0.048536,0.011286,-0.998758,50.00,False
122.921005,4.182767,-65.311883,0.048908,0.003460,0.998797,50.00,False
122.476700,5.156735,-72.698421,-0.039953,0.073702,-0.996480,50.00,False
122.476700,5.156735,-70.108573,-0.039953,0.073702,-0.996480,50.00,False
122.476700,5.156735,-67.518726,-0.039953,0.073702,-0.996480,50.00,False
122.476700,5.156735,-64.928878,-0.039953,0.073702,-0.996480,50.00,False
122.476700,5.156735,-62.339030,-0.039953,0.073702,-0.996480,50.00,False
122.476700,5.156735,-59.749183,-0.039953,0.073702,-0.996480,50.00,False
122.485085,5.263364,-57.150629,-0.038276,0.095027,-0.994739,50.00,False
122.485085,5.263364,-54.560782,-0.038276,0.095027,-0.994739,50.00,False
122.485085,5.263364,-51.970934,-0.038276,0.095027,-0.994739,50.00,False
122.434083,5.303181,-49.374895,-0.048476,0.102991,-0.993500,50.00,False
122.483802,5.332783,-46.784068,-0.038532,0.108911,-0.993304,50.00,False
122.439761,5.490363,-44.172491,-0.047341,0.140427,-0.988959,50.00,False
122.515412,5.821748,-41.527216,-0.032210,0.206704,-0.977873,50.00,False
122.444349,5.882229,-38.921327,-0.046423,0.218800,-0.974665,50.00,False
122.444349,5.882229,-36.331479,-0.046423,0.218800,-0.974665,50.00,False
122.414180,6.100793,-33.685815,-0.052457,0.262513,-0.963501,50.00,False
122.562660,6.775110,-30.865327,-0.022761,0.397377,-0.917373,50.00,False
122.570050,7.063618,-28.139598,-0.021283,0.455078,-0.890197,50.00,False
122.429337,12.004797,-23.784005,-0.049425,0.842103,-0.537048,50.00,False
122.767230,12.455952,-20.314635,0.018153,0.932334,-0.361144,50.00,False
122.707813,17.793022,-16.924352,0.006270,0.979560,-0.201057,50.00,False
122.603908,19.709373,-14.150694,-0.014511,0.986305,-0.164294,50.00,False
122.581157,19.911977,-11.401514,-0.019061,0.991009,-0.132428,50.00,False
122.611911,19.972153,-8.580237,-0.012910,0.996199,-0.086142,50.00,False
122.619428,20.392041,-5.885272,-0.011407,0.997812,-0.065119,50.00,False
122.619061,20.491246,-3.194674,-0.011480,0.998922,-0.044968,50.00,False
122.600487,20.492737,-0.562139,-0.015195,0.999221,-0.036431,50.00,False
122.610547,20.495792,2.146029,-0.013183,0.999832,-0.012767,50.00,False
122.614181,20.451029,4.815191,-0.012457,0.999918,0.003096,50.00,False
122.559126,20.443054,7.654181,-0.023468,0.998323,0.052924,50.00,False
122.537036,20.430516,10.414573,-0.027886,0.995815,0.087033,50.00,False
122.633710,20.290373,13.557455,-0.008551,0.980237,0.197640,50.00,False
122.594831,19.758310,16.074877,-0.016327,0.982948,0.183155,50.00,False
122.615606,19.018243,18.611864,-0.012172,0.984920,0.172583,50.00,False
122.725501,18.631931,21.335980,0.009807,0.979862,0.199437,50.00,False
122.733823,17.280558,24.382076,0.011472,0.956750,0.290686,50.00,False
122.656265,14.252343,27.948838,-0.004040,0.873911,0.486069,50.00,False
122.596742,11.965019,31.305578,-0.015944,0.768669,0.639448,50.00,False
122.753530,10.966805,34.360667,0.015413,0.680597,0.732496,50.00,False
122.653565,8.834989,37.441631,-0.004580,0.556673,0.830719,50.00,False
122.612325,8.634486,40.064818,-0.012828,0.546460,0.837387,50.00,False
122.714803,6.675873,42.895171,0.007668,0.464599,0.885488,50.00,False
122.689827,6.247206,45.684818,0.002673,0.378865,0.925448,50.00,False
122.620210,5.905638,48.344139,-0.011251,0.342796,0.939343,50.00,False
122.578012,5.221084,51.067412,-0.019690,0.257687,0.966028,50.00,False
122.551627,4.308627,53.656516,-0.024967,0.257788,0.965879,50.00,False
122.551627,4.308627,56.246363,-0.024967,0.257788,0.965879,50.00,False
122.522884,4.205456,58.861749,-0.030716,0.237153,0.970987,50.00,False
122.517781,4.021903,61.492620,-0.031737,0.200443,0.979191,50.00,False
122.539939,3.944496,64.098343,-0.027305,0.184961,0.982366,50.00,False
122.539939,3.661129,66.688191,-0.027305,0.184961,0.982366,50.00,False
122.533086,3.659796,69.278094,-0.028676,0.184695,0.982377,50.00,False
122.533086,3.659796,71.867942,-0.028676,0.184695,0.982377,50.00,False
126.523698,2.382415,71.890503,-0.030553,0.158478,0.986890,200.00,True
126.523698,2.382415,71.890503,-0.030553,0.158478,0.986890,50.00,False
126.523698,2.382415,69.300655,-0.030553,0.158478,0.986890,50.00,False
126.523698,2.382415,66.710807,-0.030553,0.158478,0.986890,50.00,False
126.496750,2.514890,64.096942,-0.035943,0.184973,0.982086,50.00,False
126.495809,2.587943,61.492736,-0.036131,0.199583,0.979214,50.00,False
126.536178,2.678802,58.884816,-0.028057,0.217755,0.975600,50.00,False
126.564379,4.193284,56.275992,-0.022417,0.234719,0.971805,50.00,False
126.598569,4.275317,53.666267,-0.015579,0.251126,0.967829,50.00,False
126.628685,4.350471,51.056686,-0.009556,0.266156,0.963882,50.00,False
126.628685,4.350471,48.466838,-0.009556,0.266156,0.963882,50.00,False
126.670307,4.932968,45.811454,-0.001231,0.309879,0.950775,50.00,False
126.520785,5.847448,43.007791,-0.031136,0.417785,0.908012,50.00,False
126.636013,7.494887,40.091253,-0.008090,0.538363,0.842674,50.00,False
126.707330,9.061000,37.280868,0.006173,0.601875,0.798567,50.00,False
126.756915,9.408323,34.535910,0.016090,0.640794,0.767544,50.00,False
126.383081,12.049615,31.188145,-0.058676,0.785588,0.615961,50.00,False
126.418086,14.318039,27.812351,-0.051676,0.887050,0.458772,50.00,False
126.873075,16.950987,24.315978,0.039322,0.959930,0.277467,50.00,False
126.800141,18.467943,21.454739,0.024735,0.974461,0.223189,50.00,False
126.674785,19.470873,18.765548,-0.000336,0.979112,0.203320,50.00,False
126.675308,19.751830,16.112495,-0.000231,0.981652,0.190679,50.00,False
126.671751,20.413300,13.494936,-0.000942,0.982712,0.185136,50.00,False
126.811299,20.461291,10.583406,0.026967,0.992311,0.120800,50.00,False
126.617037,20.496172,7.568768,-0.011885,0.999287,0.035842,50.00,False
126.614019,20.502209,4.790097,-0.012489,0.999920,-0.001923,50.00,False
126.614071,20.505603,2.206281,-0.012479,0.999922,-0.000716,50.00,False
126.640823,20.503511,-0.533425,-0.007128,0.999504,-0.030688,50.00,False
126.610877,20.491200,-3.193460,-0.013117,0.998913,-0.044726,50.00,False
126.605868,20.486505,-5.869856,-0.014119,0.997974,-0.062035,50.00,False
126.581931,20.376180,-8.567822,-0.018907,0.996315,-0.083659,50.00,False
126.610754,20.039517,-11.266670,-0.013142,0.994337,-0.105459,50.00,False
126.617237,19.693432,-14.242210,-0.011845,0.983116,-0.182598,50.00,False
126.692136,16.957918,-17.185115,0.003134,0.967407,-0.253209,50.00,False
126.565478,10.387485,-20.876412,-0.022197,0.880515,-0.473499,50.00,False
126.845914,9.380471,-24.765025,0.033890,0.679112,-0.733252,50.00,False
126.605033,8.733544,-27.864725,-0.014286,0.549727,-0.835222,50.00,False
126.680041,8.046284,-30.833757,0.000715,0.412275,-0.911059,50.00,False
126.508642,5.792255,-33.593283,-0.033564,0.325358,-0.944995,50.00,False
126.508642,6.318020,-36.183131,-0.033564,0.325358,-0.944995,50.00,False
126.416308,6.035847,-38.856779,-0.052031,0.268923,-0.961755,50.00,False
126.490714,5.723796,-41.526542,-0.037150,0.206513,-0.977738,50.00,False
126.383488,5.303412,-44.181424,-0.058595,0.122436,-0.990745,50.00,False
126.383488,5.303412,-46.771272,-0.058595,0.122436,-0.990745,50.00,False
126.383488,5.303412,-49.361119,-0.058595,0.122436,-0.990745,50.00,False
126.404660,5.097723,-51.973272,-0.054361,0.081298,-0.995206,50.00,False
126.404660,5.097723,-54.563120,-0.054361,0.081298,-0.995206,50.00,False
126.404660,5.097723,-57.152968,-0.054361,0.081298,-0.995206,50.00,False
126.404660,5.097723,-59.742815,-0.054361,0.081298,-0.995206,50.00,False
126.404660,5.097723,-62.332663,-0.054361,0.081298,-0.995206,50.00,False
126.404660,5.097723,-64.922511,-0.054361,0.081298,-0.995206,50.00,False
126.443804,5.056447,-67.517540,-0.046532,0.073043,-0.996243,50.00,False
126.443804,5.056447,-70.107388,-0.046532,0.073043,-0.996243,50.00,False
126.443804,5.056447,-72.697236,-0.046532,0.073043,-0.996243,50.00,False
126.443804,5.056447,-75.287083,-0.046532,0.073043,-0.996243,50.00,False
126.443804,5.056447,-77.876931,-0.046532,0.073043,-0.996243,50.00,False
126.494562,5.206536,-80.455613,-0.036380,0.103061,-0.994010,50.00,False
126.494562,5.206536,-83.045460,-0.036380,0.103061,-0.994010,50.00,False
126.494562,5.206536,-85.635308,-0.036380,0.103061,-0.994010,50.00,False
126.501431,4.909191,-88.247288,-0.035007,0.043592,-0.998436,50.00,False
126.501431,4.909191,-90.837135,-0.035007,0.043592,-0.998436,50.00,False
130.529384,4.952073,-90.835980,-0.029416,0.052169,-0.998205,200.00,True
130.529384,4.952073,-90.835980,-0.029416,0.052169,-0.998205,50.00,False
130.529384,4.952073,-88.246133,-0.029416,0.052169,-0.998205,50.00,False
130.529384,4.952073,-85.656285,-0.029416,0.052169,-0.998205,50.00,False
130.529384,4.952073,-83.066438,-0.029416,0.052169,-0.998205,50.00,False
130.529384,4.952073,-80.476590,-0.029416,0.052169,-0.998205,50.00,False
130.573076,5.179437,-77.870752,-0.020677,0.097641,-0.995007,50.00,False
130.573076,5.179437,-75.280904,-0.020677,0.097641,-0.995007,50.00,False
130.573076,5.179437,-72.691056,-0.020677,0.097641,-0.995007,50.00,False
130.560106,5.345391,-70.081832,-0.023272,0.130832,-0.991131,50.00,False
130.560106,5.345391,-67.491984,-0.023272,0.130832,-0.991131,50.00,False
130.712073,5.425598,-64.892128,0.007122,0.146873,-0.989130,50.00,False
130.712073,5.425598,-62.302280,0.007122,0.146873,-0.989130,50.00,False
130.712073,5.425598,-59.712432,0.007122,0.146873,-0.989130,50.00,False
130.712073,5.425598,-57.122585,0.007122,0.146873,-0.989130,50.00,False
130.712073,5.425598,-54.532737,0.007122,0.146873,-0.989130,50.00,False
130.712073,5.425598,-51.942890,0.007122,0.146873,-0.989130,50.00,False
130.712073,5.425598,-49.353042,0.007122,0.146873,-0.989130,50.00,False
130.712073,5.425598,-46.763194,0.007122,0.146873,-0.989130,50.00,False
130.698055,5.710831,-44.122588,0.004318,0.203920,-0.978978,50.00,False
130.790049,5.702230,-41.533255,0.022717,0.202200,-0.979081,50.00,False
130.697133,5.941310,-38.889168,0.004134,0.250016,-0.968233,50.00,False
130.604841,7.717286,-36.147905,-0.014325,0.346475,-0.937950,50.00,False
130.565960,7.976827,-33.453072,-0.022101,0.398383,-0.916953,50.00,False
130.564348,8.288160,-30.714954,-0.022423,0.460650,-0.887299,50.00,False
130.860202,8.733864,-27.861082,0.036748,0.549791,-0.834494,50.00,False
130.685118,9.340330,-24.805663,0.001731,0.671084,-0.741380,50.00,False
130.790741,10.482253,-20.690856,0.022855,0.899468,-0.436388,50.00,False
130.533792,17.440027,-17.110117,-0.028534,0.970795,-0.238209,50.00,False
130.608930,19.606171,-14.186205,-0.013507,0.985110,-0.171397,50.00,False
130.598533,20.143321,-11.289663,-0.015586,0.993803,-0.110058,50.00,False
130.593381,20.193542,-8.612910,-0.016616,0.995558,-0.092677,50.00,False
130.585608,20.557967,-5.811562,-0.018171,0.998565,-0.050377,50.00,False
130.616953,20.589046,-3.169670,-0.011902,0.999130,-0.039968,50.00,False
130.625954,20.590973,-0.527196,-0.010102,0.999515,-0.029442,50.00,False
130.583251,20.503805,2.095006,-0.018643,0.999562,-0.022972,50.00,False
130.611141,20.565621,4.782788,-0.013064,0.999909,-0.003385,50.00,False
130.622273,20.579194,7.508701,-0.010838,0.999657,0.023829,50.00,False
130.533388,20.552763,10.589399,-0.028615,0.992118,0.121998,50.00,False
130.575777,20.523780,13.387256,-0.020137,0.986321,0.163600,50.00,False
130.663547,19.624663,16.106710,-0.002583,0.981873,0.189522,50.00,False
130.689922,19.260852,18.818492,0.002692,0.976850,0.213908,50.00,False
130.732754,18.030102,21.498235,0.011258,0.972677,0.231888,50.00,False
130.859147,16.811550,24.503517,0.036537,0.948397,0.314974,50.00,False
130.739503,14.641770,27.829048,0.012608,0.886732,0.462111,50.00,False
130.611446,11.799536,31.277143,-0.013004,0.773420,0.633761,50.00,False
130.684201,9.436228,34.513279,0.001547,0.646375,0.763018,50.00,False
130.715388,8.237296,37.310517,0.007785,0.593907,0.804496,50.00,False
130.531365,7.124043,40.304171,-0.029020,0.464195,0.885258,50.00,False
130.635091,5.732226,43.061506,-0.008275,0.394741,0.918755,50.00,False
130.679070,5.526266,45.734657,0.000521,0.353549,0.935416,50.00,False
130.497227,5.157018,48.372652,-0.035847,0.324968,0.945045,50.00,False
130.613331,4.733327,51.051230,-0.012626,0.269951,0.962791,50.00,False
130.604609,4.268051,53.640658,-0.014371,0.270163,0.962707,50.00,False
130.563393,4.176015,56.245176,-0.022614,0.258892,0.965642,50.00,False
130.548434,3.444998,58.867579,-0.025606,0.232945,0.972153,50.00,False
130.554194,3.376328,61.473518,-0.024454,0.219211,0.975371,50.00,False
130.554194,3.376328,64.063366,-0.024454,0.219211,0.975371,50.00,False
130.491988,2.395560,66.707594,-0.036895,0.161107,0.986247,50.00,False
130.491988,2.395560,69.297442,-0.036895,0.161107,0.986247,50.00,False
130.491988,2.395560,71.887290,-0.036895,0.161107,0.986247,50.00,False
134.472380,0.984415,71.901634,-0.040817,0.141364,0.989116,200.00,True
134.472380,0.984415,71.901634,-0.040817,0.141364,0.989116,50.00,False
134.472380,0.984415,69.311786,-0.040817,0.141364,0.989116,50.00,False
134.487694,0.975143,66.723863,-0.037754,0.139510,0.989501,50.00,False
134.527837,3.254897,64.088349,-0.029725,0.194925,0.980368,50.00,False
134.517501,3.325855,61.483532,-0.031792,0.209117,0.977374,50.00,False
134.517501,3.325855,58.893685,-0.031792,0.209117,0.977374,50.00,False
134.517501,3.325855,56.303837,-0.031792,0.209117,0.977374,50.00,False
134.484431,4.164016,53.665371,-0.038407,0.249356,0.967650,50.00,False
134.456441,4.251860,51.050834,-0.044005,0.266925,0.962712,50.00,False
134.520493,5.119873,48.386085,-0.031194,0.317539,0.947732,50.00,False
134.520800,5.273187,45.742090,-0.031133,0.348202,0.936902,50.00,False
134.506929,5.665750,43.086576,-0.033907,0.381446,0.923769,50.00,False
134.917874,7.765385,40.202650,0.048282,0.499524,0.864953,50.00,False
134.873858,8.115626,37.392997,0.039479,0.569572,0.820992,50.00,False
134.711715,11.183149,34.332455,0.007050,0.686756,0.726853,50.00,False
134.653227,12.130544,31.058246,-0.004647,0.807404,0.589981,50.00,False
134.750211,15.168134,27.711996,0.014749,0.898512,0.438701,50.00,False
134.858934,16.712492,24.550866,0.036494,0.945201,0.324444,50.00,False
134.772980,18.279340,21.601952,0.019303,0.967370,0.252631,50.00,False
134.650520,19.231939,18.942698,-0.005189,0.971067,0.238750,50.00,False
134.603398,19.607798,16.187740,-0.014613,0.978500,0.205728,50.00,False
134.571129,20.500320,13.517413,-0.021067,0.981629,0.189632,50.00,False
134.509960,20.558345,10.535668,-0.033301,0.993234,0.111252,50.00,False
134.619906,20.590336,7.512758,-0.011312,0.999632,0.024640,50.00,False
134.601941,20.600453,4.782480,-0.014905,0.999883,-0.003446,50.00,False
134.608301,20.613867,2.158472,-0.013633,0.999854,-0.010278,50.00,False
134.563787,20.610002,-0.562267,-0.022535,0.999081,-0.036457,50.00,False
134.566376,20.608044,-3.200837,-0.022018,0.998689,-0.046201,50.00,False
134.574084,20.586557,-5.800213,-0.020476,0.998632,-0.048107,50.00,False
134.479580,20.318087,-8.553330,-0.039377,0.995955,-0.080761,50.00,False
134.475632,20.170678,-11.265982,-0.040166,0.993627,-0.105322,50.00,False
134.535035,20.019103,-14.109207,-0.028286,0.987352,-0.155997,50.00,False
134.537147,18.568670,-17.007248,-0.027863,0.975632,-0.217636,50.00,False
134.455356,13.017944,-20.016090,-0.044222,0.952461,-0.301434,50.00,False
135.047924,12.368228,-23.918097,0.074292,0.822518,-0.563866,50.00,False
134.428097,9.953456,-27.493291,-0.049673,0.646923,-0.760936,50.00,False
134.373387,9.146325,-30.639132,-0.060615,0.485497,-0.872134,50.00,False
134.521521,8.600370,-33.498193,-0.030989,0.376306,-0.925977,50.00,False
134.541413,7.607217,-36.155756,-0.027010,0.341427,-0.939520,50.00,False
134.606730,7.260723,-38.858803,-0.013947,0.272128,-0.962160,50.00,False
134.606730,7.260723,-41.448650,-0.013947,0.272128,-0.962160,50.00,False
134.629665,7.244702,-44.043278,-0.009360,0.268924,-0.963116,50.00,False
134.629665,7.244702,-46.633126,-0.009360,0.268924,-0.963116,50.00,False
134.515954,7.086070,-49.262048,-0.032102,0.237198,-0.970931,50.00,False
134.484365,7.032220,-51.863591,-0.038420,0.226428,-0.973270,50.00,False
134.543445,6.522917,-54.505236,-0.026604,0.178228,-0.983629,50.00,False
134.541949,5.520005,-57.105936,-0.026903,0.165755,-0.985800,50.00,False
134.478280,5.432741,-59.707521,-0.039637,0.148302,-0.988147,50.00,False
134.482975,4.979269,-62.317394,-0.038698,0.118895,-0.992152,50.00,False
134.482975,4.979269,-64.907241,-0.038698,0.118895,-0.992152,50.00,False
134.482975,4.979269,-67.497089,-0.038698,0.118895,-0.992152,50.00,False
134.521201,4.844067,-70.102615,-0.031052,0.091855,-0.995288,50.00,False
134.535909,3.711534,-72.706398,-0.028111,0.055278,-0.998075,50.00,False
134.524332,3.535948,-75.302538,-0.030426,0.020160,-0.999334,50.00,False
134.524332,3.535948,-77.892386,-0.030426,0.020160,-0.999334,50.00,False
134.540559,3.437027,-80.483717,-0.027181,0.000376,-0.999630,50.00,False
134.540559,3.437027,-83.073565,-0.027181,0.000376,-0.999630,50.00,False
134.521614,3.437276,-85.662861,-0.030970,0.000426,-0.999520,50.00,False
134.826682,3.676050,-78.263175,0.030044,0.048181,0.998387,50.00,False
134.821636,3.684192,-80.853272,0.029034,0.049809,0.998337,50.00,False
138.466127,4.737358,-90.828073,-0.042067,0.070513,-0.996623,200.00,True
138.466127,4.737358,-90.828073,-0.042067,0.070513,-0.996623,50.00,False
138.466127,4.737358,-88.238225,-0.042067,0.070513,-0.996623,50.00,False
138.466127,4.737358,-85.648377,-0.042067,0.070513,-0.996623,50.00,False
138.466127,4.737358,-83.058530,-0.042067,0.070513,-0.996623,50.00,False
138.466127,4.737358,-80.468682,-0.042067,0.070513,-0.996623,50.00,False
138.466127,4.737358,-77.878835,-0.042067,0.070513,-0.996623,50.00,False
138.466127,4.737358,-75.288987,-0.042067,0.070513,-0.996623,50.00,False
138.489152,5.427945,-72.690213,-0.037462,0.094305,-0.994838,50.00,False
138.489152,5.427945,-70.100366,-0.037462,0.094305,-0.994838,50.00,False
138.489152,5.427945,-67.510518,-0.037462,0.094305,-0.994838,50.00,False
138.431984,5.499417,-64.910891,-0.048896,0.108599,-0.992882,50.00,False
138.433301,5.639180,-62.303824,-0.048632,0.136552,-0.989438,50.00,False
138.363374,5.761384,-59.691620,-0.062618,0.160993,-0.984967,50.00,False
138.363374,5.761384,-57.101772,-0.062618,0.160993,-0.984967,50.00,False
138.423054,6.009015,-54.468464,-0.050682,0.210519,-0.976275,50.00,False
138.384160,6.121241,-51.850874,-0.058461,0.232964,-0.970727,50.00,False
138.384160,6.796598,-49.261026,-0.058461,0.232964,-0.970727,50.00,False
138.406919,6.853330,-46.658533,-0.053909,0.244311,-0.968197,50.00,False
138.389465,7.040021,-44.016694,-0.057400,0.281649,-0.957799,50.00,False
138.388633,7.330806,-41.420129,-0.057566,0.286145,-0.956456,50.00,False
138.388633,7.330806,-38.830281,-0.057566,0.286145,-0.956456,50.00,False
138.451848,8.318640,-36.124883,-0.044923,0.356158,-0.933345,50.00,False
138.596991,8.801214,-33.413349,-0.015894,0.416475,-0.909008,50.00,False
138.782424,9.466046,-30.522227,0.021192,0.528364,-0.848753,50.00,False
139.178071,10.137698,-27.399313,0.100322,0.662694,-0.742140,50.00,False
138.541030,11.885292,-24.093795,-0.027087,0.800286,-0.599006,50.00,False
138.475187,12.451586,-20.532620,-0.040255,0.913545,-0.404740,50.00,False
138.600679,18.579506,-16.930686,-0.015157,0.979202,-0.202323,50.00,False
138.578093,20.021602,-14.099953,-0.019674,0.987852,-0.154146,50.00,False
138.524691,20.212006,-11.255092,-0.030354,0.994203,-0.103144,50.00,False
138.599444,20.327525,-8.468594,-0.015404,0.997843,-0.063813,50.00,False
138.586398,20.586740,-5.801350,-0.018013,0.998669,-0.048334,50.00,False
138.604554,20.609721,-3.178535,-0.014382,0.999025,-0.041741,50.00,False
138.585594,20.622628,-0.569232,-0.018174,0.999118,-0.037850,50.00,False
138.621331,20.689790,2.126364,-0.011027,0.999800,-0.016700,50.00,False
138.619958,20.696735,4.797712,-0.011301,0.999936,-0.000400,50.00,False
138.606430,20.710485,7.392552,-0.014007,0.999902,0.000599,50.00,False
138.587398,20.669074,10.619202,-0.017813,0.991619,0.127959,50.00,False
138.571841,20.486768,13.585131,-0.020925,0.978919,0.203175,50.00,False
138.621616,19.358740,16.259791,-0.010970,0.975407,0.220138,50.00,False
138.605703,18.899951,19.007715,-0.014152,0.967688,0.251753,50.00,False
138.632233,18.244024,21.732822,-0.008846,0.960307,0.278805,50.00,False
138.728716,16.685387,24.636751,0.010450,0.939780,0.341621,50.00,False
138.623374,14.686357,27.778237,-0.010618,0.891981,0.451949,50.00,False
138.700466,12.157250,30.859289,0.004800,0.835026,0.550190,50.00,False
138.611547,11.399153,34.115036,-0.012983,0.729957,0.683370,50.00,False
138.696291,8.093047,37.413248,0.003966,0.565057,0.825043,50.00,False
138.635931,6.037418,40.204790,-0.008106,0.501048,0.865382,50.00,False
138.555349,5.002080,43.010721,-0.024223,0.416968,0.908598,50.00,False
138.537476,3.646148,45.865391,-0.027798,0.273175,0.961563,50.00,False
138.468760,3.458685,48.502135,-0.041541,0.235683,0.970942,50.00,False
138.522468,2.243612,51.132394,-0.030799,0.201403,0.979024,50.00,False
138.522468,2.243612,53.722242,-0.030799,0.201403,0.979024,50.00,False
138.531321,2.222060,56.316744,-0.029029,0.197092,0.979955,50.00,False
138.531321,2.222060,58.906591,-0.029029,0.197092,0.979955,50.00,False
138.525527,2.199745,61.500699,-0.030187,0.192629,0.980807,50.00,False
138.525527,2.199745,64.090547,-0.030187,0.192629,0.980807,50.00,False
138.525527,2.199745,66.680395,-0.030187,0.192629,0.980807,50.00,False
138.525527,2.199745,69.270242,-0.030187,0.192629,0.980807,50.00,False
138.525527,2.199745,71.860090,-0.030187,0.192629,0.980807,50.00,False
142.537181,2.251621,71.854130,-0.027856,0.198943,0.979615,200.00,True
142.537181,2.251621,71.854130,-0.027856,0.198943,0.979615,50.00,False
142.537181,2.251621,69.264282,-0.027856,0.198943,0.979615,50.00,False
142.537181,2.251621,66.674435,-0.027856,0.198943,0.979615,50.00,False
142.537181,2.251621,64.084587,-0.027856,0.198943,0.979615,50.00,False
142.537181,2.251621,61.494739,-0.027856,0.198943,0.979615,50.00,False
142.537181,2.251621,58.904892,-0.027856,0.198943,0.979615,50.00,False
142.537181,2.251621,56.315044,-0.027856,0.198943,0.979615,50.00,False
142.551339,2.447042,53.681801,-0.025025,0.238027,0.970936,50.00,False
142.696210,5.121410,50.975379,0.003949,0.319372,0.947621,50.00,False
142.604436,5.396715,48.283135,-0.014405,0.374433,0.927142,50.00,False
142.489688,5.687936,45.561451,-0.037355,0.432678,0.900775,50.00,False
142.411146,6.194597,42.686788,-0.053063,0.534010,0.843812,50.00,False
142.401473,6.216119,40.082621,-0.054998,0.538314,0.840948,50.00,False
142.580668,9.781470,37.220305,-0.019159,0.617352,0.786454,50.00,False
142.630184,11.181332,34.540440,-0.009256,0.639842,0.768451,50.00,False
142.818893,13.495731,31.115752,0.028486,0.798378,0.601482,50.00,False
142.834325,14.653491,27.557757,0.031572,0.912502,0.407853,50.00,False
142.699237,17.093210,24.577647,0.004555,0.944040,0.329801,50.00,False
142.708433,18.206916,21.749865,0.006394,0.959330,0.282214,50.00,False
142.681353,19.251765,18.997982,0.000978,0.968295,0.249806,50.00,False
142.632085,19.333540,16.366465,-0.008876,0.970367,0.241473,50.00,False
142.702789,20.634195,13.537314,0.005265,0.981064,0.193612,50.00,False
142.693081,20.712708,10.497551,0.003323,0.994610,0.103629,50.00,False
142.674817,20.739234,7.598873,-0.000329,0.999123,0.041863,50.00,False
142.602744,20.743065,4.790036,-0.014744,0.999889,-0.001935,50.00,False
142.631442,20.742346,2.106455,-0.009004,0.999746,-0.020682,50.00,False
142.622146,20.709323,-0.527395,-0.010863,0.999506,-0.029482,50.00,False
142.605325,20.684174,-3.167315,-0.014228,0.999118,-0.039497,50.00,False
142.585965,20.608086,-5.798151,-0.018100,0.998698,-0.047694,50.00,False
142.589515,20.494696,-8.550777,-0.017390,0.996623,-0.080250,50.00,False
142.596738,20.331106,-11.304338,-0.015945,0.993468,-0.112993,50.00,False
142.556220,20.132074,-14.133594,-0.024049,0.986682,-0.160874,50.00,False
142.556577,18.769558,-16.887637,-0.023977,0.980765,-0.193713,50.00,False
142.663548,11.539570,-20.171855,-0.002583,0.943069,-0.332588,50.00,False
142.224259,10.738651,-24.176555,-0.090441,0.782885,-0.615558,50.00,False
142.257553,10.002689,-27.525523,-0.083782,0.635693,-0.767382,50.00,False
142.567317,7.077034,-30.805168,-0.021829,0.424123,-0.905342,50.00,False
142.409457,6.394418,-33.649612,-0.053401,0.287600,-0.956261,50.00,False
142.350712,6.180610,-36.295019,-0.065150,0.244838,-0.967373,50.00,False
142.318371,6.076852,-38.907674,-0.071619,0.224086,-0.971934,50.00,False
142.318371,6.076852,-41.497522,-0.071619,0.224086,-0.971934,50.00,False
142.318371,6.076852,-44.087369,-0.071619,0.224086,-0.971934,50.00,False
142.318371,6.076852,-46.677217,-0.071619,0.224086,-0.971934,50.00,False
142.318371,6.076852,-49.267065,-0.071619,0.224086,-0.971934,50.00,False
142.277706,5.964394,-51.878325,-0.079752,0.201595,-0.976217,50.00,False
142.355670,5.783800,-54.507712,-0.064159,0.165476,-0.984125,50.00,False
142.417663,5.697551,-57.114927,-0.051760,0.148226,-0.987598,50.00,False
142.417663,5.697551,-59.704774,-0.051760,0.148226,-0.987598,50.00,False
142.525452,5.479999,-62.326849,-0.030202,0.104716,-0.994043,50.00,False
142.525452,5.479999,-64.916697,-0.030202,0.104716,-0.994043,50.00,False
142.525452,5.479999,-67.506544,-0.030202,0.104716,-0.994043,50.00,False
142.525452,5.479999,-70.096392,-0.030202,0.104716,-0.994043,50.00,False
142.525452,5.479999,-72.686240,-0.030202,0.104716,-0.994043,50.00,False
142.525452,5.479999,-75.276087,-0.030202,0.104716,-0.994043,50.00,False
142.525452,5.180897,-77.865935,-0.030202,0.104716,-0.994043,50.00,False
142.525452,5.180897,-80.455782,-0.030202,0.104716,-0.994043,50.00,False
142.525452,5.180897,-83.045630,-0.030202,0.104716,-0.994043,50.00,False
142.525452,5.180897,-85.635478,-0.030202,0.104716,-0.994043,50.00,False
142.525452,5.180897,-88.225325,-0.030202,0.104716,-0.994043,50.00,False
142.525452,5.180897,-90.815173,-0.030202,0.104716,-0.994043,50.00,False
146.513336,5.706558,-90.785672,-0.032626,0.150028,-0.988143,200.00,True
146.513336,5.706558,-90.785672,-0.032626,0.150028,-0.988143,50.00,False
146.609197,5.325838,-88.240989,-0.013453,0.073883,-0.997176,50.00,False
146.609197,5.325838,-85.651141,-0.013453,0.073883,-0.997176,50.00,False
146.609197,5.325838,-83.061293,-0.013453,0.073883,-0.997176,50.00,False
146.609197,5.325838,-80.471446,-0.013453,0.073883,-0.997176,50.00,False
146.609197,5.325838,-77.881598,-0.013453,0.073883,-0.997176,50.00,False
146.609197,5.325838,-75.291751,-0.013453,0.073883,-0.997176,50.00,False
146.609197,5.325838,-72.701903,-0.013453,0.073883,-0.997176,50.00,False
146.609197,5.325838,-70.112055,-0.013453,0.073883,-0.997176,50.00,False
146.609197,5.325838,-67.522208,-0.013453,0.073883,-0.997176,50.00,False
146.609197,5.325838,-64.932360,-0.013453,0.073883,-0.997176,50.00,False
146.609197,5.325838,-62.342512,-0.013453,0.073883,-0.997176,50.00,False
146.749165,5.681498,-59.713397,0.014540,0.145016,-0.989323,50.00,False
146.630134,7.809949,-57.017565,-0.009266,0.250294,-0.968126,50.00,False
146.630134,7.809949,-54.427717,-0.009266,0.250294,-0.968126,50.00,False
146.630134,7.809949,-51.837870,-0.009266,0.250294,-0.968126,50.00,False
146.593878,7.845125,-49.238307,-0.016517,0.257329,-0.966183,50.00,False
146.593878,7.845125,-46.648460,-0.016517,0.257329,-0.966183,50.00,False
146.593878,7.845125,-44.058612,-0.016517,0.257329,-0.966183,50.00,False
146.642505,8.001883,-41.424858,-0.006792,0.288680,-0.957401,50.00,False
146.606042,8.409219,-38.692334,-0.014084,0.370147,-0.928866,50.00,False
146.606042,8.409219,-36.102487,-0.014084,0.370147,-0.928866,50.00,False
146.568140,8.451666,-33.494766,-0.021665,0.378637,-0.925292,50.00,False
146.598284,9.109105,-30.578252,-0.015636,0.510125,-0.859958,50.00,False
146.745773,9.509781,-27.724084,0.013862,0.590260,-0.807094,50.00,False
146.726940,10.352200,-24.355320,0.010095,0.758744,-0.651311,50.00,False
146.993029,10.957670,-20.864109,0.063313,0.879838,-0.471038,50.00,False
146.750403,18.977770,-16.948457,0.014788,0.978466,-0.205877,50.00,False
146.610987,20.235720,-14.197774,-0.013095,0.984710,-0.173710,50.00,False
146.604817,20.337312,-11.266261,-0.014329,0.994329,-0.105377,50.00,False
146.625744,20.630233,-8.491137,-0.010144,0.997612,-0.068322,50.00,False
146.591706,20.681020,-5.821182,-0.016952,0.998488,-0.052301,50.00,False
146.607345,20.708481,-3.138104,-0.013824,0.999338,-0.033655,50.00,False
146.613328,20.741712,-0.502746,-0.012627,0.999619,-0.024552,50.00,False
146.614998,20.742346,2.115308,-0.012293,0.999746,-0.018911,50.00,False
146.632314,20.743423,4.797978,-0.008830,0.999961,-0.000347,50.00,False
146.639505,20.730141,7.754547,-0.007392,0.997305,0.072998,50.00,False
146.709297,20.705346,10.563221,0.006567,0.993138,0.116763,50.00,False
146.847571,20.642525,13.478519,0.034221,0.982730,0.181853,50.00,False
146.710918,19.349215,16.301973,0.006891,0.973502,0.228574,50.00,False
146.674644,19.283472,19.142876,-0.000364,0.960353,0.278785,50.00,False
146.700585,18.124180,21.853258,0.004824,0.953013,0.302892,50.00,False
146.597181,16.814807,24.612012,-0.015857,0.941488,0.336673,50.00,False
146.934437,14.611694,27.639016,0.051595,0.904142,0.424105,50.00,False
147.350463,12.491572,31.152309,0.134800,0.781792,0.608794,50.00,False
147.264256,11.300241,34.127898,0.117559,0.718097,0.685942,50.00,False
146.615482,9.557714,37.291388,-0.012196,0.598981,0.800671,50.00,False
146.610979,8.654685,39.967982,-0.013097,0.575041,0.818020,50.00,False
146.611903,7.497308,42.700901,-0.012912,0.532019,0.846634,50.00,False
146.720474,5.613300,45.600174,0.008802,0.417750,0.908519,50.00,False
146.745158,5.301221,48.320617,0.013739,0.355335,0.934638,50.00,False
146.737873,5.076129,50.990044,0.012282,0.310316,0.950554,50.00,False
146.731312,4.884408,53.638334,0.010970,0.271972,0.962243,50.00,False
146.731312,4.282932,56.228182,0.010970,0.271972,0.962243,50.00,False
146.731312,4.282932,58.818029,0.010970,0.271972,0.962243,50.00,False
146.731312,4.282932,61.407877,0.010970,0.271972,0.962243,50.00,False
146.711886,3.999111,64.025377,0.007084,0.251724,0.967773,50.00,False
146.711886,3.999111,66.615224,0.007084,0.251724,0.967773,50.00,False
146.620582,2.385951,69.236744,-0.011176,0.225809,0.974108,50.00,False
146.620582,2.385951,71.826592,-0.011176,0.225809,0.974108,50.00,False
