X,Y,Z,Normal_X,Normal_Y,Normal_Z,Feed_Rate,Is_Rapid
-142.777455,9.877429,-90.771677,-0.219043,0.086627,-0.971862,50.00,False
-142.984094,10.074637,-88.108946,-0.260371,0.126068,-0.957243,50.00,False
-143.243123,11.281538,-85.352568,-0.312176,0.221282,-0.923894,50.00,False
-143.243123,10.550704,-82.762933,-0.312176,0.221282,-0.923894,50.00,False
-143.574548,10.494099,-80.061276,-0.378461,0.209960,-0.901490,50.00,False
-143.574548,10.494099,-77.471641,-0.378461,0.209960,-0.901490,50.00,False
-143.574548,10.494099,-74.882007,-0.378461,0.209960,-0.901490,50.00,False
-143.574548,10.494099,-72.292372,-0.378461,0.209960,-0.901490,50.00,False
-144.019567,9.569421,-69.501198,-0.467465,0.199606,-0.861182,50.00,False
-144.019567,11.322346,-66.911563,-0.467465,0.199606,-0.861182,50.00,False
-144.673489,11.509839,-63.843157,-0.598250,0.237104,-0.765427,50.00,False
-145.465867,8.874900,-60.680930,-0.756725,0.060701,-0.650909,50.00,False
-145.465867,10.627826,-58.091295,-0.756725,0.060701,-0.650909,50.00,False
-145.465867,10.627826,-55.501660,-0.756725,0.060701,-0.650909,50.00,False
-145.616118,11.399703,-52.550259,-0.786775,0.215077,-0.578556,50.00,False
-145.723606,11.254689,-49.861014,-0.808273,0.186074,-0.558633,50.00,False
-145.504537,12.389985,-46.952698,-0.764459,0.413133,-0.494897,50.00,False
-146.207504,11.371205,-43.721269,-0.905053,0.215707,-0.366538,50.00,False
-146.470562,10.951848,-40.578580,-0.957664,0.131836,-0.255927,50.00,False
-146.653608,10.685720,-37.071283,-0.994273,0.078610,-0.072395,50.00,False
-146.665011,8.977751,-34.202619,-0.996554,0.081272,-0.016589,50.00,False
-146.626650,9.724134,-31.080973,-0.988882,0.118518,0.089813,50.00,False
-146.243811,10.492690,-27.410907,-0.912314,0.272229,0.305899,50.00,False
-146.088468,10.375712,-24.341488,-0.881245,0.248834,0.401856,50.00,False
-146.191725,9.828091,-21.716783,-0.901897,0.139309,0.408870,50.00,False
-137.944592,10.702219,-19.588765,0.747530,0.583950,0.316547,50.00,False
-138.212344,9.391212,-16.345622,0.693979,0.564235,0.447249,50.00,False
-143.398843,8.447467,-20.443534,-0.343320,0.299278,-0.890260,50.00,False
-143.658858,8.173779,-17.706199,-0.395323,0.320748,-0.860721,50.00,False
-143.956122,8.781792,-14.872265,-0.454776,0.366143,-0.811861,50.00,False
-144.398064,8.693944,-12.042583,-0.543164,0.348574,-0.763851,50.00,False
-144.677899,8.907478,-8.834836,-0.599132,0.480779,-0.640229,50.00,False
-144.741748,9.969232,-4.948971,-0.611901,0.693130,-0.380983,50.00,False
-144.884689,9.891432,-1.470444,-0.640490,0.740595,-0.203204,50.00,False
-145.074619,9.806098,2.771170,-0.678475,0.723528,0.127192,50.00,False
-144.948815,8.586690,6.895160,-0.653315,0.620298,0.434063,50.00,False
-144.373205,8.578227,10.482694,-0.538193,0.555739,0.633643,50.00,False
-144.037803,6.882559,14.179438,-0.471112,0.216605,0.855065,50.00,False
-143.914310,7.291077,16.812484,-0.446414,0.233786,0.863747,50.00,False
-143.633947,7.164010,19.567285,-0.390341,0.208373,0.896780,50.00,False
-143.465453,6.877529,22.282743,-0.356642,0.151077,0.921945,50.00,False
-143.162956,6.719422,25.000875,-0.296143,0.119455,0.947644,50.00,False
-146.068879,5.381472,25.225032,-0.877328,0.071413,0.474549,50.00,False
-146.070359,7.425369,27.496001,-0.877624,0.246997,0.410816,50.00,False
-146.568560,7.175525,27.639914,-0.977264,0.197028,-0.078329,50.00,False
-146.530566,6.487673,30.509519,-0.969665,0.243415,-0.022335,50.00,False
-146.535328,6.455483,33.419621,-0.970617,0.236977,0.041759,50.00,False
-146.535177,6.718626,36.613767,-0.970587,0.177488,0.162661,50.00,False
-146.521846,6.909488,39.514922,-0.967921,0.111890,0.224965,50.00,False
-146.470058,6.374180,42.314636,-0.957563,0.108598,0.266981,50.00,False
-146.402577,6.770336,45.163660,-0.944067,0.084060,0.318859,50.00,False
-145.974176,6.692215,48.701087,-0.858387,0.068436,0.508417,50.00,False
-145.496754,6.673402,51.964987,-0.762903,0.064673,0.643270,50.00,False
-145.103959,7.064869,54.913303,-0.684343,0.142967,0.715007,50.00,False
-144.605584,7.184552,57.897494,-0.584669,0.166903,0.793918,50.00,False
-144.065779,7.002571,60.864140,-0.476708,0.130507,0.869320,50.00,False
-144.065779,7.002571,63.453775,-0.476708,0.130507,0.869320,50.00,False
-143.687256,6.994572,66.231617,-0.401003,0.128907,0.906962,50.00,False
-143.687256,6.994572,68.821251,-0.401003,0.128907,0.906962,50.00,False
-143.687256,6.994572,71.410886,-0.401003,0.128907,0.906962,50.00,False
-139.687256,6.994572,71.410886,-0.401003,0.128907,0.906962,200.00,True
-139.687256,6.994572,71.410886,-0.401003,0.128907,0.906962,50.00,False
-139.687256,6.994572,68.821251,-0.401003,0.128907,0.906962,50.00,False
-139.687256,6.994572,66.231617,-0.401003,0.128907,0.906962,50.00,False
-139.687256,6.994572,63.641982,-0.401003,0.128907,0.906962,50.00,False
-139.687256,6.994572,61.052347,-0.401003,0.128907,0.906962,50.00,False
-140.065779,7.002571,58.274505,-0.476708,0.130507,0.869320,50.00,False
-140.065779,7.002571,55.684871,-0.476708,0.130507,0.869320,50.00,False
-140.590724,7.218476,52.721863,-0.581696,0.173688,0.794646,50.00,False
-141.103959,7.064869,49.734033,-0.684343,0.142967,0.715007,50.00,False
-141.585337,7.249828,46.562059,-0.780619,0.179958,0.598539,50.00,False
-142.402577,6.251488,42.574026,-0.944067,0.084060,0.318859,50.00,False
-142.470058,6.374180,39.725002,-0.957563,0.108598,0.266981,50.00,False
-142.535177,6.718626,36.613767,-0.970587,0.177488,0.162661,50.00,False
-142.535328,6.455483,33.419621,-0.970617,0.236977,0.041759,50.00,False
-142.466950,6.713154,30.461238,-0.956942,0.288512,-0.031991,50.00,False
-142.568560,7.175525,27.639914,-0.977264,0.197028,-0.078329,50.00,False
-142.437092,7.456753,24.303461,-0.950970,0.209313,-0.227692,50.00,False
-142.068046,7.352119,24.953501,-0.877161,0.232347,0.420242,50.00,False
-139.620693,9.504330,21.345557,-0.387690,0.895985,0.216581,50.00,False
-138.616209,6.362792,22.552614,-0.186794,0.112652,0.975919,50.00,False
-138.803911,6.726774,19.918287,-0.224334,0.120926,0.966980,50.00,False
-138.886134,7.549433,17.132014,-0.240779,0.285457,0.927653,50.00,False
-138.990836,8.199169,14.259979,-0.261719,0.415405,0.871173,50.00,False
-139.244618,9.093280,10.736500,-0.312475,0.658749,0.684404,50.00,False
-139.405151,8.966958,7.271974,-0.344582,0.788511,0.509426,50.00,False
-142.385461,3.793568,3.269127,-0.940644,0.252504,0.226783,50.00,False
-141.457311,5.717186,-2.464617,-0.755014,0.517995,-0.402039,50.00,False
-139.239579,9.200981,-5.940703,-0.311468,0.753237,-0.579329,50.00,False
-139.341010,7.526850,-9.861197,-0.331754,0.418411,-0.845501,50.00,False
-139.075975,7.176986,-12.697953,-0.278747,0.348438,-0.894925,50.00,False
-138.830818,8.398559,-15.322649,-0.229715,0.365705,-0.901937,50.00,False
-138.449489,8.343943,-18.142982,-0.153450,0.278574,-0.948077,50.00,False
-138.340749,7.955280,-20.845884,-0.131701,0.200841,-0.970730,50.00,False
-136.517613,10.196654,-17.597819,0.232926,0.952372,0.196809,50.00,False
-133.001625,8.462294,-19.549875,0.936123,0.135965,0.324325,50.00,False
-141.784960,10.199758,-21.110359,-0.820544,0.213643,0.530155,50.00,False
-142.088468,10.375712,-24.341488,-0.881245,0.248834,0.401856,50.00,False
-142.088468,10.375712,-26.931123,-0.881245,0.248834,0.401856,50.00,False
-142.626650,9.047113,-31.080973,-0.988882,0.118518,0.089813,50.00,False
-142.665011,8.860880,-34.202619,-0.996554,0.081272,-0.016589,50.00,False
-142.628486,8.831220,-37.392792,-0.989249,0.051965,-0.136697,50.00,False
-142.378220,9.319591,-40.844252,-0.939196,0.149640,-0.309062,50.00,False
-141.885714,9.902979,-44.246054,-0.840694,0.266317,-0.471495,50.00,False
-141.723606,9.501763,-47.271380,-0.808273,0.186074,-0.558633,50.00,False
-141.616118,11.399703,-49.960625,-0.786775,0.215077,-0.578556,50.00,False
-141.211510,11.080905,-53.117516,-0.705854,0.151317,-0.692007,50.00,False
-141.465867,8.874900,-55.501660,-0.756725,0.060701,-0.650909,50.00,False
-140.336990,9.245857,-59.019741,-0.530950,0.134893,-0.836598,50.00,False
-140.019567,9.569421,-61.732294,-0.467465,0.199606,-0.861182,50.00,False
-139.574548,9.621195,-64.523468,-0.378461,0.209960,-0.901490,50.00,False
-139.574548,9.621195,-67.113103,-0.378461,0.209960,-0.901490,50.00,False
-139.574548,9.621195,-69.702737,-0.378461,0.209960,-0.901490,50.00,False
-139.574548,10.494099,-72.292372,-0.378461,0.209960,-0.901490,50.00,False
-139.243123,10.550704,-74.994030,-0.312176,0.221282,-0.923894,50.00,False
-139.243123,10.550704,-77.583664,-0.312176,0.221282,-0.923894,50.00,False
-138.984094,10.074637,-80.340042,-0.260371,0.126068,-0.957243,50.00,False
-138.777455,9.877429,-83.002773,-0.219043,0.086627,-0.971862,50.00,False
-138.777455,9.877429,-85.592408,-0.219043,0.086627,-0.971862,50.00,False
-138.777455,9.877429,-88.182043,-0.219043,0.086627,-0.971862,50.00,False
-138.407844,10.298485,-90.826460,-0.145121,0.114050,-0.982819,50.00,False
-134.392786,10.487216,-90.803080,-0.142109,0.151796,-0.978143,200.00,True
-134.392786,10.487216,-90.803080,-0.142109,0.151796,-0.978143,50.00,False
-134.392786,10.203275,-88.213445,-0.142109,0.151796,-0.978143,50.00,False
-134.407844,10.014544,-85.647191,-0.145121,0.114050,-0.982819,50.00,False
-134.407844,10.014544,-83.057556,-0.145121,0.114050,-0.982819,50.00,False
-134.407844,10.014544,-80.467922,-0.145121,0.114050,-0.982819,50.00,False
-134.407844,10.014544,-77.878287,-0.145121,0.114050,-0.982819,50.00,False
-134.801011,10.231531,-75.183781,-0.223754,0.157447,-0.961844,50.00,False
-134.973985,10.416275,-72.516378,-0.258349,0.194396,-0.946291,50.00,False
-134.973985,10.416275,-69.926743,-0.258349,0.194396,-0.946291,50.00,False
-135.243123,10.550704,-67.225126,-0.312176,0.221282,-0.923894,50.00,False
-135.243123,9.677800,-64.635491,-0.312176,0.221282,-0.923894,50.00,False
-135.574548,9.621195,-61.933834,-0.378461,0.209960,-0.901490,50.00,False
-135.574548,9.621195,-59.344199,-0.378461,0.209960,-0.901490,50.00,False
-136.019567,9.569421,-56.553025,-0.467465,0.199606,-0.861182,50.00,False
-136.259646,9.807259,-53.759874,-0.515481,0.247173,-0.820478,50.00,False
-137.040959,9.371812,-50.684246,-0.671744,0.160084,-0.723280,50.00,False
-137.468174,9.481143,-47.614941,-0.757187,0.181950,-0.627346,50.00,False
-137.434522,10.391770,-44.646586,-0.750456,0.364076,-0.551602,50.00,False
-137.850790,10.385974,-41.379927,-0.833710,0.362916,-0.416197,50.00,False
-138.454894,9.669572,-37.572695,-0.954531,0.243010,-0.172677,50.00,False
-138.514426,9.737657,-34.060086,-0.966437,0.256627,0.011917,50.00,False
-138.325055,9.940425,-30.418116,-0.928563,0.297181,0.222385,50.00,False
-138.088468,9.698690,-26.931123,-0.881245,0.248834,0.401856,50.00,False
-137.504813,10.725778,-23.549635,-0.764514,0.318847,0.560227,50.00,False
-137.117631,10.593046,-20.435161,-0.687078,0.292301,0.665195,50.00,False
-136.508035,10.495130,-17.278492,-0.565159,0.272717,0.778602,50.00,False
-135.878354,11.553766,-18.855435,-0.439223,0.896711,-0.054714,50.00,False
-134.249600,7.236179,-20.867364,-0.113472,0.190912,-0.975027,50.00,False
-134.249600,7.236179,-18.277729,-0.113472,0.190912,-0.975027,50.00,False
-134.426638,7.770539,-15.527725,-0.148879,0.297784,-0.942953,50.00,False
-134.371800,7.255768,-12.828604,-0.137912,0.364194,-0.921055,50.00,False
-134.015258,8.142258,-9.824009,-0.066603,0.541492,-0.838063,50.00,False
-133.572164,6.174307,-7.132638,0.022015,0.575201,-0.817716,50.00,False
-137.306352,4.741558,-2.958381,-0.724822,0.473118,-0.500792,50.00,False
-132.289016,4.678717,0.534556,0.278645,0.905468,-0.320131,50.00,False
-133.579386,7.361523,8.406669,0.020571,0.676272,0.736365,50.00,False
-134.351138,9.603683,10.935508,-0.133779,0.676483,0.724205,50.00,False
-134.349608,8.649038,14.223901,-0.133473,0.485554,0.863957,50.00,False
-134.198753,7.855243,17.190913,-0.103302,0.326795,0.939433,50.00,False
-134.483282,5.231892,20.014437,-0.160208,0.041497,0.986211,50.00,False
-133.287923,10.535586,17.745268,0.078864,0.996781,0.014450,50.00,False
-137.206057,8.686938,21.217288,-0.704763,0.683268,0.190927,50.00,False
-137.436977,8.356459,20.185081,-0.750947,0.389254,-0.533441,50.00,False
-138.013391,8.011381,23.524288,-0.866230,0.320239,-0.383527,50.00,False
-138.438880,7.562139,27.329650,-0.951328,0.274351,-0.140381,50.00,False
-138.466950,6.713154,30.461238,-0.956942,0.288512,-0.031991,50.00,False
-138.492812,6.622744,33.384337,-0.962114,0.270430,0.034702,50.00,False
-138.335830,7.378029,36.775857,-0.930718,0.309368,0.195079,50.00,False
-138.300180,6.921946,39.966448,-0.923588,0.218152,0.315270,50.00,False
-137.228324,7.957547,44.116800,-0.709217,0.321502,0.627414,50.00,False
-136.919792,7.492556,47.204322,-0.647510,0.228504,0.726991,50.00,False
-136.513934,7.483500,50.120916,-0.566338,0.226693,0.792383,50.00,False
-136.065779,7.002571,53.095236,-0.476708,0.130507,0.869320,50.00,False
-135.687256,6.994572,55.873078,-0.401003,0.128907,0.906962,50.00,False
-135.687256,6.994572,58.462713,-0.401003,0.128907,0.906962,50.00,False
-135.687256,6.994572,61.052347,-0.401003,0.128907,0.906962,50.00,False
-135.486398,7.150160,63.701171,-0.360831,0.160025,0.918800,50.00,False
-135.486398,6.631313,66.290806,-0.360831,0.160025,0.918800,50.00,False
-135.486398,6.631313,68.880440,-0.360831,0.160025,0.918800,50.00,False
-135.183159,6.529461,71.594091,-0.300184,0.139654,0.943603,50.00,False
-130.664531,6.204430,71.750866,-0.196458,0.104218,0.974958,200.00,True
-130.664531,6.204430,71.750866,-0.196458,0.104218,0.974958,50.00,False
-130.918685,6.287298,69.093358,-0.247289,0.120792,0.961383,50.00,False
-131.183159,6.381611,66.414822,-0.300184,0.139654,0.943603,50.00,False
-131.183159,6.381611,63.825188,-0.300184,0.139654,0.943603,50.00,False
-131.327453,6.771093,61.144617,-0.329042,0.187981,0.925416,50.00,False
-131.327453,6.771093,58.554982,-0.329042,0.187981,0.925416,50.00,False
-131.575084,6.650113,55.893103,-0.378569,0.163785,0.910967,50.00,False
-131.575084,7.168961,53.303468,-0.378569,0.163785,0.910967,50.00,False
-131.575084,7.168961,50.713833,-0.378569,0.163785,0.910967,50.00,False
-131.791929,7.792536,47.866854,-0.421938,0.288500,0.859498,50.00,False
-132.424240,8.443515,44.598955,-0.548400,0.418696,0.723845,50.00,False
-132.922296,8.480266,41.546702,-0.648011,0.426046,0.631321,50.00,False
-134.246652,7.484169,36.997879,-0.912882,0.330596,0.239484,50.00,False
-133.941436,7.799604,33.891545,-0.851839,0.505802,0.136144,50.00,False
-134.141701,7.530723,30.550122,-0.891892,0.452025,-0.014214,50.00,False
-133.308028,9.283931,26.520384,-0.725157,0.618709,-0.302235,50.00,False
-133.297983,9.046615,23.211303,-0.723148,0.527285,-0.446124,50.00,False
-132.891092,8.802251,19.705070,-0.641770,0.438100,-0.629444,50.00,False
-133.387457,9.903411,20.923220,-0.741043,0.658332,0.132113,50.00,False
-132.112324,9.888053,18.212083,-0.486017,0.867274,0.107813,50.00,False
-130.413915,6.430194,19.950917,-0.146335,0.175702,0.973506,50.00,False
-130.593537,6.889840,17.224381,-0.182259,0.267631,0.946126,50.00,False
-130.582975,7.786334,14.285327,-0.180147,0.446930,0.876242,50.00,False
-130.823120,8.045523,11.495289,-0.228176,0.498768,0.836162,50.00,False
-130.114222,8.110756,8.006093,-0.086396,0.749581,0.656250,50.00,False
-124.825603,1.829952,1.870192,0.971328,0.231761,-0.053004,50.00,False
-129.244458,4.866493,2.158872,0.087557,0.848034,0.522659,50.00,False
-131.137384,6.044682,-6.960684,-0.291028,0.549276,-0.783325,50.00,False
-131.690569,9.293324,-9.082787,-0.401666,0.602341,-0.689819,50.00,False
-131.067599,8.783229,-12.324880,-0.277072,0.500322,-0.820311,50.00,False
-130.859218,9.762977,-15.181664,-0.235395,0.425637,-0.873740,50.00,False
-130.859218,9.762977,-17.771298,-0.235395,0.425637,-0.873740,50.00,False
-132.983197,11.383912,-16.210841,-0.660191,0.749824,-0.043722,50.00,False
-133.374847,10.397475,-19.124074,-0.738521,0.665452,-0.108442,50.00,False
-131.754928,10.216460,-16.752572,-0.414537,0.216983,0.883786,50.00,False
-132.479515,10.819475,-19.976146,-0.559455,0.337586,0.756998,50.00,False
-132.697756,10.884687,-22.768430,-0.603103,0.350629,0.716468,50.00,False
-133.437540,9.521265,-26.134282,-0.751060,0.347759,0.561225,50.00,False
-134.135955,9.313391,-29.850540,-0.890743,0.306184,0.335900,50.00,False
-134.590138,8.310012,-34.406033,-0.981579,0.182269,-0.057272,50.00,False
-134.342916,8.532075,-38.121223,-0.932135,0.226681,-0.282383,50.00,False
-133.737359,8.722517,-41.907284,-0.811024,0.264770,-0.521668,50.00,False
-132.527845,11.410564,-44.862068,-0.569121,0.567834,-0.594698,50.00,False
-132.180929,10.784196,-48.201122,-0.499738,0.442561,-0.744582,50.00,False
-131.428095,10.021670,-51.523034,-0.349171,0.290055,-0.891037,50.00,False
-131.428095,10.021670,-54.112668,-0.349171,0.290055,-0.891037,50.00,False
-131.243123,9.677800,-56.866587,-0.312176,0.221282,-0.923894,50.00,False
-130.973985,9.543371,-59.568205,-0.258349,0.194396,-0.946291,50.00,False
-130.973985,9.543371,-62.157839,-0.258349,0.194396,-0.946291,50.00,False
-130.644514,10.550865,-64.796139,-0.192455,0.221314,-0.956024,50.00,False
-130.644514,10.550865,-67.385773,-0.192455,0.221314,-0.956024,50.00,False
-130.392786,10.203275,-70.086003,-0.142109,0.151796,-0.978143,50.00,False
-130.392786,10.203275,-72.675637,-0.142109,0.151796,-0.978143,50.00,False
-130.392786,10.203275,-75.265272,-0.142109,0.151796,-0.978143,50.00,False
-130.392786,10.487216,-77.854906,-0.142109,0.151796,-0.978143,50.00,False
-130.392786,10.487216,-80.444541,-0.142109,0.151796,-0.978143,50.00,False
-130.128061,10.132534,-83.107109,-0.089164,0.080859,-0.992729,50.00,False
-130.128061,10.132534,-85.696744,-0.089164,0.080859,-0.992729,50.00,False
-130.128061,10.132534,-88.286378,-0.089164,0.080859,-0.992729,50.00,False
-130.128061,10.132534,-90.876013,-0.089164,0.080859,-0.992729,50.00,False
-126.048838,10.086604,-90.857369,-0.073319,0.128462,-0.989000,200.00,True
-126.048838,10.086604,-90.857369,-0.073319,0.128462,-0.989000,50.00,False
-126.035310,10.163385,-88.258140,-0.070614,0.143818,-0.987082,50.00,False
-126.035310,10.163385,-85.668505,-0.070614,0.143818,-0.987082,50.00,False
-126.035310,10.163385,-83.078871,-0.070614,0.143818,-0.987082,50.00,False
-126.035310,10.163385,-80.489236,-0.070614,0.143818,-0.987082,50.00,False
-126.035310,10.163385,-77.899601,-0.070614,0.143818,-0.987082,50.00,False
-126.066013,10.377401,-75.271704,-0.076754,0.186621,-0.979429,50.00,False
-126.119568,10.105904,-72.721625,-0.087465,0.132321,-0.987340,50.00,False
-126.119568,10.105904,-70.131991,-0.087465,0.132321,-0.987340,50.00,False
-126.119568,10.105904,-67.542356,-0.087465,0.132321,-0.987340,50.00,False
-126.298594,10.560650,-64.850672,-0.123271,0.223271,-0.966930,50.00,False
-126.298594,10.560650,-62.261038,-0.123271,0.223271,-0.966930,50.00,False
-126.392786,8.256179,-59.727464,-0.142109,0.151796,-0.978143,50.00,False
-126.392786,8.256179,-57.137829,-0.142109,0.151796,-0.978143,50.00,False
-126.644514,8.603769,-54.437600,-0.192455,0.221314,-0.956024,50.00,False
-126.644514,8.603769,-51.847966,-0.192455,0.221314,-0.956024,50.00,False
-127.076033,8.969019,-49.048890,-0.278758,0.294364,-0.914135,50.00,False
-126.916976,9.818577,-46.141417,-0.246947,0.464275,-0.850568,50.00,False
-127.974343,9.192425,-43.131510,-0.458420,0.449787,-0.766513,50.00,False
-121.524624,5.772302,-34.092606,0.831523,0.186235,0.523340,50.00,False
-121.385147,6.706700,-34.313321,0.859419,0.509803,-0.038729,50.00,False
-121.643760,5.644503,-34.331136,0.807696,0.183796,-0.560219,50.00,False
-127.952261,5.522475,-24.526353,-0.454004,0.120526,0.882810,50.00,False
-127.440456,8.005436,-21.779597,-0.351643,0.201301,0.914235,50.00,False
-127.221144,7.996091,-19.094817,-0.307781,0.185176,0.933264,50.00,False
-126.920514,8.954649,-16.435187,-0.247655,0.203373,0.947263,50.00,False
-126.744290,11.955004,-18.686116,-0.212410,0.976958,-0.020850,50.00,False
-127.136796,11.063852,-16.112716,-0.290911,0.956447,-0.024097,50.00,False
-126.072718,6.816520,-18.358544,-0.078095,0.106980,-0.991189,50.00,False
-126.072718,6.816520,-15.768909,-0.078095,0.106980,-0.991189,50.00,False
-126.819886,8.433123,-12.591027,-0.227529,0.430301,-0.873540,50.00,False
-126.621066,9.456976,-9.322347,-0.187765,0.648458,-0.737731,50.00,False
-126.099185,3.886616,1.280816,-0.083389,0.494838,0.864975,50.00,False
-126.096745,0.111679,1.071222,-0.082901,0.948696,0.305129,50.00,False
-126.525040,0.807519,2.004598,-0.168560,0.985345,-0.026123,50.00,False
-127.497076,7.974467,7.742756,-0.362967,0.709890,0.603582,50.00,False
-126.395136,8.323257,11.351808,-0.142579,0.572425,0.807465,50.00,False
-126.484060,7.371681,14.491564,-0.160364,0.364000,0.917490,50.00,False
-126.166821,6.837255,17.301294,-0.096916,0.257114,0.961509,50.00,False
-126.193057,6.771478,19.905331,-0.102163,0.243959,0.964389,50.00,False
-126.426293,10.036596,17.902709,-0.148810,0.987798,0.045938,50.00,False
-127.365220,8.473902,15.938307,-0.336596,0.372430,-0.864869,50.00,False
-127.636292,9.107606,18.985456,-0.390810,0.499171,-0.773366,50.00,False
-128.473363,9.867151,22.870541,-0.558224,0.651080,-0.514276,50.00,False
-128.754758,10.051790,26.515517,-0.614503,0.728320,-0.303208,50.00,False
-129.170906,8.833585,30.254678,-0.697733,0.712598,-0.073303,50.00,False
-129.639304,7.366819,33.877096,-0.791413,0.596581,0.133254,50.00,False
-127.868029,9.768974,37.972139,-0.437157,0.787557,0.434335,50.00,False
-127.722115,9.340946,41.309089,-0.407975,0.701951,0.583799,50.00,False
-127.571599,7.621946,45.248632,-0.377872,0.358151,0.853780,50.00,False
-127.276527,7.130982,48.126644,-0.318857,0.259959,0.911456,50.00,False
-127.327453,6.623244,50.786078,-0.329042,0.187981,0.925416,50.00,False
-127.081698,6.596912,53.461055,-0.279891,0.182715,0.942484,50.00,False
-126.845206,6.475910,56.136117,-0.232593,0.158514,0.959570,50.00,False
-126.845206,6.475910,58.725752,-0.232593,0.158514,0.959570,50.00,False
-126.486567,6.205489,61.424719,-0.160865,0.104430,0.981436,50.00,False
-126.275358,5.930363,64.065720,-0.118623,0.049405,0.991709,50.00,False
-126.275358,5.930363,66.655355,-0.118623,0.049405,0.991709,50.00,False
-126.275358,5.930363,69.244990,-0.118623,0.049405,0.991709,50.00,False
-128.619379,7.786796,70.332765,-0.587427,0.420691,0.691338,50.00,False
-125.017843,6.375313,70.318642,-0.667120,0.284430,0.688513,200.00,True
-125.017843,6.375313,70.318642,-0.667120,0.284430,0.688513,50.00,False
-124.588454,8.263098,67.432673,-0.581243,0.515952,0.629246,50.00,False
-121.891070,6.129222,66.672507,-0.041766,0.089177,0.995140,50.00,False
-121.891070,6.129222,64.082872,-0.041766,0.089177,0.995140,50.00,False
-121.891070,6.129222,61.493237,-0.041766,0.089177,0.995140,50.00,False
-121.891070,6.129222,58.903603,-0.041766,0.089177,0.995140,50.00,False
-122.016611,6.100090,56.309639,-0.066874,0.083350,0.994274,50.00,False
-121.955506,6.428210,53.685283,-0.054653,0.148974,0.987330,50.00,False
-122.292686,6.590925,51.037898,-0.122089,0.181517,0.975780,50.00,False
-122.506614,6.892983,48.350283,-0.164875,0.241929,0.956183,50.00,False
-122.659485,7.702048,45.448490,-0.195449,0.403742,0.893752,50.00,False
-122.805065,9.212387,41.749424,-0.224565,0.705810,0.671866,50.00,False
-123.106114,9.739714,38.334071,-0.284775,0.813718,0.506722,50.00,False
-118.611872,1.300927,29.320103,0.614074,0.131924,-0.778145,50.00,False
-119.081894,4.114574,32.830730,0.520069,0.730921,0.441908,50.00,False
-122.628661,9.445310,25.750823,-0.189284,0.869541,-0.456147,50.00,False
-122.629720,9.303983,21.761019,-0.189496,0.649715,-0.736181,50.00,False
-122.874288,8.443429,18.624241,-0.238409,0.477604,-0.845610,50.00,False
-122.904646,7.326028,15.583845,-0.244481,0.254124,-0.935762,50.00,False
-122.627677,10.001319,17.917446,-0.189087,0.980743,0.048885,50.00,False
-122.098851,7.588750,19.942914,-0.083322,0.220128,0.971906,50.00,False
-122.161717,8.237849,17.152990,-0.095895,0.349948,0.931848,50.00,False
-121.847984,5.643167,14.783182,-0.033149,0.216077,0.975813,50.00,False
-121.738877,7.445732,11.399255,-0.011327,0.576590,0.816955,50.00,False
-122.104980,8.081161,8.252208,-0.084548,0.703676,0.705472,50.00,False
-122.738768,1.716180,1.920063,-0.211305,0.976472,-0.043030,50.00,False
-122.775561,2.881690,0.460962,-0.218664,0.958472,0.183077,50.00,False
-122.236007,6.689348,-7.524745,-0.110753,0.429734,-0.896137,50.00,False
-121.849249,6.814026,-10.397498,-0.033402,0.301879,-0.952761,50.00,False
-122.042075,6.633149,-13.160587,-0.071967,0.140569,-0.987452,50.00,False
-121.835989,6.553472,-15.799101,-0.030750,0.067757,-0.997228,50.00,False
-122.019783,9.084882,-18.316250,-0.067508,0.172287,-0.982731,50.00,False
-124.147899,10.276724,-16.163007,-0.493132,0.869284,-0.034155,50.00,False
-121.957530,12.921246,-18.880711,-0.055058,0.996693,-0.059769,50.00,False
-122.791625,8.984606,-16.409838,-0.221877,0.209365,0.952332,50.00,False
-122.949921,9.629325,-19.229946,-0.253536,0.338308,0.906238,50.00,False
-122.814476,6.333240,-21.530727,-0.226447,0.139317,0.964009,50.00,False
-120.802435,4.540614,-33.819651,0.175961,0.129444,-0.975849,50.00,False
-121.488653,6.355633,-35.815748,0.038718,0.513623,-0.857142,50.00,False
-120.346665,6.219198,-33.868545,0.267115,0.962355,0.050226,50.00,False
-120.434548,5.929648,-34.979350,0.249539,0.904445,0.345992,50.00,False
-122.036347,8.316372,-43.607735,-0.070821,0.502351,-0.861758,50.00,False
-122.132573,8.847942,-46.426102,-0.090066,0.410272,-0.907505,50.00,False
-122.095294,9.413476,-49.077916,-0.082611,0.383255,-0.919941,50.00,False
-122.006770,9.067965,-51.803602,-0.064906,0.314153,-0.947151,50.00,False
-122.006770,9.067965,-54.393237,-0.064906,0.314153,-0.947151,50.00,False
-122.029851,10.129110,-56.996974,-0.069522,0.304501,-0.949971,50.00,False
-121.901565,8.280806,-59.770092,-0.043865,0.156721,-0.986668,50.00,False
-121.848644,8.072755,-62.390360,-0.033281,0.115111,-0.992795,50.00,False
-121.845630,9.379211,-64.953265,-0.032678,0.154521,-0.987449,50.00,False
-121.845630,9.379211,-67.542899,-0.032678,0.154521,-0.987449,50.00,False
-121.845630,9.379211,-70.132534,-0.032678,0.154521,-0.987449,50.00,False
-121.845630,9.379211,-72.722169,-0.032678,0.154521,-0.987449,50.00,False
-121.845630,9.379211,-75.311803,-0.032678,0.154521,-0.987449,50.00,False
-121.845630,9.379211,-77.901438,-0.032678,0.154521,-0.987449,50.00,False
-121.982363,9.561413,-80.452631,-0.060024,0.190962,-0.979761,50.00,False
-121.893706,9.239541,-83.098730,-0.042293,0.126587,-0.991053,50.00,False
-121.893706,9.239541,-85.688365,-0.042293,0.126587,-0.991053,50.00,False
-121.823336,8.997534,-88.305429,-0.028219,0.078186,-0.996539,50.00,False
-121.823336,8.997534,-90.895063,-0.028219,0.078186,-0.996539,50.00,False
-117.677907,9.543663,-90.902038,0.000867,0.064236,-0.997934,200.00,True
-117.677907,9.543663,-90.902038,0.000867,0.064236,-0.997934,50.00,False
-117.677907,9.543663,-88.312403,0.000867,0.064236,-0.997934,50.00,False
-117.677907,9.543663,-85.722769,0.000867,0.064236,-0.997934,50.00,False
-117.748159,9.681525,-83.121909,-0.013184,0.091809,-0.995689,50.00,False
-117.748159,9.681525,-80.532275,-0.013184,0.091809,-0.995689,50.00,False
-117.781695,9.761630,-77.934045,-0.019891,0.107830,-0.993970,50.00,False
-117.781695,9.761630,-75.344411,-0.019891,0.107830,-0.993970,50.00,False
-117.781695,9.761630,-72.754776,-0.019891,0.107830,-0.993970,50.00,False
-117.781695,9.761630,-70.165141,-0.019891,0.107830,-0.993970,50.00,False
-117.781695,9.761630,-67.575507,-0.019891,0.107830,-0.993970,50.00,False
-117.737869,8.903452,-64.977639,-0.011125,0.123165,-0.992324,50.00,False
-117.737869,8.903452,-62.388005,-0.011125,0.123165,-0.992324,50.00,False
-117.723986,7.190353,-59.821046,-0.008349,0.078754,-0.996859,50.00,False
-117.723986,7.190353,-57.231412,-0.008349,0.078754,-0.996859,50.00,False
-117.723986,7.190353,-54.641777,-0.008349,0.078754,-0.996859,50.00,False
-117.723986,7.190353,-52.052143,-0.008349,0.078754,-0.996859,50.00,False
-117.720916,7.438077,-49.436739,-0.007735,0.128299,-0.991705,50.00,False
-117.639563,8.732531,-46.498381,0.008536,0.387189,-0.921961,50.00,False
-117.731502,5.352964,-44.272162,-0.009852,0.102892,-0.994644,50.00,False
-118.777201,5.935120,-32.314074,-0.218992,0.423461,0.879047,50.00,False
-117.860688,4.648440,-34.002243,-0.035689,0.999087,0.023486,50.00,False
-115.187454,5.467917,-35.524071,0.498957,0.336080,-0.798806,50.00,False
-118.613235,6.729476,-24.150938,-0.186199,0.218564,0.957893,50.00,False
-118.449644,6.439222,-21.475631,-0.153481,0.160513,0.975028,50.00,False
-118.577437,7.678383,-18.862425,-0.179039,0.089724,0.979742,50.00,False
-118.577437,8.386403,-16.272790,-0.179039,0.089724,0.979742,50.00,False
-118.464590,8.319595,-13.658234,-0.156470,0.076362,0.984726,50.00,False
-121.659703,8.939153,-16.348075,-0.795492,0.601770,-0.071169,50.00,False
-117.664545,6.084097,-18.400200,0.003539,0.030759,-0.999521,50.00,False
-117.664545,6.084097,-15.810565,0.003539,0.030759,-0.999521,50.00,False
-117.597431,6.391651,-13.201275,0.016962,0.092269,-0.995590,50.00,False
-117.627154,4.613446,-10.632860,0.011017,0.014554,-0.999833,50.00,False
-116.232069,3.718379,-7.828657,0.290034,0.013582,-0.956920,50.00,False
-118.170071,6.026409,2.098644,-0.097566,0.854257,0.510614,50.00,False
-118.380512,3.040308,2.119916,-0.139654,0.990196,-0.003059,50.00,False
-119.506814,6.326765,8.996492,-0.364915,0.370080,0.854329,50.00,False
-118.177988,5.610127,12.158943,-0.099149,0.226752,0.968893,50.00,False
-118.136318,5.128331,14.840587,-0.090815,0.130393,0.987294,50.00,False
-118.136318,5.128331,17.430222,-0.090815,0.130393,0.987294,50.00,False
-112.697659,4.638252,14.725989,0.996916,0.032377,-0.071479,50.00,False
-119.993540,9.179356,18.096914,-0.462260,0.882683,0.084779,50.00,False
-118.650784,8.823094,15.733302,-0.193708,0.376664,-0.905870,50.00,False
-118.393316,6.189853,18.112367,-0.142215,0.284782,-0.947984,50.00,False
-118.663435,7.639700,21.469672,-0.196239,0.574751,-0.794450,50.00,False
-118.337541,9.085091,25.599369,-0.131060,0.863830,-0.486438,50.00,False
-113.201593,2.703589,28.758676,0.896130,0.241232,-0.372503,50.00,False
-115.840176,5.133741,36.599100,0.368413,0.636440,0.677655,50.00,False
-117.419658,9.123419,38.961817,0.052517,0.772965,0.632271,50.00,False
-118.108164,9.209169,42.534689,-0.085185,0.552845,0.828919,50.00,False
-117.554885,7.850279,45.645019,0.025471,0.358824,0.933058,50.00,False
-117.630580,7.598955,48.413117,0.010332,0.247822,0.968750,50.00,False
-117.630580,7.598955,51.002752,0.010332,0.247822,0.968750,50.00,False
-117.811471,7.185629,53.678277,-0.025846,0.165157,0.985929,50.00,False
-117.844913,6.824535,56.313970,-0.032534,0.092938,0.995140,50.00,False
-117.784211,6.808495,58.906690,-0.020394,0.089730,0.995757,50.00,False
-117.784211,6.808495,61.496325,-0.020394,0.089730,0.995757,50.00,False
-114.224988,6.319800,55.551569,0.691451,0.127292,-0.711121,50.00,False
-115.386344,7.532372,59.873751,0.459179,0.810070,-0.364611,50.00,False
-116.688730,8.801112,63.905702,0.198702,0.977097,-0.076148,50.00,False
-122.546497,4.796036,67.627009,-0.972851,0.176082,0.150186,50.00,False
-118.476154,4.722899,68.045143,-0.958782,0.161455,0.233813,200.00,True
-118.476154,4.722899,68.045143,-0.958782,0.161455,0.233813,50.00,False
-118.515609,5.130614,64.689383,-0.966674,0.242997,0.080588,50.00,False
-118.568235,4.596313,60.882112,-0.977199,0.136137,-0.162939,50.00,False
-117.418763,3.710584,62.426296,-0.747304,0.029549,0.663825,50.00,False
-110.653268,7.854519,53.873012,0.605795,0.594367,-0.528905,50.00,False
-113.547271,5.257608,58.912000,0.026994,0.074985,0.996819,50.00,False
-113.582333,5.402893,56.310130,0.019982,0.104042,0.994372,50.00,False
-113.582333,5.402893,53.720496,0.019982,0.104042,0.994372,50.00,False
-113.511714,5.603127,51.103884,0.034105,0.144089,0.988977,50.00,False
-113.532272,5.823906,48.477686,0.029994,0.188244,0.981664,50.00,False
-113.579070,5.804491,45.892940,0.020634,0.184361,0.982642,50.00,False
-113.881246,6.201368,43.208962,-0.039801,0.263737,0.963773,50.00,False
-114.644382,7.518970,39.938611,-0.192428,0.527257,0.827630,50.00,False
-109.005757,3.651170,33.702514,0.935297,0.339926,0.098337,50.00,False
-118.441554,1.546378,29.089348,-0.951863,0.009790,-0.306369,50.00,False
-115.106462,8.193070,25.098884,-0.284844,0.758183,-0.586535,50.00,False
-114.999491,7.012119,21.173487,-0.263450,0.449235,-0.853687,50.00,False
-114.596904,7.213132,18.223891,-0.182932,0.331140,-0.925679,50.00,False
-114.301158,6.669709,15.427389,-0.123783,0.222455,-0.967053,50.00,False
-114.572549,9.301288,17.219302,-0.178061,0.979826,-0.090743,50.00,False
-114.100579,6.788123,20.063960,-0.083668,0.027468,0.996115,50.00,False
-114.204368,7.231095,17.432436,-0.104425,0.116062,0.987737,50.00,False
-113.294491,3.692289,4.936504,0.077550,0.083065,-0.993522,50.00,False
-113.259308,4.255882,2.429519,0.084587,0.195783,-0.976992,50.00,False
-112.244628,4.994680,0.296180,0.287523,0.364428,-0.885733,50.00,False
-113.006113,3.460768,2.391792,0.135226,0.989485,0.051316,50.00,False
-113.372289,3.636759,1.078749,0.061990,0.949807,0.306635,50.00,False
-114.038107,5.758003,0.953612,-0.071173,0.596389,0.799534,50.00,False
-113.512232,6.228642,-10.598070,0.034002,0.114203,-0.992875,50.00,False
-113.595268,5.941175,-13.214523,0.017395,0.056710,-0.998239,50.00,False
-113.626752,6.091250,-15.810063,0.011098,0.032189,-0.999420,50.00,False
-113.626752,6.091250,-18.399698,0.011098,0.032189,-0.999420,50.00,False
-116.518839,9.773099,-16.121014,-0.567320,0.823095,-0.025757,50.00,False
-113.192823,6.519281,-23.555705,0.097884,0.029256,-0.994768,50.00,False
-113.254500,6.448647,-26.152596,0.085548,0.015129,-0.996219,50.00,False
-114.183474,6.597950,-18.791411,-0.100247,0.044990,0.993945,50.00,False
-114.430800,7.068925,-21.456350,-0.149712,0.139185,0.978884,50.00,False
-113.338565,6.178964,-33.781149,0.068735,0.240755,-0.968149,50.00,False
-113.853409,4.746795,-32.555765,-0.034234,0.978133,-0.205145,50.00,False
-114.099257,4.235081,-34.255986,-0.083403,0.996143,-0.027262,50.00,False
-114.252266,6.615854,-32.552415,-0.114005,0.543886,0.831379,50.00,False
-114.378221,7.739637,-44.074467,-0.139196,0.261533,-0.955105,50.00,False
-113.640734,7.040815,-46.852142,0.008302,0.120218,-0.992713,50.00,False
-113.763346,6.846172,-49.461005,-0.016221,0.081289,-0.996559,50.00,False
-113.818934,9.009577,-52.013562,-0.027339,0.144390,-0.989143,50.00,False
-113.858386,8.671959,-54.639576,-0.035229,0.076866,-0.996419,50.00,False
-113.691881,8.480031,-57.243404,-0.001928,0.038481,-0.999257,50.00,False
-113.691881,8.480031,-59.833038,-0.001928,0.038481,-0.999257,50.00,False
-113.678299,9.532154,-62.416785,0.000788,0.061934,-0.998080,50.00,False
-113.678299,9.532154,-65.006420,0.000788,0.061934,-0.998080,50.00,False
-113.678299,9.532154,-67.596054,0.000788,0.061934,-0.998080,50.00,False
-113.587621,9.393552,-70.191466,0.018924,0.034214,-0.999235,50.00,False
-113.587621,9.393552,-72.781101,0.018924,0.034214,-0.999235,50.00,False
-113.596868,9.427309,-75.369632,0.017075,0.040965,-0.999015,50.00,False
-113.508422,9.241777,-77.961134,0.034764,0.003859,-0.999388,50.00,False
-113.508422,9.241777,-80.550768,0.034764,0.003859,-0.999388,50.00,False
-113.596868,10.423077,-83.138536,0.017075,0.040965,-0.999015,50.00,False
-113.508422,10.237546,-85.730038,0.034764,0.003859,-0.999388,50.00,False
-113.508422,10.237546,-88.319672,0.034764,0.003859,-0.999388,50.00,False
-113.508422,10.237546,-90.909307,0.034764,0.003859,-0.999388,50.00,False
-109.860496,10.417186,-80.916641,-0.035651,0.020933,0.999145,200.00,True
-109.860496,10.417186,-80.916641,-0.035651,0.020933,0.999145,50.00,False
-109.860496,10.417186,-78.327007,-0.035651,0.020933,0.999145,50.00,False
-109.860496,10.417186,-75.737372,-0.035651,0.020933,0.999145,50.00,False
-109.860496,10.417186,-73.147737,-0.035651,0.020933,0.999145,50.00,False
-109.860496,10.322916,-70.558103,-0.035651,0.020933,0.999145,50.00,False
-109.860496,10.322916,-67.968468,-0.035651,0.020933,0.999145,50.00,False
-109.860496,10.322916,-65.378833,-0.035651,0.020933,0.999145,50.00,False
-109.868021,9.329084,-62.789514,-0.037156,0.021320,0.999082,50.00,False
-109.868021,9.329084,-60.199879,-0.037156,0.021320,0.999082,50.00,False
-109.868021,9.329084,-57.610245,-0.037156,0.021320,0.999082,50.00,False
-109.868021,9.329084,-55.020610,-0.037156,0.021320,0.999082,50.00,False
-109.868021,8.394229,-52.430975,-0.037156,0.021320,0.999082,50.00,False
-109.868021,8.394229,-49.841341,-0.037156,0.021320,0.999082,50.00,False
-109.868021,6.546328,-47.251706,-0.037156,0.021320,0.999082,50.00,False
-109.868021,6.546328,-44.662071,-0.037156,0.021320,0.999082,50.00,False
-109.868021,6.546328,-42.072437,-0.037156,0.021320,0.999082,50.00,False
-109.868021,6.546328,-39.482802,-0.037156,0.021320,0.999082,50.00,False
-109.483424,6.591930,-46.879640,0.039763,0.044615,-0.998213,50.00,False
-109.806653,6.617323,-34.678788,-0.024882,0.381507,0.924031,50.00,False
-110.044114,7.108933,-32.558443,-0.072375,0.552788,0.830173,50.00,False
-109.958754,5.036572,-33.787481,-0.055303,0.996257,0.066438,50.00,False
-110.252551,6.066230,-32.753403,-0.114062,0.962873,-0.244673,50.00,False
-109.503490,6.755380,-33.665799,0.035750,0.324881,-0.945079,50.00,False
-109.200053,5.845152,-31.275955,0.096438,0.142835,-0.985037,50.00,False
-109.157412,5.471067,-28.721870,0.104966,0.068018,-0.992147,50.00,False
-109.157412,5.471067,-26.132236,0.104966,0.068018,-0.992147,50.00,False
-110.131392,7.469765,-13.602457,-0.089830,0.012246,0.995882,50.00,False
-110.922253,9.959413,-16.377653,-0.248002,0.965688,-0.077084,50.00,False
-109.947163,6.939126,-18.388876,-0.052984,0.051704,-0.997256,50.00,False
-110.066751,7.526069,-15.725939,-0.076902,0.169092,-0.982595,50.00,False
-110.066751,6.503088,-13.136305,-0.076902,0.169092,-0.982595,50.00,False
-109.182055,4.557259,-0.663191,0.100037,0.041919,0.994100,50.00,False
-108.230957,4.763104,1.722616,0.290257,0.083088,0.953335,50.00,False
-108.690895,4.741701,1.910257,0.198269,0.858499,0.472936,50.00,False
-108.815082,2.643284,2.370886,0.173432,0.983717,0.047135,50.00,False
-108.422141,4.266309,-0.011540,0.252020,0.197869,-0.947277,50.00,False
-110.024495,5.411017,12.245343,-0.068451,0.150924,0.986173,50.00,False
-110.087125,4.709613,14.887411,-0.080977,0.010643,0.996659,50.00,False
-109.837087,7.489446,17.452652,-0.030969,0.124148,0.991780,50.00,False
-111.061535,11.553043,16.157890,-0.275859,0.936867,0.214901,50.00,False
-108.562873,10.719043,17.944505,0.223874,0.973105,0.054297,50.00,False
-110.374922,6.848263,15.411810,-0.138536,0.198948,-0.970169,50.00,False
-110.374922,6.848263,18.001445,-0.138536,0.198948,-0.970169,50.00,False
-110.743717,8.043427,21.074134,-0.212295,0.437981,-0.873558,50.00,False
-110.854200,8.836203,24.443217,-0.234392,0.655754,-0.717668,50.00,False
-104.880583,3.817478,30.327368,0.960332,0.272598,-0.058765,50.00,False
-109.300463,2.620722,38.179094,0.076356,0.082600,0.993653,50.00,False
-109.481352,2.653159,40.776527,0.040178,0.089087,0.995213,50.00,False
-109.613235,5.995476,43.264204,0.013801,0.222558,0.974822,50.00,False
-109.507328,5.560800,45.930444,0.034983,0.135623,0.990143,50.00,False
-109.507328,5.560800,48.520079,0.034983,0.135623,0.990143,50.00,False
-109.486135,7.138786,51.106626,0.039221,0.138930,0.989525,50.00,False
-109.486135,7.138786,53.696260,0.039221,0.138930,0.989525,50.00,False
-109.486135,7.138786,56.285895,0.039221,0.138930,0.989525,50.00,False
-113.073642,7.525959,56.479667,-0.678280,0.528655,0.510353,50.00,False
-113.249780,5.598783,59.368432,-0.713508,0.407189,0.570179,50.00,False
-114.447082,5.603171,58.309895,-0.952968,0.257732,-0.159456,50.00,False
-114.438371,5.807223,61.308164,-0.951226,0.298542,-0.077729,50.00,False
-114.515609,5.130614,64.689383,-0.966674,0.242997,0.080588,50.00,False
-114.476154,4.722899,68.045143,-0.958782,0.161455,0.233813,50.00,False
-110.262205,5.355809,68.272431,-0.915993,0.288037,0.279271,200.00,True
-110.262205,5.355809,68.272431,-0.915993,0.288037,0.279271,50.00,False
-110.515609,5.130614,64.689383,-0.966674,0.242997,0.080588,50.00,False
-110.438371,5.807223,61.308164,-0.951226,0.298542,-0.077729,50.00,False
-110.447082,5.603171,58.309895,-0.952968,0.257732,-0.159456,50.00,False
-110.041638,6.099413,54.841296,-0.871879,0.356980,-0.335249,50.00,False
-108.380212,7.672568,56.466489,-0.539594,0.671611,0.507717,50.00,False
-109.133263,8.131054,53.468065,-0.690204,0.584959,0.425959,50.00,False
-105.469022,6.853052,53.727321,0.042644,0.081784,0.995737,50.00,False
-105.621823,7.021256,51.125214,0.012084,0.115424,0.993243,50.00,False
-105.428771,5.939967,48.545623,0.050694,0.083092,0.995252,50.00,False
-105.678811,6.655328,45.850175,0.000686,0.226165,0.974089,50.00,False
-105.904787,7.012783,43.158272,-0.044509,0.297656,0.953635,50.00,False
-106.074068,7.369368,40.291278,-0.078365,0.432622,0.898163,50.00,False
-106.225912,8.572750,36.867487,-0.108734,0.673298,0.731332,50.00,False
-104.002835,5.024610,30.449090,0.335881,0.941275,-0.034420,50.00,False
-106.011732,7.991121,24.217290,-0.065898,0.643204,-0.762854,50.00,False
-105.886874,7.087947,20.601022,-0.040927,0.246885,-0.968180,50.00,False
-106.188131,6.572762,17.930219,-0.101178,0.143848,-0.984414,50.00,False
-106.280291,7.294930,15.345783,-0.119610,0.136634,-0.983374,50.00,False
-105.412403,10.842728,17.860103,0.053968,0.997841,0.037417,50.00,False
-105.078054,11.136224,16.248632,0.120838,0.964928,0.233049,50.00,False
-106.017715,7.203046,17.402186,-0.067095,0.178293,0.981687,50.00,False
-105.782482,8.111149,14.567967,-0.020048,0.359913,0.932770,50.00,False
-105.949086,8.753284,11.669580,-0.053369,0.488340,0.871020,50.00,False
-105.934062,6.304067,9.368626,-0.050364,0.367254,0.928756,50.00,False
-105.077058,2.027796,2.193173,0.121037,0.992580,0.011592,50.00,False
-105.331642,2.901324,0.796823,0.070120,0.965639,0.250249,50.00,False
-106.275229,4.538450,-8.005103,-0.118598,0.038157,-0.992209,50.00,False
-105.692102,4.803954,-10.612819,-0.001972,0.091258,-0.995825,50.00,False
-105.796556,9.503455,-12.591824,-0.022863,0.485929,-0.873699,50.00,False
-106.101117,8.162270,-15.675040,-0.083775,0.217692,-0.972416,50.00,False
-106.055816,9.075131,-18.352899,-0.074715,0.119156,-0.990060,50.00,False
-107.797682,11.210079,-16.085979,-0.423088,0.905894,-0.018749,50.00,False
-106.251962,8.075499,-13.614930,-0.113944,0.014092,0.993387,50.00,False
-106.219045,8.771670,-16.259869,-0.107361,0.153326,0.982326,50.00,False
-106.333619,8.476140,-18.920068,-0.130276,0.213521,0.968213,50.00,False
-105.039439,6.197039,-31.303016,0.128560,0.049825,-0.990449,50.00,False
-104.613390,6.176328,-33.711651,0.213770,0.209071,-0.954249,50.00,False
-105.801756,4.914654,-32.292480,-0.023903,0.988016,-0.152488,50.00,False
-105.679778,4.985997,-33.245776,0.000493,0.984607,0.174780,50.00,False
-105.946810,6.830041,-32.626224,-0.052914,0.574749,0.816617,50.00,False
-105.644785,6.303808,-34.310976,0.007491,0.068930,0.997593,50.00,False
-105.815139,6.406480,-36.910401,-0.026580,0.089464,0.995635,50.00,False
-105.807358,6.586414,-39.482081,-0.025023,0.030347,0.999226,50.00,False
-105.807358,6.591459,-42.071716,-0.025023,0.030347,0.999226,50.00,False
-105.807358,6.591459,-44.661351,-0.025023,0.030347,0.999226,50.00,False
-105.815603,7.612834,-47.251421,-0.026672,0.031780,0.999139,50.00,False
-105.815603,7.612834,-49.841056,-0.026672,0.031780,0.999139,50.00,False
-105.815603,7.612834,-52.430691,-0.026672,0.031780,0.999139,50.00,False
-105.817273,8.300543,-55.019568,-0.027006,0.026256,0.999290,50.00,False
-105.817273,8.300543,-57.609203,-0.027006,0.026256,0.999290,50.00,False
-105.817273,8.300543,-60.198837,-0.027006,0.026256,0.999290,50.00,False
-105.817273,10.443802,-62.788472,-0.027006,0.026256,0.999290,50.00,False
-105.817273,10.443802,-65.378107,-0.027006,0.026256,0.999290,50.00,False
-105.817273,10.443802,-67.967741,-0.027006,0.026256,0.999290,50.00,False
-105.817273,10.443802,-70.557376,-0.027006,0.026256,0.999290,50.00,False
-105.817273,10.443802,-73.147011,-0.027006,0.026256,0.999290,50.00,False
-105.824546,10.436903,-75.736671,-0.028461,0.024876,0.999285,50.00,False
-105.824546,10.436903,-78.326305,-0.028461,0.024876,0.999285,50.00,False
-105.824546,10.436903,-80.915940,-0.028461,0.024876,0.999285,50.00,False
-101.851632,9.525042,-80.919730,-0.033878,0.042373,0.998527,200.00,True
-101.851632,9.525042,-80.919730,-0.033878,0.042373,0.998527,50.00,False
-101.854161,9.527088,-78.330269,-0.034384,0.042782,0.998493,50.00,False
-101.855994,9.558929,-75.742164,-0.034751,0.049151,0.998187,50.00,False
-101.855994,9.558929,-73.152529,-0.034751,0.049151,0.998187,50.00,False
-101.855994,9.558929,-70.562895,-0.034751,0.049151,0.998187,50.00,False
-101.855994,9.558929,-67.973260,-0.034751,0.049151,0.998187,50.00,False
-101.855994,9.558929,-65.383625,-0.034751,0.049151,0.998187,50.00,False
-101.855994,9.558929,-62.793991,-0.034751,0.049151,0.998187,50.00,False
-101.855994,9.558929,-60.204356,-0.034751,0.049151,0.998187,50.00,False
-101.860565,9.329657,-57.608863,-0.035665,0.003296,0.999358,50.00,False
-101.843083,9.345505,-55.018712,-0.032168,0.006466,0.999462,50.00,False
-101.843083,9.345505,-52.429078,-0.032168,0.006466,0.999462,50.00,False
-101.843083,9.345505,-49.839443,-0.032168,0.006466,0.999462,50.00,False
-101.841580,8.216803,-47.249882,-0.031868,0.009508,0.999447,50.00,False
-101.841580,8.216803,-44.660247,-0.031868,0.009508,0.999447,50.00,False
-101.841580,8.216803,-42.070613,-0.031868,0.009508,0.999447,50.00,False
-101.841580,7.501476,-39.480978,-0.031868,0.009508,0.999447,50.00,False
-101.810849,6.498929,-36.890645,-0.025722,0.012849,0.999587,50.00,False
-102.035336,6.852293,-34.540132,-0.070619,0.298599,0.951762,50.00,False
-101.700873,6.680988,-32.516971,-0.003726,0.544939,0.838467,50.00,False
-101.452398,4.307596,-33.078610,0.045969,0.977003,0.208213,50.00,False
-100.364620,6.737086,-32.820704,0.263524,0.929474,-0.258133,50.00,False
-101.068436,6.531616,-33.639911,0.122761,0.318614,-0.939901,50.00,False
-101.146476,5.973014,-31.321977,0.107153,0.001474,-0.994241,50.00,False
-101.058642,6.206772,-28.716232,0.124720,0.048225,-0.991019,50.00,False
-102.254957,8.375014,-16.228810,-0.114543,0.098347,0.988538,50.00,False
-102.254957,8.375014,-13.639175,-0.114543,0.098347,0.988538,50.00,False
-105.209564,9.115775,-16.043490,-0.705465,0.708671,-0.010252,50.00,False
-102.208464,7.663054,-18.339790,-0.105245,0.117849,-0.987439,50.00,False
-102.208464,7.663054,-15.750156,-0.105245,0.117849,-0.987439,50.00,False
-102.303530,8.180697,-13.059525,-0.124258,0.221377,-0.967239,50.00,False
-102.057468,4.800465,-10.594676,-0.075045,0.099569,-0.992197,50.00,False
-103.310443,4.959910,-7.725610,-0.325640,0.131458,-0.936310,50.00,False
-101.654644,2.950858,0.563042,0.005519,0.979061,0.203493,50.00,False
-101.543494,1.553650,2.080780,0.027749,0.999556,-0.010886,50.00,False
-100.242677,4.747921,0.201578,0.287913,0.314178,-0.904654,50.00,False
-101.446184,7.573925,11.859833,0.047211,0.413959,0.909071,50.00,False
-101.742241,7.848929,14.592726,-0.012000,0.347179,0.937722,50.00,False
-102.063798,6.458356,17.467196,-0.076311,0.069064,0.994689,50.00,False
-102.319751,6.512608,20.026453,-0.127502,0.079914,0.988614,50.00,False
-98.630677,9.492376,17.954837,0.610313,0.790153,0.056364,50.00,False
-101.941179,8.017380,15.471288,-0.051788,0.281124,-0.958273,50.00,False
-101.907959,6.779930,18.013319,-0.045143,0.247664,-0.967794,50.00,False
-101.797016,7.069570,20.682493,-0.022955,0.305592,-0.951886,50.00,False
-102.135950,3.460968,23.052985,-0.090742,0.017852,-0.995714,50.00,False
-101.268299,1.562689,30.732279,0.082788,0.996319,0.022217,50.00,False
-102.318647,7.454483,37.562959,-0.127281,0.475560,0.870427,50.00,False
-101.871938,7.033115,40.563665,-0.037939,0.301722,0.952641,50.00,False
-102.010398,6.886513,43.189809,-0.065631,0.272402,0.959943,50.00,False
-101.709586,6.341223,45.912501,-0.005469,0.163344,0.986554,50.00,False
-101.563472,5.965362,48.548475,0.023754,0.088171,0.995822,50.00,False
-101.581711,6.015636,51.133805,0.020106,0.098226,0.994961,50.00,False
-102.987108,10.163028,50.083336,-0.260973,0.927705,0.266940,50.00,False
-105.018924,7.423962,53.362148,-0.667337,0.625155,0.404776,50.00,False
-105.092587,5.938310,50.651805,-0.682069,0.324759,-0.655220,50.00,False
-105.436374,5.745747,53.541289,-0.750826,0.286247,-0.595250,50.00,False
-106.088854,6.446362,58.088848,-0.881322,0.426370,-0.203665,50.00,False
-106.265213,6.297698,61.445120,-0.916594,0.396637,-0.050338,50.00,False
-106.238015,5.879894,64.908199,-0.911155,0.392854,0.124351,50.00,False
-105.690354,7.190787,68.360953,-0.801623,0.518852,0.296975,50.00,False
-100.834447,7.956532,68.818751,-0.630441,0.672001,0.388535,200.00,True
-100.834447,7.956532,68.818751,-0.630441,0.672001,0.388535,50.00,False
-101.688860,7.409980,65.302070,-0.801324,0.562690,0.203125,50.00,False
-101.780477,7.103655,61.044774,-0.819647,0.557829,-0.130407,50.00,False
-101.437492,7.366181,57.848043,-0.751050,0.610334,-0.251826,50.00,False
-100.270758,6.153565,52.655225,-0.517703,0.367810,-0.772463,50.00,False
-100.279187,6.449397,50.226804,-0.519389,0.426977,-0.740220,50.00,False
-100.235732,5.943270,47.366697,-0.510698,0.329016,-0.794315,50.00,False
-100.789653,7.611968,50.021017,-0.621482,0.740946,0.254476,50.00,False
-97.694816,7.452959,51.143620,-0.002515,0.078333,0.996924,50.00,False
-97.660971,7.820006,48.511420,0.004254,0.151743,0.988411,50.00,False
-97.660971,7.499490,45.921785,0.004254,0.151743,0.988411,50.00,False
-97.811282,7.997870,43.227768,-0.025808,0.251418,0.967534,50.00,False
-97.600484,7.532319,40.506692,0.016351,0.337326,0.941246,50.00,False
-97.639320,5.212380,38.037291,0.008584,0.261029,0.965293,50.00,False
-97.536105,0.840788,30.439180,0.029227,0.998910,-0.036402,50.00,False
-97.989484,6.470093,23.389458,-0.061449,0.366416,-0.928420,50.00,False
-97.941979,5.776052,20.580091,-0.051948,0.227608,-0.972366,50.00,False
-97.948899,8.301967,18.094359,-0.053331,0.302721,-0.951586,50.00,False
-98.058826,7.581222,15.340301,-0.075317,0.158572,-0.984471,50.00,False
-98.304963,9.554918,18.333531,-0.124544,0.983381,0.132102,50.00,False
-95.890763,9.735820,13.112747,0.358296,0.846338,-0.394127,50.00,False
-97.496259,5.748799,7.503204,0.037196,0.048934,-0.998109,50.00,False
-97.741332,5.240437,14.893019,-0.011818,0.065527,0.997781,50.00,False
-97.356710,4.998843,2.669589,0.065106,0.364363,-0.928978,50.00,False
-96.383551,5.713428,1.056243,0.259738,0.627846,-0.733721,50.00,False
-97.976145,1.546527,2.051651,-0.058781,0.998131,-0.016712,50.00,False
-97.926764,2.394253,0.397108,-0.048905,0.984177,0.170306,50.00,False
-97.659160,4.586597,-8.035934,0.004616,0.056796,-0.998375,50.00,False
-97.705280,6.369512,-10.569695,-0.004608,0.159418,-0.987200,50.00,False
-98.011702,5.855134,-13.211643,-0.065892,0.018066,-0.997663,50.00,False
-98.011702,5.855134,-15.801278,-0.065892,0.018066,-0.997663,50.00,False
-97.990719,5.859845,-18.392167,-0.061696,0.019008,-0.997914,50.00,False
-92.729347,6.445633,-16.065097,0.990579,0.136166,-0.014573,50.00,False
-98.339753,8.667752,-13.635876,-0.131502,0.064764,0.989198,50.00,False
-98.548105,8.995890,-16.290391,-0.173173,0.130392,0.976222,50.00,False
-98.506787,8.429924,-18.878890,-0.164909,0.139112,0.976449,50.00,False
-98.987066,9.530257,-21.870569,-0.260965,0.359179,0.896040,50.00,False
-97.077576,6.555013,-33.454675,0.120933,0.412589,-0.902854,50.00,False
-97.015258,5.492005,-32.266036,0.133397,0.980070,-0.147199,50.00,False
-97.459963,5.329243,-33.477338,0.044456,0.990717,0.128467,50.00,False
-97.503795,6.830928,-32.222966,0.035689,0.440041,0.897268,50.00,False
-97.755425,6.095942,-34.354047,-0.014637,0.147329,0.988979,50.00,False
-97.704387,7.515455,-36.889736,-0.004429,0.021065,0.999768,50.00,False
-97.704387,7.559263,-39.479371,-0.004429,0.021065,0.999768,50.00,False
-97.744685,7.480452,-42.068307,-0.012489,0.005303,0.999908,50.00,False
-97.744685,7.480452,-44.657942,-0.012489,0.005303,0.999908,50.00,False
-97.744685,8.195779,-47.247576,-0.012489,0.005303,0.999908,50.00,False
-97.688357,8.172450,-49.836756,-0.001223,0.000638,0.999999,50.00,False
-97.688357,8.172450,-52.426390,-0.001223,0.000638,0.999999,50.00,False
-97.688357,8.172450,-55.016025,-0.001223,0.000638,0.999999,50.00,False
-97.688357,8.172450,-57.605659,-0.001223,0.000638,0.999999,50.00,False
-97.765909,9.335498,-60.196039,-0.016734,0.004464,0.999850,50.00,False
-97.765909,9.335498,-62.785674,-0.016734,0.004464,0.999850,50.00,False
-97.765909,9.335498,-65.375308,-0.016734,0.004464,0.999850,50.00,False
-97.765909,9.335498,-67.964943,-0.016734,0.004464,0.999850,50.00,False
-97.765909,9.335498,-70.554578,-0.016734,0.004464,0.999850,50.00,False
-97.765909,9.335498,-73.144212,-0.016734,0.004464,0.999850,50.00,False
-97.797872,9.578968,-75.741506,-0.023126,0.053158,0.998318,50.00,False
-97.797872,9.578968,-78.331140,-0.023126,0.053158,0.998318,50.00,False
-97.797872,9.578968,-80.920775,-0.023126,0.053158,0.998318,50.00,False
-93.767556,10.559304,-80.919847,-0.017063,0.051952,0.998504,200.00,True
-93.767556,10.559304,-80.919847,-0.017063,0.051952,0.998504,50.00,False
-93.767556,10.559304,-78.330213,-0.017063,0.051952,0.998504,50.00,False
-93.767556,10.407863,-75.740578,-0.017063,0.051952,0.998504,50.00,False
-93.795486,10.218555,-73.145242,-0.022649,0.014091,0.999644,50.00,False
-93.795486,10.218555,-70.555607,-0.022649,0.014091,0.999644,50.00,False
-93.542297,10.239203,-77.961404,0.027989,0.018220,-0.999442,50.00,False
-93.542297,10.239203,-75.371769,0.027989,0.018220,-0.999442,50.00,False
-93.542297,10.239203,-72.782135,0.027989,0.018220,-0.999442,50.00,False
-93.542297,10.239203,-70.192500,0.027989,0.018220,-0.999442,50.00,False
-93.770468,8.040265,-57.615097,-0.017645,0.058840,0.998111,50.00,False
-93.816335,7.868441,-55.019317,-0.026819,0.024475,0.999341,50.00,False
-93.816335,7.868441,-52.429682,-0.026819,0.024475,0.999341,50.00,False
-93.480451,7.762454,-59.832650,0.040358,0.003278,-0.999180,50.00,False
-93.480451,7.762454,-57.243016,0.040358,0.003278,-0.999180,50.00,False
-93.480451,7.762454,-54.653381,0.040358,0.003278,-0.999180,50.00,False
-93.552895,7.777852,-52.066072,0.025869,0.006358,-0.999645,50.00,False
-93.493714,7.757899,-49.474643,0.037705,0.002367,-0.999286,50.00,False
-93.208838,8.149755,-46.849719,0.094681,0.080738,-0.992228,50.00,False
-93.210289,6.940303,-44.269220,0.094390,0.054262,-0.994055,50.00,False
-94.048396,6.447778,-32.312887,-0.073231,0.470634,0.879284,50.00,False
-93.195715,5.107010,-32.577725,0.097305,0.946270,0.308390,50.00,False
-93.082712,4.188325,-32.265671,0.119906,0.981823,-0.147126,50.00,False
-93.986704,6.308764,-33.028774,-0.060893,0.572452,-0.817674,50.00,False
-93.034386,5.051625,-31.041598,0.129571,0.321024,-0.938166,50.00,False
-94.347869,7.347656,-18.810333,-0.133125,0.043127,0.990160,50.00,False
-94.304367,8.592142,-16.216569,-0.124425,0.049642,0.990986,50.00,False
-94.346356,8.574128,-13.631516,-0.132823,0.046040,0.990070,50.00,False
-93.783629,9.813313,-15.350917,-0.020278,0.991533,0.128263,50.00,False
-93.845821,5.991844,-18.394760,-0.032716,0.045408,-0.998433,50.00,False
-93.845821,5.799459,-15.805125,-0.032716,0.045408,-0.998433,50.00,False
-93.870010,5.078249,-13.214839,-0.037554,0.044520,-0.998302,50.00,False
-93.880285,4.668513,-10.625490,-0.039609,0.041347,-0.998359,50.00,False
-94.149327,5.310001,1.588959,-0.093417,0.364252,0.926603,50.00,False
-94.238301,2.295638,0.385178,-0.111212,0.979507,0.167920,50.00,False
-94.408766,2.192029,1.666624,-0.145305,0.984938,-0.093717,50.00,False
-94.172810,5.155509,1.507895,-0.098114,0.759225,-0.643390,50.00,False
-93.806243,4.462127,2.519481,-0.024800,0.282320,-0.959000,50.00,False
-93.693638,4.580742,4.947231,-0.002279,0.131022,-0.991377,50.00,False
-93.618692,5.700146,7.501434,0.012710,0.053942,-0.998463,50.00,False
-97.426714,8.683819,14.455361,-0.748895,0.650677,-0.125605,50.00,False
-97.809036,8.222778,17.239588,-0.825359,0.557914,-0.086686,50.00,False
-94.306640,7.070428,15.376922,-0.124880,0.172018,-0.977146,50.00,False
-94.425995,6.271749,17.979540,-0.148751,0.167708,-0.974550,50.00,False
-94.332784,4.810322,20.548377,-0.130109,0.158745,-0.978709,50.00,False
-93.095349,4.553090,32.577463,0.117378,0.399515,0.909181,50.00,False
-89.297099,3.549316,28.963209,0.877029,0.347656,-0.331597,50.00,False
-93.401027,5.380897,37.980443,0.056243,0.294732,0.953923,50.00,False
-93.953991,7.999494,40.371986,-0.054350,0.401363,0.914305,50.00,False
-93.997220,7.290014,43.208571,-0.062996,0.259467,0.963695,50.00,False
-93.770753,6.687337,45.930449,-0.017702,0.138932,0.990144,50.00,False
-93.720156,6.337657,48.557306,-0.007583,0.068996,0.997588,50.00,False
-97.731410,8.049299,48.250539,-0.809834,0.411324,0.418308,50.00,False
-95.911536,8.339352,49.481947,-0.445859,0.883006,0.146662,50.00,False
-95.910142,7.203042,47.626051,-0.445580,0.500236,-0.742444,50.00,False
-95.765204,7.255849,50.167794,-0.416593,0.510797,-0.752022,50.00,False
-95.701144,7.575753,52.958776,-0.403781,0.574778,-0.711752,50.00,False
-95.898885,8.123677,56.745658,-0.443329,0.761833,-0.472303,50.00,False
-95.994944,9.244979,60.768977,-0.462540,0.866961,-0.185566,50.00,False
-96.191745,9.057600,65.511694,-0.501901,0.829485,0.245050,50.00,False
-96.373540,7.951563,69.425716,-0.538260,0.671007,0.509928,50.00,False
-90.979380,9.051679,69.598036,-0.259428,0.797706,0.544392,200.00,True
-90.979380,9.051679,69.598036,-0.259428,0.797706,0.544392,50.00,False
-91.032725,9.746605,65.400641,-0.270097,0.936691,0.222840,50.00,False
-91.459410,9.854653,61.601109,-0.355434,0.934505,-0.019140,50.00,False
-91.406773,9.370442,57.328392,-0.344906,0.868606,-0.355756,50.00,False
-91.631086,8.368792,53.349390,-0.389769,0.668277,-0.633630,50.00,False
-91.545172,7.490685,50.140171,-0.372586,0.536006,-0.757547,50.00,False
-91.741714,6.409085,47.071703,-0.411895,0.319686,-0.853313,50.00,False
-91.695251,6.891514,44.395380,-0.402602,0.282628,-0.870651,50.00,False
-92.508737,9.438069,47.449589,-0.565299,0.783462,0.258118,50.00,False
-89.751216,7.141156,48.556487,-0.013795,0.070387,0.997424,50.00,False
-89.783964,7.653720,45.903377,-0.020344,0.172900,0.984729,50.00,False
-90.010615,8.073260,43.211238,-0.065675,0.256808,0.964228,50.00,False
-90.641904,10.036091,39.479711,-0.191933,0.649374,0.735850,50.00,False
-90.773082,8.084525,37.362595,-0.218168,0.512753,0.830354,50.00,False
-89.488508,1.400621,30.392563,0.038747,0.998202,-0.045726,50.00,False
-88.645852,4.445005,31.596286,0.207278,0.669884,0.712946,50.00,False
-90.551638,3.689156,20.524721,-0.173879,0.051097,-0.983440,50.00,False
-90.712588,6.981744,18.020796,-0.206069,0.154281,-0.966298,50.00,False
-90.752920,6.587653,15.393231,-0.214136,0.075463,-0.973885,50.00,False
-91.480487,10.065202,18.612928,-0.359649,0.913956,0.187982,50.00,False
-85.659950,7.010223,12.568341,0.804458,0.315958,-0.503009,50.00,False
-89.593558,6.945999,7.504000,0.017737,0.061491,-0.997950,50.00,False
-89.845517,5.293953,4.940433,-0.032655,0.115793,-0.992736,50.00,False
-90.539066,5.529160,2.656740,-0.171365,0.320706,-0.931548,50.00,False
-90.612655,3.333296,3.311302,-0.186083,0.940983,-0.282709,50.00,False
-90.760923,2.759774,1.952861,-0.215736,0.975770,-0.036470,50.00,False
-90.035683,2.460789,0.220236,-0.070688,0.988330,0.134932,50.00,False
-90.272944,2.251748,-1.542900,-0.118141,0.946522,0.300232,50.00,False
-89.753076,4.932301,-10.632603,-0.014167,0.015330,-0.999782,50.00,False
-89.753076,5.050024,-13.222238,-0.014167,0.015330,-0.999782,50.00,False
-89.753076,5.050024,-15.811873,-0.014167,0.015330,-0.999782,50.00,False
-89.753076,5.050024,-18.401507,-0.014167,0.015330,-0.999782,50.00,False
-90.577826,10.916234,-15.528964,-0.179117,0.979455,0.092653,50.00,False
-89.050653,7.198475,-23.541370,0.126318,0.013291,-0.991901,50.00,False
-89.050846,7.194525,-26.131080,0.126279,0.012501,-0.991916,50.00,False
-90.321599,6.312617,-18.802209,-0.127872,0.003310,0.991785,50.00,False
-89.328667,5.361269,-30.854931,0.070715,0.428370,-0.900832,50.00,False
-89.127891,3.781550,-30.414636,0.110870,0.949091,-0.294846,50.00,False
-89.586004,2.946806,-31.816389,0.019247,0.998173,-0.057270,50.00,False
-89.555201,2.659863,-33.174558,0.025408,0.981644,0.189023,50.00,False
-88.723265,6.099573,-32.814273,0.191795,0.596961,0.779007,50.00,False
-89.617182,4.944390,-34.372115,0.013012,0.169956,0.985366,50.00,False
-89.605797,6.547364,-46.887221,0.015289,0.017578,-0.999729,50.00,False
-89.857802,8.286055,-49.445866,-0.035112,0.107998,-0.993531,50.00,False
-89.765168,7.946287,-52.063148,-0.016585,0.040045,-0.999060,50.00,False
-89.765168,7.946287,-54.652783,-0.016585,0.040045,-0.999060,50.00,False
-89.765168,7.946287,-57.242417,-0.016585,0.040045,-0.999060,50.00,False
-89.668854,7.942831,-59.832860,0.002677,0.039353,-0.999222,50.00,False
-89.682811,7.818240,-62.425864,-0.000114,0.014435,-0.999896,50.00,False
-89.692182,9.265497,-65.008835,-0.001988,0.053552,-0.998563,50.00,False
-89.652510,10.465161,-67.595503,0.005946,0.063412,-0.997970,50.00,False
-89.630996,10.304602,-70.192577,0.010249,0.031300,-0.999457,50.00,False
-89.630996,10.456043,-72.782211,0.010249,0.031300,-0.999457,50.00,False
-89.630996,10.456043,-75.371846,0.010249,0.031300,-0.999457,50.00,False
-89.613411,10.321332,-77.963672,0.013766,0.004358,-0.999896,50.00,False
-89.613411,10.321332,-80.553307,0.013766,0.004358,-0.999896,50.00,False
-89.781662,10.420892,-73.145924,-0.019884,0.024270,0.999508,50.00,False
-89.781662,10.420892,-75.735559,-0.019884,0.024270,0.999508,50.00,False
-89.805567,7.978349,-78.329653,-0.024665,0.046457,0.998616,50.00,False
-92.410453,8.699801,-89.453241,-0.545642,0.448065,-0.708175,50.00,False
-90.646371,1.220358,-86.421101,-0.992826,0.062801,-0.101747,200.00,True
-90.646371,1.220358,-86.421101,-0.992826,0.062801,-0.101747,50.00,False
-90.664438,1.327802,-83.313095,-0.996439,0.084290,0.001927,50.00,False
-88.466602,7.541715,-84.126935,-0.556872,0.478715,-0.678767,50.00,False
-85.776696,10.408329,-73.145539,-0.018891,0.021757,0.999585,50.00,False
-85.645535,10.331136,-80.553593,0.007341,0.006319,-0.999953,50.00,False
-85.645535,10.331136,-77.963959,0.007341,0.006319,-0.999953,50.00,False
-85.645535,10.331136,-75.374324,0.007341,0.006319,-0.999953,50.00,False
-85.645535,9.829310,-72.784689,0.007341,0.006319,-0.999953,50.00,False
-85.645535,9.829310,-70.195055,0.007341,0.006319,-0.999953,50.00,False
-85.645535,9.829310,-67.605420,0.007341,0.006319,-0.999953,50.00,False
-85.645535,9.153395,-65.015785,0.007341,0.006319,-0.999953,50.00,False
-85.645535,9.153395,-62.426151,0.007341,0.006319,-0.999953,50.00,False
-85.727967,9.220247,-59.835572,-0.009145,0.019689,-0.999764,50.00,False
-85.727967,9.096181,-57.245938,-0.009145,0.019689,-0.999764,50.00,False
-85.727967,9.096181,-54.656303,-0.009145,0.019689,-0.999764,50.00,False
-85.794355,6.973843,-42.072360,-0.022423,0.036081,0.999097,50.00,False
-85.794355,6.973843,-39.482726,-0.022423,0.036081,0.999097,50.00,False
-85.846972,6.010670,-36.900990,-0.032946,0.062237,0.997517,50.00,False
-85.914618,5.622970,-34.326968,-0.046475,0.094966,0.994395,50.00,False
-86.913393,6.048171,-32.315003,-0.246230,0.408624,0.878861,50.00,False
-85.957058,3.683725,-33.355885,-0.054963,0.986734,0.152758,50.00,False
-85.943983,2.949076,-31.520591,-0.052348,0.998627,0.001890,50.00,False
-85.800506,4.630912,-30.474243,-0.023653,0.951490,-0.306768,50.00,False
-84.462294,5.504094,-30.627684,0.243989,0.456935,-0.855383,50.00,False
-85.071936,6.437053,-28.721745,0.122061,0.028197,-0.992122,50.00,False
-85.043672,6.879684,-26.129461,0.127714,0.020840,-0.991592,50.00,False
-85.043672,6.879684,-23.539826,0.127714,0.020840,-0.991592,50.00,False
-87.882879,9.383088,-15.148669,-0.440128,0.881943,0.168712,50.00,False
-85.805905,7.515089,-18.400480,-0.024733,0.015325,-0.999577,50.00,False
-85.780631,5.014219,-15.811827,-0.019678,0.008170,-0.999773,50.00,False
-85.780631,5.014219,-13.222192,-0.019678,0.008170,-0.999773,50.00,False
-85.589787,4.415873,-0.638497,0.018491,0.039737,0.999039,50.00,False
-86.172739,4.974542,-1.143315,-0.098100,0.919708,0.380149,50.00,False
-85.860534,2.367717,0.753671,-0.035658,0.969716,0.241619,50.00,False
-85.961630,3.134284,1.793298,-0.055878,0.996093,-0.068383,50.00,False
-86.232528,5.205379,2.387055,-0.110057,0.877084,-0.467558,50.00,False
-86.037833,6.427881,2.630514,-0.071118,0.342579,-0.936793,50.00,False
-86.066289,5.658457,5.008978,-0.076810,0.188694,-0.979027,50.00,False
-85.885041,7.105287,7.531795,-0.040560,0.116255,-0.992391,50.00,False
-90.400139,4.902963,16.728409,-0.943580,0.037596,0.329005,50.00,False
-86.097553,10.422873,18.413121,-0.083062,0.985490,0.148020,50.00,False
-86.751094,7.335446,15.394638,-0.213771,0.079996,-0.973603,50.00,False
-86.726130,5.854852,17.975700,-0.208778,0.071886,-0.975318,50.00,False
-86.455344,8.020783,21.196352,-0.154621,0.505072,-0.849114,50.00,False
-88.193325,5.705272,30.945545,-0.502217,0.638847,0.582797,50.00,False
-85.772049,5.135832,28.000169,-0.017962,0.851403,-0.524205,50.00,False
-85.603872,6.047233,37.968762,0.015674,0.306979,0.951587,50.00,False
-86.270591,7.985207,40.538539,-0.117670,0.296949,0.947616,50.00,False
-85.651735,7.501222,43.339048,0.006101,0.142400,0.989790,50.00,False
-85.651735,8.114730,45.928682,0.006101,0.142400,0.989790,50.00,False
-85.651735,8.114730,48.518317,0.006101,0.142400,0.989790,50.00,False
-83.150950,9.779193,45.849948,0.506258,0.860164,-0.061810,50.00,False
-87.193261,6.926809,44.041452,-0.302204,0.149566,-0.941436,50.00,False
-87.480652,7.308882,46.811788,-0.359682,0.225981,-0.905296,50.00,False
-87.995624,9.462191,50.949857,-0.462677,0.656643,-0.595609,50.00,False
-87.798950,9.121875,53.784022,-0.423342,0.722425,-0.546703,50.00,False
-87.425346,10.031354,57.875631,-0.348621,0.904320,-0.246308,50.00,False
-87.441309,11.710810,62.466638,-0.351814,0.923321,0.153966,50.00,False
-86.818982,10.862676,66.142387,-0.227348,0.900295,0.371189,50.00,False
-86.060133,8.177686,70.596179,-0.075578,0.663869,0.744020,50.00,False
-81.427523,8.594594,70.626298,0.050944,0.659423,0.750044,200.00,True
-81.427523,8.594594,70.626298,0.050944,0.659423,0.750044,50.00,False
-82.211852,9.493988,66.952683,-0.105922,0.839301,0.533248,50.00,False
-82.470925,6.993459,64.520635,-0.157737,0.810036,0.564765,50.00,False
-83.169273,2.892135,62.667220,-0.297406,0.636075,0.712009,50.00,False
-83.289059,9.585921,54.162504,-0.321364,0.821510,-0.471007,50.00,False
-82.959375,9.897190,50.838596,-0.255427,0.743643,-0.617861,50.00,False
-83.086748,9.199810,47.191341,-0.280901,0.482922,-0.829386,50.00,False
-82.556640,7.629448,43.898617,-0.174880,0.168850,-0.970003,50.00,False
-80.848890,10.404147,46.364599,0.166670,0.985155,0.041120,50.00,False
-81.519300,8.250360,48.517028,0.032588,0.140582,0.989533,50.00,False
-81.591957,7.044491,45.949226,0.018057,0.108806,0.993899,50.00,False
-81.599308,5.983344,43.372479,0.016587,0.082214,0.996477,50.00,False
-81.611648,6.047730,40.777303,0.014119,0.095091,0.995368,50.00,False
-81.554975,5.405372,38.128783,0.025453,0.178607,0.983591,50.00,False
-83.078303,4.488643,29.002239,-0.279212,0.903991,-0.323791,50.00,False
-78.036965,5.458062,28.478133,0.729055,0.678602,0.089315,50.00,False
-80.686026,4.906263,30.133272,0.199243,0.282757,0.938270,50.00,False
-82.634957,5.165767,17.945795,-0.190543,0.027321,-0.981299,50.00,False
-80.878609,5.464240,25.194815,0.160726,0.033444,0.986432,50.00,False
-79.450773,6.648755,21.938387,0.446294,0.270347,0.853074,50.00,False
-76.711389,4.629482,14.780972,0.994170,0.089259,-0.060483,50.00,False
-82.036575,7.190319,7.546844,-0.070867,0.126897,-0.989381,50.00,False
-82.036575,6.702111,4.957209,-0.070867,0.126897,-0.989381,50.00,False
-81.381658,4.583818,2.752411,0.060117,0.404829,-0.912414,50.00,False
-81.531653,6.534791,1.695696,0.030118,0.795024,-0.605830,50.00,False
-81.549903,3.428245,1.479966,0.026468,0.991023,-0.131049,50.00,False
-81.534338,2.366361,-0.060443,0.029581,0.996452,0.078796,50.00,False
-81.297448,6.348234,0.685882,0.076959,0.661498,0.745988,50.00,False
-81.626737,5.017553,-0.638853,0.011101,0.044041,0.998968,50.00,False
-81.626737,5.193579,-3.228487,0.011101,0.044041,0.998968,50.00,False
-81.823082,7.233912,-15.810737,-0.028168,0.009822,-0.999555,50.00,False
-81.823082,7.233912,-18.400371,-0.028168,0.009822,-0.999555,50.00,False
-79.132618,10.188256,-15.698652,0.509925,0.858213,0.058716,50.00,False
-81.002266,6.992302,-23.530666,0.135995,0.043364,-0.989760,50.00,False
-80.999465,6.294481,-26.120345,0.136555,0.041357,-0.989769,50.00,False
-80.953695,5.429841,-28.698158,0.145709,0.061651,-0.987405,50.00,False
-81.312014,6.199207,-30.883571,0.074046,0.415531,-0.906560,50.00,False
-81.885004,4.997973,-30.455947,-0.040552,0.952093,-0.303109,50.00,False
-82.000679,3.775697,-31.762771,-0.063688,0.996884,-0.046546,50.00,False
-82.143230,4.425635,-33.060557,-0.092198,0.972949,0.211823,50.00,False
-82.075791,5.072495,-33.054016,-0.078710,0.677760,0.731058,50.00,False
-81.931022,6.345370,-34.347081,-0.049756,0.129177,0.990372,50.00,False
-82.059976,6.105079,-36.919392,-0.075547,0.081119,0.993837,50.00,False
-82.148352,6.822574,-39.500071,-0.093222,0.005827,0.995628,50.00,False
-81.268587,6.823480,-52.050616,0.082731,0.006008,-0.996554,50.00,False
-81.303822,7.686874,-54.642922,0.075684,0.009333,-0.997088,50.00,False
-81.365426,9.528939,-57.220432,0.063363,0.081428,-0.994663,50.00,False
-81.262832,9.415164,-59.810485,0.083882,0.058673,-0.994747,50.00,False
-81.262832,9.415164,-62.400120,0.083882,0.058673,-0.994747,50.00,False
-82.079243,9.146427,-55.031867,-0.079400,0.004925,0.996831,50.00,False
-82.079243,9.146427,-57.621501,-0.079400,0.004925,0.996831,50.00,False
-82.079243,9.822342,-60.211136,-0.079400,0.004925,0.996831,50.00,False
-82.023865,9.908928,-62.797848,-0.068325,0.022242,0.997415,50.00,False
-82.023865,9.908928,-65.387483,-0.068325,0.022242,0.997415,50.00,False
-81.291844,11.038723,-77.948604,0.078080,0.011385,-0.996882,50.00,False
-82.158161,13.802952,-77.245078,-0.095184,0.936230,-0.338250,50.00,False
-85.376652,1.503307,-81.459330,-0.738882,0.119391,-0.663173,50.00,False
-86.656497,0.964585,-80.229725,-0.994851,0.011647,0.100674,50.00,False
-86.664438,1.327802,-83.313095,-0.996439,0.084290,0.001927,50.00,False
-86.646371,1.220358,-86.421101,-0.992826,0.062801,-0.101747,50.00,False
-82.646371,1.220358,-86.421101,-0.992826,0.062801,-0.101747,200.00,True
-82.646371,1.220358,-86.421101,-0.992826,0.062801,-0.101747,50.00,False
-82.664438,1.327802,-83.313095,-0.996439,0.084290,0.001927,50.00,False
-82.656497,0.964585,-80.229725,-0.994851,0.011647,0.100674,50.00,False
-72.816088,0.914219,-79.292587,0.973231,0.001573,-0.229825,50.00,False
-82.511024,0.931541,-74.256824,-0.965757,0.005038,0.259401,50.00,False
-78.243174,10.367677,-74.665175,-0.112186,0.933638,-0.340196,50.00,False
-78.086240,9.126961,-65.390910,-0.080800,0.001032,0.996730,50.00,False
-78.086240,9.126961,-62.801275,-0.080800,0.001032,0.996730,50.00,False
-77.249386,9.139562,-70.176486,0.086571,0.003552,-0.996239,50.00,False
-78.099294,7.877624,-57.628738,-0.083411,0.047483,0.995383,50.00,False
-78.137797,7.771807,-55.038556,-0.091111,0.026319,0.995493,50.00,False
-78.135280,7.801346,-52.449560,-0.090608,0.032227,0.995365,50.00,False
-78.135280,7.801346,-49.859925,-0.090608,0.032227,0.995365,50.00,False
-78.135280,7.801346,-47.270291,-0.090608,0.032227,0.995365,50.00,False
-78.100371,7.803531,-44.677673,-0.083626,0.032664,0.995962,50.00,False
-78.133029,7.822721,-42.091555,-0.090157,0.036502,0.995258,50.00,False
-78.133029,7.822721,-39.501920,-0.090157,0.036502,0.995258,50.00,False
-78.133029,7.822721,-36.912286,-0.090157,0.036502,0.995258,50.00,False
-78.094392,6.556886,-34.321171,-0.082430,0.045569,0.995554,50.00,False
-78.190696,5.566359,-32.631863,-0.101691,0.569769,0.815489,50.00,False
-77.689093,6.282115,-32.156387,-0.001370,0.919684,0.392657,50.00,False
-77.410860,3.931438,-32.111859,0.054276,0.991723,-0.116364,50.00,False
-77.478740,3.738027,-29.639159,0.040700,0.989350,-0.139751,50.00,False
-76.396492,6.874654,-30.321575,0.257150,0.550620,-0.794161,50.00,False
-76.893988,7.061027,-28.559483,0.157651,0.232767,-0.959670,50.00,False
-77.020899,6.153424,-26.120942,0.132268,0.051246,-0.989888,50.00,False
-77.023062,6.163396,-23.531070,0.131836,0.053241,-0.989841,50.00,False
-75.643887,10.366147,-16.926871,0.407671,0.893791,-0.186928,50.00,False
-78.501280,11.540607,-16.071540,-0.163808,0.829600,-0.533789,50.00,False
-77.521428,7.477480,-5.816270,0.032163,0.016975,0.999338,50.00,False
-77.432867,4.754489,-3.252259,0.049875,0.095139,0.994214,50.00,False
-77.432867,4.754489,-0.662624,0.049875,0.095139,0.994214,50.00,False
-77.095721,2.598876,-1.243043,0.117304,0.925469,0.360203,50.00,False
-77.096128,2.930221,-0.193942,0.117223,0.991738,0.052096,50.00,False
-77.147982,2.868755,1.529685,0.106852,0.986872,-0.121105,50.00,False
-77.408113,4.959905,2.437492,0.054826,0.887533,-0.457471,50.00,False
-78.101742,5.273871,2.573172,-0.083900,0.306204,-0.948262,50.00,False
-77.900551,4.863813,5.036283,-0.043662,0.224192,-0.973566,50.00,False
-76.156633,7.023804,7.991450,0.305122,0.309956,-0.900460,50.00,False
-75.319516,8.578053,15.403834,0.472545,0.878973,0.064090,50.00,False
-76.772727,5.513879,22.584817,0.181903,0.043372,0.982360,50.00,False
-78.430257,5.304684,15.318929,-0.149603,0.001533,-0.988745,50.00,False
-76.955765,4.571407,27.783973,0.145295,0.077644,0.986337,50.00,False
-77.224637,5.280554,28.060555,0.091521,0.846956,0.523726,50.00,False
-77.992865,2.755132,28.075593,-0.062125,0.998030,0.008807,50.00,False
-77.831536,3.196032,29.025451,-0.029859,0.947234,-0.319148,50.00,False
-78.284352,4.107027,28.358905,-0.120422,0.209411,-0.970384,50.00,False
-77.431074,6.890353,40.762839,0.050234,0.111664,0.992476,50.00,False
-77.343481,6.662271,43.376708,0.067752,0.027526,0.997322,50.00,False
-77.343481,6.662271,45.966343,0.067752,0.027526,0.997322,50.00,False
-81.011931,8.911775,46.435503,-0.665938,0.477427,0.573228,50.00,False
-78.184392,11.211171,46.692297,-0.100430,0.989211,0.106659,50.00,False
-78.720026,7.521076,44.021524,-0.207557,0.251192,-0.945422,50.00,False
-78.725248,8.186082,46.841377,-0.208601,0.384193,-0.899378,50.00,False
-78.559269,8.289230,49.698443,-0.175405,0.503686,-0.845892,50.00,False
-79.028068,9.880957,54.008480,-0.269165,0.822031,-0.501812,50.00,False
-77.061372,7.543513,57.025943,0.124174,0.900733,-0.416246,50.00,False
-77.841963,6.585248,65.480968,-0.031944,0.652828,0.756832,50.00,False
-77.894080,9.941221,67.993955,-0.042368,0.669611,0.741503,50.00,False
-77.025971,9.418962,70.948445,0.131254,0.565159,0.814474,50.00,False
-73.088034,8.583379,71.195096,0.118841,0.489612,0.863804,200.00,True
-73.088034,8.583379,71.195096,0.118841,0.489612,0.863804,50.00,False
-73.154525,6.696264,68.842900,0.105543,0.398005,0.911292,50.00,False
-73.810096,7.974016,65.343547,-0.025571,0.683665,0.729348,50.00,False
-72.292325,5.362731,58.705188,0.277983,0.957216,-0.080397,50.00,False
-74.042292,6.746825,52.496361,-0.072010,0.589932,-0.804235,50.00,False
-74.899891,5.142165,49.268687,-0.243530,0.269000,-0.931843,50.00,False
-75.086979,5.824060,46.707361,-0.280948,0.251507,-0.926182,50.00,False
-75.075401,7.727071,44.174599,-0.278632,0.292390,-0.914807,50.00,False
-74.691976,11.107499,45.429766,-0.201947,0.968476,-0.145847,50.00,False
-73.740122,10.919731,44.102803,-0.011576,0.994225,0.106688,50.00,False
-73.121631,6.539020,45.948182,0.112122,0.002876,0.993690,50.00,False
-73.024361,6.500469,43.343982,0.131576,0.032375,0.990777,50.00,False
-72.884581,6.679246,40.724656,0.159532,0.068130,0.984839,50.00,False
-74.091956,5.381741,28.306837,-0.081943,0.176976,-0.980798,50.00,False
-74.033546,5.963337,26.927600,-0.070261,0.670342,-0.738718,50.00,False
-73.663835,2.700253,27.810825,0.003681,0.999018,-0.044147,50.00,False
-73.590644,5.317983,27.053263,0.018319,0.946471,0.322268,50.00,False
-73.013371,5.021000,27.703167,0.133774,0.202147,0.970176,50.00,False
-72.936998,5.412581,25.204025,0.149049,0.033141,0.988274,50.00,False
-74.513655,6.454414,12.744828,-0.166283,0.029454,-0.985638,50.00,False
-74.933071,9.973226,16.130777,-0.250166,0.945270,0.209479,50.00,False
-69.974771,6.814164,9.418252,0.741494,0.268028,-0.615100,50.00,False
-73.754812,6.215446,4.959924,-0.014514,0.148284,-0.988838,50.00,False
-73.671296,6.216401,2.565066,0.002189,0.312598,-0.949883,50.00,False
-75.058427,5.022614,1.095700,-0.275237,0.630410,-0.725829,50.00,False
-73.038146,3.410446,1.035257,0.128819,0.966959,-0.219991,50.00,False
-72.856939,1.777069,-0.322190,0.165060,0.985929,0.026447,50.00,False
-73.021493,1.607414,-1.663509,0.132150,0.951998,0.276110,50.00,False
-73.432802,4.449967,-0.642853,0.049888,0.034235,0.998168,50.00,False
-73.432802,4.449967,-3.232488,0.049888,0.034235,0.998168,50.00,False
-73.404796,7.140837,-5.822528,0.055489,0.027271,0.998087,50.00,False
-73.404796,7.140837,-8.412163,0.055489,0.027271,0.998087,50.00,False
-77.286941,9.453891,-15.670360,-0.720940,0.690001,0.064374,50.00,False
-72.944400,6.314735,-23.517346,0.147568,0.062170,-0.987096,50.00,False
-72.972031,6.493875,-26.096489,0.142042,0.097998,-0.984998,50.00,False
-73.046027,5.879918,-28.697421,0.127243,0.095565,-0.987257,50.00,False
-72.917447,6.201067,-30.220561,0.152959,0.614485,-0.773958,50.00,False
-73.143569,3.723984,-29.555418,0.107734,0.986541,-0.123003,50.00,False
-73.257081,3.571306,-31.386384,0.085032,0.995964,0.028731,50.00,False
-73.938528,6.528441,-30.893042,-0.051257,0.762185,0.645326,50.00,False
-74.607091,5.558802,-32.233464,-0.184970,0.405535,0.895169,50.00,False
-74.023492,6.620360,-34.319115,-0.068250,0.058264,0.995965,50.00,False
-74.023492,6.620360,-36.908750,-0.068250,0.058264,0.995965,50.00,False
-74.034078,7.214409,-39.498879,-0.070367,0.057430,0.995867,50.00,False
-73.908935,7.823774,-42.076363,-0.045339,0.036713,0.998297,50.00,False
-73.591360,9.519605,-54.655213,0.018176,0.024021,-0.999546,50.00,False
-73.945205,9.485217,-47.254394,-0.052593,0.011953,0.998544,50.00,False
-73.347544,9.428505,-59.825535,0.066940,0.000611,-0.997757,50.00,False
-73.347544,9.402555,-62.415170,0.066940,0.000611,-0.997757,50.00,False
-73.347544,9.402555,-65.004804,0.066940,0.000611,-0.997757,50.00,False
-74.105807,9.437635,-57.623643,-0.084713,0.002437,0.996402,50.00,False
-74.105807,10.336567,-60.213277,-0.084713,0.002437,0.996402,50.00,False
-74.105807,10.336567,-62.802912,-0.084713,0.002437,0.996402,50.00,False
-76.528466,4.965871,-72.849701,-0.569245,0.656435,-0.495029,50.00,False
-78.459317,1.218243,-71.521186,-0.955415,0.062378,0.288601,50.00,False
-78.511024,0.931541,-74.256824,-0.965757,0.005038,0.259401,50.00,False
-68.816088,0.914219,-79.292587,0.973231,0.001573,-0.229825,50.00,False
-78.656497,0.964585,-80.229725,-0.994851,0.011647,0.100674,50.00,False
-78.664438,1.327802,-83.313095,-0.996439,0.084290,0.001927,50.00,False
-78.560194,1.673338,-86.698054,-0.975591,0.153397,-0.157138,50.00,False
-74.445705,3.796541,-86.531021,-0.952693,0.277609,-0.123731,200.00,True
-74.445705,3.796541,-86.531021,-0.952693,0.277609,-0.123731,50.00,False
-74.601158,1.776044,-83.541566,-0.983783,0.173938,-0.043767,50.00,False
-74.663783,1.316777,-80.607426,-0.996308,0.082085,0.025134,50.00,False
-74.511024,0.931541,-76.846459,-0.965757,0.005038,0.259401,50.00,False
-74.459317,1.218243,-74.110821,-0.955415,0.062378,0.288601,50.00,False
-74.459317,1.658733,-71.521186,-0.955415,0.062378,0.288601,50.00,False
-74.334884,1.862391,-68.617538,-0.930529,0.103110,0.351404,50.00,False
-73.660834,4.668697,-70.591475,-0.795719,0.227514,-0.561310,50.00,False
-69.979243,9.579333,-60.206491,-0.059400,0.030777,0.997760,50.00,False
-69.979243,9.579333,-57.616856,-0.059400,0.030777,0.997760,50.00,False
-69.979243,9.579333,-55.027222,-0.059400,0.030777,0.997760,50.00,False
-69.979243,9.579333,-52.437587,-0.059400,0.030777,0.997760,50.00,False
-70.119893,9.213859,-49.864152,-0.087530,0.057173,0.994520,50.00,False
-70.119893,9.213859,-47.274517,-0.087530,0.057173,0.994520,50.00,False
-70.258049,9.044400,-44.692112,-0.115162,0.023281,0.993074,50.00,False
-70.139212,7.219573,-42.097361,-0.091394,0.058462,0.994097,50.00,False
-70.139212,7.219573,-39.507726,-0.091394,0.058462,0.994097,50.00,False
-70.164956,7.305515,-36.926329,-0.096543,0.075651,0.992450,50.00,False
-70.202712,7.308748,-34.340760,-0.104094,0.076297,0.991637,50.00,False
-70.090038,5.498004,-32.130543,-0.081559,0.393376,0.915753,50.00,False
-69.682777,6.671712,-31.059556,-0.000107,0.790840,0.612024,50.00,False
-69.492115,3.562855,-31.030692,0.038025,0.994274,0.099869,50.00,False
-69.680790,4.246296,-29.813114,0.000290,0.984650,-0.174542,50.00,False
-68.427150,5.637061,-29.712900,0.251018,0.696300,-0.672426,50.00,False
-69.166529,6.041656,-28.432639,0.103142,0.341238,-0.934301,50.00,False
-68.841992,6.616314,-26.062197,0.168050,0.122486,-0.978139,50.00,False
-68.875828,7.902305,-23.512798,0.161283,0.037738,-0.986186,50.00,False
-74.673561,5.660676,-15.872122,-0.998264,0.053779,0.024022,50.00,False
-73.853473,7.758886,-13.160861,-0.834246,0.549268,0.048347,50.00,False
-69.495839,5.226019,-5.821000,0.037280,0.042695,0.998392,50.00,False
-69.503281,5.236302,-3.231544,0.035792,0.044751,0.998357,50.00,False
-69.503281,5.236302,-0.641909,0.035792,0.044751,0.998357,50.00,False
-68.144449,4.620833,0.699699,0.307559,0.587179,0.748751,50.00,False
-69.526821,2.027685,-0.152901,0.031084,0.997696,0.060304,50.00,False
-69.671654,3.389998,0.750858,0.002117,0.960905,-0.276871,50.00,False
-70.175255,4.971209,0.128288,-0.098603,0.380977,-0.919312,50.00,False
-69.720206,5.694286,2.424170,-0.007593,0.208175,-0.978062,50.00,False
-69.720206,5.694286,5.013805,-0.007593,0.208175,-0.978062,50.00,False
-70.359783,9.607277,12.505613,-0.135508,0.990773,0.002373,50.00,False
-65.927997,8.800990,15.295370,0.750849,0.659112,0.042397,50.00,False
-68.981403,6.543485,22.622562,0.140168,0.020830,0.989909,50.00,False
-68.975662,5.658588,25.210106,0.141316,0.030631,0.989491,50.00,False
-68.789081,5.320434,27.594199,0.178632,0.262034,0.948382,50.00,False
-68.798221,2.562095,25.924534,0.176804,0.979502,0.096522,50.00,False
-69.049890,2.386805,27.882177,0.126470,0.991520,-0.029876,50.00,False
-69.507335,4.664251,28.467734,0.034981,0.901821,-0.430692,50.00,False
-68.989919,5.594296,38.135124,0.138464,0.104304,0.984860,50.00,False
-68.890171,8.817178,40.439703,0.158414,0.337643,0.927848,50.00,False
-69.086763,7.638350,43.349508,0.119096,0.044557,0.991882,50.00,False
-69.122492,7.819508,45.931852,0.111950,0.080789,0.990424,50.00,False
-70.716000,9.750557,44.174036,-0.206752,0.970891,0.120934,50.00,False
-71.373036,5.937434,41.570226,-0.338159,0.208266,-0.917755,50.00,False
-71.331748,6.104025,44.185735,-0.329901,0.241584,-0.912580,50.00,False
-71.305374,6.753122,47.110407,-0.324627,0.423822,-0.845572,50.00,False
-70.092015,8.162381,50.408997,-0.081955,0.705674,-0.703781,50.00,False
-67.101730,4.888473,57.608368,0.516102,0.828277,0.218166,50.00,False
-73.574246,2.883155,62.215843,-0.778401,0.086827,0.621734,50.00,False
-68.892849,7.660266,65.616656,0.157878,0.600388,0.783970,50.00,False
-68.892849,9.137260,68.206291,0.157878,0.600388,0.783970,50.00,False
-69.000487,8.245311,71.357499,0.136351,0.421998,0.896284,50.00,False
-65.035267,8.640719,71.359949,0.129395,0.423146,0.896774,200.00,True
-65.035267,8.640719,71.359949,0.129395,0.423146,0.896774,50.00,False
-64.963903,9.370547,68.334501,0.143668,0.569112,0.809612,50.00,False
-64.963903,7.503884,65.744867,0.143668,0.569112,0.809612,50.00,False
-64.786156,7.655260,62.218392,0.179217,0.762033,0.622244,50.00,False
-65.121852,1.996902,56.542984,0.112078,0.993686,0.005089,50.00,False
-65.688675,8.604510,50.800513,-0.001287,0.780241,-0.625478,50.00,False
-67.256447,8.162210,47.895243,-0.314841,0.653221,-0.688605,50.00,False
-67.299415,7.775028,44.720788,-0.323435,0.496435,-0.805569,50.00,False
-67.541981,7.715830,41.803710,-0.371948,0.320800,-0.871058,50.00,False
-66.921666,10.888051,44.376533,-0.247885,0.955245,0.161434,50.00,False
-67.156198,11.831940,41.822038,-0.294791,0.940595,0.168461,50.00,False
-65.430503,7.617750,43.359776,0.050348,0.097757,0.993936,50.00,False
-65.430503,7.356373,40.770141,0.050348,0.097757,0.993936,50.00,False
-66.281585,5.156892,28.247591,-0.119869,0.016823,-0.992647,50.00,False
-66.146687,5.284160,25.868852,-0.092889,0.296618,-0.950468,50.00,False
-65.130737,1.644028,27.527662,0.110301,0.988776,-0.100779,50.00,False
-65.077871,2.274821,26.176175,0.120874,0.981746,0.146850,50.00,False
-64.923297,4.685095,27.665183,0.151789,0.224504,0.962579,50.00,False
-64.989470,5.220687,25.212642,0.138554,0.026595,0.989998,50.00,False
-64.993279,5.822356,22.623453,0.137792,0.027228,0.990087,50.00,False
-68.394540,9.269662,14.690049,-0.542460,0.836390,-0.078667,50.00,False
-69.347149,9.319271,12.700314,-0.732982,0.678993,0.041313,50.00,False
-65.628995,7.695835,4.933111,0.010649,0.107010,-0.994201,50.00,False
-65.595102,6.714705,2.378118,0.017428,0.158080,-0.987273,50.00,False
-65.572032,6.107375,0.068371,0.022042,0.363599,-0.931295,50.00,False
-65.306933,3.353822,0.678504,0.075062,0.953670,-0.291341,50.00,False
-65.173171,5.832800,0.190332,0.101814,0.986410,0.128951,50.00,False
-64.839292,5.853375,1.498178,0.168590,0.382493,0.908447,50.00,False
-65.043579,4.706166,-0.734051,0.127732,0.153052,0.979928,50.00,False
-66.476404,6.777224,-13.159402,-0.158833,0.013370,-0.987215,50.00,False
-64.879548,6.723282,-5.877831,0.160539,0.002581,0.987026,50.00,False
-65.467916,8.923032,-13.766613,0.042865,0.996425,-0.072803,50.00,False
-63.820542,8.207441,-17.817272,0.372340,0.853307,-0.365008,50.00,False
-64.586994,5.036277,-23.398741,0.219049,0.154680,-0.963375,50.00,False
-64.855331,5.569734,-25.926323,0.165382,0.261372,-0.950965,50.00,False
-65.516839,6.089582,-28.049599,0.033080,0.513097,-0.857693,50.00,False
-65.381325,6.168427,-28.867222,0.060183,0.862019,-0.503290,50.00,False
-65.470185,4.175815,-29.534283,0.042411,0.992015,-0.118776,50.00,False
-65.921346,4.554334,-30.522713,-0.047821,0.978328,0.201465,50.00,False
-66.157297,5.855293,-30.870798,-0.095011,0.754165,0.649775,50.00,False
-66.115428,5.935796,-31.801166,-0.086637,0.169998,0.981629,50.00,False
-66.048461,5.660470,-34.345596,-0.073244,0.114933,0.990669,50.00,False
-66.267834,7.906807,-36.923258,-0.117119,0.010359,0.993064,50.00,False
-66.267834,7.906807,-39.512893,-0.117119,0.010359,0.993064,50.00,False
-66.267834,7.906807,-42.102527,-0.117119,0.010359,0.993064,50.00,False
-66.271537,9.007709,-44.692970,-0.117859,0.015943,0.992902,50.00,False
-66.247050,9.630132,-47.279123,-0.112962,0.001175,0.993599,50.00,False
-66.238110,9.664637,-49.867910,-0.111174,0.008076,0.993768,50.00,False
-65.108601,9.655003,-62.393275,0.114728,0.006149,-0.993378,50.00,False
-66.266958,9.641019,-55.050355,-0.116943,0.003352,0.993133,50.00,False
-66.266958,9.641019,-57.639990,-0.116943,0.003352,0.993133,50.00,False
-62.186708,5.355444,-63.752390,0.699107,0.654195,0.288580,50.00,False
-69.698084,1.678624,-64.824700,-0.803169,0.066356,0.592045,50.00,False
-70.147075,1.620502,-68.140644,-0.892967,0.054732,0.446783,50.00,False
-70.334884,1.862391,-71.207173,-0.930529,0.103110,0.351404,50.00,False
-70.459317,1.658733,-74.110821,-0.955415,0.062378,0.288601,50.00,False
-70.459317,1.218243,-76.700456,-0.955415,0.062378,0.288601,50.00,False
-70.601158,1.776044,-80.951931,-0.983783,0.173938,-0.043767,50.00,False
-70.445705,3.796541,-83.941387,-0.952693,0.277609,-0.123731,50.00,False
-70.445705,3.796541,-86.531021,-0.952693,0.277609,-0.123731,50.00,False
-66.298416,4.026619,-86.948031,-0.923235,0.323625,-0.207133,200.00,True
-66.298416,4.026619,-86.948031,-0.923235,0.323625,-0.207133,50.00,False
-66.315043,4.209820,-83.863443,-0.926560,0.360265,-0.108142,50.00,False
-66.366027,4.122210,-80.379086,-0.936757,0.342743,0.070802,50.00,False
-66.469311,2.164688,-76.953886,-0.957414,0.163569,0.237915,50.00,False
-66.391730,1.905526,-73.969975,-0.941898,0.111737,0.316771,50.00,False
-66.238103,1.869368,-70.971434,-0.911172,0.104505,0.398552,50.00,False
-65.782806,1.711773,-67.536920,-0.820113,0.072986,0.567528,50.00,False
-65.447030,2.028664,-64.565998,-0.752958,0.136364,0.643785,50.00,False
-65.347968,2.188101,-61.900638,-0.733145,0.168252,0.658930,50.00,False
-65.673683,4.220523,-64.728307,-0.798288,0.427211,-0.424530,50.00,False
-62.181828,9.412969,-55.048586,-0.099917,0.054777,0.993487,50.00,False
-62.181828,9.412969,-52.458951,-0.099917,0.054777,0.993487,50.00,False
-62.133480,9.338332,-49.861142,-0.090248,0.039849,0.995122,50.00,False
-62.133480,9.338332,-47.271507,-0.090248,0.039849,0.995122,50.00,False
-62.122878,9.352658,-44.681517,-0.088127,0.042715,0.995193,50.00,False
-62.052697,9.140442,-42.081590,-0.074091,0.000271,0.997251,50.00,False
-62.052246,7.996921,-39.493941,-0.074001,0.028381,0.996854,50.00,False
-61.962852,5.748591,-36.909715,-0.056122,0.072715,0.995772,50.00,False
-61.962852,5.748591,-34.320081,-0.056122,0.072715,0.995772,50.00,False
-62.129729,6.380839,-31.829955,-0.089498,0.199165,0.975871,50.00,False
-62.641764,6.663315,-29.732903,-0.191905,0.439798,0.877354,50.00,False
-62.372055,5.682735,-30.252490,-0.137963,0.956912,0.255510,50.00,False
-61.707399,4.652217,-28.342092,-0.005031,0.992802,0.119662,50.00,False
-60.915038,3.305661,-27.373621,0.153441,0.966751,-0.204570,50.00,False
-60.216402,6.578745,-27.438149,0.293168,0.610930,-0.735403,50.00,False
-59.578168,4.883326,-25.498783,0.420815,0.271846,-0.865456,50.00,False
-59.866891,5.790370,-23.230586,0.363070,0.061289,-0.929744,50.00,False
-57.092935,6.137768,-17.865934,0.917861,0.130768,-0.374740,50.00,False
-62.804874,10.558825,-14.123344,-0.224527,0.963747,-0.144150,50.00,False
-59.522020,5.817897,-6.304371,0.432044,0.015562,0.901718,50.00,False
-60.350274,5.904337,-3.406805,0.266393,0.032850,0.963304,50.00,False
-60.123265,4.987024,-0.928583,0.311795,0.131383,0.941022,50.00,False
-60.690829,4.945444,-0.276833,0.198283,0.808939,0.553445,50.00,False
-61.555215,2.180732,-0.382974,0.025405,0.999575,0.014290,50.00,False
-61.431544,3.357770,0.675134,0.050139,0.955098,-0.292015,50.00,False
-61.133056,6.181315,0.558038,0.109837,0.541705,-0.833362,50.00,False
-61.521766,4.770133,2.488390,0.032095,0.259469,-0.965218,50.00,False
-60.510121,6.586707,5.088790,0.234424,0.132480,-0.963065,50.00,False
-58.354140,4.963919,8.879601,0.665620,0.185652,-0.722830,50.00,False
-59.498860,9.053224,17.356577,0.436676,0.776284,0.454639,50.00,False
-60.398420,7.018260,22.318174,0.256764,0.266408,0.929031,50.00,False
-60.958105,4.366540,25.198861,0.144827,0.066177,0.987241,50.00,False
-60.829816,4.641420,27.741708,0.170485,0.121153,0.977884,50.00,False
-61.491877,2.429982,26.258809,0.038073,0.985829,0.163377,50.00,False
-61.740372,4.182668,25.930351,-0.011626,0.907338,-0.420241,50.00,False
-61.655153,3.057284,26.145756,0.005418,0.445858,-0.895087,50.00,False
-62.461866,5.521095,28.280982,-0.155925,0.059604,-0.985969,50.00,False
-62.446594,5.665868,30.879110,-0.152871,0.088559,-0.984270,50.00,False
-62.439205,5.654489,33.466592,-0.151393,0.086283,-0.984701,50.00,False
-59.183927,9.553177,41.072694,0.499663,0.866020,0.018593,50.00,False
-62.977773,12.110388,43.044954,-0.259106,0.960137,-0.104882,50.00,False
-63.630224,9.659558,42.198755,-0.389596,0.469971,-0.792049,50.00,False
-63.769141,8.971481,45.217738,-0.417380,0.571931,-0.706179,50.00,False
-64.074518,8.967752,48.935748,-0.478455,0.734980,-0.480504,50.00,False
-57.718750,3.644269,55.908103,0.792698,0.463446,0.396040,50.00,False
-56.779251,3.171474,55.914201,0.980598,0.154489,-0.120667,50.00,False
-60.906802,8.279686,62.288543,0.155088,0.755714,0.636274,50.00,False
-61.080754,9.873134,64.961484,0.120297,0.747800,0.652935,50.00,False
-60.990854,9.608941,68.170771,0.138277,0.614295,0.776866,50.00,False
-60.837462,8.247756,71.497900,0.168956,0.342058,0.924365,50.00,False
-56.747005,9.072761,71.395224,0.187047,0.384845,0.903829,200.00,True
-56.747005,9.072761,71.395224,0.187047,0.384845,0.903829,50.00,False
-57.207029,9.892568,68.439087,0.095042,0.548806,0.830529,50.00,False
-56.954012,8.932931,65.701923,0.145646,0.580645,0.801023,50.00,False
-57.531508,9.742500,62.452681,0.030147,0.742559,0.669102,50.00,False
-54.516012,2.961024,52.759424,0.633246,0.184561,-0.751623,50.00,False
-57.932595,2.568924,54.302684,-0.050071,0.995929,0.074956,50.00,False
-61.374673,3.525061,48.012012,-0.738486,0.109902,-0.665251,50.00,False
-59.761864,8.722764,45.025976,-0.415925,0.522187,-0.744532,50.00,False
-60.010755,10.364444,42.308353,-0.465703,0.435915,-0.770129,50.00,False
-59.474042,8.115629,38.971547,-0.358360,0.161185,-0.919564,50.00,False
-55.320536,9.371588,41.420098,0.472341,0.877005,0.088073,50.00,False
-53.231966,7.110787,37.112756,0.890055,0.377542,-0.255468,50.00,False
-58.336597,5.568964,30.855547,-0.130871,0.069178,-0.988983,50.00,False
-58.202233,4.789203,28.272865,-0.103998,0.117668,-0.987592,50.00,False
-58.189141,4.746632,25.676985,-0.101380,0.109154,-0.988842,50.00,False
-60.431557,3.795980,25.093477,-0.549863,0.593597,-0.587616,50.00,False
-57.786276,2.710049,26.581607,-0.020807,0.973454,0.227937,50.00,False
-57.424185,4.639773,27.365147,0.051611,0.427435,0.902572,50.00,False
-56.876223,5.347263,25.126224,0.161204,0.166855,0.972714,50.00,False
-56.027190,5.310256,22.389123,0.331010,0.027691,0.943221,50.00,False
-59.185745,6.409512,10.708151,-0.300701,0.379305,-0.875047,50.00,False
-57.658777,5.258363,7.549676,0.004693,0.149075,-0.988815,50.00,False
-56.467960,5.400535,5.309258,0.242856,0.310664,-0.918971,50.00,False
-56.753124,5.419165,2.659836,0.185824,0.314390,-0.930929,50.00,False
-57.681346,5.343689,1.874306,0.000179,0.821570,-0.570108,50.00,False
-58.100910,2.380867,0.623631,-0.083734,0.949523,-0.302316,50.00,False
-58.294688,0.855321,-0.529076,-0.122489,0.992358,-0.014931,50.00,False
-58.101581,1.133245,-2.038035,-0.083868,0.975952,0.201205,50.00,False
-56.320652,5.252359,-0.911879,0.272318,0.184450,0.944363,50.00,False
-59.937335,4.533377,-12.685732,-0.451019,0.007735,-0.892481,50.00,False
-59.893640,5.478472,-15.278937,-0.442280,0.081186,-0.893195,50.00,False
-55.947131,9.207496,-13.311345,0.347022,0.937679,0.018250,50.00,False
-54.271494,5.720183,-19.445375,0.682149,0.240217,-0.690629,50.00,False
-54.675304,5.955574,-22.548714,0.601387,0.094329,-0.793370,50.00,False
-55.403891,5.719142,-25.350754,0.455670,0.306134,-0.835851,50.00,False
-56.793203,4.872508,-24.975167,0.177808,0.953640,-0.242806,50.00,False
-57.476762,3.402466,-27.155362,0.041096,0.986112,-0.160919,50.00,False
-58.083565,4.635559,-28.069037,-0.080265,0.981421,0.174274,50.00,False
-58.286203,5.905918,-29.328611,-0.120792,0.889695,0.440286,50.00,False
-57.728906,6.747076,-29.671430,-0.009333,0.456550,0.889649,50.00,False
-58.358096,6.859365,-31.979666,-0.135171,0.294870,0.945928,50.00,False
-58.087718,6.243033,-34.389830,-0.081095,0.171603,0.981823,50.00,False
-57.824375,6.696142,-36.895155,-0.028427,0.042673,0.998685,50.00,False
-57.824375,6.696142,-39.484789,-0.028427,0.042673,0.998685,50.00,False
-57.824375,6.696142,-42.074424,-0.028427,0.042673,0.998685,50.00,False
-57.662614,9.274632,-54.641336,0.003925,0.080202,-0.996771,50.00,False
-57.582740,9.239462,-57.240286,0.019900,0.048313,-0.998634,50.00,False
-57.581430,9.060852,-59.835338,0.020162,0.012591,-0.999717,50.00,False
-57.581430,9.060852,-62.424973,0.020162,0.012591,-0.999717,50.00,False
-57.787877,5.469921,-55.017857,-0.021127,0.016981,0.999633,50.00,False
-61.086496,1.977411,-58.998241,-0.680851,0.126114,0.721483,50.00,False
-61.214829,2.149233,-61.748988,-0.706518,0.160478,0.689260,50.00,False
-61.324774,2.248938,-64.480658,-0.728507,0.180419,0.660853,50.00,False
-61.447030,2.028664,-67.155633,-0.752958,0.136364,0.643785,50.00,False
-61.828417,2.553447,-70.443612,-0.829235,0.241321,0.504116,50.00,False
-62.229726,2.812733,-74.080212,-0.909497,0.293178,0.294723,50.00,False
-62.199019,4.487232,-77.616612,-0.903355,0.415748,0.105370,50.00,False
-62.184299,4.574517,-80.533549,-0.900412,0.433205,0.039910,50.00,False
-62.173375,4.574238,-83.695920,-0.898227,0.433149,-0.074638,50.00,False
-62.101720,4.450768,-87.051367,-0.883896,0.408455,-0.227800,50.00,False
-57.771575,5.017469,-87.335643,-0.817867,0.500065,-0.284655,200.00,True
-57.771575,5.017469,-87.335643,-0.817867,0.500065,-0.284655,50.00,False
-57.953215,4.967101,-84.192498,-0.854195,0.489992,-0.173953,50.00,False
-57.993430,4.995015,-80.209836,-0.862238,0.495574,0.104652,50.00,False
-57.671898,5.442635,-77.419492,-0.797931,0.585098,0.144794,50.00,False
-57.445625,4.900422,-73.282941,-0.752677,0.476656,0.454177,50.00,False
-57.335870,3.063525,-70.013940,-0.730726,0.343337,0.590051,50.00,False
-57.324774,2.248938,-67.070292,-0.728507,0.180419,0.660853,50.00,False
-57.214829,2.149233,-64.338623,-0.706518,0.160478,0.689260,50.00,False
-56.939634,2.159744,-61.490079,-0.651479,0.162580,0.741042,50.00,False
-56.662586,2.172066,-58.676717,-0.596069,0.165045,0.785788,50.00,False
-56.643852,2.216902,-56.082592,-0.592322,0.174012,0.786686,50.00,False
-53.696959,8.804219,-62.423611,-0.002943,0.033178,-0.999445,50.00,False
-53.696959,9.039511,-59.833976,-0.002943,0.033178,-0.999445,50.00,False
-53.696959,9.039511,-57.244342,-0.002943,0.033178,-0.999445,50.00,False
-53.696959,9.039511,-54.654707,-0.002943,0.033178,-0.999445,50.00,False
-53.696959,8.804219,-52.065072,-0.002943,0.033178,-0.999445,50.00,False
-53.709706,6.518623,-49.478008,-0.005493,0.007169,-0.999959,50.00,False
-53.685291,6.860644,-36.902877,-0.000610,0.075573,0.997140,50.00,False
-53.685291,6.860644,-34.313243,-0.000610,0.075573,0.997140,50.00,False
-53.743984,7.078760,-32.115349,-0.012349,0.394549,0.918792,50.00,False
-54.328226,6.133491,-30.458124,-0.129197,0.668603,0.732310,50.00,False
-54.063707,6.297964,-29.169661,-0.076293,0.878251,0.472076,50.00,False
-53.386293,5.184074,-27.607913,0.059190,0.962016,0.266498,50.00,False
-53.364331,3.956810,-25.601640,0.063582,0.986666,0.149826,50.00,False
-52.674022,3.327625,-23.848173,0.201644,0.979304,-0.017407,50.00,False
-51.843407,5.009146,-21.933305,0.367767,0.917351,-0.152361,50.00,False
-51.132282,6.480148,-22.409659,0.509992,0.392210,-0.765559,50.00,False
-57.439568,4.825756,-12.693780,-0.751465,0.010420,0.659690,50.00,False
-51.146203,5.353196,-9.132627,0.507208,0.115908,0.853994,50.00,False
-55.773182,4.937831,-15.351796,-0.418188,0.032835,-0.907767,50.00,False
-51.335915,4.545889,-3.933825,0.469265,0.209277,0.857901,50.00,False
-52.129183,0.738675,-4.695513,0.310612,0.931833,0.187636,50.00,False
-51.914217,0.748127,-2.764619,0.353605,0.933724,0.055888,50.00,False
-52.818996,0.995916,-0.165040,0.172649,0.983282,0.057877,50.00,False
-52.997101,0.583935,0.895248,0.137028,0.959022,-0.247993,50.00,False
-53.146599,3.231756,2.862241,0.107128,0.921820,-0.372521,50.00,False
-52.547794,5.922869,2.909405,0.226890,0.415131,-0.881015,50.00,False
-52.341970,4.848217,5.192251,0.268054,0.200201,-0.942373,50.00,False
-52.386779,4.271970,7.683203,0.259092,0.084951,-0.962109,50.00,False
-52.009501,4.752493,19.794857,0.334548,0.012592,0.942295,50.00,False
-51.970145,5.698055,22.029337,0.342419,0.351637,0.871264,50.00,False
-52.133578,5.151006,24.612215,0.309733,0.383821,0.869912,50.00,False
-53.852710,4.315002,24.837952,-0.034094,0.917128,0.397133,50.00,False
-54.644335,3.590628,26.280607,-0.192419,0.966871,0.167737,50.00,False
-54.374639,4.984513,23.586514,-0.138479,0.436448,-0.889009,50.00,False
-53.936183,5.329378,25.677356,-0.050788,0.140570,-0.988767,50.00,False
-53.956203,5.357289,28.272109,-0.054792,0.146152,-0.987744,50.00,False
-53.915125,5.429906,30.870923,-0.046577,0.160675,-0.985908,50.00,False
-53.221140,9.569646,37.795976,0.092220,0.988623,-0.118824,50.00,False
-55.677987,10.920528,42.402834,-0.399149,0.871591,0.284621,50.00,False
-55.884799,7.189568,39.124636,-0.440512,0.125399,-0.888946,50.00,False
-55.815455,5.640773,41.684471,-0.426643,0.130842,-0.894906,50.00,False
-56.260035,6.533444,44.753369,-0.515559,0.309376,-0.799053,50.00,False
-53.388948,1.959158,52.943157,0.058659,0.945269,0.320978,50.00,False
-53.899309,4.446608,53.193574,-0.043414,0.988203,-0.146866,50.00,False
-53.242009,6.784581,60.762570,0.088046,0.520995,0.849006,50.00,False
-53.076759,10.608722,62.460338,0.121096,0.731838,0.670633,50.00,False
-53.110020,9.332372,66.055091,0.114444,0.476568,0.871657,50.00,False
-52.785377,9.122261,68.699478,0.179373,0.434546,0.882607,50.00,False
-52.556010,8.723538,71.485955,0.225246,0.315000,0.921976,50.00,False
-48.329644,8.761879,71.599789,0.270520,0.185151,0.944743,200.00,True
-48.329644,8.761879,71.599789,0.270520,0.185151,0.944743,50.00,False
-48.553422,8.502352,68.903207,0.225764,0.310564,0.923353,50.00,False
-48.163450,6.214885,66.389201,0.303758,0.164282,0.938479,50.00,False
-48.787442,6.857861,63.803438,0.178960,0.292877,0.939253,50.00,False
-48.787442,6.653150,61.213803,0.178960,0.292877,0.939253,50.00,False
-49.461622,3.921788,49.008886,0.044124,0.173735,-0.983804,50.00,False
-49.875944,1.754906,51.333554,-0.038741,0.999249,-0.000943,50.00,False
-46.922959,4.272047,52.901343,0.551857,0.075198,0.830542,50.00,False
-51.800242,8.479115,42.055229,-0.423600,0.383308,-0.820754,50.00,False
-52.008527,8.186332,39.438315,-0.465257,0.317667,-0.826210,50.00,False
-53.087885,6.735693,37.321503,-0.681129,0.027540,-0.731646,50.00,False
-49.786994,9.275359,37.145942,-0.020951,0.968320,-0.248831,50.00,False
-46.942480,5.360735,31.682859,0.547952,0.146841,-0.823521,50.00,False
-47.798206,5.886466,28.754038,0.376807,0.251987,-0.891358,50.00,False
-48.569060,5.585431,25.841931,0.222636,0.191780,-0.955852,50.00,False
-50.325633,5.648291,23.714077,-0.128678,0.487664,-0.863496,50.00,False
-49.818055,5.767111,24.727685,-0.027163,0.989372,-0.142848,50.00,False
-49.508916,4.402752,24.621298,0.034665,0.934678,0.353802,50.00,False
-47.296794,5.617742,23.952832,0.477089,0.477168,0.738036,50.00,False
-46.276233,5.459760,20.911039,0.681202,0.341428,0.647604,50.00,False
-46.026772,4.641920,18.376815,0.731094,0.177861,0.658686,50.00,False
-47.984525,3.797633,17.196547,0.339543,0.007644,0.940559,50.00,False
-50.495868,4.906350,5.105934,-0.162725,0.229388,-0.959636,50.00,False
-48.624951,5.881126,2.915436,0.211458,0.425702,-0.879809,50.00,False
-48.569445,3.250226,2.580437,0.222559,0.875516,-0.428882,50.00,False
-48.579896,0.321744,0.335911,0.220469,0.906584,-0.359860,50.00,False
-48.262689,0.655511,-0.991848,0.283910,0.952807,-0.107485,50.00,False
-47.820821,0.718109,-2.908068,0.372284,0.927720,0.027198,50.00,False
-47.479940,2.073748,-4.962281,0.440460,0.887673,0.134282,50.00,False
-45.084393,3.466262,-7.101582,0.919570,0.322582,0.224349,50.00,False
-52.126025,7.104276,-15.119051,-0.488757,0.139359,-0.861218,50.00,False
-49.213002,6.809460,-8.428207,0.093848,0.037559,0.994878,50.00,False
-47.399126,6.431263,-20.120152,0.456623,0.331521,-0.825584,50.00,False
-45.957647,6.168066,-20.352589,0.744919,0.565400,-0.354145,50.00,False
-47.736461,2.060959,-21.094584,0.389156,0.921043,0.015383,50.00,False
-47.835770,2.093331,-23.472492,0.369294,0.927518,0.057729,50.00,False
-48.039104,3.593614,-25.161661,0.328627,0.914027,0.237822,50.00,False
-48.157619,5.154651,-27.202216,0.304925,0.886662,0.347638,50.00,False
-48.637137,5.882056,-28.683218,0.209021,0.795069,0.569364,50.00,False
-49.183027,6.448318,-30.257109,0.099843,0.627101,0.772513,50.00,False
-49.679853,7.572993,-31.848873,0.000478,0.234620,0.972087,50.00,False
-49.565946,6.837325,-34.312885,0.023259,0.070909,0.997212,50.00,False
-49.661850,8.245543,-46.884523,0.004078,0.040057,-0.999189,50.00,False
-49.661850,8.365000,-49.474158,0.004078,0.040057,-0.999189,50.00,False
-49.661850,8.838615,-52.063792,0.004078,0.040057,-0.999189,50.00,False
-49.628850,8.995974,-54.644388,0.010678,0.071529,-0.997381,50.00,False
-49.628850,8.995974,-57.234023,0.010678,0.071529,-0.997381,50.00,False
-49.628850,8.995974,-59.823657,0.010678,0.071529,-0.997381,50.00,False
-49.688596,6.647802,-62.423657,-0.001271,0.033005,-0.999454,50.00,False
-52.440300,2.392210,-55.978655,-0.551612,0.209074,0.807473,50.00,False
-52.476677,2.500520,-58.623174,-0.558887,0.230736,0.796496,50.00,False
-52.642470,2.410815,-61.308773,-0.592046,0.212795,0.777303,50.00,False
-52.852471,2.332438,-64.046175,-0.634046,0.197119,0.747750,50.00,False
-53.010532,2.846428,-66.957876,-0.665658,0.299917,0.683337,50.00,False
-53.221812,3.190147,-69.951941,-0.707914,0.368661,0.602451,50.00,False
-53.278464,5.182004,-72.976162,-0.719245,0.465739,0.515533,50.00,False
-53.419685,6.090561,-77.400691,-0.747489,0.647451,0.148554,50.00,False
-53.536427,5.576074,-80.398903,-0.770837,0.633516,0.066839,50.00,False
-53.468911,5.673255,-84.159443,-0.757334,0.631223,-0.167342,50.00,False
-53.507513,5.004110,-87.957432,-0.765054,0.497393,-0.409013,50.00,False
-47.304863,6.388804,-88.628492,-0.324524,0.774332,-0.543225,200.00,True
-47.304863,6.388804,-88.628492,-0.324524,0.774332,-0.543225,50.00,False
-47.805328,6.891822,-84.486640,-0.424617,0.874936,-0.232782,50.00,False
-49.012441,6.557118,-80.295419,-0.666040,0.740762,0.087536,50.00,False
-48.657819,6.593812,-76.675615,-0.595115,0.748101,0.293569,50.00,False
-48.680039,6.057041,-73.156057,-0.599560,0.640747,0.479554,50.00,False
-48.331408,5.611906,-69.743626,-0.529833,0.551720,0.644113,50.00,False
-48.333925,3.897804,-66.540647,-0.530337,0.361646,0.766782,50.00,False
-48.214738,3.773308,-63.816108,-0.506499,0.336747,0.793763,50.00,False
-48.168336,3.681597,-61.159847,-0.497219,0.318405,0.807089,50.00,False
-48.147175,3.064224,-58.560776,-0.492987,0.320191,0.808976,50.00,False
-48.187184,2.883438,-55.928432,-0.500989,0.284034,0.817518,50.00,False
-44.096461,8.901310,-57.911039,0.317156,0.943407,-0.096931,50.00,False
-45.631025,8.980007,-59.816499,0.010243,0.089327,-0.995950,50.00,False
-45.631025,8.980007,-57.226865,0.010243,0.089327,-0.995950,50.00,False
-45.631025,8.980007,-54.637230,0.010243,0.089327,-0.995950,50.00,False
-45.631025,8.980007,-52.047595,0.010243,0.089327,-0.995950,50.00,False
-45.631025,8.980007,-49.457961,0.010243,0.089327,-0.995950,50.00,False
-45.631025,8.447474,-46.868326,0.010243,0.089327,-0.995950,50.00,False
-45.639601,7.422326,-44.298438,0.008528,0.011369,-0.999899,50.00,False
-45.652341,6.536424,-31.737728,0.005980,0.106300,0.994316,50.00,False
-45.404158,6.454073,-29.673249,0.055617,0.453959,0.889285,50.00,False
-44.481731,5.399796,-28.471713,0.240102,0.753802,0.611665,50.00,False
-44.369414,4.904998,-26.537592,0.262566,0.836731,0.480562,50.00,False
-44.346121,3.449711,-25.147839,0.267224,0.933118,0.240586,50.00,False
-44.686404,-0.065052,-22.931198,0.199167,0.965806,0.165987,50.00,False
-44.569280,-0.124162,-20.166913,0.222592,0.953984,0.200918,50.00,False
-43.939639,1.305927,-18.112001,0.348520,0.932578,0.093973,50.00,False
-43.644455,1.781336,-15.549546,0.407557,0.908877,0.088537,50.00,False
-43.587396,0.976590,-13.025670,0.418969,0.904866,0.075385,50.00,False
-43.696976,0.991467,-10.138918,0.397053,0.907841,0.134809,50.00,False
-43.637963,0.982932,-7.681153,0.408856,0.906134,0.108435,50.00,False
-43.903170,0.747905,-5.431254,0.355814,0.933679,0.040488,50.00,False
-44.304182,0.687573,-3.387759,0.275612,0.958808,-0.068740,50.00,False
-44.432016,-0.198676,-1.248121,0.250045,0.955133,-0.158739,50.00,False
-44.276994,1.700370,0.559401,0.281049,0.906468,-0.315162,50.00,False
-44.184184,2.830613,2.864707,0.299611,0.878538,-0.372028,50.00,False
-43.300347,5.897175,4.918115,0.476379,0.737130,-0.479273,50.00,False
-43.087891,4.865015,6.553244,0.518870,0.530698,-0.670174,50.00,False
-44.748546,3.753433,17.405797,0.186739,0.000163,0.982410,50.00,False
-41.665294,5.729594,17.309523,0.803390,0.395395,0.445228,50.00,False
-42.610371,5.595965,19.700130,0.614374,0.676888,0.405422,50.00,False
-43.734610,4.184292,20.843766,0.389526,0.913653,0.116223,50.00,False
-44.015476,2.243535,23.161666,0.333353,0.940769,0.061876,50.00,False
-44.634107,0.388183,24.772305,0.209627,0.968566,-0.133924,50.00,False
-42.942296,5.792932,24.742028,0.547989,0.516592,-0.657906,50.00,False
-43.933151,5.901327,26.234261,0.349818,0.328361,-0.877386,50.00,False
-42.083986,4.721932,29.770080,0.719651,0.092481,-0.688149,50.00,False
-41.656344,4.404379,32.840299,0.805179,0.034406,-0.592032,50.00,False
-40.700856,4.833706,37.980441,0.996277,0.026823,-0.081931,50.00,False
-48.827837,5.128741,37.116952,-0.629119,0.085829,-0.772556,50.00,False
-48.467036,4.935882,39.447134,-0.556959,0.100425,-0.824446,50.00,False
-42.597805,4.427555,50.058200,0.616887,0.106300,0.779840,50.00,False
-45.348745,2.934778,49.112365,0.066699,0.995118,0.072746,50.00,False
-42.731845,4.750136,48.206206,0.590079,0.509327,-0.626413,50.00,False
-43.909478,4.401530,58.598683,0.354553,0.040562,0.934156,50.00,False
-44.086458,5.837445,61.235204,0.319157,0.088794,0.943533,50.00,False
-47.090689,5.598941,54.314047,-0.281690,0.041093,-0.958625,50.00,False
-44.666653,7.516616,66.590500,0.203118,0.028538,0.978738,50.00,False
-44.375551,7.605643,69.107113,0.261338,0.046344,0.964134,50.00,False
-44.324940,7.701907,71.677135,0.271460,0.065596,0.960212,50.00,False
-43.233928,8.559157,62.143220,-0.310337,0.087711,-0.946571,200.00,True
-43.233928,8.559157,62.143220,-0.310337,0.087711,-0.946571,50.00,False
-43.249781,6.383297,59.564210,-0.313508,0.098658,-0.944447,50.00,False
-43.249781,6.383297,56.974575,-0.313508,0.098658,-0.944447,50.00,False
-39.710331,5.975949,63.701102,0.394382,0.017189,0.918786,50.00,False
-39.862844,6.256631,61.160315,0.363880,0.073325,0.928555,50.00,False
-43.746585,4.407475,49.378738,-0.412869,0.041751,-0.909833,50.00,False
-39.787355,4.126783,55.964993,0.378977,0.010637,0.925345,50.00,False
-41.481816,1.336750,47.958327,0.040085,0.986615,-0.158062,50.00,False
-40.507985,0.866268,46.460026,0.234851,0.970165,0.060205,50.00,False
-38.972816,4.091118,47.719557,0.541885,0.131898,0.830038,50.00,False
-44.617111,6.137060,37.195523,-0.586974,0.287493,-0.756842,50.00,False
-46.219152,5.190919,40.433386,-0.907382,0.098265,0.408658,50.00,False
-45.877378,4.858212,38.516279,-0.839027,0.031724,0.543163,50.00,False
-37.958825,4.839169,29.876657,0.744683,0.027915,-0.666834,50.00,False
-39.021516,5.342361,26.845393,0.532145,0.382825,-0.755160,50.00,False
-40.235655,1.384952,26.827002,0.289317,0.926422,-0.240911,50.00,False
-40.016674,-0.195391,24.754731,0.333113,0.932816,-0.137438,50.00,False
-40.018961,0.258480,22.711184,0.332656,0.942626,-0.028221,50.00,False
-39.662832,2.124700,20.533007,0.403882,0.913212,0.054071,50.00,False
-39.533995,0.902103,18.428607,0.429649,0.890261,0.151118,50.00,False
-39.408397,1.721750,15.661218,0.454769,0.883080,0.115567,50.00,False
-39.401582,1.750823,12.280982,0.456132,0.888894,-0.042553,50.00,False
-39.548444,1.819381,9.622189,0.426759,0.902606,-0.056385,50.00,False
-39.949943,1.894561,6.341091,0.346460,0.917642,-0.194678,50.00,False
-40.303849,0.550251,3.385247,0.275678,0.923158,-0.267920,50.00,False
-40.453663,-0.153323,0.965164,0.245716,0.940672,-0.234009,50.00,False
-40.392616,-1.425791,-1.425807,0.257925,0.946431,-0.194277,50.00,False
-40.248672,-1.536143,-3.329382,0.286714,0.956315,-0.057065,50.00,False
-40.345655,-1.641224,-5.625227,0.267317,0.963607,0.001693,50.00,False
-40.321392,-2.090899,-8.064497,0.272170,0.961725,0.031766,50.00,False
-40.352050,-2.630883,-10.638756,0.266038,0.963333,0.034841,50.00,False
-40.313478,-3.343068,-12.910896,0.273753,0.956759,0.098340,50.00,False
-40.393502,-1.993400,-15.283139,0.257748,0.955748,0.141819,50.00,False
-40.672705,-0.357743,-17.575830,0.201907,0.958514,0.201207,50.00,False
-40.816121,-1.324859,-19.940519,0.173224,0.953615,0.246196,50.00,False
-40.899904,-0.532168,-22.632991,0.156467,0.961566,0.225629,50.00,False
-41.168973,1.345021,-25.251685,0.102654,0.970125,0.219817,50.00,False
-41.155916,3.486616,-27.325007,0.105265,0.940499,0.323080,50.00,False
-40.849025,2.922653,-29.178883,0.166643,0.866668,0.470231,50.00,False
-40.899348,4.889897,-29.650465,0.156579,0.420155,0.893842,50.00,False
-41.850257,6.663250,-41.695120,-0.033603,0.067365,-0.997162,50.00,False
-41.744423,8.406790,-44.268230,-0.012436,0.109967,-0.993857,50.00,False
-41.880461,8.658129,-46.844461,-0.039644,0.126480,-0.991177,50.00,False
-41.880461,8.658129,-49.434095,-0.039644,0.126480,-0.991177,50.00,False
-41.946385,9.258232,-52.007969,-0.052829,0.144972,-0.988024,50.00,False
-41.880461,9.165774,-54.613365,-0.039644,0.126480,-0.991177,50.00,False
-41.880461,9.165774,-57.202999,-0.039644,0.126480,-0.991177,50.00,False
-41.909564,7.372084,-59.812692,-0.045465,0.086796,-0.995188,50.00,False
-43.889505,3.069403,-53.237314,-0.441453,0.321227,0.837814,50.00,False
-43.923579,3.850627,-55.937872,-0.448268,0.365793,0.815630,50.00,False
-43.942369,3.905486,-58.532046,-0.452026,0.363182,0.814722,50.00,False
-43.886057,4.069013,-61.167260,-0.440763,0.395888,0.805606,50.00,False
-43.852689,4.301705,-63.861197,-0.434090,0.442426,0.784745,50.00,False
-43.924606,5.588729,-66.810594,-0.448473,0.539257,0.712793,50.00,False
-43.898591,6.640075,-69.845332,-0.443270,0.643755,0.623772,50.00,False
-43.807937,7.044080,-72.837255,-0.425139,0.723924,0.543315,50.00,False
-43.486184,7.864767,-76.718871,-0.360788,0.888061,0.284918,50.00,False
-42.702425,8.305274,-81.103074,-0.204037,0.976163,-0.073995,50.00,False
-42.016220,8.151430,-84.917791,-0.066796,0.945394,-0.319012,50.00,False
-41.919811,6.447457,-88.993955,-0.047514,0.786063,-0.616318,50.00,False
-36.269360,4.701663,-89.776922,0.282576,0.568119,-0.772911,200.00,True
-36.269360,4.701663,-89.776922,0.282576,0.568119,-0.772911,50.00,False
-36.568559,7.121890,-86.499007,0.222736,0.739486,-0.635255,50.00,False
-37.281554,8.188456,-82.197267,0.080137,0.952799,-0.292834,50.00,False
-38.053380,8.644380,-78.234930,-0.074228,0.997074,-0.018293,50.00,False
-38.673829,8.131139,-73.549623,-0.198317,0.894425,0.400841,50.00,False
-39.295379,7.067476,-69.947041,-0.322628,0.729235,0.603430,50.00,False
-39.471986,6.066543,-66.950832,-0.357949,0.634820,0.684745,50.00,False
-39.759057,4.937634,-63.978744,-0.415363,0.497989,0.761236,50.00,False
-39.745186,4.752996,-61.267209,-0.412589,0.461061,0.785616,50.00,False
-39.863420,4.003895,-58.566694,-0.436236,0.396447,0.807792,50.00,False
-39.835628,3.891979,-55.909338,-0.430677,0.374064,0.821336,50.00,False
-39.985028,3.165997,-53.327863,-0.460557,0.340546,0.819705,50.00,False
-37.799510,10.974965,-55.915268,-0.023454,0.976177,-0.215703,50.00,False
-38.020964,8.663773,-57.194657,-0.067744,0.127609,-0.989508,50.00,False
-38.015436,8.824804,-54.581957,-0.066639,0.159815,-0.984895,50.00,False
-38.015436,8.824804,-51.992322,-0.066639,0.159815,-0.984895,50.00,False
-38.015436,8.824804,-49.402688,-0.066639,0.159815,-0.984895,50.00,False
-37.880690,8.206228,-46.849079,-0.039690,0.119004,-0.992100,50.00,False
-37.910677,7.315189,-44.279468,-0.045687,0.075417,-0.996105,50.00,False
-37.864635,7.348878,-41.689067,-0.036479,0.082155,-0.995952,50.00,False
-36.712675,4.099439,-29.654408,0.193913,0.406022,0.893053,50.00,False
-37.001441,5.875445,-28.359867,0.136160,0.761223,0.634034,50.00,False
-36.966256,3.239105,-27.417263,0.143197,0.941645,0.304628,50.00,False
-36.887501,-0.098662,-25.124033,0.158948,0.956316,0.245347,50.00,False
-36.401008,-0.471877,-22.133362,0.256247,0.910138,0.325555,50.00,False
-36.406999,-0.758742,-19.754611,0.255049,0.924471,0.283378,50.00,False
-36.279257,-1.435678,-17.435605,0.280597,0.932045,0.229252,50.00,False
-36.293676,-2.111044,-15.177786,0.277713,0.946754,0.162889,50.00,False
-36.348074,-3.815070,-12.941587,0.266833,0.959322,0.092202,50.00,False
-36.375068,-3.250879,-10.612551,0.261435,0.964389,0.040082,50.00,False
-36.365412,-3.253408,-8.025305,0.263366,0.963883,0.039605,50.00,False
-36.267678,-3.277155,-5.609526,0.282913,0.959133,0.004833,50.00,False
-36.263282,-3.806471,-3.392695,0.283792,0.956347,-0.069727,50.00,False
-36.274693,-1.609209,-1.375695,0.281510,0.941702,-0.184254,50.00,False
-36.180105,-1.801747,0.966241,0.300427,0.924707,-0.233794,50.00,False
-36.132015,-1.547863,3.608905,0.310045,0.924153,-0.223188,50.00,False
-35.905691,-0.226839,6.675401,0.355310,0.925969,-0.127816,50.00,False
-35.629890,0.479936,9.548424,0.410470,0.909095,-0.071138,50.00,False
-35.666929,-0.288551,12.619249,0.403062,0.914828,0.025100,50.00,False
-35.695992,-1.107054,15.483485,0.397250,0.914215,0.080020,50.00,False
-35.785676,-0.270210,18.231722,0.379313,0.918496,0.111741,50.00,False
-35.804487,-0.615013,20.322532,0.375551,0.926724,0.011976,50.00,False
-35.869593,-0.200766,22.748560,0.362530,0.931741,-0.020746,50.00,False
-36.102471,-1.170005,24.660565,0.315954,0.935816,-0.156272,50.00,False
-36.090559,0.030069,26.710738,0.318336,0.910428,-0.264164,50.00,False
-36.044435,1.240494,29.480328,0.327561,0.916865,-0.228173,50.00,False
-36.035267,1.269354,32.207827,0.329395,0.922637,-0.200600,50.00,False
-38.953350,5.613579,31.051892,-0.254222,0.182797,-0.949714,50.00,False
-39.008302,5.450095,33.627921,-0.265212,0.150100,-0.952435,50.00,False
-40.485094,6.125429,37.092442,-0.560571,0.285167,-0.777458,50.00,False
-36.435326,0.839764,43.983046,0.249383,0.964864,0.082736,50.00,False
-37.155227,0.972585,45.772998,0.105403,0.991428,-0.077200,50.00,False
-37.937236,5.160146,44.937759,-0.050999,0.645359,-0.762175,50.00,False
-39.348471,4.097495,46.624130,-0.333246,0.004779,-0.942828,50.00,False
-35.769349,5.079927,58.545989,0.382578,0.023775,0.923617,50.00,False
-35.830061,6.024284,61.159887,0.370436,0.026856,0.928470,50.00,False
-35.661336,5.969000,63.679886,0.404181,0.015799,0.914543,50.00,False
-39.512912,6.321786,57.064075,-0.366134,0.086356,-0.926546,50.00,False
-35.854231,8.461226,68.927816,0.365602,0.068125,0.928275,50.00,False
-35.878842,8.811549,71.536388,0.360680,0.034203,0.932062,50.00,False
-35.288022,6.144899,62.147811,-0.321156,0.050979,-0.945653,200.00,True
-35.288022,6.144899,62.147811,-0.321156,0.050979,-0.945653,50.00,False
-35.233861,6.152276,59.540529,-0.310324,0.052454,-0.949183,50.00,False
-35.077331,5.326210,56.909284,-0.279018,0.073032,-0.957505,50.00,False
-35.145124,5.569060,54.326900,-0.292577,0.018937,-0.956055,50.00,False
-34.605957,5.594836,51.605081,-0.184743,0.024092,-0.982491,50.00,False
-34.605957,5.081510,49.015446,-0.184743,0.024092,-0.982491,50.00,False
-34.288399,5.186951,46.380292,-0.121232,0.045180,-0.991596,50.00,False
-33.123029,5.573107,53.679422,0.111843,0.122411,0.986158,50.00,False
-34.723046,4.777939,42.180929,-0.208161,0.568917,-0.795614,50.00,False
-32.334980,0.197375,42.969191,0.269452,0.955504,-0.120035,50.00,False
-32.044919,-0.123539,41.177875,0.327465,0.944032,0.039629,50.00,False
-31.798450,0.719874,38.531352,0.376758,0.925881,0.028251,50.00,False
-31.647450,-0.647930,35.601263,0.406958,0.912578,-0.039840,50.00,False
-31.595052,-0.704523,32.630361,0.417438,0.901259,-0.116093,50.00,False
-31.932649,-0.659384,29.515130,0.349918,0.910287,-0.221212,50.00,False
-31.990994,-0.666811,26.810212,0.338249,0.908801,-0.244269,50.00,False
-32.057897,-1.389503,24.299243,0.324869,0.917732,-0.228536,50.00,False
-31.915119,-1.317347,22.459752,0.353424,0.932163,-0.078507,50.00,False
-31.743154,-1.622321,20.363079,0.387817,0.921517,0.020085,50.00,False
-31.665095,-2.257541,17.923247,0.403429,0.913641,0.050046,50.00,False
-31.618823,-2.277486,15.319238,0.412684,0.909652,0.047171,50.00,False
-31.573747,-1.634994,12.513960,0.421699,0.906727,0.004042,50.00,False
-31.652412,-1.605728,9.659718,0.405966,0.912580,-0.048879,50.00,False
-31.711387,-2.213972,6.949432,0.394171,0.916133,-0.073010,50.00,False
-31.777913,-2.998838,4.112270,0.380866,0.916478,-0.122515,50.00,False
-32.109452,-2.922910,1.226133,0.314558,0.931663,-0.181816,50.00,False
-32.219951,-3.773054,-1.259388,0.292458,0.942629,-0.160993,50.00,False
-32.230096,-4.667920,-3.374352,0.290429,0.954614,-0.066059,50.00,False
-32.290757,-5.184693,-5.700989,0.278297,0.960401,-0.013459,50.00,False
-32.365451,-4.270932,-8.034013,0.263358,0.963955,0.037863,50.00,False
-32.417364,-3.780236,-10.547760,0.252976,0.966018,0.053040,50.00,False
-32.419972,-3.943912,-13.121900,0.252454,0.965979,0.056139,50.00,False
-32.338596,-3.987564,-15.456981,0.268729,0.957249,0.107050,50.00,False
-32.222318,-1.647986,-17.371685,0.291985,0.925291,0.242036,50.00,False
-32.254837,-1.534289,-19.703791,0.285481,0.912323,0.293542,50.00,False
-32.170283,-0.949646,-22.007222,0.302392,0.886290,0.350783,50.00,False
-32.096693,-0.981479,-24.581764,0.317110,0.879924,0.353801,50.00,False
-32.351391,-0.426288,-27.296133,0.266170,0.906095,0.328854,50.00,False
-32.774754,0.553262,-29.966287,0.181497,0.932334,0.312750,50.00,False
-32.934353,5.410001,-29.401332,0.149578,0.295155,0.943668,50.00,False
-33.450113,4.591040,-31.758075,0.046426,0.131363,0.990247,50.00,False
-33.450113,4.591040,-34.347710,0.046426,0.131363,0.990247,50.00,False
-33.375157,6.106486,-36.898032,0.061417,0.002481,0.998109,50.00,False
-34.171784,7.908962,-49.445273,-0.097909,0.059551,-0.993412,50.00,False
-34.225857,7.863856,-52.031782,-0.108723,0.050530,-0.992787,50.00,False
-34.114901,7.614465,-54.638726,-0.086532,0.000652,-0.996249,50.00,False
-33.287649,7.695707,-47.263427,0.078919,0.016900,0.996738,50.00,False
-31.771811,6.160558,-55.548818,0.382086,0.913087,-0.142413,50.00,False
-36.266256,3.131525,-53.641432,-0.516803,0.399850,0.756991,50.00,False
-36.161984,3.019838,-56.106034,-0.495949,0.377512,0.781997,50.00,False
-35.913949,4.502135,-58.881849,-0.446342,0.496095,0.744761,50.00,False
-35.601330,5.552297,-61.462229,-0.383818,0.543373,0.746612,50.00,False
-35.430441,5.999795,-64.246620,-0.349640,0.613977,0.707661,50.00,False
-35.382168,6.202730,-67.092555,-0.339985,0.673460,0.656401,50.00,False
-35.237983,7.370548,-69.997011,-0.311148,0.742307,0.593436,50.00,False
-34.629669,8.479707,-74.624694,-0.189486,0.964139,0.185827,50.00,False
-34.509384,8.634244,-79.236078,-0.165429,0.961707,-0.218523,50.00,False
-34.099969,7.868049,-83.624641,-0.083545,0.811529,-0.578309,50.00,False
-33.568979,6.804247,-87.325741,0.022652,0.598768,-0.800602,50.00,False
-32.694053,6.199042,-90.192308,0.197638,0.477727,-0.855988,50.00,False
-29.382880,5.786443,-90.495559,0.059872,0.395208,-0.916639,200.00,True
-29.382880,5.786443,-90.495559,0.059872,0.395208,-0.916639,50.00,False
-29.679578,6.447048,-87.598390,0.000533,0.518410,-0.855132,50.00,False
-29.406374,7.874383,-83.694249,0.055173,0.803878,-0.592230,50.00,False
-30.281853,8.906568,-79.114293,-0.119922,0.973611,-0.194166,50.00,False
-30.587949,9.005971,-75.303998,-0.181142,0.982187,0.049966,50.00,False
-30.470503,8.891634,-71.793169,-0.157652,0.959319,0.234205,50.00,False
-31.050699,8.095511,-67.792294,-0.273692,0.811400,0.516453,50.00,False
-31.415191,7.063817,-64.639621,-0.346590,0.695815,0.629061,50.00,False
-31.928067,6.188109,-61.885916,-0.449165,0.600144,0.661875,50.00,False
-32.149614,5.395585,-59.177598,-0.493474,0.535182,0.685611,50.00,False
-32.401638,5.186719,-56.384404,-0.543879,0.420298,0.726323,50.00,False
-32.690997,5.202741,-54.040600,-0.601751,0.423502,0.677157,50.00,False
-33.009494,5.104558,-51.698008,-0.665451,0.403865,0.627749,50.00,False
-28.891169,5.617030,-47.310142,0.158214,0.004430,0.987395,50.00,False
-29.017295,5.669219,-44.702452,0.132989,0.014868,0.991006,50.00,False
-28.973714,5.687802,-42.119175,0.141705,0.018584,0.989734,50.00,False
-29.137924,5.850603,-39.514512,0.108863,0.051145,0.992740,50.00,False
-28.950053,4.879704,-36.953691,0.146438,0.066572,0.986977,50.00,False
-29.103215,5.087342,-34.362082,0.115805,0.108099,0.987372,50.00,False
-29.216165,5.149200,-31.767654,0.093215,0.120471,0.988331,50.00,False
-28.892035,4.454896,-29.533877,0.158041,0.365844,0.917159,50.00,False
-28.757999,0.611770,-29.842150,0.184848,0.922969,0.337578,50.00,False
-28.610461,-0.475139,-26.999701,0.214356,0.896325,0.388141,50.00,False
-28.549542,-0.554331,-24.268565,0.226540,0.880487,0.416441,50.00,False
-28.329839,-0.923642,-21.943970,0.270480,0.891491,0.363433,50.00,False
-28.197506,-1.953893,-19.827346,0.296947,0.916271,0.268831,50.00,False
-28.207063,-3.589010,-17.494354,0.295036,0.930401,0.217502,50.00,False
-28.273868,-5.091952,-15.498215,0.281675,0.954409,0.098803,50.00,False
-28.364485,-5.049446,-13.113457,0.263551,0.962911,0.057828,50.00,False
-28.357496,-5.051676,-10.518688,0.264949,0.962465,0.058855,50.00,False
-28.304485,-5.171001,-8.031096,0.275551,0.960517,0.038446,50.00,False
-28.325062,-5.651090,-5.599683,0.271436,0.962432,0.006802,50.00,False
-28.372030,-5.158527,-3.300595,0.262042,0.963692,-0.051307,50.00,False
-28.261256,-4.784383,-1.039806,0.284197,0.951591,-0.117076,50.00,False
-28.139126,-4.738762,1.445587,0.308623,0.941132,-0.137925,50.00,False
-28.054540,-4.738323,4.274021,0.325540,0.941219,-0.090165,50.00,False
-27.954514,-4.969896,7.009102,0.345545,0.936412,-0.061076,50.00,False
-27.723599,-3.456119,9.697358,0.391728,0.919151,-0.041351,50.00,False
-27.781162,-2.789197,12.579011,0.380216,0.924741,0.017052,50.00,False
-27.659920,-2.510469,15.315552,0.404464,0.913374,0.046434,50.00,False
-27.674322,-3.440690,17.855034,0.401584,0.915099,0.036403,50.00,False
-27.649695,-4.486298,20.160041,0.406509,0.913416,-0.020522,50.00,False
-27.656783,-3.748942,22.270861,0.405092,0.906851,-0.116285,50.00,False
-27.704774,-3.086561,24.572679,0.395493,0.901866,-0.173849,50.00,False
-27.651774,-3.817913,27.062825,0.406093,0.893057,-0.193747,50.00,False
-27.414466,-2.229706,29.885163,0.453555,0.878987,-0.147206,50.00,False
-27.371625,-1.735254,32.587997,0.462123,0.878024,-0.124566,50.00,False
-27.411383,-1.684533,35.450958,0.454172,0.888168,-0.069901,50.00,False
-27.591374,-1.586758,38.219029,0.418173,0.907723,-0.034213,50.00,False
-27.703738,-1.213338,40.419032,0.395701,0.911507,-0.112140,50.00,False
-27.906452,-1.184880,42.666467,0.355158,0.917199,-0.180580,50.00,False
-28.765630,4.777353,51.028615,0.183322,0.133668,0.973923,50.00,False
-30.591548,4.628182,43.842657,-0.181861,0.064666,-0.981196,50.00,False
-28.778300,5.499848,56.255813,0.180788,0.005094,0.983509,50.00,False
-30.383007,5.611054,48.979142,-0.140153,0.027336,-0.989752,50.00,False
-30.537454,5.702482,51.596504,-0.171043,0.045621,-0.984207,50.00,False
-30.478649,5.751290,54.178780,-0.159282,0.055383,-0.985679,50.00,False
-29.046735,7.333673,66.654831,0.127101,0.023781,0.991605,50.00,False
-29.115437,7.274525,69.253852,0.113361,0.011952,0.993482,50.00,False
-30.961137,7.270770,62.042725,-0.255779,0.011201,-0.966670,50.00,False
-25.101487,7.274956,71.841870,0.116151,0.012038,0.993159,200.00,True
-25.101487,7.274956,71.841870,0.116151,0.012038,0.993159,50.00,False
-25.269516,6.645564,69.268702,0.082545,0.016425,0.996452,50.00,False
-25.269516,6.645564,66.679068,0.082545,0.016425,0.996452,50.00,False
-25.341886,6.946652,64.080834,0.068071,0.076643,0.994732,50.00,False
-25.341886,6.946652,61.491200,0.068071,0.076643,0.994732,50.00,False
-26.031592,4.382041,48.940721,-0.069870,0.015438,-0.997437,50.00,False
-25.219750,4.491959,56.313316,0.092498,0.037422,0.995009,50.00,False
-25.219750,4.491959,53.723681,0.092498,0.037422,0.995009,50.00,False
-24.835843,4.021462,51.036440,0.169280,0.140597,0.975488,50.00,False
-25.222709,3.657054,39.120725,0.091906,0.447144,-0.889728,50.00,False
-23.696907,-2.501364,40.301391,0.397067,0.907707,-0.135668,50.00,False
-23.511749,-2.762572,37.977791,0.434098,0.897083,-0.082461,50.00,False
-23.445429,-1.676298,35.350555,0.447362,0.889815,-0.089981,50.00,False
-23.431543,-2.262246,32.523979,0.450140,0.882329,-0.137369,50.00,False
-23.541129,-2.198316,30.000805,0.428222,0.895115,-0.124077,50.00,False
-23.579819,-3.380864,27.256325,0.420484,0.893954,-0.155047,50.00,False
-23.703571,-4.396854,24.665808,0.395734,0.905152,-0.155223,50.00,False
-24.002351,-6.309412,22.428376,0.335978,0.938046,-0.084782,50.00,False
-24.078931,-4.772648,20.396858,0.320662,0.946813,0.026841,50.00,False
-24.063893,-3.608737,17.983625,0.323670,0.944129,0.062121,50.00,False
-24.116655,-3.591699,15.404806,0.313117,0.947536,0.064284,50.00,False
-24.269775,-5.665276,12.622157,0.282493,0.958925,0.025681,50.00,False
-24.349655,-5.785985,9.930964,0.266517,0.963815,0.005370,50.00,False
-24.513891,-5.600753,7.160799,0.233670,0.971830,-0.030736,50.00,False
-24.579694,-5.247847,4.377743,0.220509,0.972911,-0.069420,50.00,False
-24.585563,-4.595495,1.601145,0.219336,0.969785,-0.106813,50.00,False
-24.575315,-5.712703,-1.003464,0.221385,0.968984,-0.109808,50.00,False
-24.508829,-6.378163,-3.414545,0.234682,0.969244,-0.074097,50.00,False
-24.432180,-6.385713,-5.790609,0.250012,0.967734,-0.031383,50.00,False
-24.349690,-5.745815,-8.198686,0.266510,0.963819,0.004928,50.00,False
-24.252250,-5.783504,-10.507574,0.285998,0.956282,0.061078,50.00,False
-24.261245,-5.621572,-13.096834,0.284199,0.956813,0.061153,50.00,False
-24.273723,-6.034400,-15.699746,0.281704,0.957717,0.058497,50.00,False
-24.179531,-4.670019,-17.736925,0.300542,0.938679,0.168988,50.00,False
-24.160176,-2.020028,-19.656211,0.304413,0.903044,0.303058,50.00,False
-24.561769,-1.558588,-21.671488,0.224094,0.880407,0.417929,50.00,False
-24.404743,-1.440088,-23.829329,0.255500,0.824872,0.504288,50.00,False
-24.681242,-0.205134,-26.610924,0.200200,0.861894,0.465896,50.00,False
-24.907687,-0.279158,-28.988174,0.154911,0.847089,0.508373,50.00,False
-24.913053,5.024367,-29.800573,0.153838,0.479738,0.863820,50.00,False
-24.335776,4.745681,-31.898124,0.269293,0.039767,0.962237,50.00,False
-26.715613,5.944681,-44.178470,-0.206674,0.069960,-0.975905,50.00,False
-26.715613,5.944681,-46.768104,-0.206674,0.069960,-0.975905,50.00,False
-26.886878,5.805832,-49.326341,-0.240927,0.042190,-0.969626,50.00,False
-26.993250,5.637081,-51.892728,-0.262202,0.008440,-0.964976,50.00,False
-26.926111,5.696386,-54.499225,-0.248774,0.020301,-0.968349,50.00,False
-29.727965,5.100280,-53.950262,-0.809145,0.478807,-0.340629,50.00,False
-29.154786,4.603920,-51.911193,-0.694509,0.418690,0.585112,50.00,False
-29.011670,5.650811,-54.457205,-0.665886,0.451614,0.593836,50.00,False
-28.931187,5.531948,-56.874659,-0.649789,0.427841,0.628272,50.00,False
-28.497468,5.990309,-59.392067,-0.563045,0.519513,0.642717,50.00,False
-28.132406,6.775986,-62.447499,-0.490033,0.676649,0.549558,50.00,False
-27.448215,7.949657,-65.495488,-0.353195,0.815839,0.457887,50.00,False
-26.817477,8.873129,-68.637867,-0.227047,0.909838,0.347338,50.00,False
-26.549330,8.927224,-72.016501,-0.173418,0.966438,0.189539,50.00,False
-25.686264,9.069431,-76.059179,-0.000805,0.994879,-0.101070,50.00,False
-25.368574,8.807389,-79.785214,0.062733,0.942470,-0.328350,50.00,False
-25.182155,7.867282,-83.674434,0.100017,0.802457,-0.588267,50.00,False
-25.016140,6.905628,-87.227850,0.133220,0.610127,-0.781024,50.00,False
-25.212960,6.105382,-90.352584,0.093856,0.450077,-0.888044,50.00,False
-20.623057,5.963850,-90.320411,0.211837,0.421771,-0.881609,200.00,True
-20.623057,5.963850,-90.320411,0.211837,0.421771,-0.881609,50.00,False
-20.633212,6.545573,-87.404438,0.209806,0.538116,-0.816341,50.00,False
-20.799488,7.855186,-83.901571,0.176551,0.753167,-0.633695,50.00,False
-21.013137,8.321294,-80.720855,0.133821,0.846389,-0.515478,50.00,False
-21.511083,9.339654,-76.605992,0.034232,0.977009,-0.210433,50.00,False
-22.001165,9.549356,-72.976996,-0.063785,0.997960,-0.002560,50.00,False
-22.515701,9.437810,-69.661845,-0.166692,0.975651,0.142543,50.00,False
-22.990983,9.279699,-66.781218,-0.261748,0.944029,0.200741,50.00,False
-23.653010,8.923666,-63.957433,-0.394154,0.885071,0.247571,50.00,False
-24.181240,7.709505,-60.519078,-0.499800,0.758978,0.417315,50.00,False
-24.403910,7.350518,-57.610385,-0.544334,0.687181,0.481127,50.00,False
-25.118496,4.843049,-54.642284,-0.687251,0.466516,0.556820,50.00,False
-25.017606,7.019637,-52.165572,-0.667073,0.519236,0.534236,50.00,False
-26.461330,3.962278,-52.476374,-0.955818,0.290362,-0.045852,50.00,False
-19.960488,7.553469,-49.578894,0.344351,0.938710,0.015717,50.00,False
-20.320587,3.496112,-42.299078,0.272331,0.127238,0.953754,50.00,False
-22.717931,6.156592,-49.337412,-0.207138,0.112342,-0.971840,50.00,False
-22.884134,6.201462,-46.703919,-0.240379,0.121316,-0.963068,50.00,False
-20.521567,3.490337,-34.476556,0.232135,0.126083,0.964477,50.00,False
-20.377705,4.962401,-32.364454,0.260907,0.420496,0.868971,50.00,False
-19.569317,1.036441,-31.088842,0.422585,0.673784,0.606166,50.00,False
-19.360170,-0.663808,-28.416381,0.464414,0.629702,0.622732,50.00,False
-19.530283,-0.656894,-25.713584,0.430392,0.631085,0.645364,50.00,False
-19.396777,-0.629963,-23.244443,0.457093,0.636471,0.621265,50.00,False
-19.692153,-0.127287,-21.655528,0.398018,0.815008,0.421121,50.00,False
-19.828852,-1.992728,-20.000830,0.370678,0.898765,0.234134,50.00,False
-20.220471,-6.960275,-18.489534,0.292354,0.956132,0.018466,50.00,False
-20.217401,-7.344822,-15.680250,0.292968,0.954084,0.062396,50.00,False
-20.219034,-6.850574,-13.096038,0.292641,0.954255,0.061312,50.00,False
-20.281408,-6.826909,-10.597931,0.280167,0.958988,0.043006,50.00,False
-20.358593,-7.624000,-8.250322,0.264730,0.964308,-0.005399,50.00,False
-20.497150,-8.204311,-5.904167,0.237018,0.969998,-0.054095,50.00,False
-20.525842,-8.022590,-3.545490,0.231280,0.967705,-0.100286,50.00,False
-20.581712,-8.017926,-1.030935,0.220106,0.968638,-0.115302,50.00,False
-20.603202,-7.883953,1.556999,0.215808,0.969564,-0.115642,50.00,False
-20.628361,-7.854037,4.413325,0.210776,0.975547,-0.062304,50.00,False
-20.489971,-6.710235,7.213205,0.238454,0.970943,-0.020255,50.00,False
-20.484493,-6.933983,10.044154,0.239550,0.970480,0.028008,50.00,False
-20.520144,-7.590621,12.844719,0.232420,0.970079,0.070194,50.00,False
-20.440681,-6.712930,15.496681,0.248312,0.965147,0.082659,50.00,False
-20.489030,-7.598101,18.022873,0.238642,0.968583,0.069971,50.00,False
-20.353226,-6.197359,20.344632,0.265803,0.963888,0.016396,50.00,False
-20.333928,-6.196877,22.512446,0.269663,0.960553,-0.067969,50.00,False
-20.202133,-4.177535,24.900166,0.296022,0.949016,-0.108351,50.00,False
-20.165331,-4.187480,27.504788,0.303382,0.947027,-0.105354,50.00,False
-20.110947,-5.436619,30.183952,0.314259,0.945301,-0.087448,50.00,False
-20.030186,-5.769607,32.700931,0.330411,0.938312,-0.101979,50.00,False
-19.932559,-4.876086,35.386142,0.349936,0.933101,-0.082864,50.00,False
-19.832451,-3.747715,37.979512,0.369958,0.925412,-0.082117,50.00,False
-20.213361,2.035971,39.100676,0.293776,0.878898,-0.375811,50.00,False
-21.356525,4.691758,48.379872,0.065143,0.264797,0.962101,50.00,False
-20.511747,7.136661,50.625857,0.234099,0.383517,0.893372,50.00,False
-21.121365,7.036683,53.544136,0.112175,0.259891,0.959100,50.00,False
-21.518759,6.903183,56.197675,0.032697,0.233191,0.971881,50.00,False
-21.001074,8.968503,58.672243,0.136233,0.284764,0.948868,50.00,False
-20.943115,9.094414,61.213497,0.147825,0.309946,0.939192,50.00,False
-21.247706,8.014092,64.066088,0.086907,0.093882,0.991783,50.00,False
-21.274900,8.135585,66.645031,0.081468,0.118180,0.989645,50.00,False
-21.190794,7.851354,69.252772,0.098289,0.061334,0.993266,50.00,False
-21.190794,7.851354,71.842407,0.098289,0.061334,0.993266,50.00,False
-17.284928,8.178717,71.819774,0.079463,0.126807,0.988739,200.00,True
-17.284928,8.178717,71.819774,0.079463,0.126807,0.988739,50.00,False
-17.103929,8.509391,69.158289,0.115662,0.192942,0.974369,50.00,False
-17.141868,8.767597,66.514741,0.108075,0.244583,0.963587,50.00,False
-16.835117,8.747239,63.885901,0.169425,0.240511,0.955746,50.00,False
-16.674645,8.848374,61.181583,0.201519,0.298760,0.932809,50.00,False
-16.642123,9.225416,58.446544,0.208024,0.374168,0.903728,50.00,False
-16.700970,9.490930,55.751102,0.196254,0.427271,0.882567,50.00,False
-16.446889,7.634794,53.206565,0.247070,0.379513,0.891586,50.00,False
-16.933264,7.900731,50.312043,0.149796,0.536331,0.830609,50.00,False
-16.428767,4.804389,48.191588,0.250695,0.287323,0.924444,50.00,False
-16.370735,6.213268,44.627957,0.262301,0.631519,0.729645,50.00,False
-16.467175,-4.961031,37.927506,0.243013,0.965601,-0.092518,50.00,False
-16.383317,-7.094836,35.477614,0.259785,0.963505,-0.064569,50.00,False
-16.363263,-8.071129,32.859399,0.263796,0.962014,-0.070286,50.00,False
-16.368149,-6.570588,30.207629,0.262818,0.961293,-0.082713,50.00,False
-16.396999,-6.569264,27.548549,0.257048,0.961558,-0.096602,50.00,False
-16.412951,-7.129511,25.005198,0.253858,0.963290,-0.087345,50.00,False
-16.481294,-7.094263,22.715321,0.240189,0.970339,-0.027393,50.00,False
-16.438769,-8.611416,20.406102,0.248694,0.968157,0.028690,50.00,False
-16.520546,-7.591781,18.040942,0.232339,0.969847,0.073585,50.00,False
-16.530333,-7.596685,15.536748,0.230382,0.968867,0.090673,50.00,False
-16.521696,-7.592314,12.872172,0.232109,0.969741,0.075684,50.00,False
-16.529360,-6.925802,10.117691,0.230576,0.972116,0.042715,50.00,False
-16.580998,-7.854784,7.266923,0.220249,0.975397,-0.009511,50.00,False
-16.588356,-7.873083,4.281492,0.218777,0.971738,-0.088671,50.00,False
-16.609080,-7.883683,1.548389,0.214632,0.969618,-0.117364,50.00,False
-16.599788,-8.016857,-1.055646,0.216491,0.968851,-0.120244,50.00,False
-16.576833,-8.694939,-3.607016,0.221082,0.968734,-0.112592,50.00,False
-16.519569,-8.683683,-5.912772,0.232534,0.970985,-0.055816,50.00,False
-16.432215,-9.009367,-8.428893,0.250005,0.967371,-0.041113,50.00,False
-16.283275,-9.339500,-10.719189,0.279793,0.959877,0.018755,50.00,False
-16.258171,-9.357303,-13.156098,0.284814,0.957314,0.049300,50.00,False
-16.217401,-8.437659,-15.680250,0.292968,0.954084,0.062396,50.00,False
-16.221367,-9.746926,-18.446820,0.292175,0.955983,0.027009,50.00,False
-16.217629,-8.323150,-21.130800,0.292922,0.956102,0.008140,50.00,False
-14.363084,-0.297582,-22.484489,0.663831,0.702947,0.255329,50.00,False
-15.164733,-0.895611,-23.164084,0.503502,0.583342,0.637337,50.00,False
-15.281882,0.724817,-25.813942,0.480072,0.615256,0.625292,50.00,False
-14.837549,-0.930129,-28.597343,0.568939,0.576438,0.586539,50.00,False
-15.724414,4.280320,-30.434859,0.391565,0.550965,0.736963,50.00,False
-16.187093,3.774082,-32.026484,0.299030,0.182832,0.936565,50.00,False
-16.424281,2.912880,-34.460066,0.251592,0.010592,0.967775,50.00,False
-16.266610,2.855817,-37.103478,0.283126,0.062869,0.957020,50.00,False
-19.217360,5.027084,-49.090571,-0.307024,0.234056,-0.922472,50.00,False
-20.021835,6.265270,-50.772653,-0.467919,0.481693,-0.740961,50.00,False
-12.940542,3.082672,-49.355004,0.948340,0.311435,0.060496,50.00,False
-21.510290,5.076332,-50.307430,-0.765610,0.513173,0.387937,50.00,False
-21.159954,7.371785,-52.784219,-0.695543,0.589665,0.410506,50.00,False
-20.127595,8.284869,-55.399133,-0.489071,0.772282,0.405451,50.00,False
-19.976527,8.761647,-58.112963,-0.458857,0.802861,0.380611,50.00,False
-19.288704,9.519723,-61.475499,-0.321293,0.919609,0.226031,50.00,False
-18.566582,9.808237,-64.612649,-0.176868,0.977312,0.116528,50.00,False
-18.380922,9.691541,-67.526555,-0.139736,0.988840,0.051674,50.00,False
-17.754226,9.558852,-70.417407,-0.014397,0.999860,-0.008570,50.00,False
-17.136890,9.326264,-74.371696,0.109070,0.953342,-0.281501,50.00,False
-16.583868,8.983468,-77.365737,0.219675,0.905772,-0.362382,50.00,False
-15.962871,7.996547,-80.746841,0.343874,0.781439,-0.520676,50.00,False
-15.853118,7.071289,-84.305540,0.365825,0.596388,-0.714489,50.00,False
-16.158270,6.434167,-87.467529,0.304794,0.468963,-0.828959,50.00,False
-16.208956,6.011144,-90.208495,0.294657,0.418220,-0.859226,50.00,False
-11.643929,5.981151,-89.986322,0.407662,0.412222,-0.814791,200.00,True
-11.643929,5.981151,-89.986322,0.407662,0.412222,-0.814791,50.00,False
-11.420546,6.381519,-87.118741,0.452339,0.467976,-0.759202,50.00,False
-11.399932,6.321000,-84.553512,0.456462,0.455873,-0.764083,50.00,False
-11.436887,6.809522,-81.650198,0.449071,0.553577,-0.701347,50.00,False
-11.764244,7.741994,-78.328196,0.383599,0.738219,-0.554874,50.00,False
-12.695749,8.926927,-74.742231,0.197298,0.913574,-0.355608,50.00,False
-12.950598,9.460975,-71.038463,0.146329,0.980284,-0.132781,50.00,False
-13.553920,9.908936,-68.117755,0.025664,0.997452,-0.066566,50.00,False
-13.798865,10.331470,-65.446053,-0.023325,0.998469,-0.050153,50.00,False
-14.692245,10.235522,-62.533690,-0.202001,0.979280,0.014393,50.00,False
-15.443559,9.824478,-58.682093,-0.352264,0.897071,0.266785,50.00,False
-16.069004,9.405579,-56.174121,-0.477352,0.842264,0.250453,50.00,False
-16.448030,9.409865,-53.583856,-0.553158,0.794498,0.250579,50.00,False
-17.009521,8.807533,-50.643602,-0.665456,0.674031,0.320703,50.00,False
-17.428314,8.721940,-50.080070,-0.749215,0.656913,-0.084518,50.00,False
-17.502149,6.197345,-49.288246,-0.763981,0.468108,-0.444080,50.00,False
-16.021485,5.495352,-48.582246,-0.467849,0.327710,-0.820807,50.00,False
-15.545907,7.919279,-46.150454,-0.372733,0.366778,-0.852375,50.00,False
-14.736213,7.819331,-43.868690,-0.210794,0.346789,-0.913949,50.00,False
-14.748980,7.732430,-41.308147,-0.213348,0.329408,-0.919768,50.00,False
-15.386332,5.149700,-38.639020,-0.340818,0.258579,-0.903869,50.00,False
-10.021965,2.807864,-28.134246,0.732055,0.053278,0.679159,50.00,False
-10.369948,-0.063411,-25.975016,0.662459,0.457611,0.593078,50.00,False
-10.473521,-0.674087,-24.147223,0.641744,0.627646,0.440709,50.00,False
-10.121081,-0.747997,-23.140072,0.712232,0.690867,0.124213,50.00,False
-12.154519,-9.206259,-21.180453,0.305544,0.952176,-0.001790,50.00,False
-12.188142,-9.790236,-18.311619,0.298820,0.952778,0.054049,50.00,False
-12.204158,-10.579120,-15.693513,0.295617,0.953437,0.059744,50.00,False
-12.220353,-9.751157,-13.166579,0.292378,0.955137,0.047204,50.00,False
-12.303151,-9.338060,-10.765413,0.275818,0.961163,0.009510,50.00,False
-12.509499,-9.285389,-8.484566,0.234548,0.970699,-0.052248,50.00,False
-12.550383,-8.891647,-6.124504,0.226372,0.969082,-0.098162,50.00,False
-12.594801,-9.453762,-3.662059,0.217488,0.968206,-0.123600,50.00,False
-12.596834,-9.012900,-1.059972,0.217081,0.968611,-0.121110,50.00,False
-12.567014,-9.927982,1.613075,0.223045,0.969198,-0.104427,50.00,False
-12.518982,-9.927766,4.323484,0.232652,0.969242,-0.080272,50.00,False
-12.555220,-9.775979,7.344551,0.225404,0.974247,0.006014,50.00,False
-12.602935,-8.116553,10.045461,0.215861,0.976015,0.028269,50.00,False
-12.587943,-9.328801,12.839540,0.218860,0.973302,0.069158,50.00,False
-12.469367,-8.749729,15.598485,0.242575,0.964647,0.103020,50.00,False
-12.417891,-8.633241,18.096152,0.252870,0.963792,0.084627,50.00,False
-12.440189,-9.046130,20.424071,0.248410,0.968117,0.032283,50.00,False
-12.401883,-9.183063,22.713217,0.256072,0.966258,-0.027814,50.00,False
-12.490678,-9.282103,25.111650,0.238313,0.968940,-0.066055,50.00,False
-12.439696,-8.469958,27.549200,0.248509,0.963814,-0.096471,50.00,False
-13.250030,20.152261,32.434030,0.086442,0.927940,0.362568,50.00,False
-13.246586,20.241054,34.776573,0.087131,0.945699,0.313149,50.00,False
-13.269086,19.731094,36.976504,0.082631,0.968426,0.235208,50.00,False
-13.360837,16.246420,39.296494,0.064281,0.981329,0.181280,50.00,False
-12.877209,4.397320,45.490720,0.161006,0.400145,0.902198,50.00,False
-12.624637,12.764312,46.028652,0.211521,0.844592,0.491857,50.00,False
-12.921328,6.093088,50.879693,0.152183,0.292306,0.944139,50.00,False
-12.390644,5.867285,53.418191,0.258320,0.247145,0.933911,50.00,False
-12.972857,2.619195,56.282683,0.141877,0.044520,0.988883,50.00,False
-12.864376,5.935009,58.808328,0.163573,0.143186,0.976085,50.00,False
-12.864376,5.935009,61.397963,0.163573,0.143186,0.976085,50.00,False
-12.931982,8.145041,63.986955,0.150052,0.158093,0.975956,50.00,False
-12.931982,8.145041,66.576590,0.150052,0.158093,0.975956,50.00,False
-12.931982,8.846732,69.166225,0.150052,0.158093,0.975956,50.00,False
-12.931982,8.335149,71.755859,0.150052,0.158093,0.975956,50.00,False
-9.071098,6.847673,71.832859,0.122229,0.047672,0.991356,200.00,True
-9.071098,6.847673,71.832859,0.122229,0.047672,0.991356,50.00,False
-9.182879,6.709988,69.260425,0.099872,0.020135,0.994796,50.00,False
-8.997347,7.470992,66.574146,0.136979,0.172336,0.975468,50.00,False
-9.071520,7.767535,63.932682,0.122144,0.231645,0.965102,50.00,False
-8.929953,8.221121,61.190453,0.150458,0.322362,0.934583,50.00,False
-9.326323,8.422476,58.573951,0.071184,0.362633,0.929209,50.00,False
-9.055272,9.066763,55.647311,0.125394,0.491490,0.861808,50.00,False
-9.055272,9.066763,53.057676,0.125394,0.491490,0.861808,50.00,False
-8.857234,9.756466,49.955680,0.165002,0.629431,0.759336,50.00,False
-8.630069,12.536668,46.143471,0.210434,0.831070,0.514821,50.00,False
-8.757262,13.411579,43.348141,0.184996,0.861047,0.473682,50.00,False
-9.319781,17.090189,39.659782,0.072492,0.964500,0.253937,50.00,False
-9.397837,19.885371,36.991567,0.056881,0.969544,0.238221,50.00,False
-9.423343,20.372933,34.636001,0.051780,0.957118,0.285035,50.00,False
-9.344681,20.319214,32.200898,0.067512,0.946374,0.315941,50.00,False
-9.174791,21.450563,29.740784,0.101490,0.934260,0.341845,50.00,False
-9.141007,21.632523,26.515672,0.108247,0.970652,0.214750,50.00,False
-8.470443,-9.965342,22.614455,0.242360,0.969020,-0.047567,50.00,False
-8.346916,-9.656639,20.448005,0.267065,0.962965,0.037070,50.00,False
-8.421197,-9.994223,18.159481,0.252209,0.962769,0.097292,50.00,False
-8.462608,-9.377443,15.631673,0.243927,0.963574,0.109658,50.00,False
-8.513395,-9.813751,13.014752,0.233769,0.966692,0.104201,50.00,False
-8.575109,-9.775043,10.094443,0.221426,0.974434,0.038066,50.00,False
-8.584705,-9.770658,7.435417,0.219507,0.975311,0.024187,50.00,False
-8.502444,-9.795048,4.470727,0.235959,0.970433,-0.050824,50.00,False
-8.536337,-9.927362,1.691085,0.229181,0.969323,-0.088825,50.00,False
-8.599547,-9.931935,-1.072825,0.216539,0.968408,-0.123680,50.00,False
-8.595223,-9.997660,-3.663507,0.217404,0.968187,-0.123890,50.00,False
-8.592898,-10.313292,-6.254543,0.217869,0.968047,-0.124170,50.00,False
-9.346938,22.761379,-9.350186,0.067061,0.971962,-0.225372,50.00,False
-9.433654,22.858347,-11.420041,0.049717,0.991356,-0.121416,50.00,False
-9.389444,22.464447,-13.953272,0.058559,0.992190,-0.110135,50.00,False
-9.404041,22.465283,-15.453049,0.055640,0.992610,0.107836,50.00,False
-8.239154,-10.026832,-18.600215,0.288618,0.957437,-0.003670,50.00,False
-8.223539,-10.296987,-21.422302,0.291740,0.955181,-0.050160,50.00,False
-8.111740,-1.741273,-23.635315,0.314100,0.949056,0.025164,50.00,False
-6.944746,0.036264,-24.709266,0.547499,0.769717,0.328301,50.00,False
-11.975465,3.388439,-33.302029,-0.458645,0.169393,-0.872325,50.00,False
-9.938795,6.355725,-35.853183,-0.051311,0.499784,-0.864629,50.00,False
-9.797143,11.173897,-38.093579,-0.022980,0.606461,-0.794781,50.00,False
-9.933535,11.161345,-40.686486,-0.050259,0.603951,-0.795435,50.00,False
-10.674724,10.280255,-43.088327,-0.198497,0.621468,-0.757877,50.00,False
-10.915014,11.351223,-45.518803,-0.246554,0.641926,-0.726045,50.00,False
-11.703402,11.081741,-46.852239,-0.404232,0.781765,-0.474805,50.00,False
-12.096253,10.774746,-49.115818,-0.482802,0.774038,-0.409594,50.00,False
-12.343754,11.329409,-50.379889,-0.532303,0.834134,-0.144482,50.00,False
-12.146397,10.845744,-52.002221,-0.492831,0.868745,0.048979,50.00,False
-10.706481,11.368635,-55.171456,-0.204848,0.976502,-0.066941,50.00,False
-10.430522,11.322217,-57.723725,-0.149656,0.986948,-0.059468,50.00,False
-10.096625,11.096611,-60.554732,-0.082877,0.990718,-0.107742,50.00,False
-9.736635,10.661890,-63.326327,-0.010879,0.989498,-0.144135,50.00,False
-9.541677,10.273628,-65.989587,0.028113,0.986901,-0.158859,50.00,False
-9.135425,9.804430,-69.184199,0.109363,0.953793,-0.279855,50.00,False
-8.144708,8.677134,-72.623551,0.307507,0.838523,-0.449798,50.00,False
-7.462367,7.778140,-75.662994,0.443975,0.715224,-0.539760,50.00,False
-6.952249,6.724580,-78.778511,0.545999,0.534736,-0.644937,50.00,False
-7.022949,6.416363,-81.615323,0.531858,0.484741,-0.694372,50.00,False
-7.087814,6.121888,-84.439217,0.518885,0.425846,-0.741224,50.00,False
-7.050573,6.081028,-87.025842,0.526334,0.417674,-0.740622,50.00,False
-7.269714,5.994589,-89.769303,0.482505,0.414910,-0.771387,50.00,False
-2.850209,5.486266,-89.723736,0.566406,0.313245,-0.762274,200.00,True
-2.850209,5.486266,-89.723736,0.566406,0.313245,-0.762274,50.00,False
-2.844635,4.707770,-87.133035,0.567521,0.311742,-0.762061,50.00,False
-2.910322,4.896299,-84.509817,0.554384,0.349448,-0.755344,50.00,False
-2.864634,4.918342,-81.883320,0.563521,0.350688,-0.747972,50.00,False
-3.041666,6.804621,-78.785606,0.528115,0.550744,-0.646356,50.00,False
-3.113933,6.037892,-76.150056,0.513662,0.574598,-0.637173,50.00,False
-3.069339,6.148710,-73.419166,0.522580,0.596762,-0.608921,50.00,False
-4.615737,9.289105,-69.519358,0.213301,0.913330,-0.346887,50.00,False
-4.911666,10.072225,-66.453339,0.154115,0.955479,-0.251610,50.00,False
-5.442707,10.608237,-63.602134,0.047907,0.978768,-0.199296,50.00,False
-5.613539,11.065425,-60.953782,0.013740,0.982159,-0.187552,50.00,False
-6.015799,11.810112,-58.193712,-0.066711,0.985900,-0.153465,50.00,False
-6.093858,11.877757,-55.539088,-0.082323,0.986657,-0.140467,50.00,False
-6.784226,12.181159,-53.177892,-0.220397,0.957482,-0.186155,50.00,False
-7.348587,12.491641,-50.384355,-0.333269,0.931557,-0.145375,50.00,False
-7.380387,13.131288,-48.861883,-0.339629,0.869430,-0.358807,50.00,False
-7.104797,13.039819,-46.683997,-0.284511,0.851137,-0.441157,50.00,False
-6.770375,13.608877,-44.960026,-0.217627,0.758477,-0.614290,50.00,False
-6.047967,14.526470,-42.544204,-0.073145,0.757219,-0.649052,50.00,False
-5.838630,15.480667,-40.170777,-0.031278,0.720938,-0.692294,50.00,False
-5.846457,16.440554,-37.037659,-0.032843,0.811379,-0.583597,50.00,False
-5.750680,16.849300,-33.778010,-0.013688,0.893128,-0.449594,50.00,False
-5.121933,18.788557,-29.723687,0.112062,0.981275,-0.156657,50.00,False
-5.239767,17.364010,-26.368843,0.088495,0.996070,-0.003615,50.00,False
-5.354356,23.894761,-23.593565,0.065577,0.997285,0.033514,50.00,False
-5.342784,23.651934,-20.403268,0.067891,0.985791,0.153646,50.00,False
-5.334823,23.114066,-17.820677,0.069484,0.985898,0.152238,50.00,False
-5.445450,23.043021,-15.451422,0.047358,0.993005,0.108162,50.00,False
-5.407816,22.887888,-13.650200,0.054885,0.997264,-0.049521,50.00,False
-5.370976,23.348377,-11.703941,0.062253,0.982024,-0.178196,50.00,False
-5.312873,23.289732,-9.375181,0.073874,0.970295,-0.230371,50.00,False
-5.294628,23.320202,-6.641852,0.077523,0.976389,-0.201632,50.00,False
-4.594890,-11.465165,-3.676504,0.217470,0.967836,-0.126489,50.00,False
-4.593335,-10.362298,-1.089181,0.217781,0.967706,-0.126952,50.00,False
-4.588127,-9.915207,1.693296,0.218823,0.971754,-0.088383,50.00,False
-4.555445,-9.909650,4.462796,0.225359,0.972865,-0.052410,50.00,False
-4.451920,-10.274162,7.428742,0.246064,0.968984,0.022852,50.00,False
-5.361011,22.977714,10.502023,0.064246,0.990744,0.119582,50.00,False
-5.316477,22.951789,12.680900,0.073153,0.996618,0.037430,50.00,False
-5.381502,23.103473,14.825833,0.060148,0.996860,-0.051510,50.00,False
-5.295282,23.095498,17.378963,0.077392,0.995265,-0.058811,50.00,False
-5.315506,23.543637,20.233310,0.073347,0.997289,-0.005869,50.00,False
-5.224872,22.806254,23.677414,0.091474,0.982038,0.165025,50.00,False
-5.250669,22.459971,26.490371,0.086315,0.973951,0.209690,50.00,False
-5.185786,21.630064,29.580324,0.099291,0.945618,0.309753,50.00,False
-5.248496,21.520337,32.148965,0.086749,0.948215,0.305555,50.00,False
-5.313312,20.385338,34.568455,0.073786,0.959599,0.271526,50.00,False
-5.155983,19.387769,37.083786,0.105252,0.960752,0.256665,50.00,False
-4.962868,13.725748,40.163119,0.143875,0.923881,0.354605,50.00,False
-5.051894,13.313787,43.606532,0.126069,0.841489,0.525360,50.00,False
-4.678802,12.051141,46.433829,0.200688,0.794681,0.572893,50.00,False
-4.621138,11.224147,49.530507,0.212221,0.707305,0.674301,50.00,False
-4.745219,8.748457,52.797306,0.187404,0.556067,0.809734,50.00,False
-4.885054,7.895598,55.737934,0.159437,0.447546,0.879933,50.00,False
-5.512753,7.230281,58.671192,0.033898,0.314483,0.948658,50.00,False
-5.304877,6.991032,61.321731,0.075473,0.266633,0.960838,50.00,False
-5.304877,6.991032,63.911365,0.075473,0.266633,0.960838,50.00,False
-5.304877,7.942477,66.501000,0.075473,0.266633,0.960838,50.00,False
-5.140237,7.507429,69.175166,0.108401,0.179624,0.977745,50.00,False
-5.275048,7.334692,71.806393,0.081439,0.145076,0.986063,50.00,False
-1.148929,5.915072,71.840895,0.106663,0.051441,0.992964,200.00,True
-1.148929,5.915072,71.840895,0.106663,0.051441,0.992964,50.00,False
-0.953336,6.216102,69.201426,0.145781,0.111647,0.982997,50.00,False
-0.900623,6.758635,66.511097,0.156324,0.220154,0.962858,50.00,False
-0.900623,6.758635,63.921462,0.156324,0.220154,0.962858,50.00,False
-0.756553,7.249645,61.166123,0.185138,0.318356,0.929717,50.00,False
-1.211886,7.899999,58.372182,0.094071,0.448427,0.888856,50.00,False
-0.857034,8.559316,55.325828,0.165042,0.580290,0.797512,50.00,False
-0.701002,9.517151,52.131175,0.196248,0.709805,0.676508,50.00,False
-0.712712,9.966108,49.522607,0.193906,0.714035,0.672721,50.00,False
-0.791213,11.755677,46.710453,0.178206,0.757354,0.628217,50.00,False
-0.971259,12.743022,43.707371,0.142196,0.825941,0.545528,50.00,False
-0.819691,15.916090,40.024772,0.172510,0.929168,0.326935,50.00,False
-0.918177,18.039916,37.333484,0.152813,0.939490,0.306604,50.00,False
-1.089987,19.657591,34.690172,0.118451,0.947856,0.295869,50.00,False
-1.182699,20.876331,32.207092,0.099908,0.943088,0.317180,50.00,False
-1.140889,21.868248,29.571076,0.108271,0.945237,0.307904,50.00,False
-1.100528,22.725698,26.597877,0.116343,0.965927,0.231191,50.00,False
-1.234522,23.144797,23.697880,0.089544,0.981520,0.169118,50.00,False
-1.357680,23.409977,20.502438,0.064912,0.996738,0.047957,50.00,False
-1.300558,23.213656,17.374375,0.076337,0.995292,-0.059729,50.00,False
-1.299745,23.096294,14.797057,0.076499,0.995424,-0.057265,50.00,False
-1.265753,23.033766,12.485667,0.083298,0.996523,-0.001617,50.00,False
-1.202712,22.966058,10.492395,0.095906,0.988412,0.117656,50.00,False
-1.225058,22.946688,8.061536,0.091437,0.984538,0.149411,50.00,False
-1.174631,22.930226,5.472643,0.101522,0.983527,0.149559,50.00,False
-1.221846,23.871350,2.404091,0.092079,0.994299,0.053776,50.00,False
-1.233062,23.876289,-0.637081,0.089836,0.995286,-0.036531,50.00,False
-1.142408,23.703920,-3.521200,0.107967,0.989564,-0.095428,50.00,False
-1.239828,23.644289,-6.587577,0.088483,0.977637,-0.190777,50.00,False
-1.269456,23.617072,-9.319035,0.082557,0.972194,-0.219142,50.00,False
-1.281318,23.268062,-11.799296,0.080185,0.977065,-0.197267,50.00,False
-1.170637,22.724067,-13.605617,0.102321,0.993922,-0.040604,50.00,False
-1.338745,23.158187,-15.611209,0.068699,0.994723,0.076204,50.00,False
-1.283547,23.563517,-17.868008,0.079739,0.986538,0.142772,50.00,False
-1.291793,23.641501,-20.361745,0.078090,0.983704,0.161951,50.00,False
-1.269500,23.696600,-23.456585,0.082548,0.994724,0.060910,50.00,False
-1.213131,23.608755,-26.363127,0.093822,0.995586,-0.002472,50.00,False
-1.279740,20.765555,-29.716414,0.080500,0.984597,-0.155202,50.00,False
-1.327673,19.632890,-33.277604,0.070914,0.934244,-0.349513,50.00,False
-1.336519,16.493627,-36.946093,0.069144,0.821993,-0.565284,50.00,False
-1.491175,16.206749,-39.926058,0.038213,0.764618,-0.643350,50.00,False
-1.727293,15.874705,-42.425713,-0.009010,0.780289,-0.625354,50.00,False
-2.257125,15.563469,-44.466704,-0.114977,0.849065,-0.515625,50.00,False
-2.324059,15.210979,-46.650603,-0.128364,0.891488,-0.434478,50.00,False
-2.499382,14.582474,-48.977314,-0.163428,0.909642,-0.381893,50.00,False
-2.725785,13.899838,-51.133476,-0.208709,0.932362,-0.295199,50.00,False
-1.982447,12.668208,-53.487655,-0.060041,0.966870,-0.248108,50.00,False
-1.671957,12.189851,-55.787438,0.002057,0.981755,-0.190137,50.00,False
-1.472899,11.811529,-58.552414,0.041868,0.973411,-0.225206,50.00,False
-1.172649,10.961008,-61.296282,0.101919,0.961275,-0.256052,50.00,False
-0.976604,10.013272,-64.233566,0.141127,0.934922,-0.325582,50.00,False
-0.148701,9.326666,-67.376240,0.306708,0.845972,-0.436190,50.00,False
-0.217542,8.031600,-70.930286,0.292940,0.720038,-0.629073,50.00,False
0.598843,6.836412,-74.006771,0.456217,0.513953,-0.726443,50.00,False
1.211606,5.461976,-76.508229,0.578769,0.403260,-0.708807,50.00,False
1.231445,4.699047,-79.316385,0.582737,0.306829,-0.752511,50.00,False
1.165092,4.610920,-81.990764,0.569467,0.289204,-0.769460,50.00,False
1.210178,4.660624,-84.527399,0.578484,0.299144,-0.758860,50.00,False
1.270365,4.295521,-87.196208,0.590521,0.226124,-0.774695,50.00,False
1.225050,4.346249,-89.800090,0.581458,0.239438,-0.777545,50.00,False
5.295150,4.273922,-89.773094,0.595478,0.221804,-0.772145,200.00,True
5.295150,4.273922,-89.773094,0.595478,0.221804,-0.772145,50.00,False
5.302149,4.235935,-87.188776,0.596878,0.214207,-0.773209,50.00,False
5.289974,4.215192,-84.614183,0.594443,0.210058,-0.776217,50.00,False
5.289786,4.141510,-82.043885,0.594405,0.195322,-0.780084,50.00,False
5.136701,4.889524,-79.422790,0.563788,0.288769,-0.773793,50.00,False
4.853923,5.500212,-76.759082,0.507233,0.408250,-0.758978,50.00,False
4.744741,6.336073,-74.279189,0.485396,0.393122,-0.780926,50.00,False
4.566940,6.915377,-71.454338,0.449836,0.508983,-0.733883,50.00,False
4.135255,7.500942,-68.644464,0.363499,0.626096,-0.689835,50.00,False
3.108602,10.180706,-64.436169,0.158169,0.917034,-0.366103,50.00,False
3.003119,10.628513,-61.538093,0.137072,0.942626,-0.304415,50.00,False
2.802599,11.134334,-58.972795,0.096968,0.946014,-0.309282,50.00,False
2.622127,12.095620,-56.151097,0.060874,0.962909,-0.262869,50.00,False
2.724387,12.530768,-53.912555,0.081326,0.939382,-0.333088,50.00,False
2.502441,14.340907,-51.546690,0.036936,0.925133,-0.377842,50.00,False
2.319448,15.249451,-49.259344,0.000338,0.898829,-0.438299,50.00,False
2.290696,15.363824,-46.568238,-0.005413,0.908429,-0.418005,50.00,False
2.595487,16.318874,-44.345914,0.055546,0.869123,-0.491467,50.00,False
2.808494,16.501911,-42.009027,0.098147,0.834617,-0.542017,50.00,False
3.137510,17.788521,-39.492097,0.163950,0.814472,-0.556558,50.00,False
3.054679,17.994284,-36.600527,0.147384,0.855624,-0.496171,50.00,False
3.077198,19.710837,-33.601414,0.151888,0.897389,-0.414275,50.00,False
2.919116,20.067147,-30.027263,0.120271,0.968651,-0.217372,50.00,False
2.895186,22.457098,-26.388902,0.115486,0.993280,-0.007626,50.00,False
2.928964,23.459439,-23.439140,0.122241,0.990409,0.064399,50.00,False
2.846211,23.431536,-20.483344,0.105691,0.984828,0.137631,50.00,False
2.813712,22.412539,-17.854190,0.099191,0.984368,0.145535,50.00,False
2.748241,22.462124,-15.676611,0.086096,0.994285,0.063124,50.00,False
2.677159,22.733713,-13.681574,0.071880,0.995851,-0.055795,50.00,False
2.871822,22.912445,-11.556594,0.110813,0.982650,-0.148726,50.00,False
2.751443,23.508692,-9.326682,0.086737,0.971484,-0.220671,50.00,False
2.791897,23.534437,-6.598004,0.094828,0.976633,-0.192862,50.00,False
2.711795,24.123773,-3.546161,0.078807,0.991819,-0.100421,50.00,False
2.801201,24.135224,-0.590169,0.096688,0.994944,-0.027149,50.00,False
2.792904,23.984621,2.499942,0.095029,0.992798,0.072946,50.00,False
2.786722,23.710135,5.444649,0.093793,0.985129,0.143961,50.00,False
2.789183,22.943417,7.996179,0.094285,0.986165,0.136340,50.00,False
2.686337,22.978610,10.354457,0.073716,0.993204,0.090068,50.00,False
2.668447,23.000270,12.485070,0.070138,0.997536,-0.001736,50.00,False
2.678147,22.950924,14.808594,0.072078,0.995884,-0.054958,50.00,False
2.732585,23.090548,17.460870,0.082965,0.995649,-0.042430,50.00,False
2.766783,23.068851,20.743302,0.089805,0.991309,0.096130,50.00,False
2.604926,22.773303,23.666885,0.057434,0.984966,0.162919,50.00,False
2.757709,22.030245,26.648793,0.087990,0.966435,0.241374,50.00,False
2.848136,21.186447,29.578570,0.106075,0.944996,0.309402,50.00,False
2.860269,20.278315,32.195267,0.108502,0.942931,0.314815,50.00,False
2.894703,19.283540,34.840929,0.115389,0.938294,0.326021,50.00,False
3.033018,16.871824,37.491945,0.143052,0.930103,0.338297,50.00,False
3.022337,16.233203,40.320105,0.140916,0.911672,0.386002,50.00,False
3.153756,13.464066,43.731358,0.167199,0.818038,0.550325,50.00,False
3.250184,11.134513,46.779764,0.186485,0.743611,0.642080,50.00,False
3.298867,9.904715,49.550895,0.196222,0.708025,0.678379,50.00,False
3.379650,9.878549,52.143409,0.212378,0.702791,0.678955,50.00,False
3.271679,8.921755,55.091169,0.190784,0.632638,0.750580,50.00,False
3.543427,8.062385,58.016292,0.245134,0.520877,0.817678,50.00,False
3.577264,7.990582,60.640605,0.251901,0.506516,0.824613,50.00,False
3.295848,6.905155,63.616750,0.195618,0.385074,0.901915,50.00,False
3.077502,6.034487,66.524891,0.151949,0.210941,0.965617,50.00,False
3.077502,6.034487,69.114526,0.151949,0.210941,0.965617,50.00,False
2.929874,5.575100,71.802629,0.122423,0.119063,0.985310,50.00,False
7.238599,6.175126,71.642964,0.184168,0.239069,0.953377,200.00,True
7.238599,6.175126,71.642964,0.184168,0.239069,0.953377,50.00,False
7.353304,6.701037,68.865190,0.207109,0.344251,0.915750,50.00,False
7.289146,6.897926,66.210912,0.194277,0.383629,0.902821,50.00,False
7.205301,6.998301,63.594695,0.177509,0.403704,0.897504,50.00,False
7.480741,7.728518,60.637382,0.232597,0.516696,0.823969,50.00,False
7.463339,8.093617,57.800052,0.229116,0.589716,0.774430,50.00,False
7.550764,8.129025,55.156060,0.246601,0.596797,0.763558,50.00,False
7.298686,9.175642,52.375155,0.196186,0.659883,0.725304,50.00,False
7.263181,9.291723,49.686120,0.189084,0.683099,0.705424,50.00,False
7.284697,11.079478,46.832388,0.193388,0.732604,0.652605,50.00,False
7.253607,11.341326,43.970120,0.187170,0.779276,0.598078,50.00,False
7.205041,15.611521,40.371208,0.177456,0.900842,0.396222,50.00,False
7.058681,16.839990,37.558336,0.148185,0.924357,0.351575,50.00,False
6.942501,18.263245,34.954050,0.124948,0.928889,0.348645,50.00,False
6.860960,19.548230,32.266216,0.108640,0.938058,0.329005,50.00,False
6.831227,20.395320,29.588479,0.102694,0.944719,0.311384,50.00,False
6.720198,21.581067,26.789160,0.080488,0.959646,0.269447,50.00,False
6.668841,22.245674,23.853945,0.070216,0.977209,0.200331,50.00,False
6.653539,22.806570,20.597072,0.067156,0.995498,0.066884,50.00,False
6.680773,22.641428,17.404751,0.072603,0.995917,-0.053654,50.00,False
6.689928,22.823102,14.744938,0.074434,0.994926,-0.067689,50.00,False
6.583971,22.665709,12.613148,0.053242,0.998296,0.023880,50.00,False
6.619298,22.798161,10.168214,0.060308,0.996781,0.052820,50.00,False
6.775548,22.814652,7.952430,0.091558,0.987592,0.127590,50.00,False
6.788696,23.118397,5.487191,0.094188,0.983810,0.152469,50.00,False
6.885230,23.800696,2.561034,0.113494,0.989882,0.085165,50.00,False
6.893402,23.818036,-0.460589,0.115129,0.993350,-0.001233,50.00,False
6.938670,23.793372,-3.480254,0.124182,0.988417,-0.087239,50.00,False
6.808093,23.106115,-6.661484,0.098067,0.973719,-0.205558,50.00,False
6.795004,23.043660,-9.299821,0.095449,0.971872,-0.215299,50.00,False
6.741791,22.350777,-11.606478,0.084807,0.983677,-0.158703,50.00,False
6.646394,21.969020,-13.581400,0.065727,0.997197,-0.035761,50.00,False
6.922046,22.126029,-15.619057,0.120857,0.989860,0.074635,50.00,False
6.872940,22.433291,-18.069468,0.111036,0.988519,0.102480,50.00,False
6.991437,22.420033,-20.599459,0.134736,0.984255,0.114408,50.00,False
7.114306,22.430674,-23.556830,0.159310,0.986383,0.040861,50.00,False
7.045296,22.444328,-26.460559,0.145507,0.989113,-0.021958,50.00,False
6.941726,21.771776,-29.716270,0.124793,0.979973,-0.155173,50.00,False
7.152351,20.147277,-33.488080,0.166919,0.904865,-0.391608,50.00,False
7.314171,18.876432,-36.493583,0.199283,0.857245,-0.474782,50.00,False
7.372580,17.701507,-39.538512,0.210964,0.797069,-0.565841,50.00,False
7.445234,16.529078,-42.078914,0.225495,0.800014,-0.555994,50.00,False
7.244633,15.623520,-43.958214,0.185375,0.891235,-0.413927,50.00,False
6.986451,15.344927,-46.345894,0.133739,0.917924,-0.373536,50.00,False
6.889653,14.738532,-49.001707,0.114379,0.915055,-0.386772,50.00,False
6.957655,13.170927,-51.498471,0.127979,0.920897,-0.368198,50.00,False
6.857595,12.186545,-53.846040,0.107967,0.941319,-0.319785,50.00,False
7.045220,10.992364,-56.398614,0.145492,0.938752,-0.312373,50.00,False
7.589269,10.393477,-59.998403,0.254302,0.818975,-0.514404,50.00,False
7.741995,9.296744,-62.424232,0.284847,0.828784,-0.481642,50.00,False
8.648625,7.636085,-66.073528,0.466173,0.549215,-0.693575,50.00,False
9.000755,6.200265,-69.105802,0.536599,0.316823,-0.782103,50.00,False
8.963137,6.071360,-71.770440,0.529076,0.291042,-0.797103,50.00,False
8.781240,6.117325,-74.420842,0.492696,0.319928,-0.809257,50.00,False
9.163891,4.604510,-76.912263,0.569226,0.229109,-0.789614,50.00,False
9.212931,4.601318,-79.467012,0.579034,0.228471,-0.782637,50.00,False
9.289434,4.325108,-82.067204,0.594335,0.175886,-0.784748,50.00,False
9.298766,4.084594,-84.640496,0.596201,0.183938,-0.781480,50.00,False
9.289786,4.141510,-87.223154,0.594405,0.195322,-0.780084,50.00,False
9.289974,4.215192,-89.793453,0.594443,0.210058,-0.776217,50.00,False
13.315500,2.606512,-89.809704,0.599548,0.181583,-0.779467,200.00,True
13.315500,2.606512,-89.809704,0.599548,0.181583,-0.779467,50.00,False
13.289434,4.325108,-87.246473,0.594335,0.175886,-0.784748,50.00,False
13.234069,4.339274,-84.697966,0.583262,0.176062,-0.792974,50.00,False
13.099616,4.656461,-82.121813,0.556372,0.239499,-0.795670,50.00,False
13.035647,4.650034,-79.578059,0.543578,0.238214,-0.804846,50.00,False
12.985555,5.787230,-76.997940,0.533559,0.253909,-0.806749,50.00,False
13.067274,5.927665,-74.339416,0.549903,0.262303,-0.792972,50.00,False
13.108608,6.046490,-71.679187,0.558170,0.286068,-0.778853,50.00,False
13.190186,6.274546,-68.936798,0.574485,0.331679,-0.748302,50.00,False
13.249105,7.368707,-65.996389,0.586269,0.443176,-0.678147,50.00,False
13.360823,7.373934,-63.340870,0.608613,0.432903,-0.664970,50.00,False
13.253480,8.658556,-60.199874,0.587144,0.589552,-0.554698,50.00,False
11.756565,10.472360,-56.773285,0.287761,0.875892,-0.387307,50.00,False
11.573958,11.102556,-54.016669,0.251240,0.900903,-0.353911,50.00,False
11.004736,12.611737,-51.365740,0.137396,0.929729,-0.341652,50.00,False
11.084041,12.747552,-48.745651,0.153256,0.929468,-0.335561,50.00,False
11.133099,13.785026,-46.104409,0.163068,0.931466,-0.325239,50.00,False
11.361365,14.982980,-43.627101,0.208721,0.914077,-0.347705,50.00,False
11.347378,15.369695,-41.864294,0.205924,0.833279,-0.513070,50.00,False
11.278839,16.307250,-39.912881,0.192216,0.743329,-0.640714,50.00,False
10.870922,18.272972,-36.616685,0.110633,0.859278,-0.499402,50.00,False
11.138533,19.424586,-33.091468,0.164155,0.935698,-0.312286,50.00,False
11.102932,20.902178,-29.617054,0.157035,0.978277,-0.135330,50.00,False
10.968234,21.809486,-26.564873,0.130095,0.990576,-0.042821,50.00,False
10.942829,22.236717,-23.565422,0.125014,0.991383,0.039143,50.00,False
10.954867,22.108782,-20.652910,0.127422,0.986411,0.103718,50.00,False
10.950914,22.102874,-18.005500,0.126631,0.985229,0.115273,50.00,False
10.876760,21.945665,-15.747593,0.111800,0.992525,0.048928,50.00,False
10.720985,21.819746,-13.598188,0.080645,0.995975,-0.039118,50.00,False
10.683288,21.778499,-11.503139,0.073106,0.987726,-0.138035,50.00,False
10.747457,22.586084,-9.236260,0.085940,0.975486,-0.202587,50.00,False
10.757459,23.132618,-6.552756,0.087940,0.979020,-0.183813,50.00,False
10.793535,23.188336,-3.556951,0.095155,0.990163,-0.102579,50.00,False
10.710874,23.218267,-0.260465,0.078623,0.996149,0.038792,50.00,False
10.742827,23.195190,2.625949,0.085014,0.991534,0.098148,50.00,False
10.788849,23.125806,5.437645,0.094218,0.985292,0.142560,50.00,False
10.767784,22.823555,7.885467,0.090005,0.989373,0.114197,50.00,False
10.785228,22.524895,10.289624,0.093494,0.992630,0.077102,50.00,False
10.672598,22.282241,12.556939,0.070968,0.997399,0.012638,50.00,False
10.570530,22.407629,14.814571,0.050554,0.997273,-0.053763,50.00,False
10.598002,22.457280,17.423186,0.056049,0.997177,-0.049967,50.00,False
10.535425,22.416421,20.294556,0.043533,0.999032,0.006381,50.00,False
10.685770,22.157884,23.962589,0.073602,0.972251,0.222060,50.00,False
10.787220,20.571770,26.944996,0.093892,0.949113,0.300615,50.00,False
10.781132,20.545787,29.616119,0.092675,0.943916,0.316912,50.00,False
10.869008,19.133977,32.425757,0.110250,0.926060,0.360913,50.00,False
10.928329,17.743527,35.066344,0.122114,0.920527,0.371104,50.00,False
11.027766,16.780076,37.646336,0.142001,0.918447,0.369175,50.00,False
10.992000,14.383156,40.465113,0.134848,0.899771,0.415003,50.00,False
10.962113,11.451892,43.900211,0.128871,0.801389,0.584096,50.00,False
11.097597,9.325923,47.011167,0.155968,0.708403,0.688360,50.00,False
11.240298,9.075884,49.807538,0.184508,0.658395,0.729708,50.00,False
10.955626,7.677704,52.790340,0.127573,0.574726,0.808341,50.00,False
11.213449,7.574109,55.403321,0.179138,0.554007,0.813010,50.00,False
11.407380,6.429912,58.192591,0.217924,0.474349,0.852937,50.00,False
11.407380,6.429912,60.782225,0.217924,0.474349,0.852937,50.00,False
11.469644,5.315556,63.807400,0.230377,0.251478,0.940045,50.00,False
11.469644,5.315556,66.397035,0.230377,0.251478,0.940045,50.00,False
11.365710,4.387470,69.123322,0.209590,0.142323,0.967376,50.00,False
11.365710,4.387470,71.712957,0.209590,0.142323,0.967376,50.00,False
13.260857,3.206686,61.989144,-0.211380,0.005827,-0.977387,200.00,True
13.260857,3.206686,61.989144,-0.211380,0.005827,-0.977387,50.00,False
13.260857,4.087300,59.399510,-0.211380,0.005827,-0.977387,50.00,False
15.496250,4.566085,66.529320,0.235698,0.101584,0.966503,50.00,False
15.350741,4.875159,63.930603,0.206596,0.163398,0.964686,50.00,False
15.416601,4.930016,61.316749,0.219768,0.174370,0.959842,50.00,False
15.392026,6.295679,58.577750,0.214853,0.298321,0.929969,50.00,False
15.620241,6.726039,55.766541,0.260496,0.384393,0.885654,50.00,False
15.560590,7.152395,52.984288,0.248566,0.469664,0.847131,50.00,False
15.347133,7.824471,50.008363,0.205875,0.604079,0.769873,50.00,False
15.096072,10.406833,46.942093,0.155663,0.721635,0.674546,50.00,False
15.073650,13.747079,43.313061,0.151178,0.871417,0.466666,50.00,False
15.125054,14.313483,40.507740,0.161459,0.891378,0.423529,50.00,False
14.989859,16.430334,37.707434,0.134420,0.914587,0.381395,50.00,False
14.881299,16.708905,35.270533,0.112708,0.904213,0.411941,50.00,False
14.781129,17.741709,32.523234,0.092674,0.920164,0.380408,50.00,False
14.682965,19.227756,29.628342,0.073041,0.944815,0.319357,50.00,False
14.771636,20.650724,26.886712,0.090775,0.953028,0.288958,50.00,False
14.835701,22.034357,23.696870,0.103588,0.980172,0.168916,50.00,False
14.833381,22.334320,20.606226,0.103124,0.992292,0.068715,50.00,False
14.660390,22.329714,17.440683,0.068526,0.996567,-0.046467,50.00,False
14.640954,22.190079,14.848057,0.064639,0.996798,-0.047066,50.00,False
14.651575,22.068857,12.441001,0.066763,0.997713,-0.010550,50.00,False
14.654684,22.375097,10.129954,0.067385,0.996704,0.045168,50.00,False
14.712241,22.475369,7.883452,0.078897,0.990367,0.113794,50.00,False
14.767405,22.808669,5.412901,0.089929,0.986395,0.137611,50.00,False
14.811128,22.834378,2.557037,0.098674,0.991537,0.084365,50.00,False
14.839478,23.210157,-0.428164,0.104344,0.994527,0.005252,50.00,False
14.806039,22.869233,-3.586549,0.097656,0.989288,-0.108498,50.00,False
14.792763,22.829586,-6.468995,0.095001,0.981359,-0.167061,50.00,False
14.795648,22.263538,-9.204594,0.095578,0.975884,-0.196253,50.00,False
14.667385,21.780792,-11.494920,0.069925,0.988184,-0.136392,50.00,False
14.794505,21.492156,-13.689935,0.095349,0.993784,-0.057468,50.00,False
14.867271,21.572903,-15.653986,0.109902,0.991638,0.067649,50.00,False
14.876616,21.163605,-18.122882,0.111772,0.989485,0.091797,50.00,False
14.895506,21.566083,-20.783990,0.115549,0.990274,0.077502,50.00,False
14.993646,21.438407,-23.516895,0.135177,0.989617,0.048848,50.00,False
15.061781,21.173389,-26.721152,0.148805,0.986088,-0.074076,50.00,False
15.180443,19.577645,-29.895345,0.172537,0.966310,-0.190988,50.00,False
15.179228,18.613779,-33.189647,0.172294,0.927439,-0.331922,50.00,False
14.940717,17.175856,-37.044862,0.124592,0.801379,-0.585038,50.00,False
15.096008,16.287157,-39.823920,0.155650,0.766643,-0.622922,50.00,False
15.002577,14.839575,-42.022290,0.136964,0.827391,-0.544669,50.00,False
15.340414,14.210746,-43.690482,0.204531,0.910106,-0.360381,50.00,False
15.305142,13.031462,-45.890629,0.197477,0.938726,-0.282483,50.00,False
15.531812,11.944405,-48.899186,0.242811,0.898271,-0.366268,50.00,False
15.888273,10.739680,-51.977033,0.314103,0.828328,-0.463910,50.00,False
16.349418,10.662214,-54.333948,0.406332,0.812834,-0.417366,50.00,False
17.412749,9.252228,-57.221770,0.618998,0.623946,-0.477004,50.00,False
17.571674,8.125501,-60.098342,0.650783,0.539358,-0.534391,50.00,False
17.714906,7.644548,-62.939964,0.679429,0.443168,-0.584789,50.00,False
17.360823,7.373934,-65.930505,0.608613,0.432903,-0.664970,50.00,False
17.331513,6.263433,-68.828985,0.602751,0.329457,-0.726739,50.00,False
17.152614,6.155303,-71.605213,0.566971,0.307830,-0.764058,50.00,False
17.112791,6.097666,-74.246626,0.559007,0.296303,-0.774413,50.00,False
17.145468,5.140903,-76.965019,0.565542,0.199745,-0.800165,50.00,False
17.114660,4.477813,-79.571202,0.559380,0.203770,-0.803475,50.00,False
17.139313,4.458580,-82.148409,0.564311,0.199923,-0.800989,50.00,False
17.148597,4.424300,-84.739902,0.566168,0.193067,-0.801361,50.00,False
17.177892,4.397719,-87.315022,0.572027,0.187751,-0.798458,50.00,False
17.234069,4.325987,-89.877236,0.583262,0.176062,-0.792974,50.00,False
21.159055,4.434490,-89.909289,0.568259,0.195105,-0.799384,200.00,True
21.159055,4.434490,-89.909289,0.568259,0.195105,-0.799384,50.00,False
21.128802,4.387690,-87.352063,0.562209,0.185745,-0.805866,50.00,False
21.117749,4.428001,-84.760631,0.559998,0.193807,-0.805507,50.00,False
21.139057,4.708065,-82.152468,0.564260,0.196789,-0.801801,50.00,False
21.147057,5.597585,-79.557808,0.565860,0.196287,-0.800796,50.00,False
21.258794,5.310982,-76.835137,0.588207,0.233761,-0.774189,50.00,False
21.317337,5.995134,-74.129680,0.599916,0.275797,-0.751024,50.00,False
21.558690,5.802466,-71.287782,0.648186,0.298419,-0.700572,50.00,False
21.698245,6.977956,-68.427098,0.676097,0.353708,-0.646362,50.00,False
21.858859,5.943563,-65.735078,0.708220,0.326639,-0.625885,50.00,False
21.743825,7.598366,-62.840170,0.685213,0.459837,-0.564830,50.00,False
21.072217,8.100352,-60.519347,0.550892,0.560234,-0.618592,50.00,False
21.071137,7.174050,-58.565528,0.550676,0.374974,-0.745755,50.00,False
20.809058,8.448871,-55.783153,0.498260,0.501592,-0.707207,50.00,False
20.538095,8.958051,-52.969122,0.444067,0.603428,-0.662328,50.00,False
19.663553,10.589053,-49.461076,0.269159,0.835734,-0.478646,50.00,False
19.578647,11.752778,-46.218697,0.252178,0.902904,-0.348097,50.00,False
19.460954,13.031333,-43.178602,0.228639,0.938700,-0.258005,50.00,False
19.221130,12.669151,-41.627806,0.180674,0.866264,-0.465773,50.00,False
19.293356,14.493527,-39.820133,0.195119,0.758182,-0.622165,50.00,False
19.532589,16.167299,-36.872040,0.242966,0.798716,-0.550473,50.00,False
19.490349,18.139426,-33.148603,0.234518,0.916630,-0.323713,50.00,False
19.080736,19.997631,-29.886446,0.152595,0.970008,-0.189208,50.00,False
19.051135,20.519256,-26.683686,0.146675,0.986941,-0.066583,50.00,False
19.051710,21.114094,-23.736222,0.146790,0.989155,0.004983,50.00,False
18.820651,21.175952,-20.787097,0.100578,0.991954,0.076881,50.00,False
18.823419,20.910323,-18.240662,0.101132,0.992530,0.068241,50.00,False
18.726415,20.906084,-15.732990,0.081731,0.995305,0.051848,50.00,False
18.710074,20.675232,-13.820097,0.078463,0.993414,-0.083500,50.00,False
18.725745,21.324234,-11.530465,0.081597,0.986281,-0.143501,50.00,False
18.729093,21.769761,-9.075719,0.082267,0.981921,-0.170478,50.00,False
18.803315,22.275117,-6.407118,0.097111,0.983179,-0.154685,50.00,False
18.787397,22.472060,-3.429902,0.093928,0.992584,-0.077169,50.00,False
18.853111,22.478556,-0.589758,0.107071,0.993883,-0.027067,50.00,False
18.494121,22.515987,2.345750,0.035272,0.998490,0.042108,50.00,False
18.563678,22.503752,5.094939,0.049184,0.996043,0.074019,50.00,False
18.530059,22.353646,7.699388,0.042460,0.996128,0.076982,50.00,False
18.551598,22.111206,10.185520,0.046768,0.997319,0.056281,50.00,False
18.554648,21.808027,12.561981,0.047378,0.998784,0.013646,50.00,False
18.672518,22.116744,14.879907,0.070952,0.996649,-0.040696,50.00,False
18.657659,22.121813,17.638643,0.067980,0.997663,-0.006875,50.00,False
18.908628,22.076430,20.729876,0.118174,0.988586,0.093444,50.00,False
18.995284,21.647376,23.960105,0.135505,0.965685,0.221563,50.00,False
18.816661,20.693499,26.720605,0.099780,0.961583,0.255736,50.00,False
18.667855,19.088068,29.843709,0.070019,0.929377,0.362430,50.00,False
18.788427,17.578497,32.600694,0.094134,0.913456,0.395900,50.00,False
18.896418,16.348888,35.330961,0.115732,0.898225,0.424027,50.00,False
18.979190,15.041903,37.922703,0.132286,0.895737,0.424448,50.00,False
19.027566,12.973902,40.607506,0.141961,0.884969,0.443482,50.00,False
19.099693,12.305720,43.779880,0.156387,0.813578,0.560030,50.00,False
19.079166,10.851627,46.822909,0.152281,0.743901,0.650709,50.00,False
19.387918,8.807301,49.940972,0.214032,0.618108,0.756394,50.00,False
19.560432,5.314790,53.197592,0.248535,0.382755,0.889792,50.00,False
19.561894,4.453209,56.065320,0.248827,0.210439,0.945410,50.00,False
19.585635,4.470517,58.644752,0.253575,0.213901,0.943370,50.00,False
19.530731,3.709204,61.358377,0.242595,0.061638,0.968168,50.00,False
19.579118,3.710625,63.935539,0.252272,0.061922,0.965673,50.00,False
17.084439,3.579624,56.854595,-0.246664,0.035722,-0.968442,50.00,False
19.507939,3.518902,69.141293,0.238036,0.023578,0.970970,50.00,False
19.507939,3.518902,71.730927,0.238036,0.023578,0.970970,50.00,False
21.027624,3.596681,62.049353,-0.258027,0.039133,-0.965345,200.00,True
21.027624,3.596681,62.049353,-0.258027,0.039133,-0.965345,50.00,False
21.027624,3.596681,59.459718,-0.258027,0.039133,-0.965345,50.00,False
21.003265,3.506513,56.873844,-0.262899,0.021100,-0.964593,50.00,False
21.024753,3.490116,54.278074,-0.258601,0.017820,-0.965820,50.00,False
23.615833,3.491133,61.345259,0.259615,0.018024,0.965544,50.00,False
23.540320,4.159382,58.716455,0.244512,0.151674,0.957710,50.00,False
23.463375,4.863053,55.980467,0.229123,0.292408,0.928440,50.00,False
23.280046,8.268326,52.939519,0.192457,0.510313,0.838177,50.00,False
23.435660,5.780898,50.411816,0.223580,0.475977,0.850563,50.00,False
23.347051,8.746884,47.411097,0.205858,0.606025,0.768346,50.00,False
23.192061,10.836318,44.222342,0.174861,0.740839,0.648522,50.00,False
23.008490,12.877870,40.795144,0.138146,0.865763,0.481010,50.00,False
22.893353,13.985677,38.026349,0.115119,0.888012,0.445177,50.00,False
22.738203,16.296232,35.474283,0.084089,0.887693,0.452691,50.00,False
22.609580,18.072170,32.661404,0.058364,0.911096,0.408042,50.00,False
22.655759,19.048174,29.546334,0.067600,0.950604,0.302955,50.00,False
22.725804,19.653439,26.773400,0.081609,0.960430,0.266295,50.00,False
22.720705,20.097132,23.925678,0.080589,0.973354,0.214678,50.00,False
22.809504,21.429882,20.805940,0.098349,0.989202,0.108657,50.00,False
22.618120,21.803249,17.930962,0.060072,0.996860,0.051589,50.00,False
22.615598,21.626039,14.940304,0.059568,0.997814,-0.028616,50.00,False
22.588895,21.499662,12.394792,0.054227,0.998332,-0.019791,50.00,False
22.657695,21.804045,10.074551,0.067987,0.997104,0.034087,50.00,False
22.666623,21.983755,7.670035,0.069773,0.995025,0.071111,50.00,False
22.681090,22.341513,5.151369,0.072666,0.993702,0.085305,50.00,False
22.827340,22.346504,2.203363,0.101916,0.994700,0.013630,50.00,False
22.755829,22.172521,-0.623045,0.087614,0.995583,-0.033724,50.00,False
22.800963,22.129042,-3.690458,0.096641,0.986888,-0.129280,50.00,False
22.786364,21.390745,-6.406558,0.093721,0.983526,-0.154573,50.00,False
22.769924,21.159744,-8.970092,0.090433,0.984640,-0.149353,50.00,False
22.697205,20.885269,-11.505183,0.075889,0.987458,-0.138444,50.00,False
22.687818,20.291180,-14.008039,0.074012,0.989879,-0.121088,50.00,False
22.717650,20.318973,-16.252438,0.079978,0.995437,-0.052041,50.00,False
22.772601,20.543078,-18.380721,0.090969,0.995041,0.040229,50.00,False
22.991444,20.507828,-20.793355,0.134737,0.987991,0.075629,50.00,False
23.019575,20.534172,-23.854403,0.140363,0.989924,-0.018653,50.00,False
23.066582,20.032179,-26.838846,0.149765,0.983891,-0.097615,50.00,False
23.209716,19.017767,-30.116313,0.178391,0.955440,-0.235182,50.00,False
23.402395,16.692799,-33.396176,0.216927,0.902022,-0.373227,50.00,False
23.439686,15.018606,-36.999414,0.224386,0.786088,-0.575948,50.00,False
23.313720,12.351361,-39.515062,0.199192,0.803388,-0.561151,50.00,False
23.472283,12.205919,-41.575111,0.230905,0.859910,-0.455234,50.00,False
23.653936,11.802095,-43.433257,0.267235,0.912767,-0.308936,50.00,False
23.751122,10.375289,-46.382104,0.286673,0.879106,-0.380778,50.00,False
24.521622,9.229814,-50.559807,0.440773,0.563886,-0.698392,50.00,False
24.481250,9.035510,-53.321906,0.432698,0.525026,-0.732885,50.00,False
25.362482,7.119742,-56.033937,0.608945,0.235767,-0.757364,50.00,False
25.326837,7.206936,-58.623916,0.601816,0.253205,-0.757433,50.00,False
25.501876,4.682445,-61.194149,0.636823,0.163139,-0.753553,50.00,False
25.786820,3.874849,-63.471889,0.693812,0.202246,-0.691174,50.00,False
25.873531,5.469338,-65.924281,0.711154,0.231794,-0.663725,50.00,False
25.947990,5.692251,-68.343595,0.726046,0.276376,-0.629661,50.00,False
25.841150,5.797610,-71.005767,0.704678,0.297448,-0.644169,50.00,False
25.695786,5.574432,-73.837372,0.675605,0.252812,-0.692563,50.00,False
25.458428,5.253349,-76.692664,0.628134,0.222234,-0.745694,50.00,False
25.240908,5.242309,-79.458301,0.584630,0.220026,-0.780895,50.00,False
25.139594,5.124055,-82.152597,0.564367,0.196376,-0.801827,50.00,False
25.139594,5.124055,-84.742232,0.564367,0.196376,-0.801827,50.00,False
25.172224,4.629473,-87.326775,0.570893,0.181071,-0.800809,50.00,False
25.148677,4.083495,-89.931271,0.566184,0.182681,-0.803781,50.00,False
29.162737,5.084698,-89.914585,0.568996,0.188504,-0.800444,200.00,True
29.162737,5.084698,-89.914585,0.568996,0.188504,-0.800444,50.00,False
29.196274,4.652518,-87.304217,0.575703,0.185680,-0.796297,50.00,False
29.362175,5.047118,-84.594782,0.608883,0.180988,-0.772337,50.00,False
29.362175,4.629060,-82.005148,0.608883,0.180988,-0.772337,50.00,False
29.594194,5.215953,-79.174874,0.655287,0.214755,-0.724209,50.00,False
29.807124,5.483302,-76.347766,0.697873,0.234586,-0.676715,50.00,False
29.967109,5.567596,-73.552864,0.729870,0.251445,-0.635661,50.00,False
29.973009,5.571148,-70.955032,0.731050,0.252156,-0.634022,50.00,False
29.846132,2.992602,-68.567822,0.705675,0.216943,-0.674507,50.00,False
29.749450,3.036758,-66.062408,0.686338,0.225774,-0.691351,50.00,False
29.419032,4.706172,-63.847140,0.620255,0.167884,-0.766224,50.00,False
29.348859,5.489510,-61.317962,0.606220,0.163471,-0.778315,50.00,False
29.223705,6.605341,-58.785534,0.581189,0.196223,-0.789757,50.00,False
29.325572,7.027588,-55.986586,0.601563,0.280672,-0.747894,50.00,False
29.041726,7.567514,-53.372807,0.544793,0.388657,-0.743065,50.00,False
28.981592,8.742836,-50.272438,0.532767,0.552615,-0.640918,50.00,False
28.596223,10.024669,-46.931940,0.455693,0.742639,-0.490746,50.00,False
28.030615,10.690927,-43.806295,0.342571,0.857636,-0.383543,50.00,False
27.940183,10.913009,-41.612166,0.324485,0.825027,-0.462645,50.00,False
27.775154,12.042314,-39.507471,0.291479,0.775791,-0.559633,50.00,False
27.393004,13.086820,-37.452198,0.215049,0.713810,-0.666505,50.00,False
27.018997,13.632937,-34.282065,0.140248,0.823034,-0.550405,50.00,False
26.900721,16.705785,-30.499065,0.116592,0.942990,-0.311732,50.00,False
27.202564,19.438340,-26.977111,0.176961,0.976213,-0.125268,50.00,False
27.239766,20.006246,-23.900800,0.184401,0.982454,-0.027933,50.00,False
26.940318,20.183549,-21.116919,0.124512,0.992158,0.010916,50.00,False
26.876945,20.191367,-18.566363,0.111837,0.993722,0.003101,50.00,False
26.761188,20.146521,-16.447751,0.088686,0.991885,-0.091104,50.00,False
26.657201,20.138641,-14.008407,0.067888,0.990309,-0.121162,50.00,False
26.664083,20.650259,-11.476384,0.069265,0.988735,-0.132684,50.00,False
26.657487,20.923463,-8.953797,0.067946,0.986935,-0.146094,50.00,False
26.683137,21.271771,-6.396688,0.073076,0.985583,-0.152599,50.00,False
26.640770,21.309659,-3.530347,0.064602,0.993160,-0.097258,50.00,False
26.718880,21.967415,-0.721060,0.080224,0.995349,-0.053327,50.00,False
26.727011,21.972409,2.256760,0.081850,0.996348,0.024310,50.00,False
26.720283,21.962696,5.066782,0.080505,0.994405,0.068387,50.00,False
26.715533,21.833860,7.640059,0.079555,0.994701,0.065116,50.00,False
26.606164,21.250543,9.994842,0.057681,0.998170,0.018145,50.00,False
26.592402,21.294296,12.449230,0.054929,0.998451,-0.008904,50.00,False
26.614984,21.459378,14.996132,0.059445,0.998079,-0.017451,50.00,False
26.737067,21.437738,18.041329,0.083862,0.993751,0.073662,50.00,False
26.843723,21.377623,21.055507,0.105193,0.981728,0.158571,50.00,False
26.661596,20.030847,23.892233,0.068767,0.975711,0.207989,50.00,False
26.678477,19.383029,26.728849,0.072144,0.963612,0.257385,50.00,False
26.817501,18.749528,29.660902,0.099949,0.940117,0.325869,50.00,False
26.668540,16.613073,32.672904,0.070156,0.909229,0.410342,50.00,False
26.681763,15.170381,35.529808,0.072801,0.882946,0.463796,50.00,False
26.872705,13.871652,38.245349,0.110989,0.865207,0.488978,50.00,False
27.140807,11.500456,41.047117,0.164610,0.830971,0.531404,50.00,False
27.088508,9.461087,44.575243,0.154150,0.677591,0.719102,50.00,False
27.182074,8.981819,47.543343,0.172863,0.581737,0.794796,50.00,False
27.360795,6.948760,50.569388,0.208607,0.422400,0.882078,50.00,False
27.611289,6.544593,53.266386,0.258706,0.341567,0.903550,50.00,False
27.684618,5.239824,55.889215,0.273372,0.311165,0.910189,50.00,False
27.717942,4.637076,58.565968,0.280037,0.247212,0.927613,50.00,False
27.580910,4.347644,61.261834,0.252630,0.189326,0.948859,50.00,False
27.732866,3.434448,63.902624,0.283021,0.006687,0.959090,50.00,False
24.965010,3.709039,56.893143,-0.270550,0.061605,-0.960733,50.00,False
25.004187,3.486951,59.462840,-0.262714,0.017187,-0.964721,50.00,False
25.004187,3.486951,62.052474,-0.262714,0.017187,-0.964721,50.00,False
31.860316,3.908479,71.605030,0.308511,0.101493,0.945791,200.00,True
31.860316,3.908479,71.605030,0.308511,0.101493,0.945791,50.00,False
31.860316,4.191465,69.015395,0.308511,0.101493,0.945791,50.00,False
31.727373,4.630970,66.399598,0.281923,0.189394,0.940558,50.00,False
31.727373,4.630970,63.809963,0.281923,0.189394,0.940558,50.00,False
31.777100,6.118887,61.124757,0.291868,0.256426,0.921444,50.00,False
31.611649,6.353525,58.513235,0.258778,0.303353,0.917066,50.00,False
31.680279,6.443954,55.872633,0.272504,0.321439,0.906873,50.00,False
31.673431,6.775944,53.153371,0.271135,0.387837,0.880947,50.00,False
31.541358,8.188520,50.372818,0.244720,0.479439,0.842764,50.00,False
31.256769,8.715796,47.514709,0.187802,0.584894,0.789069,50.00,False
31.195699,8.982685,44.727323,0.175588,0.638272,0.749518,50.00,False
31.062440,11.231856,41.446640,0.148936,0.777251,0.611309,50.00,False
30.920773,12.827808,38.306883,0.120603,0.856837,0.501284,50.00,False
30.819197,13.581376,35.794494,0.100288,0.850252,0.516733,50.00,False
30.817239,16.641669,32.576254,0.099896,0.914948,0.391012,50.00,False
30.828744,17.918612,29.753332,0.102197,0.933261,0.344355,50.00,False
30.801143,19.421237,26.899871,0.096677,0.951645,0.291590,50.00,False
30.659099,20.031244,23.799693,0.068268,0.979508,0.189481,50.00,False
30.811262,20.930275,21.085844,0.098701,0.981403,0.164638,50.00,False
30.663489,20.992477,18.105848,0.069146,0.993844,0.086566,50.00,False
30.616123,21.014248,15.051639,0.059673,0.998198,-0.006349,50.00,False
30.589930,21.007982,12.527285,0.054434,0.998495,0.006707,50.00,False
30.559012,21.008885,9.993494,0.048251,0.998675,0.017876,50.00,False
30.607132,21.002354,7.532717,0.057875,0.997369,0.043647,50.00,False
30.626238,21.243432,4.984035,0.061696,0.996748,0.051838,50.00,False
30.663863,21.289131,2.278865,0.069221,0.997188,0.028731,50.00,False
30.722978,21.326198,-0.564327,0.081044,0.996468,-0.021981,50.00,False
30.747442,21.307446,-3.466155,0.085937,0.992718,-0.084419,50.00,False
30.674280,21.193554,-6.391387,0.071304,0.985876,-0.151539,50.00,False
30.682853,20.783246,-8.942953,0.073019,0.986891,-0.143925,50.00,False
30.660390,20.148485,-11.473257,0.068526,0.988870,-0.132059,50.00,False
30.654795,20.138464,-14.011187,0.067407,0.990273,-0.121718,50.00,False
30.652165,19.974952,-16.464035,0.066881,0.993289,-0.094361,50.00,False
30.791112,19.909676,-18.803875,0.094671,0.994518,-0.044402,50.00,False
31.011714,19.887782,-21.266597,0.138791,0.990139,-0.019019,50.00,False
31.061261,19.128447,-24.140101,0.148701,0.985973,-0.075793,50.00,False
31.160460,17.824402,-27.156760,0.168540,0.972424,-0.161198,50.00,False
31.173779,13.583554,-31.228331,0.171204,0.872528,-0.457585,50.00,False
31.228712,12.918220,-34.770425,0.182191,0.739461,-0.648077,50.00,False
31.383572,11.046084,-37.603209,0.213163,0.684953,-0.696707,50.00,False
31.847585,9.038510,-40.100806,0.305965,0.668053,-0.678299,50.00,False
32.485363,9.043385,-42.317473,0.433521,0.669028,-0.603706,50.00,False
32.895146,8.593256,-45.047056,0.515477,0.579002,-0.631696,50.00,False
32.874762,5.751689,-48.563631,0.511401,0.266165,-0.817084,50.00,False
33.059248,7.842633,-50.811367,0.548298,0.372574,-0.748704,50.00,False
32.961813,7.129948,-53.742337,0.528811,0.230037,-0.816971,50.00,False
33.251068,5.173500,-56.230916,0.586662,0.144919,-0.796760,50.00,False
33.281464,5.100853,-58.810593,0.592741,0.130389,-0.794768,50.00,False
33.359905,5.428584,-61.321660,0.608429,0.151285,-0.779055,50.00,False
33.202624,5.491484,-64.016802,0.576973,0.163865,-0.800156,50.00,False
33.418869,4.732097,-66.431134,0.620222,0.173069,-0.765096,50.00,False
33.707425,2.789179,-68.726485,0.677933,0.204042,-0.706239,50.00,False
33.821838,2.911444,-71.207540,0.700816,0.200711,-0.684523,50.00,False
33.977140,3.036944,-73.589238,0.731876,0.225811,-0.642936,50.00,False
33.886846,2.954707,-76.307893,0.713817,0.207970,-0.668740,50.00,False
33.844838,4.745738,-78.947352,0.705416,0.204324,-0.678705,50.00,False
33.730282,4.706691,-81.663298,0.682505,0.196514,-0.703967,50.00,False
33.528533,4.614451,-84.461131,0.642155,0.178066,-0.745607,50.00,False
33.447382,4.548532,-87.134005,0.625925,0.164882,-0.762255,50.00,False
33.297067,4.570606,-89.837565,0.595862,0.169297,-0.785040,50.00,False
37.439431,4.453962,-89.749357,0.624334,0.145968,-0.767398,200.00,True
37.439431,4.453962,-89.749357,0.624334,0.145968,-0.767398,50.00,False
37.730282,4.706691,-86.842567,0.682505,0.196514,-0.703967,50.00,False
37.844838,4.745738,-84.126622,0.705416,0.204324,-0.678705,50.00,False
37.891550,2.950508,-81.483439,0.714758,0.207130,-0.667995,50.00,False
37.887615,2.920964,-78.907017,0.713971,0.201221,-0.670638,50.00,False
37.845235,2.547186,-76.388264,0.705495,0.182500,-0.684814,50.00,False
37.866881,0.977252,-73.801577,0.709824,0.162391,-0.685404,50.00,False
37.781077,2.629312,-71.287100,0.692664,0.172068,-0.700435,50.00,False
37.668560,2.479520,-68.837713,0.670160,0.142110,-0.728485,50.00,False
37.305714,5.173604,-66.548615,0.597591,0.144939,-0.788592,50.00,False
37.274833,5.066189,-64.000323,0.591415,0.123456,-0.796861,50.00,False
37.184020,5.130050,-61.466261,0.573252,0.136229,-0.807975,50.00,False
36.998267,4.939234,-59.025566,0.536102,0.103674,-0.837763,50.00,False
36.862865,4.879263,-56.526404,0.509021,0.091680,-0.855858,50.00,False
36.941077,4.976738,-53.877577,0.524664,0.111175,-0.844019,50.00,False
36.978279,5.042279,-51.258178,0.532104,0.120459,-0.838066,50.00,False
37.081306,5.049154,-48.600313,0.552709,0.121834,-0.824420,50.00,False
36.878691,6.182640,-45.813469,0.512186,0.348531,-0.784978,50.00,False
37.018340,6.406289,-43.019226,0.540116,0.393261,-0.744057,50.00,False
35.851492,8.489746,-40.615447,0.306747,0.543682,-0.781228,50.00,False
35.421068,10.719921,-37.718161,0.220662,0.658289,-0.719698,50.00,False
35.190829,11.212628,-35.042261,0.174614,0.689987,-0.702444,50.00,False
35.698335,11.839416,-31.484879,0.276115,0.815344,-0.508895,50.00,False
35.761066,12.386598,-28.158214,0.288661,0.886567,-0.361489,50.00,False
35.027366,18.507875,-24.404656,0.141921,0.981475,-0.128704,50.00,False
34.799131,19.144017,-21.605074,0.096275,0.991570,-0.086715,50.00,False
34.683552,19.634383,-19.035859,0.073159,0.993178,-0.090799,50.00,False
34.626489,19.650120,-16.479529,0.061746,0.993322,-0.097459,50.00,False
34.642631,20.155049,-14.021380,0.064974,0.990183,-0.123757,50.00,False
34.630695,20.363964,-11.474411,0.062587,0.989233,-0.132290,50.00,False
34.645609,20.787059,-8.934677,0.065570,0.987654,-0.142270,50.00,False
34.673034,20.999197,-6.247849,0.071055,0.989881,-0.122831,50.00,False
34.726183,21.275376,-3.376601,0.081685,0.994437,-0.066509,50.00,False
34.643995,21.291423,-0.559924,0.065247,0.997646,-0.021100,50.00,False
34.613540,21.292586,2.271117,0.059156,0.997879,0.027181,50.00,False
34.594467,20.961033,4.956891,0.055342,0.997388,0.046409,50.00,False
34.595487,20.948210,7.504683,0.055546,0.997731,0.038040,50.00,False
34.589100,20.889530,10.022819,0.054268,0.998244,0.023741,50.00,False
34.593576,20.787453,12.489435,0.055163,0.998477,-0.000863,50.00,False
34.602265,20.895333,15.021888,0.056901,0.998304,-0.012299,50.00,False
34.529260,21.008764,17.989260,0.042300,0.997101,0.063248,50.00,False
34.612745,20.561963,20.858511,0.058997,0.991119,0.119171,50.00,False
34.662641,19.557033,23.816439,0.068976,0.978805,0.192830,50.00,False
34.711189,18.794877,26.945632,0.078686,0.950454,0.300742,50.00,False
34.784681,17.008624,29.992033,0.093385,0.915173,0.392095,50.00,False
34.815613,15.428897,33.262352,0.099571,0.843242,0.528232,50.00,False
34.812024,13.564616,35.823239,0.098853,0.846900,0.522482,50.00,False
35.046971,12.244500,38.609973,0.145842,0.814245,0.561902,50.00,False
35.787510,8.991484,41.895070,0.293950,0.649769,0.700995,50.00,False
35.937919,8.645013,44.714876,0.324032,0.580475,0.747029,50.00,False
35.814062,8.378352,47.546059,0.299261,0.527143,0.795339,50.00,False
35.721756,8.219731,50.269086,0.280799,0.495418,0.822017,50.00,False
35.583181,7.204912,53.132645,0.253085,0.408860,0.876802,50.00,False
35.734893,5.179772,55.893968,0.283427,0.299154,0.911140,50.00,False
35.662496,5.393804,58.429932,0.268947,0.341961,0.900406,50.00,False
35.664864,5.175325,61.095885,0.269421,0.298265,0.915669,50.00,False
35.638588,4.937561,63.763781,0.264166,0.250712,0.931322,50.00,False
35.612068,4.735044,66.410625,0.258862,0.210209,0.942763,50.00,False
35.612068,4.735044,69.000259,0.258862,0.210209,0.942763,50.00,False
35.689640,4.645950,71.586979,0.274376,0.192390,0.942180,50.00,False
39.727580,4.683471,71.567928,0.281964,0.199894,0.938370,200.00,True
39.727580,4.683471,71.567928,0.281964,0.199894,0.938370,50.00,False
39.737354,4.956046,68.908850,0.283919,0.254409,0.924481,50.00,False
39.777522,4.723029,66.364731,0.291953,0.207806,0.933585,50.00,False
39.754787,4.822408,63.758945,0.287406,0.227682,0.930354,50.00,False
39.656889,4.863619,61.188216,0.267826,0.235924,0.934136,50.00,False
39.563504,5.974670,58.617729,0.249149,0.241136,0.937965,50.00,False
39.594737,6.212171,55.952005,0.255396,0.288636,0.922747,50.00,False
39.566698,7.028859,53.215155,0.249788,0.373649,0.893304,50.00,False
39.480396,7.032936,50.647060,0.232527,0.374465,0.897612,50.00,False
39.394840,7.160638,47.826116,0.215416,0.478329,0.851350,50.00,False
39.305170,7.416872,45.104504,0.197482,0.529576,0.824955,50.00,False
39.188586,8.051965,42.124800,0.174165,0.641674,0.746941,50.00,False
39.008059,10.244105,38.945650,0.138060,0.765017,0.629038,50.00,False
38.818728,12.675917,35.986348,0.100194,0.825724,0.555104,50.00,False
38.800477,14.755255,33.017886,0.096544,0.872304,0.479339,50.00,False
38.604929,17.006288,30.031655,0.057434,0.914705,0.400020,50.00,False
38.452009,18.865502,26.839314,0.026850,0.959777,0.279478,50.00,False
38.502555,19.169458,23.851173,0.036959,0.979144,0.199777,50.00,False
38.385136,20.517378,21.043068,0.013476,0.987652,0.156083,50.00,False
38.534763,20.581663,18.119487,0.043401,0.995059,0.089294,50.00,False
38.508846,20.602581,15.046973,0.038217,0.999243,-0.007282,50.00,False
38.524671,20.620637,12.481605,0.041383,0.999140,-0.002429,50.00,False
38.539152,20.713806,9.965279,0.044279,0.998944,0.012233,50.00,False
38.526337,20.741452,7.506059,0.041716,0.998395,0.038316,50.00,False
38.517148,20.796768,4.968002,0.039878,0.998020,0.048631,50.00,False
38.571810,20.953530,2.240205,0.050810,0.998488,0.020999,50.00,False
38.634372,20.993962,-0.542876,0.063323,0.997836,-0.017690,50.00,False
38.565299,20.979741,-3.478217,0.049508,0.994992,-0.086832,50.00,False
38.584374,20.626104,-6.247805,0.053323,0.990995,-0.122822,50.00,False
38.570903,20.192849,-8.886827,0.050629,0.989862,-0.132700,50.00,False
38.546777,19.892385,-11.449207,0.045804,0.990813,-0.127249,50.00,False
38.526614,19.755218,-14.005906,0.041771,0.991814,-0.120662,50.00,False
38.545300,19.270671,-16.539578,0.045508,0.992948,-0.109469,50.00,False
38.618109,18.989953,-19.070806,0.060070,0.993393,-0.097788,50.00,False
38.631458,18.650299,-21.681140,0.062740,0.992811,-0.101928,50.00,False
38.730274,17.953202,-24.590249,0.082503,0.982698,-0.165823,50.00,False
38.867533,12.417338,-28.535778,0.109955,0.892715,-0.437002,50.00,False
38.860452,12.014033,-31.807407,0.108539,0.812054,-0.573400,50.00,False
39.192202,10.092718,-35.477434,0.174889,0.588334,-0.789479,50.00,False
39.439728,9.505824,-38.046902,0.224394,0.576821,-0.785446,50.00,False
39.690330,8.735603,-40.904006,0.274514,0.469917,-0.838940,50.00,False
40.511579,7.719382,-43.347681,0.438764,0.389609,-0.809748,50.00,False
40.854472,7.229601,-45.943026,0.507343,0.291653,-0.810890,50.00,False
41.071736,5.289905,-48.563949,0.550795,0.169984,-0.817147,50.00,False
41.090686,4.924877,-51.200129,0.554585,0.096979,-0.826456,50.00,False
41.081306,5.049154,-53.779583,0.552709,0.121834,-0.824420,50.00,False
41.000619,4.921578,-56.438814,0.536572,0.096319,-0.838339,50.00,False
40.892558,4.708372,-59.114411,0.514960,0.053678,-0.855532,50.00,False
40.912269,4.692070,-61.691941,0.518902,0.054241,-0.853111,50.00,False
41.091311,4.971419,-64.139647,0.554710,0.110111,-0.824725,50.00,False
41.207967,4.891888,-66.658411,0.578042,0.094205,-0.810551,50.00,False
41.229026,5.082683,-69.206090,0.582253,0.132363,-0.802160,50.00,False
41.484386,2.456249,-71.592826,0.633325,0.137456,-0.761580,50.00,False
41.800556,2.632143,-73.856664,0.696559,0.172634,-0.696421,50.00,False
41.883756,0.956514,-76.378522,0.713199,0.158244,-0.682866,50.00,False
41.866881,0.977252,-78.980847,0.709824,0.162391,-0.685404,50.00,False
41.854482,2.562093,-81.553962,0.707345,0.185481,-0.682100,50.00,False
41.858202,2.925180,-84.116070,0.708089,0.202065,-0.676595,50.00,False
41.844838,4.745738,-86.716256,0.705416,0.204324,-0.678705,50.00,False
41.694067,2.680331,-89.519941,0.675262,0.153095,-0.721515,50.00,False
45.858202,2.925180,-89.295339,0.708089,0.202065,-0.676595,200.00,True
45.858202,2.925180,-89.295339,0.708089,0.202065,-0.676595,50.00,False
45.834497,2.505700,-86.768583,0.703348,0.174202,-0.689170,50.00,False
45.864937,0.989418,-84.159225,0.709436,0.164824,-0.685226,50.00,False
45.866881,0.977252,-81.570481,0.709824,0.162391,-0.685404,50.00,False
45.873308,1.187969,-78.979962,0.711110,0.157438,-0.685227,50.00,False
45.709874,2.434376,-76.576781,0.678423,0.133081,-0.722518,50.00,False
45.261024,4.920940,-74.374183,0.588653,0.116652,-0.799925,50.00,False
45.223097,4.909094,-71.824806,0.581068,0.097646,-0.807976,50.00,False
45.162233,4.824238,-69.287508,0.568895,0.080675,-0.818444,50.00,False
44.965848,4.539188,-66.845185,0.529618,0.023665,-0.847906,50.00,False
44.961590,4.570656,-64.257846,0.528766,0.026134,-0.848365,50.00,False
45.015589,4.447261,-61.636096,0.539566,0.001456,-0.841942,50.00,False
45.032973,4.733941,-59.024972,0.543043,0.058791,-0.837644,50.00,False
44.618577,4.618177,-56.682709,0.460164,0.035639,-0.887119,50.00,False
44.686126,5.070161,-54.015659,0.473673,0.126036,-0.871636,50.00,False
44.424973,5.420282,-51.494885,0.421443,0.196060,-0.885408,50.00,False
44.275822,5.707008,-48.900953,0.391613,0.253405,-0.884548,50.00,False
44.076715,5.866179,-46.346384,0.351791,0.285239,-0.891561,50.00,False
43.774154,8.380794,-43.746928,0.291279,0.351815,-0.889597,50.00,False
43.658232,8.448319,-41.166512,0.268095,0.365320,-0.891441,50.00,False
43.653803,8.819622,-38.407355,0.267209,0.439581,-0.857536,50.00,False
43.399089,8.859123,-35.868788,0.216266,0.447481,-0.867750,50.00,False
43.404014,10.926146,-32.575414,0.217251,0.651360,-0.727002,50.00,False
42.539904,12.294110,-28.497728,0.044429,0.902025,-0.429392,50.00,False
42.646502,13.646759,-25.044493,0.065749,0.964260,-0.256672,50.00,False
42.568483,18.235036,-21.813465,0.050145,0.990455,-0.128393,50.00,False
42.432684,18.888814,-19.157556,0.022985,0.993084,-0.115138,50.00,False
42.412850,19.095981,-16.561315,0.019018,0.993320,-0.113817,50.00,False
42.414769,19.093971,-13.988642,0.019402,0.992918,-0.117209,50.00,False
42.444018,19.640111,-11.434092,0.025252,0.991933,-0.124226,50.00,False
42.465781,20.204228,-8.883952,0.029605,0.990791,-0.132125,50.00,False
42.455462,20.476107,-6.315017,0.027541,0.990290,-0.136265,50.00,False
42.363285,20.622502,-3.400752,0.009105,0.997411,-0.071339,50.00,False
42.391790,20.633805,-0.559111,0.014806,0.999671,-0.020938,50.00,False
42.443929,20.669616,2.192763,0.025234,0.999615,0.011510,50.00,False
42.417385,20.630223,4.930546,0.019925,0.998955,0.041140,50.00,False
42.400585,20.526271,7.513612,0.016565,0.999069,0.039826,50.00,False
42.424832,20.433598,10.003899,0.021415,0.999571,0.019957,50.00,False
42.434150,20.334370,12.491401,0.023278,0.999729,-0.000470,50.00,False
42.443499,20.350290,15.063508,0.025148,0.999676,-0.003975,50.00,False
42.472479,20.334468,18.060566,0.030944,0.996511,0.077509,50.00,False
42.381108,20.161451,21.240579,0.012670,0.980605,0.195585,50.00,False
42.361459,19.364210,23.943170,0.008740,0.975870,0.218176,50.00,False
42.458728,18.776787,26.797256,0.028194,0.962148,0.271067,50.00,False
42.522709,15.521704,30.114953,0.040990,0.908129,0.416679,50.00,False
42.736643,14.521791,33.049613,0.083777,0.870111,0.485684,50.00,False
42.986755,12.913895,36.053573,0.133799,0.811695,0.568549,50.00,False
42.944370,9.933822,39.378645,0.125322,0.687138,0.715637,50.00,False
42.792847,9.784527,42.128265,0.095018,0.657279,0.747634,50.00,False
43.047467,7.850206,45.151434,0.145942,0.531580,0.834341,50.00,False
43.505431,6.703047,48.056220,0.237534,0.371891,0.897371,50.00,False
43.719682,4.350764,50.825961,0.280385,0.223972,0.933392,50.00,False
43.675940,4.237294,53.454219,0.271636,0.201278,0.941117,50.00,False
43.646063,3.922483,56.108733,0.265661,0.138316,0.954093,50.00,False
43.571502,3.774556,58.737537,0.250749,0.108731,0.961927,50.00,False
43.466001,3.746676,61.356497,0.229648,0.103155,0.967792,50.00,False
43.466001,3.746676,63.946132,0.229648,0.103155,0.967792,50.00,False
43.578814,3.802515,66.501285,0.252211,0.114323,0.960895,50.00,False
43.578814,3.802515,69.090919,0.252211,0.114323,0.960895,50.00,False
43.681687,3.758636,71.657415,0.272786,0.105547,0.956268,50.00,False
47.442020,1.979441,71.747190,0.224852,0.018218,0.974223,200.00,True
47.442020,1.979441,71.747190,0.224852,0.018218,0.974223,50.00,False
47.442020,2.443484,69.157555,0.224852,0.018218,0.974223,50.00,False
47.521683,2.803635,66.528676,0.240785,0.090248,0.966374,50.00,False
47.521683,2.803635,63.939041,0.240785,0.090248,0.966374,50.00,False
47.585232,3.065880,61.301308,0.253495,0.142697,0.956754,50.00,False
47.656801,3.122566,58.683301,0.267808,0.154035,0.951079,50.00,False
47.527639,6.168279,56.011193,0.241976,0.260766,0.934585,50.00,False
47.469525,6.385067,53.465706,0.230353,0.238552,0.943414,50.00,False
47.138379,6.844629,50.806195,0.164124,0.330464,0.929439,50.00,False
47.155236,7.001885,48.154566,0.167495,0.361915,0.917040,50.00,False
46.916234,9.234226,45.312914,0.119695,0.484370,0.866637,50.00,False
46.978359,9.751862,42.380463,0.132120,0.587897,0.798073,50.00,False
46.886878,11.502632,39.165193,0.113824,0.730881,0.672946,50.00,False
46.810732,11.733665,36.318935,0.098595,0.777088,0.621622,50.00,False
46.659551,14.242877,33.239955,0.068358,0.849123,0.523753,50.00,False
46.506801,15.578976,29.986915,0.037808,0.919583,0.391072,50.00,False
46.453667,18.337113,26.893674,0.027182,0.956534,0.290350,50.00,False
46.430319,19.349348,24.002975,0.022512,0.972898,0.230137,50.00,False
46.464639,20.140666,20.998184,0.029376,0.988684,0.147106,50.00,False
46.516413,20.244836,17.983270,0.039731,0.997282,0.062050,50.00,False
46.435125,20.257048,15.080259,0.023473,0.999724,-0.000625,50.00,False
46.431241,20.242401,12.502438,0.022696,0.999741,0.001738,50.00,False
46.382893,20.364114,10.057256,0.013027,0.999446,0.030628,50.00,False
46.397825,20.407118,7.498360,0.016013,0.999195,0.036776,50.00,False
46.391834,20.432336,4.893815,0.014815,0.999319,0.033794,50.00,False
46.423940,20.634101,2.182133,0.021236,0.999730,0.009384,50.00,False
46.472569,20.631100,-0.594068,0.030962,0.999130,-0.027929,50.00,False
46.385799,20.496813,-3.431586,0.013608,0.996899,-0.077506,50.00,False
46.416786,20.377683,-6.327165,0.019805,0.990137,-0.138694,50.00,False
46.411184,20.172604,-8.892406,0.018685,0.990830,-0.133816,50.00,False
46.384303,19.700662,-11.415690,0.013309,0.992619,-0.120546,50.00,False
46.384548,19.200889,-13.984160,0.013358,0.993123,-0.116313,50.00,False
46.372059,19.088327,-16.564172,0.010860,0.993377,-0.114388,50.00,False
46.369843,18.712630,-19.221986,0.010417,0.991716,-0.128024,50.00,False
46.386605,18.068476,-21.892473,0.013769,0.989454,-0.144194,50.00,False
46.009424,10.805801,-25.333742,-0.061667,0.947245,-0.314521,50.00,False
47.290362,9.942042,-29.360429,0.194521,0.774493,-0.601932,50.00,False
46.744916,9.249584,-32.775125,0.085431,0.636002,-0.766944,50.00,False
46.948265,8.365320,-35.926858,0.126101,0.459149,-0.879364,50.00,False
47.119396,7.640745,-38.798221,0.160327,0.314234,-0.935709,50.00,False
47.147985,7.653288,-41.378632,0.166045,0.316743,-0.933865,50.00,False
47.134149,7.387764,-44.052456,0.163278,0.263638,-0.950703,50.00,False
47.223834,7.323763,-46.643159,0.181215,0.250838,-0.950916,50.00,False
47.925654,4.656145,-49.158113,0.321579,0.143276,-0.935980,50.00,False
47.990128,4.761400,-51.707685,0.334474,0.164327,-0.927968,50.00,False
48.103556,5.131252,-54.276256,0.357159,0.138254,-0.923755,50.00,False
48.332888,4.763385,-56.811617,0.403026,0.064680,-0.912900,50.00,False
44.274289,5.039407,-50.312934,-0.408694,0.119885,0.904763,50.00,False
44.169400,4.675008,-52.917581,-0.429672,0.047005,0.901761,50.00,False
44.100740,4.483355,-55.534620,-0.443404,0.008674,0.896280,50.00,False
43.876196,4.664690,-58.248101,-0.488313,0.044941,0.871511,50.00,False
48.961590,4.570656,-69.437115,0.528766,0.026134,-0.848365,50.00,False
49.011516,4.506953,-71.993845,0.538752,0.033855,-0.841784,50.00,False
49.112575,4.671132,-74.507089,0.558963,0.066690,-0.826506,50.00,False
49.275846,4.034026,-76.977341,0.591617,0.075992,-0.802629,50.00,False
49.666933,1.154151,-79.189135,0.669835,0.150675,-0.727061,50.00,False
49.902083,1.122986,-81.553892,0.716865,0.144442,-0.682086,50.00,False
49.883756,0.956514,-84.147426,0.713199,0.158244,-0.682866,50.00,False
49.866881,0.977252,-86.749751,0.709824,0.162391,-0.685404,50.00,False
49.864937,2.458810,-89.338494,0.709436,0.164824,-0.685226,50.00,False
53.883756,0.956514,-89.326695,0.713199,0.158244,-0.682866,200.00,True
53.883756,0.956514,-89.326695,0.713199,0.158244,-0.682866,50.00,False
53.922287,0.886212,-86.712077,0.720906,0.144183,-0.677869,50.00,False
53.824319,1.060025,-84.235871,0.701312,0.131850,-0.700555,50.00,False
53.295949,1.423256,-82.027393,0.595638,0.204496,-0.776786,50.00,False
53.139659,4.551425,-79.675866,0.564380,0.042749,-0.824408,50.00,False
52.961590,4.570656,-77.206019,0.528766,0.026134,-0.848365,50.00,False
47.878630,4.475254,-66.009996,-0.487826,0.007054,0.872913,50.00,False
52.384598,4.641342,-72.333290,0.413368,0.040272,-0.909673,50.00,False
48.269420,4.715050,-60.642417,-0.409668,0.055013,0.910574,50.00,False
48.274326,4.948529,-58.070705,-0.408687,0.101709,0.906990,50.00,False
48.312672,5.157312,-55.492187,-0.401017,0.143466,0.904767,50.00,False
48.406187,5.117520,-52.856174,-0.382314,0.135507,0.914042,50.00,False
51.999036,4.029101,-59.544757,0.336255,0.017867,-0.941601,50.00,False
51.658581,6.703173,-57.022129,0.268165,0.126719,-0.955003,50.00,False
51.424015,6.777446,-54.481911,0.221251,0.141574,-0.964886,50.00,False
51.391806,6.555860,-51.926854,0.214810,0.097257,-0.971801,50.00,False
51.419211,6.779340,-49.303462,0.220290,0.141953,-0.965050,50.00,False
51.326496,6.940331,-46.707730,0.201747,0.174151,-0.963831,50.00,False
51.437185,7.061771,-44.069942,0.223885,0.198439,-0.954200,50.00,False
51.437185,7.061771,-41.480308,0.223885,0.198439,-0.954200,50.00,False
51.519434,7.766490,-38.666811,0.240335,0.339383,-0.909427,50.00,False
51.367858,7.758934,-36.117343,0.210020,0.337872,-0.917461,50.00,False
51.636068,9.121877,-32.774456,0.263662,0.585222,-0.766810,50.00,False
51.106397,10.617202,-29.342788,0.157728,0.785516,-0.598404,50.00,False
50.457249,11.411876,-25.398474,0.027898,0.944450,-0.327468,50.00,False
50.387710,17.516485,-22.016190,0.013990,0.985527,-0.168938,50.00,False
50.373005,18.292184,-19.285487,0.011049,0.989987,-0.140724,50.00,False
50.364538,18.718786,-16.583156,0.009356,0.992948,-0.118185,50.00,False
50.359666,19.201509,-13.981184,0.008381,0.993247,-0.115718,50.00,False
50.395998,19.775599,-11.431130,0.015648,0.992205,-0.123634,50.00,False
50.413727,20.231188,-8.887671,0.019194,0.990948,-0.132869,50.00,False
50.426409,20.382041,-6.293798,0.021730,0.991009,-0.132021,50.00,False
50.407596,20.406048,-3.492377,0.017967,0.995810,-0.089664,50.00,False
50.406637,20.422307,-0.651873,0.017776,0.999062,-0.039490,50.00,False
50.412190,20.426102,2.128912,0.018886,0.999821,-0.001260,50.00,False
50.403240,20.408315,4.869625,0.017096,0.999434,0.028956,50.00,False
50.401085,20.351640,7.493679,0.016665,0.999219,0.035840,50.00,False
50.400573,20.265688,10.037519,0.016563,0.999507,0.026681,50.00,False
50.392788,20.161187,12.554181,0.015006,0.999814,0.012086,50.00,False
50.441230,20.104128,15.167942,0.024694,0.999552,0.016911,50.00,False
50.392961,20.093770,18.019666,0.015040,0.997480,0.069329,50.00,False
50.434994,20.029709,21.126928,0.023447,0.984668,0.172855,50.00,False
50.470749,19.284877,24.094563,0.030598,0.968160,0.248455,50.00,False
50.605123,16.980257,27.010105,0.057473,0.947802,0.313636,50.00,False
50.577615,14.112531,30.625634,0.051971,0.853305,0.518815,50.00,False
50.677927,13.219936,33.618042,0.072034,0.797224,0.599370,50.00,False
50.977277,10.723024,36.501131,0.131904,0.741321,0.658061,50.00,False
50.959311,10.442238,39.385453,0.128310,0.685164,0.716998,50.00,False
51.162150,8.647844,42.528687,0.168878,0.535129,0.827718,50.00,False
51.124334,8.144166,45.410532,0.161315,0.434393,0.886160,50.00,False
51.111831,5.810109,48.195318,0.158815,0.344674,0.925191,50.00,False
51.050777,5.642486,50.853926,0.146604,0.311150,0.938985,50.00,False
50.978772,5.489362,53.502128,0.132203,0.280525,0.950699,50.00,False
50.921748,5.309653,56.148641,0.120798,0.244583,0.962074,50.00,False
50.996833,5.064450,58.784130,0.135815,0.195543,0.971245,50.00,False
51.069402,5.021874,61.371460,0.150329,0.187027,0.970784,50.00,False
51.181572,5.065094,63.933833,0.172763,0.195671,0.965332,50.00,False
51.333293,2.906952,66.561081,0.203107,0.110912,0.972855,50.00,False
51.390648,2.872600,69.142191,0.214578,0.104041,0.971150,50.00,False
49.283922,2.450752,61.985115,-0.206767,0.019672,-0.978192,50.00,False
55.136176,3.879301,71.779235,0.163683,0.107561,0.980632,200.00,True
55.136176,3.879301,71.779235,0.163683,0.107561,0.980632,50.00,False
55.136176,3.879301,69.189601,0.163683,0.107561,0.980632,50.00,False
55.165049,3.924248,66.589915,0.169458,0.116550,0.978622,50.00,False
55.201785,4.911829,63.958742,0.176805,0.165018,0.970314,50.00,False
55.201785,4.911829,61.369107,0.176805,0.165018,0.970314,50.00,False
55.201785,4.911829,58.779473,0.176805,0.165018,0.970314,50.00,False
55.123165,5.383810,56.099458,0.161081,0.259415,0.952238,50.00,False
55.123165,5.383810,53.509824,0.161081,0.259415,0.952238,50.00,False
55.118614,5.579310,50.863344,0.160171,0.298515,0.940869,50.00,False
55.100980,7.929402,48.103230,0.156644,0.391440,0.906773,50.00,False
54.940082,8.212665,45.406133,0.124465,0.448093,0.885280,50.00,False
55.058829,5.789037,43.014420,0.148214,0.350225,0.924865,50.00,False
55.226447,9.948040,39.451057,0.181738,0.658709,0.730119,50.00,False
55.085034,10.654348,36.661718,0.153455,0.707181,0.690178,50.00,False
54.926545,10.970754,33.749940,0.121757,0.770463,0.625750,50.00,False
54.758130,14.053248,30.697113,0.088074,0.841448,0.533111,50.00,False
54.439695,16.428957,27.096382,0.024387,0.943353,0.330892,50.00,False
54.459903,19.036758,23.990031,0.028429,0.973352,0.227549,50.00,False
54.424261,19.873434,21.059082,0.021300,0.987003,0.159286,50.00,False
54.403654,20.014897,18.006365,0.017179,0.997627,0.066669,50.00,False
54.420041,20.031897,15.148004,0.020456,0.999707,0.012924,50.00,False
54.398686,20.086009,12.585089,0.016185,0.999702,0.018268,50.00,False
54.385196,20.177181,10.052620,0.013487,0.999468,0.029701,50.00,False
54.392461,20.295914,7.485271,0.014940,0.999305,0.034158,50.00,False
54.410274,20.396558,4.867199,0.018503,0.999423,0.028471,50.00,False
54.381574,20.398875,2.175062,0.012763,0.999887,0.007970,50.00,False
54.414833,20.393921,-0.668314,0.019415,0.998896,-0.042778,50.00,False
54.465666,20.370662,-3.558922,0.029582,0.994244,-0.102973,50.00,False
54.410912,20.323960,-6.263162,0.018631,0.991869,-0.125894,50.00,False
54.398821,20.130880,-8.887359,0.016212,0.991009,-0.132806,50.00,False
54.390334,19.704832,-11.379552,0.014515,0.993453,-0.113318,50.00,False
54.372791,19.239702,-13.964476,0.011006,0.993605,-0.112376,50.00,False
54.376238,18.685610,-16.604967,0.011696,0.992394,-0.122547,50.00,False
54.405021,18.312398,-19.335923,0.017452,0.988408,-0.150811,50.00,False
54.611873,10.810176,-22.188226,0.058823,0.977339,-0.203345,50.00,False
54.884495,10.179341,-26.323651,0.113347,0.851172,-0.512503,50.00,False
55.031103,10.043999,-29.462403,0.142669,0.769646,-0.622327,50.00,False
55.439524,8.999460,-32.925496,0.224353,0.560738,-0.797018,50.00,False
55.459849,7.782590,-36.131955,0.228418,0.317364,-0.920383,50.00,False
55.574889,7.110924,-38.871738,0.251426,0.183031,-0.950413,50.00,False
55.513649,7.579786,-41.481882,0.239178,0.178033,-0.954515,50.00,False
55.618111,6.890233,-44.076683,0.260070,0.138893,-0.955548,50.00,False
55.580188,6.956084,-46.666463,0.252486,0.152063,-0.955577,50.00,False
55.580188,6.956084,-49.256098,0.252486,0.152063,-0.955577,50.00,False
55.593454,6.609201,-51.872158,0.255139,0.107925,-0.960862,50.00,False
55.593454,6.609201,-54.461793,0.255139,0.107925,-0.960862,50.00,False
55.507450,6.434362,-57.089798,0.237938,0.072957,-0.968536,50.00,False
55.507450,6.434362,-59.679432,0.237938,0.072957,-0.968536,50.00,False
55.584207,6.466930,-62.246989,0.253290,0.079471,-0.964121,50.00,False
55.825286,6.109365,-64.783176,0.301506,0.007958,-0.953431,50.00,False
52.650338,6.380116,-57.902117,-0.333484,0.062108,0.940708,50.00,False
52.531886,6.374119,-60.535041,-0.357175,0.060909,0.932050,50.00,False
52.378490,4.837635,-63.193507,-0.387854,0.079530,0.918283,50.00,False
52.275011,4.791506,-65.824436,-0.408550,0.070304,0.910024,50.00,False
56.364387,4.580570,-77.523968,0.409326,0.028117,-0.911955,50.00,False
56.384598,4.641342,-80.102194,0.413368,0.040272,-0.909673,50.00,False
52.117381,4.577011,-73.655750,-0.440076,0.027406,0.897542,50.00,False
57.212997,4.420876,-84.792415,0.579048,0.074709,-0.811864,50.00,False
57.437572,1.130274,-87.120890,0.623963,0.183386,-0.759632,50.00,False
57.949242,1.034403,-89.290361,0.726297,0.126725,-0.675599,50.00,False
60.624013,4.792222,-90.260104,0.461251,0.176451,-0.869547,200.00,True
60.624013,4.792222,-90.260104,0.461251,0.176451,-0.869547,50.00,False
60.385711,4.133121,-87.874238,0.413590,0.017158,-0.910301,50.00,False
60.382959,4.510630,-85.286113,0.413040,0.014129,-0.910603,50.00,False
56.338252,4.916627,-73.576805,-0.395901,0.095329,0.913332,50.00,False
56.499928,6.256816,-70.899751,-0.363566,0.037448,0.930815,50.00,False
56.565567,6.355401,-68.289995,-0.350438,0.057165,0.934840,50.00,False
56.700739,6.477938,-65.651675,-0.323404,0.056434,0.944577,50.00,False
56.780424,6.286319,-63.032070,-0.307467,0.043349,0.950571,50.00,False
56.969735,6.279423,-60.381161,-0.269605,0.016731,0.962826,50.00,False
56.969735,6.279423,-57.791526,-0.269605,0.016731,0.962826,50.00,False
57.056412,6.252769,-55.178071,-0.252269,0.011400,0.967590,50.00,False
59.641783,6.418993,-62.242725,0.264805,0.044645,-0.963268,50.00,False
59.562758,6.472671,-59.671345,0.249000,0.055381,-0.966919,50.00,False
59.599192,6.518723,-57.069318,0.256287,0.064591,-0.964440,50.00,False
59.585550,6.509135,-54.483920,0.253558,0.062673,-0.965288,50.00,False
59.447801,6.664682,-51.915849,0.226008,0.093783,-0.969600,50.00,False
59.447801,6.664682,-49.326214,0.226008,0.093783,-0.969600,50.00,False
59.436866,6.676450,-46.737964,0.223821,0.096136,-0.969877,50.00,False
59.440833,6.759364,-44.138474,0.224615,0.112719,-0.967906,50.00,False
59.342458,6.618277,-41.553610,0.204940,0.138959,-0.968860,50.00,False
59.415777,7.122540,-38.847953,0.219604,0.239811,-0.945656,50.00,False
59.456512,7.349886,-36.184995,0.227751,0.285280,-0.930991,50.00,False
59.385107,8.084052,-33.321353,0.213470,0.432114,-0.876190,50.00,False
58.991798,8.878948,-30.327063,0.134808,0.591093,-0.795259,50.00,False
59.002640,9.703062,-26.945301,0.136976,0.758736,-0.636833,50.00,False
58.283437,10.554089,-23.022310,-0.006864,0.928942,-0.370162,50.00,False
58.420082,18.078630,-19.338798,0.020465,0.988263,-0.151386,50.00,False
58.399161,18.682786,-16.624887,0.016281,0.991829,-0.126531,50.00,False
58.370394,19.448498,-13.956389,0.010527,0.993792,-0.110758,50.00,False
58.385306,19.588105,-11.366938,0.013509,0.993751,-0.110795,50.00,False
58.398760,19.843714,-8.819896,0.016200,0.992724,-0.119314,50.00,False
58.426550,20.331771,-6.195419,0.021758,0.993431,-0.112345,50.00,False
58.440094,20.339098,-3.533505,0.024467,0.994896,-0.097889,50.00,False
58.360577,20.392550,-0.713330,0.008564,0.998622,-0.051781,50.00,False
58.350704,20.399100,2.183447,0.006589,0.999932,0.009647,50.00,False
58.386871,20.231796,4.889429,0.013822,0.999363,0.032917,50.00,False
58.386154,20.177377,7.482904,0.013679,0.999339,0.033685,50.00,False
58.394699,20.117839,10.053281,0.015388,0.999436,0.029833,50.00,False
58.413502,20.054508,12.608597,0.019149,0.999553,0.022970,50.00,False
58.434210,19.950103,15.149024,0.023290,0.999643,0.013128,50.00,False
58.475071,19.905531,18.012480,0.031462,0.997196,0.067892,50.00,False
58.439548,19.760578,21.127746,0.024358,0.984617,0.173018,50.00,False
58.459566,18.712631,24.119177,0.028362,0.966952,0.253378,50.00,False
58.614282,15.447514,27.540391,0.059305,0.905726,0.419694,50.00,False
58.734560,13.866018,30.882520,0.083360,0.817271,0.570192,50.00,False
58.781366,11.914905,33.788372,0.092721,0.768220,0.633436,50.00,False
58.811912,10.478018,36.680043,0.098831,0.713312,0.693843,50.00,False
58.993961,9.762600,39.473034,0.135241,0.664980,0.734515,50.00,False
59.153058,9.134502,42.516781,0.167060,0.539361,0.825337,50.00,False
58.995814,8.590782,45.441174,0.135611,0.430616,0.892289,50.00,False
59.134309,5.576782,48.256061,0.163310,0.307775,0.937339,50.00,False
59.082674,5.297330,50.936946,0.152983,0.251884,0.955589,50.00,False
59.163410,5.271043,53.532179,0.169130,0.236861,0.956709,50.00,False
59.181215,5.253231,56.123009,0.172691,0.233299,0.956948,50.00,False
59.217132,5.150092,58.730029,0.179875,0.212671,0.960425,50.00,False
59.090913,4.849907,61.398092,0.154631,0.152634,0.976111,50.00,False
59.090913,4.849907,63.987727,0.154631,0.152634,0.976111,50.00,False
59.090913,4.801080,66.577361,0.154631,0.152634,0.976111,50.00,False
59.169661,4.827715,69.157296,0.170380,0.148196,0.974171,50.00,False
59.265739,4.652884,71.746718,0.189596,0.122995,0.974128,50.00,False
63.162210,4.384949,71.752385,0.168890,0.142621,0.975262,200.00,True
63.162210,4.384949,71.752385,0.168890,0.142621,0.975262,50.00,False
63.162210,4.384949,69.162750,0.168890,0.142621,0.975262,50.00,False
63.101394,4.368401,66.585644,0.156727,0.139312,0.977767,50.00,False
63.101394,4.368401,63.996009,0.156727,0.139312,0.977767,50.00,False
63.128286,4.490561,61.383003,0.162105,0.163744,0.973093,50.00,False
63.128286,4.490561,58.793368,0.162105,0.163744,0.973093,50.00,False
63.197260,4.730489,56.145113,0.175900,0.211729,0.961369,50.00,False
63.197260,4.730489,53.555478,0.175900,0.211729,0.961369,50.00,False
63.145057,4.969799,50.916193,0.165460,0.259592,0.951439,50.00,False
63.145057,4.969799,48.326558,0.165460,0.259592,0.951439,50.00,False
63.166933,8.092831,45.351998,0.169835,0.454409,0.874453,50.00,False
63.112022,8.093611,42.772267,0.158853,0.454565,0.876434,50.00,False
63.135661,9.581571,39.689009,0.163580,0.606967,0.777710,50.00,False
62.958628,9.777397,36.972755,0.128174,0.646132,0.752386,50.00,False
62.661080,11.854206,33.875529,0.068664,0.756080,0.650867,50.00,False
62.453554,13.042051,30.861307,0.027159,0.823992,0.565950,50.00,False
62.639282,15.329298,27.512303,0.064305,0.907968,0.414076,50.00,False
62.431965,17.879606,24.138106,0.022841,0.966098,0.257163,50.00,False
62.454400,19.582152,21.027106,0.027328,0.987865,0.152890,50.00,False
62.443960,19.759167,18.167149,0.025240,0.994785,0.098826,50.00,False
62.410050,19.932768,15.246230,0.018458,0.999299,0.032569,50.00,False
62.388527,19.979831,12.615381,0.014154,0.999604,0.024326,50.00,False
62.386427,20.054886,10.068465,0.013734,0.999365,0.032870,50.00,False
62.388146,20.177295,7.484502,0.014077,0.999323,0.034004,50.00,False
62.385716,20.231859,4.887990,0.013592,0.999375,0.032629,50.00,False
62.380786,20.233086,2.257653,0.012605,0.999621,0.024488,50.00,False
62.418352,20.227160,-0.715298,0.020119,0.998435,-0.052175,50.00,False
62.413902,20.209823,-3.535711,0.019229,0.994968,-0.098330,50.00,False
62.376026,20.205987,-6.168229,0.011653,0.994201,-0.106907,50.00,False
62.382163,19.567687,-8.817947,0.012881,0.992820,-0.118924,50.00,False
62.383417,19.450190,-11.349922,0.013132,0.994130,-0.107392,50.00,False
62.375104,19.041471,-13.930998,0.011469,0.994334,-0.105680,50.00,False
62.379866,18.684672,-16.612164,0.012421,0.992206,-0.123987,50.00,False
62.382890,10.794716,-19.384544,0.013026,0.986944,-0.160536,50.00,False
63.214345,9.591615,-24.376364,0.179317,0.746324,-0.640973,50.00,False
63.520430,9.264244,-27.220135,0.240534,0.680850,-0.691800,50.00,False
63.224907,8.001701,-30.800407,0.181430,0.418464,-0.889927,50.00,False
63.363625,7.745481,-33.471949,0.209173,0.367220,-0.906309,50.00,False
63.401601,7.610394,-36.105171,0.216769,0.340203,-0.915026,50.00,False
63.246433,7.218488,-38.855051,0.185735,0.261822,-0.947075,50.00,False
63.437590,7.131390,-41.430213,0.223966,0.241581,-0.944181,50.00,False
63.432483,6.668153,-44.115878,0.222945,0.148934,-0.963387,50.00,False
63.384351,6.451299,-46.744892,0.213319,0.105563,-0.971263,50.00,False
63.409019,6.477720,-49.326096,0.218252,0.110847,-0.969577,50.00,False
63.391066,6.381332,-51.929779,0.214661,0.091570,-0.972386,50.00,False
63.391066,6.381332,-54.519414,0.214661,0.091570,-0.972386,50.00,False
63.457950,6.073927,-57.113052,0.228038,0.030089,-0.973187,50.00,False
63.421964,6.019727,-59.712350,0.220841,0.019249,-0.975120,50.00,False
63.414016,6.360245,-62.301954,0.219251,0.032895,-0.975114,50.00,False
63.414016,6.360245,-64.891589,0.219251,0.032895,-0.975114,50.00,False
63.504547,6.474330,-67.454772,0.237358,0.055712,-0.969823,50.00,False
63.485493,6.355917,-70.054379,0.233547,0.032030,-0.971818,50.00,False
63.482409,6.312148,-72.645998,0.232930,0.023276,-0.972215,50.00,False
63.491302,6.198161,-75.234887,0.234709,0.000479,-0.972066,50.00,False
63.491302,6.198161,-77.824521,0.234709,0.000479,-0.972066,50.00,False
63.491302,6.198161,-80.414156,0.234709,0.000479,-0.972066,50.00,False
61.102009,6.214897,-73.293557,-0.243150,0.003826,0.969981,50.00,False
60.814724,6.291615,-75.965320,-0.300607,0.019169,0.953555,50.00,False
60.484620,6.244439,-78.674181,-0.366628,0.034973,0.929710,50.00,False
60.432077,5.605343,-81.288272,-0.377136,0.049780,0.924819,50.00,False
67.482409,6.312148,-90.773441,0.232930,0.023276,-0.972215,200.00,True
67.482409,6.312148,-90.773441,0.232930,0.023276,-0.972215,50.00,False
67.482409,6.312148,-88.183806,0.232930,0.023276,-0.972215,50.00,False
67.482409,6.312148,-85.594172,0.232930,0.023276,-0.972215,50.00,False
67.479140,6.349110,-83.004294,0.232276,0.030668,-0.972166,50.00,False
67.479140,6.349110,-80.414659,0.232276,0.030668,-0.972166,50.00,False
67.414625,6.468596,-77.834763,0.219373,0.054565,-0.974114,50.00,False
67.433602,6.410289,-75.243735,0.223169,0.042904,-0.973835,50.00,False
67.464870,6.193297,-72.644074,0.229422,0.053963,-0.971830,50.00,False
67.483620,6.182970,-70.050538,0.233172,0.051897,-0.971050,50.00,False
67.497549,6.302614,-67.449657,0.235958,0.075826,-0.968800,50.00,False
67.438015,6.252671,-64.877775,0.224051,0.065837,-0.972351,50.00,False
67.438015,6.252671,-62.288141,0.224051,0.065837,-0.972351,50.00,False
67.417856,6.147599,-59.709077,0.220019,0.044823,-0.974465,50.00,False
67.499426,6.335599,-57.087966,0.236334,0.082423,-0.968170,50.00,False
67.512333,6.198870,-54.504046,0.238915,0.057898,-0.969313,50.00,False
67.301308,6.369286,-51.948535,0.196710,0.091981,-0.976138,50.00,False
67.301308,6.369286,-49.358900,0.196710,0.091981,-0.976138,50.00,False
67.326975,6.497005,-46.750283,0.201843,0.117525,-0.972341,50.00,False
67.427354,6.952725,-44.061319,0.221919,0.208669,-0.952475,50.00,False
67.479957,7.192293,-41.400090,0.232440,0.256583,-0.938156,50.00,False
67.479957,7.192293,-38.810455,0.232440,0.256583,-0.938156,50.00,False
67.479957,7.142909,-36.220820,0.232440,0.256583,-0.938156,50.00,False
67.460750,7.153022,-33.633128,0.228598,0.258605,-0.938545,50.00,False
67.460750,7.153022,-31.043493,0.228598,0.258605,-0.938545,50.00,False
67.237680,9.123033,-27.436232,0.183984,0.652607,-0.735019,50.00,False
67.031019,10.449493,-24.537188,0.142652,0.725628,-0.673137,50.00,False
66.488179,11.650114,-19.867952,0.034084,0.965752,-0.257217,50.00,False
66.375514,18.435040,-16.629532,0.011551,0.991776,-0.127460,50.00,False
66.378044,19.089075,-13.930953,0.012057,0.994328,-0.105671,50.00,False
66.380767,19.446497,-11.343243,0.012602,0.994280,-0.106056,50.00,False
66.378243,19.581689,-8.792918,0.012097,0.993416,-0.113918,50.00,False
66.407803,20.132290,-6.192388,0.018009,0.993574,-0.111739,50.00,False
66.393089,20.168289,-3.508436,0.015066,0.995564,-0.092876,50.00,False
66.464417,20.230252,-0.614992,0.029332,0.999054,-0.032114,50.00,False
66.461607,20.203016,2.163705,0.028770,0.999570,0.005699,50.00,False
66.390164,20.187148,4.892059,0.014481,0.999336,0.033443,50.00,False
66.388199,20.113064,7.479739,0.014088,0.999354,0.033052,50.00,False
66.386527,20.002156,10.068070,0.013754,0.999368,0.032791,50.00,False
66.381587,19.978946,12.650524,0.012766,0.999427,0.031355,50.00,False
66.437127,19.828475,15.300851,0.023874,0.998768,0.043493,50.00,False
66.422348,19.763043,18.131909,0.020918,0.995560,0.091778,50.00,False
66.539028,19.487182,21.062297,0.044254,0.986136,0.159929,50.00,False
66.613363,17.667143,24.212897,0.059121,0.960445,0.272122,50.00,False
66.574229,14.564802,27.616663,0.051294,0.898993,0.434948,50.00,False
66.621304,12.512066,31.234052,0.060709,0.765556,0.640499,50.00,False
66.744693,9.937607,34.364022,0.085387,0.657539,0.748566,50.00,False
67.031590,9.513657,37.246839,0.142766,0.572749,0.807202,50.00,False
67.044931,8.891275,40.001073,0.145434,0.522536,0.840122,50.00,False
67.064510,7.740348,42.946152,0.149350,0.383912,0.911211,50.00,False
67.201991,7.341595,45.660038,0.176847,0.304161,0.936061,50.00,False
67.149284,7.289169,48.276001,0.166305,0.293676,0.941327,50.00,False
67.170413,6.817877,50.896688,0.170531,0.270354,0.947538,50.00,False
67.219751,6.685387,53.513061,0.180398,0.243856,0.952885,50.00,False
67.193727,4.684416,56.155672,0.175194,0.202515,0.963481,50.00,False
67.250959,4.727195,58.725337,0.186640,0.211071,0.959487,50.00,False
67.250959,4.727195,61.314972,0.186640,0.211071,0.959487,50.00,False
67.230709,4.519790,63.949435,0.182590,0.169590,0.968452,50.00,False
67.222053,4.449546,66.552467,0.180859,0.155541,0.971132,50.00,False
67.222053,4.449546,69.142102,0.180859,0.155541,0.971132,50.00,False
67.222053,4.206410,71.731736,0.180859,0.155541,0.971132,50.00,False
71.229153,4.516691,71.719174,0.182279,0.168970,0.968619,200.00,True
71.229153,4.516691,71.719174,0.182279,0.168970,0.968619,50.00,False
71.196423,4.602810,69.119790,0.175733,0.186194,0.966669,50.00,False
71.203296,5.325450,66.529938,0.177107,0.185114,0.966626,50.00,False
71.203296,5.325450,63.940303,0.177107,0.185114,0.966626,50.00,False
71.196703,5.331414,61.350726,0.175789,0.186307,0.966638,50.00,False
71.196703,5.331414,58.761091,0.175789,0.186307,0.966638,50.00,False
71.184615,5.307990,56.178093,0.173371,0.181622,0.967965,50.00,False
71.127017,5.514117,53.555253,0.161852,0.222847,0.961324,50.00,False
71.127017,5.514117,50.965618,0.161852,0.222847,0.961324,50.00,False
71.124788,5.744942,48.316945,0.161406,0.269012,0.949516,50.00,False
71.176130,5.816409,45.697426,0.171674,0.283306,0.943539,50.00,False
71.262702,6.200189,42.958025,0.188989,0.360062,0.913586,50.00,False
71.057939,6.479384,40.286863,0.148036,0.415901,0.897280,50.00,False
70.921941,6.497601,37.709108,0.120836,0.419544,0.899656,50.00,False
70.683127,10.437127,34.533127,0.073074,0.618491,0.782387,50.00,False
70.494183,12.495605,31.263080,0.035285,0.762263,0.646304,50.00,False
70.632398,13.917553,28.039379,0.062928,0.852156,0.519491,50.00,False
70.350940,15.632862,24.448452,0.006636,0.947653,0.319233,50.00,False
70.496918,18.783499,21.237025,0.035832,0.980174,0.194874,50.00,False
70.388111,19.670345,18.193449,0.014071,0.994469,0.104086,50.00,False
70.412526,19.828494,15.312237,0.018954,0.998772,0.045771,50.00,False
70.380551,19.946190,12.653659,0.012559,0.999410,0.031982,50.00,False
70.379213,20.040229,10.064527,0.012291,0.999410,0.032082,50.00,False
70.377225,20.040328,7.472545,0.011893,0.999429,0.031613,50.00,False
70.383851,20.161211,4.891278,0.013218,0.999358,0.033286,50.00,False
70.394961,20.163766,2.158841,0.015440,0.999870,0.004726,50.00,False
70.370643,20.161433,-0.618871,0.010577,0.999403,-0.032890,50.00,False
70.352263,20.143429,-3.500416,0.006901,0.995802,-0.091272,50.00,False
70.386395,19.818666,-6.228101,0.013727,0.992814,-0.118882,50.00,False
70.377772,19.582853,-8.782723,0.012003,0.993649,-0.111879,50.00,False
70.375982,19.090324,-11.329668,0.011645,0.994578,-0.103341,50.00,False
70.373992,18.889482,-13.913920,0.011247,0.994694,-0.102265,50.00,False
70.359326,18.114376,-16.722925,0.008313,0.989229,-0.146139,50.00,False
70.837163,11.269911,-20.215766,0.103881,0.939374,-0.326780,50.00,False
71.239272,10.151856,-24.539422,0.184303,0.715763,-0.673584,50.00,False
71.186681,9.703557,-27.561772,0.173785,0.626103,-0.760127,50.00,False
71.481566,9.267898,-30.398399,0.232761,0.538971,-0.809526,50.00,False
71.544371,8.476074,-33.398418,0.245322,0.380607,-0.891603,50.00,False
71.541442,6.921371,-36.258219,0.244737,0.214188,-0.945636,50.00,False
71.478546,7.048310,-38.833235,0.232157,0.239576,-0.942712,50.00,False
71.592681,6.527569,-41.456427,0.254984,0.183241,-0.949424,50.00,False
71.592681,6.527569,-44.046062,0.254984,0.183241,-0.949424,50.00,False
71.592681,6.527569,-46.635697,0.254984,0.183241,-0.949424,50.00,False
71.614081,6.814391,-49.211993,0.259265,0.190879,-0.946756,50.00,False
71.556884,6.572155,-51.859235,0.247825,0.142432,-0.958278,50.00,False
71.479705,6.355672,-54.500074,0.232389,0.089259,-0.968519,50.00,False
71.479705,6.355672,-57.089709,0.232389,0.089259,-0.968519,50.00,False
71.479705,6.355672,-59.679343,0.232389,0.089259,-0.968519,50.00,False
71.423039,6.217092,-62.292972,0.221056,0.061543,-0.973317,50.00,False
71.423039,6.217092,-64.882607,0.221056,0.061543,-0.973317,50.00,False
71.495287,6.321207,-67.447537,0.235506,0.082366,-0.968376,50.00,False
71.447292,6.130219,-70.061025,0.225907,0.044168,-0.973147,50.00,False
71.456507,6.150842,-72.648211,0.227750,0.045472,-0.972657,50.00,False
71.458782,6.266794,-75.230504,0.228205,0.068662,-0.971189,50.00,False
71.470374,6.447805,-77.801193,0.230523,0.104864,-0.967400,50.00,False
71.533523,6.468956,-80.372996,0.243153,0.109094,-0.963834,50.00,False
71.503362,6.201602,-82.992895,0.237121,0.055624,-0.969887,50.00,False
71.486623,6.056749,-85.592726,0.233773,0.026653,-0.971926,50.00,False
71.460484,6.458726,-88.183291,0.228545,0.052591,-0.972112,50.00,False
71.428569,6.108281,-90.783911,0.222162,0.036959,-0.974309,50.00,False
75.551011,6.157699,-90.752225,0.246650,0.046843,-0.967972,200.00,True
75.551011,6.157699,-90.752225,0.246650,0.046843,-0.967972,50.00,False
75.496004,6.038872,-88.180553,0.235649,0.023078,-0.971564,50.00,False
75.447292,6.144323,-85.598833,0.225907,0.044168,-0.973147,50.00,False
75.447292,6.130219,-83.009198,0.225907,0.044168,-0.973147,50.00,False
75.423039,6.217092,-80.420415,0.221056,0.061543,-0.973317,50.00,False
75.423039,6.217092,-77.830780,0.221056,0.061543,-0.973317,50.00,False
75.552901,6.122372,-75.214916,0.247028,0.042598,-0.968071,50.00,False
75.533854,6.269203,-72.621414,0.243219,0.071965,-0.967298,50.00,False
75.533854,6.269203,-70.031780,0.243219,0.071965,-0.967298,50.00,False
75.373878,6.536508,-67.445793,0.211224,0.135302,-0.968028,50.00,False
75.453429,6.475453,-64.808055,0.227134,0.172818,-0.958407,50.00,False
75.453429,6.210376,-62.218421,0.227134,0.172818,-0.958407,50.00,False
75.453429,6.210376,-59.628786,0.227134,0.172818,-0.958407,50.00,False
75.452876,6.210272,-57.039301,0.227023,0.172797,-0.958437,50.00,False
75.452876,6.210272,-54.449667,0.227023,0.172797,-0.958437,50.00,False
75.390315,6.349772,-51.847244,0.214511,0.200697,-0.955879,50.00,False
75.265834,6.388183,-49.275670,0.189615,0.208379,-0.959492,50.00,False
75.265834,6.892326,-46.686036,0.189615,0.208379,-0.959492,50.00,False
75.310846,6.915425,-44.082201,0.198617,0.212999,-0.956652,50.00,False
75.303342,6.961603,-41.483606,0.197117,0.222235,-0.954860,50.00,False
75.264642,7.787271,-38.876674,0.189377,0.242846,-0.951400,50.00,False
75.264642,7.787271,-36.287040,0.189377,0.242846,-0.951400,50.00,False
75.264642,7.787271,-33.697405,0.189377,0.242846,-0.951400,50.00,False
75.141302,8.871860,-30.713935,0.164709,0.459764,-0.872633,50.00,False
75.087804,8.225612,-28.093056,0.154009,0.475037,-0.866384,50.00,False
74.881175,6.617018,-25.570790,0.112683,0.461684,-0.879858,50.00,False
74.752409,12.565756,-20.273446,0.086930,0.937009,-0.338316,50.00,False
74.345657,12.788314,-16.948613,0.005580,0.981520,-0.191276,50.00,False
74.344986,18.776378,-13.908417,0.005445,0.994855,-0.101164,50.00,False
74.345280,19.178388,-11.330907,0.005504,0.994605,-0.103589,50.00,False
74.344881,19.531750,-8.778259,0.005424,0.993807,-0.110986,50.00,False
74.339800,19.907201,-6.199467,0.004408,0.993568,-0.113155,50.00,False
74.339330,20.053446,-3.494857,0.004314,0.995918,-0.090160,50.00,False
74.369528,20.160577,-0.643420,0.010354,0.999232,-0.037799,50.00,False
74.341104,20.073797,2.142271,0.004669,0.999988,0.001412,50.00,False
74.347465,20.036333,4.844968,0.005941,0.999694,0.024024,50.00,False
74.349718,20.012241,7.462689,0.006392,0.999540,0.029642,50.00,False
74.356177,19.919719,10.077219,0.007684,0.999371,0.034621,50.00,False
74.360484,19.881652,12.680104,0.008545,0.999269,0.037271,50.00,False
74.366056,19.766369,15.392959,0.009659,0.998035,0.061915,50.00,False
74.422001,19.488657,18.487255,0.020848,0.986431,0.162847,50.00,False
74.481233,18.674257,21.314439,0.032695,0.977078,0.210357,50.00,False
74.432791,14.818447,24.538117,0.023006,0.941164,0.337166,50.00,False
74.847441,12.052637,28.362607,0.105936,0.804712,0.584137,50.00,False
74.803695,11.724184,31.364731,0.097187,0.739022,0.666635,50.00,False
74.477336,9.763931,34.661411,0.031915,0.588257,0.808044,50.00,False
74.512607,9.234526,37.454351,0.038970,0.527429,0.848705,50.00,False
74.578650,7.644168,40.302227,0.052178,0.432020,0.900353,50.00,False
74.736197,7.329309,43.018269,0.083688,0.369049,0.925635,50.00,False
74.730717,6.849292,45.710546,0.082592,0.312976,0.946163,50.00,False
74.905028,5.659548,48.372318,0.117454,0.251934,0.960590,50.00,False
75.075793,5.410002,50.996875,0.151607,0.202024,0.967575,50.00,False
75.105758,5.441866,53.574950,0.157600,0.208397,0.965263,50.00,False
75.144710,5.226241,56.199676,0.165390,0.165272,0.972281,50.00,False
75.144710,5.226241,58.789311,0.165390,0.165272,0.972281,50.00,False
75.149280,5.222975,61.378720,0.166304,0.164619,0.972236,50.00,False
75.175416,5.210827,63.965855,0.171531,0.162189,0.971736,50.00,False
75.175416,5.210827,66.555490,0.171531,0.162189,0.971736,50.00,False
75.175416,5.210827,69.145124,0.171531,0.162189,0.971736,50.00,False
75.261702,4.204058,71.724561,0.188789,0.155070,0.969697,50.00,False
78.973212,3.869816,71.754176,0.131091,0.176014,0.975620,200.00,True
78.973212,3.869816,71.754176,0.131091,0.176014,0.975620,50.00,False
78.831580,4.017040,69.152719,0.102764,0.205459,0.973255,50.00,False
78.819652,4.042935,66.558792,0.100379,0.210638,0.972397,50.00,False
78.904617,3.903592,63.987796,0.117372,0.182770,0.976125,50.00,False
78.884303,5.176955,61.397137,0.113309,0.186392,0.975920,50.00,False
78.864392,5.346289,58.804265,0.109327,0.192073,0.975272,50.00,False
78.751828,5.418585,56.211174,0.086814,0.206532,0.974581,50.00,False
78.634289,5.991650,53.641392,0.063306,0.196034,0.978551,50.00,False
78.634289,6.264584,51.051757,0.063306,0.196034,0.978551,50.00,False
78.614037,6.630324,48.427175,0.059256,0.229251,0.971562,50.00,False
78.352492,7.250928,45.733264,0.006947,0.310014,0.950707,50.00,False
78.342646,7.477422,43.063768,0.004977,0.355313,0.934734,50.00,False
78.286257,7.527706,40.454668,-0.006300,0.365369,0.930841,50.00,False
78.349943,9.168136,37.626439,0.006437,0.469098,0.883122,50.00,False
78.358085,9.356027,34.931685,0.008065,0.506677,0.862099,50.00,False
78.350952,11.532841,31.438185,0.006639,0.731950,0.681326,50.00,False
78.288571,11.953139,28.540451,-0.005838,0.784813,0.619706,50.00,False
78.359090,14.563532,24.500495,0.008266,0.944070,0.329641,50.00,False
78.330874,18.153158,21.151826,0.002623,0.984057,0.177835,50.00,False
78.421561,19.459749,18.380836,0.020760,0.989711,0.141563,50.00,False
78.395512,19.551753,15.315238,0.015551,0.998803,0.046371,50.00,False
78.365034,19.840039,12.719905,0.009455,0.998932,0.045231,50.00,False
78.284061,19.916912,10.145672,-0.006740,0.998810,0.048311,50.00,False
78.293395,19.970006,7.491764,-0.004873,0.999359,0.035457,50.00,False
78.288976,20.072056,4.855884,-0.005757,0.999640,0.026208,50.00,False
78.320830,20.073584,2.083147,0.000614,0.999946,-0.010413,50.00,False
78.412488,20.069625,-0.636969,0.018946,0.999154,-0.036509,50.00,False
78.314221,20.058444,-3.436328,-0.000708,0.996917,-0.078454,50.00,False
78.280074,19.910515,-6.168695,-0.007537,0.994230,-0.107001,50.00,False
78.285597,19.532079,-8.775036,-0.006432,0.993873,-0.110342,50.00,False
78.278813,19.321231,-11.352550,-0.007789,0.994129,-0.107918,50.00,False
78.293500,18.813551,-13.913665,-0.004852,0.994751,-0.102214,50.00,False
78.359535,13.031994,-16.898572,0.008355,0.983398,-0.181268,50.00,False
78.121407,12.119759,-20.999501,-0.039270,0.874448,-0.483527,50.00,False
78.014092,9.683784,-24.883424,-0.060733,0.667215,-0.742385,50.00,False
78.003434,8.342537,-28.335176,-0.062865,0.398966,-0.914808,50.00,False
78.408693,7.734670,-31.153692,0.018187,0.277393,-0.960585,50.00,False
78.408693,7.734670,-33.743327,0.018187,0.277393,-0.960585,50.00,False
78.659771,7.730749,-36.322765,0.068402,0.276608,-0.958545,50.00,False
78.669781,7.412884,-38.992197,0.070405,0.213035,-0.974505,50.00,False
78.646426,5.146053,-41.627707,0.065733,0.167491,-0.983680,50.00,False
78.646426,5.146053,-44.217342,0.065733,0.167491,-0.983680,50.00,False
78.569865,4.884624,-46.848883,0.050421,0.115206,-0.992061,50.00,False
78.648577,4.665400,-49.454481,0.066164,0.071361,-0.995254,50.00,False
78.819805,4.807863,-52.017461,0.100409,0.099853,-0.989923,50.00,False
78.659334,4.633425,-54.635213,0.068315,0.064966,-0.995546,50.00,False
78.725984,4.631419,-57.219956,0.081645,0.064565,-0.994568,50.00,False
79.125221,5.003465,-59.721949,0.161492,0.138974,-0.977040,50.00,False
79.199670,5.028171,-62.295106,0.176382,0.143915,-0.973744,50.00,False
79.199670,5.388720,-64.884741,0.176382,0.143915,-0.973744,50.00,False
79.205181,5.540555,-67.448498,0.177484,0.174282,-0.968569,50.00,False
79.175778,5.210228,-70.091311,0.171604,0.108217,-0.979204,50.00,False
79.142467,5.111065,-72.696600,0.164942,0.088384,-0.982335,50.00,False
79.142467,5.603051,-75.286235,0.164942,0.088384,-0.982335,50.00,False
79.133928,5.676418,-77.870143,0.163234,0.103057,-0.981190,50.00,False
79.133928,5.861574,-80.459778,0.163234,0.103057,-0.981190,50.00,False
79.132445,6.041153,-83.027462,0.162937,0.138973,-0.976800,50.00,False
79.135023,5.676352,-85.638872,0.163453,0.103044,-0.981155,50.00,False
79.119042,5.991312,-88.215776,0.160257,0.129005,-0.978609,50.00,False
79.119042,5.991312,-90.805411,0.160257,0.129005,-0.978609,50.00,False
82.870048,3.938704,-90.880645,0.110458,0.021153,-0.993656,200.00,True
82.870048,3.938704,-90.880645,0.110458,0.021153,-0.993656,50.00,False
82.855869,4.004863,-88.290717,0.107622,0.034385,-0.993597,50.00,False
81.864725,4.267479,-75.772660,-0.090607,0.086908,0.992087,50.00,False
81.953032,3.971388,-73.158705,-0.072945,0.027690,0.996951,50.00,False
81.953032,3.971388,-70.569070,-0.072945,0.027690,0.996951,50.00,False
82.043343,4.351629,-67.971915,-0.054883,0.008607,0.998456,50.00,False
82.305643,5.338243,-75.371113,-0.002423,0.037039,-0.999311,50.00,False
82.305643,5.338243,-72.781478,-0.002423,0.037039,-0.999311,50.00,False
82.308834,5.558536,-70.178812,-0.001785,0.081097,-0.996705,50.00,False
82.308834,5.558536,-67.589178,-0.001785,0.081097,-0.996705,50.00,False
82.390899,5.678937,-64.987749,0.014628,0.105178,-0.994346,50.00,False
82.233216,5.732454,-62.391981,-0.016909,0.115881,-0.993119,50.00,False
82.214594,5.813077,-59.791922,-0.020633,0.132006,-0.991034,50.00,False
82.263509,5.900262,-57.190670,-0.010850,0.149443,-0.988711,50.00,False
82.263509,5.900262,-54.601036,-0.010850,0.149443,-0.988711,50.00,False
82.263509,5.900262,-52.011401,-0.010850,0.149443,-0.988711,50.00,False
82.263509,5.900262,-49.421767,-0.010850,0.149443,-0.988711,50.00,False
82.263509,5.900262,-46.832132,-0.010850,0.149443,-0.988711,50.00,False
82.167656,7.414556,-44.177438,-0.030021,0.217049,-0.975699,50.00,False
82.106137,7.500602,-41.565572,-0.042324,0.234258,-0.971253,50.00,False
82.057275,7.650054,-38.935044,-0.052097,0.264148,-0.963074,50.00,False
82.035204,7.792066,-36.302933,-0.056511,0.292550,-0.954579,50.00,False
82.067239,7.850125,-33.696913,-0.050104,0.304162,-0.951302,50.00,False
82.086757,8.136162,-31.007156,-0.046200,0.361370,-0.931277,50.00,False
82.005565,8.382090,-28.309612,-0.062439,0.410555,-0.909695,50.00,False
82.190825,9.622266,-24.931867,-0.025387,0.658590,-0.752073,50.00,False
81.556712,10.596579,-21.105335,-0.152209,0.849774,-0.504694,50.00,False
82.273820,12.602669,-17.186209,-0.008788,0.971030,-0.238796,50.00,False
82.259569,18.922007,-14.053397,-0.011638,0.991425,-0.130160,50.00,False
82.261133,19.321268,-11.350635,-0.011325,0.994137,-0.107535,50.00,False
82.259534,19.525809,-8.774232,-0.011645,0.993843,-0.110181,50.00,False
82.258686,19.808073,-6.188033,-0.011815,0.993765,-0.110868,50.00,False
82.362356,20.061021,-3.399303,0.008919,0.997433,-0.071049,50.00,False
82.301414,20.067997,-0.695847,-0.003269,0.998828,-0.048285,50.00,False
82.319926,20.073808,2.113457,0.000433,0.999990,-0.004351,50.00,False
82.274966,20.070254,4.909721,-0.008559,0.999280,0.036975,50.00,False
82.304877,20.000725,7.578408,-0.002576,0.998603,0.052785,50.00,False
82.321981,19.863471,10.174060,0.000844,0.998541,0.053989,50.00,False
82.350425,19.863270,12.765459,0.006533,0.998501,0.054342,50.00,False
82.432552,19.546167,15.403355,0.022959,0.997686,0.063994,50.00,False
82.501947,19.440494,18.162158,0.036838,0.994521,0.097828,50.00,False
82.413733,19.048533,21.128621,0.019195,0.984701,0.173193,50.00,False
82.275273,14.516793,24.628675,-0.008497,0.934722,0.355277,50.00,False
82.163114,13.568299,27.746034,-0.030929,0.886953,0.460822,50.00,False
82.213599,11.451495,31.611145,-0.020832,0.697874,0.715917,50.00,False
82.333266,11.042140,34.559881,0.003101,0.616003,0.787738,50.00,False
82.309869,7.999537,37.651099,-0.001578,0.459735,0.888055,50.00,False
82.344808,7.700316,40.383194,0.005410,0.399891,0.916547,50.00,False
82.437882,7.233875,43.147767,0.024025,0.306603,0.951534,50.00,False
82.388490,7.099923,45.779483,0.014146,0.279813,0.959950,50.00,False
82.344466,6.134394,48.441567,0.005341,0.224583,0.974440,50.00,False
82.295332,6.011226,51.057980,-0.004485,0.199950,0.979796,50.00,False
82.295332,6.011226,53.647614,-0.004485,0.199950,0.979796,50.00,False
82.324940,6.018383,56.235829,0.001436,0.201381,0.979512,50.00,False
82.319243,6.011077,58.826965,0.000297,0.199920,0.979812,50.00,False
82.319243,6.011077,61.416600,0.000297,0.199920,0.979812,50.00,False
82.292784,5.702148,64.022376,-0.004995,0.183320,0.983041,50.00,False
82.332113,5.623144,66.626131,0.002871,0.167520,0.985865,50.00,False
82.332113,5.623144,69.215765,0.002871,0.167520,0.985865,50.00,False
82.299712,5.108307,71.806070,-0.003609,0.166714,0.985999,50.00,False
86.187559,5.033125,71.816512,-0.026040,0.151678,0.988087,200.00,True
86.187559,5.033125,71.816512,-0.026040,0.151678,0.988087,50.00,False
86.222791,5.136736,69.210662,-0.018994,0.172400,0.984844,50.00,False
86.215593,5.147298,66.619023,-0.020433,0.174512,0.984443,50.00,False
86.215593,5.658107,64.029388,-0.020433,0.174512,0.984443,50.00,False
86.198364,5.701609,61.431455,-0.023879,0.183213,0.982783,50.00,False
86.249654,5.797100,58.824037,-0.013621,0.202311,0.979227,50.00,False
86.270179,5.821246,56.229594,-0.009516,0.207140,0.978265,50.00,False
86.268562,6.609686,53.606553,-0.009839,0.236491,0.971584,50.00,False
86.322830,6.700116,50.994259,0.001014,0.254577,0.967052,50.00,False
86.340297,6.938497,48.335450,0.004508,0.302254,0.953217,50.00,False
86.352716,6.945375,45.743554,0.006991,0.303629,0.952765,50.00,False
86.285559,8.346151,42.876250,-0.006440,0.441515,0.897231,50.00,False
86.343957,8.382824,40.268421,0.005240,0.448850,0.893592,50.00,False
86.381293,9.767836,37.271308,0.012707,0.583385,0.812096,50.00,False
86.334374,10.737868,34.462897,0.003323,0.640032,0.768341,50.00,False
86.287747,10.993122,31.645310,-0.006002,0.691083,0.722751,50.00,False
86.206243,13.894320,27.966320,-0.022303,0.862902,0.504879,50.00,False
86.375772,16.717941,24.312134,0.011603,0.956357,0.291969,50.00,False
86.379423,18.688677,21.203389,0.012333,0.982063,0.188147,50.00,False
86.379155,19.400869,18.204260,0.012279,0.994264,0.106248,50.00,False
86.357854,19.571857,15.414313,0.008019,0.997775,0.066186,50.00,False
86.358274,19.862114,12.784951,0.008103,0.998270,0.058240,50.00,False
86.317254,19.999805,10.185210,-0.000101,0.998418,0.056219,50.00,False
86.308771,20.114830,7.582508,-0.001798,0.998561,0.053605,50.00,False
86.311904,20.119154,4.894224,-0.001171,0.999425,0.033876,50.00,False
86.218057,20.177881,2.040429,-0.019940,0.999621,-0.018956,50.00,False
86.209342,20.170868,-0.732321,-0.021683,0.998219,-0.055579,50.00,False
86.252557,20.109998,-3.384490,-0.013040,0.997594,-0.068086,50.00,False
86.273612,19.811481,-6.158053,-0.008829,0.994447,-0.104872,50.00,False
86.269907,19.808920,-8.771119,-0.009570,0.993934,-0.109558,50.00,False
86.262028,19.526391,-11.347751,-0.011146,0.994201,-0.106958,50.00,False
86.200046,19.052769,-14.064210,-0.023543,0.990927,-0.132323,50.00,False
86.174624,13.018826,-16.930145,-0.028627,0.981832,-0.187583,50.00,False
86.305221,12.771397,-20.389662,-0.002508,0.932346,-0.361559,50.00,False
86.306461,9.683892,-25.036503,-0.002260,0.634401,-0.773001,50.00,False
86.274914,8.758626,-28.227713,-0.008569,0.449348,-0.893316,50.00,False
86.225827,8.198031,-31.056985,-0.018386,0.337229,-0.941243,50.00,False
86.200280,8.046881,-33.697503,-0.023496,0.306999,-0.951420,50.00,False
86.132895,8.049170,-36.284256,-0.036973,0.307457,-0.950843,50.00,False
86.142477,7.032553,-38.994115,-0.035056,0.219918,-0.974888,50.00,False
86.213801,6.913779,-41.611063,-0.020792,0.196163,-0.980351,50.00,False
86.213801,6.913779,-44.200697,-0.020792,0.196163,-0.980351,50.00,False
86.212913,6.119613,-46.793143,-0.020969,0.193313,-0.980913,50.00,False
86.212913,6.119613,-49.382778,-0.020969,0.193313,-0.980913,50.00,False
86.183660,5.998113,-51.994091,-0.026820,0.169013,-0.985249,50.00,False
86.191998,5.893383,-54.600769,-0.025152,0.148067,-0.988657,50.00,False
86.191998,5.893383,-57.190404,-0.025152,0.148067,-0.988657,50.00,False
86.165169,5.815893,-59.790270,-0.030518,0.132569,-0.990704,50.00,False
86.165169,5.815893,-62.379905,-0.030518,0.132569,-0.990704,50.00,False
86.165169,5.815893,-64.969539,-0.030518,0.132569,-0.990704,50.00,False
86.165169,5.815893,-67.559174,-0.030518,0.132569,-0.990704,50.00,False
86.199196,5.739209,-70.159396,-0.023713,0.117232,-0.992821,50.00,False
86.199196,5.671989,-72.749031,-0.023713,0.117232,-0.992821,50.00,False
86.212060,5.526964,-75.353939,-0.021140,0.088227,-0.995876,50.00,False
86.174394,5.516458,-77.943551,-0.028673,0.086126,-0.995872,50.00,False
86.174394,5.516458,-80.533186,-0.028673,0.086126,-0.995872,50.00,False
86.174394,5.516458,-83.122820,-0.028673,0.086126,-0.995872,50.00,False
86.191306,5.340216,-85.725020,-0.025291,0.050878,-0.998385,50.00,False
86.191306,5.340216,-88.314655,-0.025291,0.050878,-0.998385,50.00,False
86.191306,3.952831,-90.904289,-0.025291,0.050878,-0.998385,50.00,False
90.070820,5.157997,-90.894871,-0.049388,0.067428,-0.996501,200.00,True
90.070820,5.157997,-90.894871,-0.049388,0.067428,-0.996501,50.00,False
90.066771,5.557224,-88.294129,-0.050198,0.094279,-0.994279,50.00,False
90.066771,5.557224,-85.704494,-0.050198,0.094279,-0.994279,50.00,False
90.094049,5.514564,-83.120021,-0.044742,0.085747,-0.995312,50.00,False
90.094049,5.514564,-80.530387,-0.044742,0.085747,-0.995312,50.00,False
90.094049,5.514564,-77.940752,-0.044742,0.085747,-0.995312,50.00,False
90.109393,5.688665,-75.333709,-0.041673,0.120567,-0.991830,50.00,False
90.109393,5.688665,-72.744074,-0.041673,0.120567,-0.991830,50.00,False
90.109393,5.688665,-70.154440,-0.041673,0.120567,-0.991830,50.00,False
90.122812,5.739548,-67.558901,-0.038989,0.130744,-0.990649,50.00,False
90.122812,5.739548,-64.969266,-0.038989,0.130744,-0.990649,50.00,False
90.180899,5.933510,-62.352104,-0.027372,0.169536,-0.985144,50.00,False
90.180899,5.933510,-59.762469,-0.027372,0.169536,-0.985144,50.00,False
90.180899,5.933510,-57.172835,-0.027372,0.169536,-0.985144,50.00,False
90.208576,5.985063,-54.574743,-0.021837,0.179847,-0.983452,50.00,False
90.208576,5.985063,-51.985108,-0.021837,0.179847,-0.983452,50.00,False
90.208576,5.985063,-49.395473,-0.021837,0.179847,-0.983452,50.00,False
90.100048,5.997487,-46.799940,-0.043542,0.182332,-0.982272,50.00,False
90.100048,6.844622,-44.210305,-0.043542,0.182332,-0.982272,50.00,False
90.100282,7.155756,-41.552601,-0.043495,0.244559,-0.968658,50.00,False
90.100282,7.970055,-38.962966,-0.043495,0.244559,-0.968658,50.00,False
90.110523,8.257702,-36.291932,-0.041447,0.302088,-0.952379,50.00,False
90.139337,8.414559,-33.650849,-0.035684,0.333459,-0.942089,50.00,False
90.197965,8.747392,-30.931723,-0.023959,0.400026,-0.916191,50.00,False
90.338715,9.067390,-28.190195,0.004191,0.464025,-0.885812,50.00,False
90.634385,10.667977,-24.612704,0.063325,0.722714,-0.688241,50.00,False
90.073783,11.399966,-21.042883,-0.048795,0.869111,-0.492204,50.00,False
90.104264,12.314748,-17.089046,-0.042699,0.974709,-0.219363,50.00,False
90.215202,18.777442,-14.081978,-0.020511,0.990513,-0.135876,50.00,False
90.269720,19.423938,-11.346880,-0.009608,0.994236,-0.106784,50.00,False
90.265601,19.809170,-8.768453,-0.010431,0.993984,-0.109025,50.00,False
90.273745,20.153917,-6.139622,-0.008803,0.994829,-0.101186,50.00,False
90.186084,20.174066,-3.407876,-0.026335,0.997001,-0.072764,50.00,False
90.175170,20.178815,-0.740776,-0.028518,0.997951,-0.057271,50.00,False
90.199510,20.187432,2.087413,-0.023650,0.999675,-0.009560,50.00,False
90.248488,20.187133,4.845079,-0.013854,0.999615,0.024047,50.00,False
90.250076,20.174649,7.530436,-0.013537,0.998975,0.043191,50.00,False
90.262651,19.996063,10.255156,-0.011022,0.997471,0.070208,50.00,False
90.336453,19.976105,12.851805,0.003739,0.997426,0.071611,50.00,False
90.378602,19.690305,15.387951,0.012169,0.998069,0.060913,50.00,False
90.270280,19.279586,18.316945,-0.009496,0.991627,0.128785,50.00,False
90.422328,18.080720,21.287490,0.020914,0.978545,0.204967,50.00,False
90.397243,15.276713,24.608375,0.015897,0.936159,0.351217,50.00,False
90.266165,13.396117,27.939331,-0.010319,0.866263,0.499482,50.00,False
90.333390,10.835134,31.790113,0.003126,0.659485,0.751711,50.00,False
90.343792,9.768415,34.681671,0.005207,0.583501,0.812096,50.00,False
90.270104,9.238584,37.300480,-0.009531,0.575238,0.817931,50.00,False
90.314706,9.216589,39.905771,-0.000611,0.570839,0.821062,50.00,False
90.175920,7.104981,43.098071,-0.028368,0.335550,0.941595,50.00,False
90.133345,6.999703,45.722443,-0.036883,0.314495,0.948542,50.00,False
90.174317,6.856414,48.358609,-0.028688,0.285837,0.957849,50.00,False
90.090344,5.479628,50.988702,-0.045483,0.254736,0.965940,50.00,False
90.130065,5.310573,53.621475,-0.037539,0.220925,0.974568,50.00,False
90.142328,5.133796,56.248292,-0.035086,0.185569,0.982005,50.00,False
90.142328,5.133796,58.837927,-0.035086,0.185569,0.982005,50.00,False
90.089742,5.150928,61.422131,-0.045603,0.188996,0.980918,50.00,False
90.089742,5.150928,64.011765,-0.045603,0.188996,0.980918,50.00,False
90.089742,5.150928,66.601400,-0.045603,0.188996,0.980918,50.00,False
90.201568,4.191667,69.240298,-0.023238,0.133538,0.990771,50.00,False
90.224707,4.114585,71.840201,-0.018610,0.118121,0.992825,50.00,False
94.118061,4.361192,71.801439,-0.039939,0.167443,0.985072,200.00,True
94.118061,4.361192,71.801439,-0.039939,0.167443,0.985072,50.00,False
94.118061,4.361192,69.211805,-0.039939,0.167443,0.985072,50.00,False
94.118061,4.361192,66.622170,-0.039939,0.167443,0.985072,50.00,False
94.118061,5.043164,64.032535,-0.039939,0.167443,0.985072,50.00,False
94.053065,5.109500,61.428092,-0.052939,0.180710,0.982111,50.00,False
94.053065,5.109500,58.838457,-0.052939,0.180710,0.982111,50.00,False
94.004964,5.212532,56.225902,-0.062559,0.201317,0.977526,50.00,False
94.089483,5.440359,53.588482,-0.045655,0.246882,0.967969,50.00,False
94.026431,5.995443,50.981203,-0.058266,0.257797,0.964441,50.00,False
94.173314,6.210761,48.335517,-0.028889,0.300861,0.953230,50.00,False
94.173314,6.210761,45.745883,-0.028889,0.300861,0.953230,50.00,False
94.177984,6.905218,43.136521,-0.027955,0.313172,0.949285,50.00,False
94.372814,8.286648,40.248607,0.011011,0.456551,0.889629,50.00,False
94.373208,8.670919,37.439762,0.011090,0.533405,0.845787,50.00,False
94.352005,10.151087,34.541738,0.006849,0.620585,0.784109,50.00,False
94.514106,10.493301,31.649908,0.039269,0.689028,0.723670,50.00,False
94.594331,13.321908,28.255165,0.055314,0.824844,0.562648,50.00,False
94.394468,16.390742,24.249791,0.015342,0.960023,0.279501,50.00,False
94.434044,18.969850,21.246398,0.023257,0.980178,0.196749,50.00,False
94.380739,19.174340,18.416580,0.012596,0.988800,0.148712,50.00,False
94.385147,19.679227,15.533233,0.013478,0.995853,0.089970,50.00,False
94.343779,20.026644,12.922730,0.005204,0.996299,0.085796,50.00,False
94.279235,20.075777,10.298570,-0.007705,0.996853,0.078891,50.00,False
94.243805,20.180975,7.588887,-0.014791,0.998383,0.054881,50.00,False
94.255490,20.188780,4.851141,-0.012454,0.999603,0.025259,50.00,False
94.276395,20.190547,2.114033,-0.008273,0.999957,-0.004236,50.00,False
94.254446,20.226471,-0.610584,-0.012663,0.999432,-0.031232,50.00,False
94.269626,20.173388,-3.457737,-0.009626,0.996525,-0.082736,50.00,False
94.255871,20.167991,-6.106312,-0.012378,0.995446,-0.094524,50.00,False
94.245482,19.820291,-8.751160,-0.014455,0.994307,-0.105566,50.00,False
94.240356,19.419677,-11.381940,-0.015481,0.993384,-0.113796,50.00,False
94.239463,18.842232,-14.045059,-0.015659,0.991587,-0.128492,50.00,False
94.342685,12.624447,-16.924348,0.004985,0.982457,-0.186423,50.00,False
94.294508,11.824646,-20.079965,-0.004650,0.954047,-0.299620,50.00,False
94.423876,10.840582,-24.435491,0.021223,0.757235,-0.652798,50.00,False
94.260342,9.470802,-28.138092,-0.011483,0.483279,-0.875391,50.00,False
94.201630,6.127378,-31.175655,-0.023226,0.261304,-0.964977,50.00,False
94.138198,5.967526,-33.803830,-0.035912,0.229334,-0.972685,50.00,False
94.165307,5.911554,-36.407245,-0.030490,0.218139,-0.975441,50.00,False
94.131520,5.765757,-39.026045,-0.037248,0.188980,-0.981274,50.00,False
94.110394,5.768689,-41.614266,-0.041473,0.189567,-0.980992,50.00,False
94.110394,5.768689,-44.203901,-0.041473,0.189567,-0.980992,50.00,False
94.110394,5.768689,-46.793536,-0.041473,0.189567,-0.980992,50.00,False
94.110394,5.768689,-49.383170,-0.041473,0.189567,-0.980992,50.00,False
94.186112,5.648607,-51.997096,-0.026329,0.165550,-0.985850,50.00,False
94.112170,5.580526,-54.595157,-0.041118,0.151934,-0.987535,50.00,False
94.101766,5.331591,-57.216271,-0.043199,0.102147,-0.993831,50.00,False
94.101766,5.331591,-59.805905,-0.043199,0.102147,-0.993831,50.00,False
94.101766,5.331591,-62.395540,-0.043199,0.102147,-0.993831,50.00,False
94.101766,5.331591,-64.985175,-0.043199,0.102147,-0.993831,50.00,False
94.101766,5.331591,-67.574809,-0.043199,0.102147,-0.993831,50.00,False
94.101766,5.331591,-70.164444,-0.043199,0.102147,-0.993831,50.00,False
94.129230,5.078995,-72.774696,-0.037706,0.051628,-0.997954,50.00,False
94.143388,4.868131,-75.371293,-0.034874,0.009455,-0.999347,50.00,False
94.143388,4.868131,-77.960928,-0.034874,0.009455,-0.999347,50.00,False
94.143388,4.868131,-80.550563,-0.034874,0.009455,-0.999347,50.00,False
94.143388,4.868131,-83.140197,-0.034874,0.009455,-0.999347,50.00,False
94.143388,4.868131,-85.729832,-0.034874,0.009455,-0.999347,50.00,False
94.143394,4.909731,-88.318900,-0.034873,0.017775,-0.999234,50.00,False
94.143394,4.909731,-90.908535,-0.034873,0.017775,-0.999234,50.00,False
98.121794,4.857998,-90.908387,-0.039193,0.007428,-0.999204,200.00,True
98.121794,4.857998,-90.908387,-0.039193,0.007428,-0.999204,50.00,False
98.121794,4.857998,-88.318752,-0.039193,0.007428,-0.999204,50.00,False
98.121794,4.857998,-85.729117,-0.039193,0.007428,-0.999204,50.00,False
98.121794,4.857998,-83.139483,-0.039193,0.007428,-0.999204,50.00,False
98.143543,4.828062,-80.550787,-0.034843,0.001441,-0.999392,50.00,False
98.189355,4.981592,-77.959959,-0.025681,0.032147,-0.999153,50.00,False
98.189355,4.981592,-75.370324,-0.025681,0.032147,-0.999153,50.00,False
98.189355,4.981592,-72.780690,-0.025681,0.032147,-0.999153,50.00,False
98.189355,4.981592,-70.191055,-0.025681,0.032147,-0.999153,50.00,False
98.189355,4.981592,-67.601421,-0.025681,0.032147,-0.999153,50.00,False
98.189355,4.981592,-65.011786,-0.025681,0.032147,-0.999153,50.00,False
98.189355,4.981592,-62.422151,-0.025681,0.032147,-0.999153,50.00,False
98.189355,4.981592,-59.832517,-0.025681,0.032147,-0.999153,50.00,False
98.175625,5.219035,-57.229209,-0.028427,0.079636,-0.996419,50.00,False
98.175625,5.219035,-54.639575,-0.028427,0.079636,-0.996419,50.00,False
98.175625,5.219035,-52.049940,-0.028427,0.079636,-0.996419,50.00,False
98.175625,5.219035,-49.460305,-0.028427,0.079636,-0.996419,50.00,False
98.175625,5.219035,-46.870671,-0.028427,0.079636,-0.996419,50.00,False
98.175625,5.219035,-44.281036,-0.028427,0.079636,-0.996419,50.00,False
98.152610,5.512279,-41.658516,-0.033030,0.138285,-0.989842,50.00,False
98.108198,5.538380,-39.063482,-0.041912,0.143505,-0.988762,50.00,False
98.242115,6.060830,-36.373255,-0.015129,0.247995,-0.968643,50.00,False
98.242115,6.060830,-33.783621,-0.015129,0.247995,-0.968643,50.00,False
98.345967,6.300482,-31.126742,0.005642,0.295925,-0.955194,50.00,False
98.270540,10.700244,-27.769768,-0.009444,0.597616,-0.801727,50.00,False
97.983949,11.586870,-24.313986,-0.066762,0.774941,-0.628497,50.00,False
98.230470,12.419230,-20.265880,-0.017458,0.941413,-0.336803,50.00,False
98.251326,12.605639,-17.016673,-0.013286,0.978695,-0.204888,50.00,False
98.245938,19.129661,-14.082438,-0.014364,0.990609,-0.135968,50.00,False
98.251141,19.421780,-11.364678,-0.013324,0.993804,-0.110343,50.00,False
98.256095,19.867955,-8.764452,-0.012333,0.994050,-0.108225,50.00,False
98.259649,20.168686,-6.099423,-0.011622,0.995585,-0.093146,50.00,False
98.297150,20.214705,-3.425403,-0.004122,0.997079,-0.076269,50.00,False
98.325566,20.227765,-0.578495,0.001561,0.999691,-0.024814,50.00,False
98.340205,20.229242,2.121468,0.004489,0.999986,-0.002749,50.00,False
98.275679,20.228274,4.817557,-0.008416,0.999793,0.018542,50.00,False
98.242587,20.181916,7.570858,-0.015034,0.998571,0.051276,50.00,False
98.239322,20.111590,10.323264,-0.015687,0.996357,0.083830,50.00,False
98.235753,20.068327,12.967636,-0.016401,0.995363,0.094777,50.00,False
98.353294,20.017553,15.606767,0.007107,0.994481,0.104677,50.00,False
98.477498,19.174311,18.402143,0.031948,0.988794,0.145825,50.00,False
98.424497,19.008586,21.161786,0.021348,0.983467,0.179827,50.00,False
98.344633,14.769374,24.350483,0.005375,0.954038,0.299639,50.00,False
98.452446,14.272724,28.033974,0.026937,0.854708,0.518410,50.00,False
98.290391,11.824891,31.390703,-0.005474,0.740686,0.671829,50.00,False
98.291283,10.125684,34.561770,-0.005295,0.615505,0.788116,50.00,False
98.211566,7.947985,37.611015,-0.021239,0.474429,0.880038,50.00,False
98.267729,7.498388,40.415795,-0.010006,0.384509,0.923067,50.00,False
98.309613,7.379893,43.053285,-0.001629,0.360811,0.932638,50.00,False
98.150892,6.201013,45.748217,-0.033373,0.298911,0.953697,50.00,False
98.197704,5.921182,48.418080,-0.024011,0.242945,0.969743,50.00,False
98.196159,5.365331,51.021206,-0.024320,0.231876,0.972441,50.00,False
98.196159,5.365331,53.610841,-0.024320,0.231876,0.972441,50.00,False
98.188259,5.256005,56.225049,-0.025900,0.210011,0.977356,50.00,False
98.188259,4.870094,58.814683,-0.025900,0.210011,0.977356,50.00,False
98.146847,4.458037,61.426543,-0.034182,0.186812,0.981801,50.00,False
98.160299,4.410432,64.025446,-0.031492,0.177291,0.983655,50.00,False
98.160212,3.788262,66.615034,-0.031509,0.177339,0.983645,50.00,False
98.160212,3.788262,69.204669,-0.031509,0.177339,0.983645,50.00,False
98.162028,3.784557,71.795028,-0.031146,0.176598,0.983790,50.00,False
102.141008,3.713268,71.805968,-0.035350,0.163087,0.985978,200.00,True
102.141008,3.713268,71.805968,-0.035350,0.163087,0.985978,50.00,False
102.177970,3.771255,69.207580,-0.027958,0.174684,0.984227,50.00,False
102.177970,3.771255,66.617945,-0.027958,0.174684,0.984227,50.00,False
102.197449,4.891720,63.989491,-0.024062,0.214336,0.976464,50.00,False
102.216182,4.939033,61.389656,-0.020315,0.223799,0.974424,50.00,False
102.216182,4.939033,58.800022,-0.020315,0.223799,0.974424,50.00,False
102.207227,4.947687,56.208197,-0.022106,0.225530,0.973985,50.00,False
102.215449,4.951540,53.617848,-0.020462,0.226300,0.973843,50.00,False
102.178110,5.830288,51.000679,-0.027930,0.248084,0.968336,50.00,False
102.170233,6.011356,48.360775,-0.029505,0.284297,0.958282,50.00,False
102.200529,5.992466,45.777540,-0.023446,0.280519,0.959562,50.00,False
102.249829,6.037790,43.175377,-0.013586,0.289584,0.957056,50.00,False
102.295062,6.559738,40.396014,-0.004539,0.393974,0.919110,50.00,False
102.354898,8.759509,37.480835,0.007428,0.520217,0.854002,50.00,False
102.409087,8.997860,34.735710,0.018266,0.567887,0.822904,50.00,False
102.182779,11.733449,31.486311,-0.026996,0.722398,0.690951,50.00,False
102.420177,13.177745,28.340712,0.020484,0.814531,0.579758,50.00,False
102.326695,15.478867,24.673131,0.001787,0.931331,0.364169,50.00,False
102.398103,19.017201,21.116221,0.016069,0.985190,0.170713,50.00,False
102.385309,19.151961,18.442875,0.013510,0.987983,0.153971,50.00,False
102.323147,20.045515,15.759999,0.001078,0.990801,0.135323,50.00,False
102.243647,20.129952,13.051736,-0.014822,0.993643,0.111597,50.00,False
102.240137,20.146974,10.280140,-0.015524,0.997047,0.075205,50.00,False
102.279388,20.158950,7.476945,-0.007674,0.999443,0.032493,50.00,False
102.265506,20.228162,4.818443,-0.010450,0.999770,0.018720,50.00,False
102.254417,20.313020,2.094657,-0.012668,0.999887,-0.008111,50.00,False
102.276819,20.310585,-0.622700,-0.008188,0.999400,-0.033655,50.00,False
102.262718,20.297543,-3.440463,-0.011008,0.996792,-0.079281,50.00,False
102.257967,20.207595,-6.095336,-0.011958,0.995657,-0.092329,50.00,False
102.218128,19.946856,-8.742206,-0.019926,0.994401,-0.103776,50.00,False
102.217535,19.641811,-11.365098,-0.020045,0.993682,-0.110427,50.00,False
102.253981,19.127558,-14.098371,-0.012756,0.990188,-0.139155,50.00,False
102.217218,17.938655,-16.901782,-0.020108,0.983110,-0.181910,50.00,False
102.311538,11.548425,-20.284612,-0.001244,0.940226,-0.340549,50.00,False
102.436833,10.831288,-24.190380,0.023815,0.796798,-0.603776,50.00,False
102.155662,8.541984,-28.104175,-0.032419,0.494438,-0.868608,50.00,False
102.141718,7.947957,-30.981267,-0.035208,0.375633,-0.926099,50.00,False
102.168697,7.736114,-33.652214,-0.029812,0.333264,-0.942362,50.00,False
102.149330,7.490750,-36.320917,-0.033686,0.284192,-0.958176,50.00,False
102.204389,7.278777,-38.969983,-0.022674,0.241797,-0.970062,50.00,False
102.204389,7.278777,-41.559618,-0.022674,0.241797,-0.970062,50.00,False
102.058581,6.812675,-44.236650,-0.051836,0.148577,-0.987541,50.00,False
102.043385,6.651231,-46.847070,-0.054875,0.116288,-0.991699,50.00,False
102.127275,6.546021,-49.451835,-0.038097,0.095246,-0.994725,50.00,False
102.085527,6.542267,-52.040053,-0.046446,0.094495,-0.994441,50.00,False
102.085527,6.542267,-54.629688,-0.046446,0.094495,-0.994441,50.00,False
102.085527,6.542267,-57.219322,-0.046446,0.094495,-0.994441,50.00,False
102.085527,6.542267,-59.808957,-0.046446,0.094495,-0.994441,50.00,False
102.033366,5.143345,-62.406048,-0.056878,0.069881,-0.995932,50.00,False
102.033366,5.143345,-64.995682,-0.056878,0.069881,-0.995932,50.00,False
102.033366,5.143345,-67.585317,-0.056878,0.069881,-0.995932,50.00,False
102.033366,5.143345,-70.174952,-0.056878,0.069881,-0.995932,50.00,False
102.097086,5.115889,-72.769666,-0.044135,0.064390,-0.996948,50.00,False
102.097086,5.115889,-75.359300,-0.044135,0.064390,-0.996948,50.00,False
102.097086,5.115889,-77.948935,-0.044135,0.064390,-0.996948,50.00,False
102.043102,4.973281,-80.543056,-0.054931,0.035869,-0.997846,50.00,False
102.043102,4.973281,-83.132691,-0.054931,0.035869,-0.997846,50.00,False
102.583730,4.841447,-75.740402,0.053194,0.009502,0.998539,50.00,False
102.583730,4.841447,-78.330037,0.053194,0.009502,0.998539,50.00,False
102.583730,4.841447,-80.919671,0.053194,0.009502,0.998539,50.00,False
106.081845,5.224854,-90.888173,-0.047183,0.086183,-0.995161,200.00,True
106.081845,5.224854,-90.888173,-0.047183,0.086183,-0.995161,50.00,False
106.072402,5.365239,-88.283923,-0.049071,0.114260,-0.992238,50.00,False
106.072402,5.365239,-85.694288,-0.049071,0.114260,-0.992238,50.00,False
106.072402,5.506081,-83.104653,-0.049071,0.114260,-0.992238,50.00,False
106.072402,5.506081,-80.515019,-0.049071,0.114260,-0.992238,50.00,False
106.072402,5.506081,-77.925384,-0.049071,0.114260,-0.992238,50.00,False
106.072402,5.506081,-75.335749,-0.049071,0.114260,-0.992238,50.00,False
106.101665,5.717011,-72.718626,-0.043219,0.156446,-0.986740,50.00,False
106.101665,5.717011,-70.128992,-0.043219,0.156446,-0.986740,50.00,False
106.009177,5.611058,-67.550089,-0.061716,0.135256,-0.988887,50.00,False
106.151408,6.129552,-64.934629,-0.033270,0.176592,-0.983722,50.00,False
106.151408,6.129552,-62.344994,-0.033270,0.176592,-0.983722,50.00,False
106.040162,5.702006,-59.769732,-0.055519,0.153445,-0.986596,50.00,False
106.040162,5.702006,-57.180097,-0.055519,0.153445,-0.986596,50.00,False
106.066847,6.045510,-54.586860,-0.050182,0.159783,-0.985876,50.00,False
106.066847,6.045510,-51.997226,-0.050182,0.159783,-0.985876,50.00,False
106.088918,7.066216,-49.341124,-0.045768,0.228011,-0.972582,50.00,False
106.128840,7.125776,-46.738859,-0.037784,0.239923,-0.970056,50.00,False
106.061603,7.254133,-44.112557,-0.051231,0.265594,-0.962723,50.00,False
106.150128,7.462687,-41.464410,-0.033526,0.307305,-0.951020,50.00,False
106.204578,7.509792,-38.860908,-0.022636,0.316726,-0.948247,50.00,False
106.175254,7.602866,-36.238367,-0.028501,0.335341,-0.941666,50.00,False
106.121723,7.841214,-33.611982,-0.039207,0.354284,-0.934315,50.00,False
106.031806,8.990863,-30.858913,-0.057191,0.428713,-0.901629,50.00,False
106.504791,9.633567,-27.908630,0.037407,0.557254,-0.829499,50.00,False
106.164124,10.320777,-24.764734,-0.030727,0.694696,-0.718647,50.00,False
106.174815,11.240877,-20.964306,-0.028589,0.878716,-0.476488,50.00,False
106.253597,11.707137,-17.166044,-0.012832,0.971968,-0.234763,50.00,False
106.198674,19.025800,-14.016684,-0.023817,0.992143,-0.122818,50.00,False
106.205655,19.645309,-11.375140,-0.022421,0.993406,-0.112436,50.00,False
106.212805,19.951153,-8.698091,-0.020991,0.995260,-0.094953,50.00,False
106.235255,20.186208,-6.065473,-0.016501,0.996128,-0.086356,50.00,False
106.244568,20.318085,-3.493522,-0.014638,0.995844,-0.089893,50.00,False
106.173279,20.334943,-0.589846,-0.028896,0.999215,-0.027085,50.00,False
106.226010,20.337944,2.107042,-0.018350,0.999816,-0.005634,50.00,False
106.267658,20.312700,4.804509,-0.010020,0.999823,0.015933,50.00,False
106.272705,20.203294,7.514273,-0.009011,0.999161,0.039959,50.00,False
106.260724,20.188302,10.338005,-0.011407,0.996162,0.086778,50.00,False
106.244027,20.174280,13.064327,-0.014746,0.993358,0.114116,50.00,False
106.264725,20.115630,15.758761,-0.010607,0.990779,0.135075,50.00,False
106.293817,18.971489,18.497107,-0.004788,0.986312,0.164818,50.00,False
106.342129,18.776239,21.388483,0.004874,0.974308,0.225166,50.00,False
106.341885,16.296594,24.149414,0.004825,0.965751,0.259425,50.00,False
106.362660,13.792985,27.860684,0.008980,0.875159,0.483752,50.00,False
106.366674,12.571233,31.228437,0.009783,0.768832,0.639376,50.00,False
106.334020,9.217144,34.576437,0.003252,0.611744,0.791049,50.00,False
106.364224,8.884522,37.402035,0.009293,0.545220,0.838242,50.00,False
106.286670,6.747634,40.280293,-0.006218,0.444078,0.895966,50.00,False
106.326289,6.460196,43.001345,0.001706,0.386591,0.922250,50.00,False
106.224097,5.897932,45.787270,-0.018732,0.274138,0.961508,50.00,False
106.259986,5.892667,48.378968,-0.011555,0.273085,0.961921,50.00,False
106.249611,5.224578,51.009525,-0.013630,0.242302,0.970105,50.00,False
106.249611,5.224578,53.599160,-0.013630,0.242302,0.970105,50.00,False
106.209669,5.153330,56.205313,-0.021618,0.228052,0.973409,50.00,False
106.201781,3.968278,58.810597,-0.023195,0.214089,0.976539,50.00,False
106.127813,2.525672,61.435934,-0.037989,0.175875,0.983679,50.00,False
106.127813,2.525672,64.025569,-0.037989,0.175875,0.983679,50.00,False
106.121210,2.454025,66.627218,-0.039310,0.161546,0.986082,50.00,False
106.121210,2.454025,69.216852,-0.039310,0.161546,0.986082,50.00,False
106.121634,2.443578,71.808204,-0.039225,0.159456,0.986425,50.00,False
110.103082,0.681535,71.827159,-0.042935,0.132771,0.990216,200.00,True
110.103082,0.681535,71.827159,-0.042935,0.132771,0.990216,50.00,False
110.103082,1.760059,69.237524,-0.042935,0.132771,0.990216,50.00,False
110.103793,1.758170,66.648173,-0.042793,0.132393,0.990273,50.00,False
110.103793,1.758170,64.058539,-0.042793,0.132393,0.990273,50.00,False
110.169480,2.048319,61.423809,-0.029656,0.190423,0.981254,50.00,False
110.170800,2.050745,58.833743,-0.029392,0.190908,0.981168,50.00,False
110.187585,2.686879,56.227057,-0.026035,0.208117,0.977757,50.00,False
110.206577,5.086121,53.607972,-0.022236,0.234477,0.971867,50.00,False
110.206577,5.086121,51.018337,-0.022236,0.234477,0.971867,50.00,False
110.242535,5.184743,48.404537,-0.015045,0.254201,0.967034,50.00,False
110.261816,5.279527,45.816357,-0.011189,0.253292,0.967325,50.00,False
110.357381,6.842551,42.974531,0.007924,0.399068,0.916887,50.00,False
110.341232,7.141822,40.242781,0.004695,0.458922,0.888464,50.00,False
110.396361,7.331386,37.549339,0.015720,0.496835,0.867702,50.00,False
110.347527,10.854531,34.315154,0.005954,0.673907,0.738792,50.00,False
110.658290,13.219718,30.961062,0.068106,0.807516,0.585901,50.00,False
110.432196,15.248115,27.674956,0.022887,0.894438,0.446607,50.00,False
110.292460,17.021296,24.367617,-0.005060,0.952956,0.303066,50.00,False
110.322197,18.587488,21.299637,0.000888,0.978257,0.207397,50.00,False
110.382605,18.964912,18.533431,0.012969,0.984997,0.172082,50.00,False
110.327734,19.988514,15.780151,0.001995,0.990241,0.139353,50.00,False
110.314939,20.165029,13.143982,-0.000564,0.991508,0.130047,50.00,False
110.369536,20.208290,10.294520,0.010355,0.996893,0.078081,50.00,False
110.300746,20.284059,7.470480,-0.003403,0.999507,0.031200,50.00,False
110.263199,20.337967,4.802394,-0.010912,0.999820,0.015510,50.00,False
110.266049,20.338557,2.155643,-0.010342,0.999938,0.004086,50.00,False
110.350492,20.335395,-0.637799,0.006547,0.999306,-0.036675,50.00,False
110.305018,20.323915,-3.430220,-0.002548,0.997010,-0.077232,50.00,False
110.228236,20.205393,-6.039259,-0.017905,0.996544,-0.081113,50.00,False
110.228200,19.725751,-8.613868,-0.017912,0.996784,-0.078108,50.00,False
110.201482,19.711888,-11.346831,-0.023255,0.994011,-0.106774,50.00,False
110.213556,19.464746,-14.054866,-0.020841,0.991235,-0.130454,50.00,False
110.317356,11.873808,-17.092719,-0.000081,0.975478,-0.220098,50.00,False
110.438523,11.382547,-20.979217,0.024153,0.877226,-0.479470,50.00,False
110.574987,8.880880,-25.196854,0.051446,0.590944,-0.805071,50.00,False
110.277735,7.976289,-28.321330,-0.008005,0.410026,-0.912039,50.00,False
110.244211,6.839565,-31.089655,-0.014710,0.318594,-0.947777,50.00,False
110.268556,6.844369,-33.677987,-0.009840,0.319555,-0.947517,50.00,False
110.256676,6.730573,-36.304353,-0.012216,0.296796,-0.954863,50.00,False
110.312158,6.616571,-38.928325,-0.001120,0.273995,-0.961730,50.00,False
110.312158,6.616571,-41.517960,-0.001120,0.273995,-0.961730,50.00,False
110.226259,6.492428,-44.140381,-0.018300,0.249167,-0.968288,50.00,False
110.226259,6.492428,-46.730016,-0.018300,0.249167,-0.968288,50.00,False
110.226259,6.492428,-49.319650,-0.018300,0.249167,-0.968288,50.00,False
110.203682,6.452155,-51.918992,-0.022815,0.241112,-0.970229,50.00,False
110.203682,6.452155,-54.508626,-0.022815,0.241112,-0.970229,50.00,False
110.224376,6.398847,-57.111640,-0.018677,0.230451,-0.972905,50.00,False
110.224376,6.398847,-59.701274,-0.018677,0.230451,-0.972905,50.00,False
110.166228,6.362724,-62.297863,-0.030306,0.223226,-0.974295,50.00,False
110.123613,5.906021,-64.968541,-0.038829,0.131885,-0.990504,50.00,False
110.123613,5.906021,-67.558176,-0.038829,0.131885,-0.990504,50.00,False
110.123613,5.906021,-70.147810,-0.038829,0.131885,-0.990504,50.00,False
110.099523,5.484756,-72.749790,-0.043647,0.109995,-0.992973,50.00,False
110.099523,5.484756,-75.339425,-0.043647,0.109995,-0.992973,50.00,False
110.069120,5.704313,-77.898360,-0.049728,0.153907,-0.986833,50.00,False
110.069120,5.704313,-80.487994,-0.049728,0.153907,-0.986833,50.00,False
110.045602,4.022576,-83.125867,-0.054431,0.063742,-0.996481,50.00,False
110.045602,4.022576,-85.715502,-0.054431,0.063742,-0.996481,50.00,False
110.045602,4.022576,-88.305136,-0.054431,0.063742,-0.996481,50.00,False
110.045602,4.022576,-90.894771,-0.054431,0.063742,-0.996481,50.00,False
114.531233,3.769180,-80.917353,0.042695,0.013063,0.999003,200.00,True
114.531233,3.769180,-80.917353,0.042695,0.013063,0.999003,50.00,False
114.531233,3.769180,-78.327718,0.042695,0.013063,0.999003,50.00,False
114.531233,3.769180,-75.738083,0.042695,0.013063,0.999003,50.00,False
114.531233,3.769180,-73.148449,0.042695,0.013063,0.999003,50.00,False
114.531233,3.769180,-70.558814,0.042695,0.013063,0.999003,50.00,False
114.531233,3.769180,-67.969179,0.042695,0.013063,0.999003,50.00,False
114.531233,3.769180,-65.379545,0.042695,0.013063,0.999003,50.00,False
114.106178,3.846682,-72.778403,-0.042316,0.028563,-0.998696,50.00,False
114.106178,3.846682,-70.188769,-0.042316,0.028563,-0.998696,50.00,False
114.106178,3.846682,-67.599134,-0.042316,0.028563,-0.998696,50.00,False
114.115013,5.679961,-64.951066,-0.040549,0.155463,-0.987009,50.00,False
114.063822,5.626341,-62.367214,-0.050787,0.144739,-0.988166,50.00,False
114.053840,5.811265,-59.752249,-0.052784,0.175297,-0.983100,50.00,False
114.053840,5.811265,-57.162614,-0.052784,0.175297,-0.983100,50.00,False
114.044939,6.090279,-54.514476,-0.054564,0.231100,-0.971399,50.00,False
114.071196,6.142149,-51.913615,-0.049313,0.241474,-0.969154,50.00,False
114.087617,6.161702,-49.319875,-0.046028,0.245384,-0.968333,50.00,False
114.087617,6.161702,-46.730240,-0.046028,0.245384,-0.968333,50.00,False
114.173019,6.153259,-44.146041,-0.028948,0.243696,-0.969420,50.00,False
114.135115,6.229309,-41.535366,-0.036529,0.258906,-0.965212,50.00,False
114.182118,6.261455,-38.938547,-0.027128,0.265335,-0.963775,50.00,False
114.134511,6.635670,-36.329715,-0.036650,0.277815,-0.959935,50.00,False
114.134511,6.635670,-33.740080,-0.036650,0.277815,-0.959935,50.00,False
114.134511,6.635670,-31.150446,-0.036650,0.277815,-0.959935,50.00,False
114.090076,9.103663,-27.952206,-0.045537,0.543437,-0.838214,50.00,False
114.090877,10.385352,-24.751532,-0.045376,0.696618,-0.716006,50.00,False
114.146232,11.317333,-21.091903,-0.034305,0.864183,-0.502007,50.00,False
114.386897,11.861784,-17.142643,0.013828,0.973073,-0.230082,50.00,False
114.240375,19.566930,-14.080064,-0.015477,0.990657,-0.135493,50.00,False
114.266281,19.714492,-11.332573,-0.010296,0.994532,-0.103922,50.00,False
114.266499,19.901419,-8.641931,-0.010252,0.996437,-0.083721,50.00,False
114.251480,20.208481,-6.004261,-0.013256,0.997162,-0.074114,50.00,False
114.276664,20.323972,-3.402253,-0.008219,0.997397,-0.071639,50.00,False
114.288328,20.368052,-0.659343,-0.005886,0.999142,-0.040984,50.00,False
114.272956,20.371268,2.041893,-0.008960,0.999786,-0.018664,50.00,False
114.319794,20.371003,4.840433,0.000407,0.999733,0.023117,50.00,False
114.312225,20.329843,7.581621,-0.001107,0.998571,0.053428,50.00,False
114.398955,20.210840,10.254940,0.016239,0.997403,0.070165,50.00,False
114.337245,20.164088,13.150835,0.003897,0.991320,0.131417,50.00,False
114.333159,19.873883,15.811209,0.003080,0.989344,0.145565,50.00,False
114.375427,19.335123,18.479116,0.011534,0.986851,0.161219,50.00,False
114.364434,18.593766,21.216583,0.009335,0.981587,0.190786,50.00,False
114.393177,17.158211,24.590508,0.015084,0.937505,0.347644,50.00,False
114.487324,14.527740,27.879392,0.033913,0.872468,0.487494,50.00,False
114.649538,13.061285,30.701243,0.066356,0.842916,0.533937,50.00,False
114.190183,7.803136,34.796297,-0.025515,0.549626,0.835021,50.00,False
114.022411,6.999592,37.600626,-0.059070,0.475076,0.877960,50.00,False
114.013377,6.407681,40.348460,-0.060876,0.411002,0.909600,50.00,False
114.156169,6.141473,43.052096,-0.032318,0.359980,0.932400,50.00,False
114.232766,5.825769,45.753611,-0.016998,0.296839,0.954776,50.00,False
114.162532,5.310425,48.367820,-0.031045,0.279338,0.959691,50.00,False
114.114154,2.826141,51.013446,-0.040721,0.236043,0.970889,50.00,False
114.125484,2.704189,53.631576,-0.038455,0.211652,0.976588,50.00,False
114.125484,2.704189,56.221210,-0.038455,0.211652,0.976588,50.00,False
114.245834,2.453503,58.861731,-0.014385,0.161515,0.986765,50.00,False
114.245834,2.453503,61.451365,-0.014385,0.161515,0.986765,50.00,False
114.245834,2.453503,64.041000,-0.014385,0.161515,0.986765,50.00,False
114.245834,2.453503,66.630635,-0.014385,0.161515,0.986765,50.00,False
114.245834,2.453503,69.220269,-0.014385,0.161515,0.986765,50.00,False
114.245834,2.453503,71.809904,-0.014385,0.161515,0.986765,50.00,False
118.226926,2.415226,71.815706,-0.018167,0.153860,0.987926,200.00,True
118.226926,2.415226,71.815706,-0.018167,0.153860,0.987926,50.00,False
118.226926,2.415226,69.226071,-0.018167,0.153860,0.987926,50.00,False
118.240756,2.446531,66.631694,-0.015400,0.160121,0.986977,50.00,False
118.240756,2.446531,64.042060,-0.015400,0.160121,0.986977,50.00,False
118.240756,2.446531,61.452425,-0.015400,0.160121,0.986977,50.00,False
118.199465,2.518222,58.849805,-0.023659,0.174459,0.984380,50.00,False
118.163651,3.926222,56.204025,-0.030822,0.228094,0.973151,50.00,False
118.158230,4.118479,53.565105,-0.031906,0.266546,0.963294,50.00,False
118.118947,4.227443,50.942513,-0.039762,0.288338,0.956703,50.00,False
118.212760,5.785972,48.358376,-0.021000,0.286660,0.957802,50.00,False
118.150414,6.280216,45.694563,-0.033469,0.331201,0.942966,50.00,False
118.165900,6.956345,43.011984,-0.030372,0.380268,0.924378,50.00,False
118.150414,3.301932,40.515294,-0.033469,0.331201,0.942966,50.00,False
118.189646,7.501810,37.569351,-0.025623,0.489361,0.871705,50.00,False
118.666184,10.659481,34.309572,0.069685,0.671549,0.737676,50.00,False
118.428460,12.869526,31.042169,0.022140,0.798097,0.602122,50.00,False
118.367140,13.657559,27.925192,0.009876,0.867893,0.496654,50.00,False
118.453810,17.280927,24.209880,0.027210,0.962049,0.271518,50.00,False
118.395792,18.618111,21.209190,0.015607,0.981794,0.189307,50.00,False
118.373099,18.919554,18.485407,0.011068,0.986650,0.162478,50.00,False
118.334912,19.848234,15.968128,0.003431,0.984214,0.176949,50.00,False
118.306593,20.063286,13.464001,-0.002233,0.980989,0.194050,50.00,False
118.132088,20.367406,10.443117,-0.037134,0.993479,0.107800,50.00,False
118.184756,20.397798,7.616953,-0.026601,0.997814,0.060494,50.00,False
118.247787,20.413639,4.767750,-0.013994,0.999865,0.008581,50.00,False
118.234854,20.440160,1.994315,-0.016581,0.999465,-0.028179,50.00,False
118.246602,20.429593,-0.811029,-0.014231,0.997352,-0.071321,50.00,False
118.230481,20.400363,-3.406948,-0.017455,0.997210,-0.072578,50.00,False
118.240429,20.316821,-5.982684,-0.015466,0.997441,-0.069798,50.00,False
118.234533,19.904774,-8.594132,-0.016645,0.997107,-0.074161,50.00,False
118.201297,19.854582,-11.319666,-0.023292,0.994579,-0.101341,50.00,False
118.223865,19.406117,-14.048661,-0.018779,0.991439,-0.129213,50.00,False
118.125369,11.763299,-17.146928,-0.038478,0.972207,-0.230939,50.00,False
118.375720,11.087161,-21.317424,0.011592,0.836979,-0.547112,50.00,False
118.709643,10.330726,-24.789797,0.078377,0.685692,-0.723659,50.00,False
118.377422,9.711451,-27.699938,0.011933,0.615866,-0.787761,50.00,False
118.310265,8.965822,-30.772736,-0.001499,0.466740,-0.884393,50.00,False
118.119059,7.337455,-33.608434,-0.039740,0.356091,-0.933606,50.00,False
118.062384,6.835330,-36.357114,-0.051075,0.255666,-0.965415,50.00,False
118.085955,6.791148,-38.959420,-0.046361,0.246830,-0.967949,50.00,False
118.131827,6.626511,-41.590043,-0.037186,0.213902,-0.976147,50.00,False
118.045604,6.516478,-44.198467,-0.054431,0.191896,-0.979905,50.00,False
118.031903,6.524915,-46.785661,-0.057171,0.193583,-0.979417,50.00,False
118.031903,6.524915,-49.375296,-0.057171,0.193583,-0.979417,50.00,False
118.042995,5.653043,-52.003575,-0.054953,0.150079,-0.987146,50.00,False
118.073575,5.534089,-54.611435,-0.048837,0.126288,-0.990791,50.00,False
118.144697,5.319182,-57.226729,-0.034612,0.083307,-0.995923,50.00,False
118.144697,5.319182,-59.816364,-0.034612,0.083307,-0.995923,50.00,False
118.105882,5.335255,-62.403127,-0.042375,0.086521,-0.995348,50.00,False
118.105882,5.335255,-64.992762,-0.042375,0.086521,-0.995348,50.00,False
118.144152,2.617834,-67.598549,-0.034721,0.040433,-0.998579,50.00,False
118.144152,2.617834,-70.188183,-0.034721,0.040433,-0.998579,50.00,False
118.476113,2.508540,-62.788295,0.031671,0.018574,0.999326,50.00,False
118.476113,2.508540,-65.377930,0.031671,0.018574,0.999326,50.00,False
118.144152,3.770432,-77.957087,-0.034721,0.040433,-0.998579,50.00,False
118.144152,3.770432,-80.546722,-0.034721,0.040433,-0.998579,50.00,False
118.489753,3.610484,-73.146600,0.034399,0.008444,0.999373,50.00,False
118.489753,3.610484,-75.736235,0.034399,0.008444,0.999373,50.00,False
118.441860,4.081352,-78.350676,0.024820,0.102617,0.994411,50.00,False
118.441860,4.081352,-80.940310,0.024820,0.102617,0.994411,50.00,False
122.161896,3.786600,-90.905165,-0.031173,0.043667,-0.998560,200.00,True
122.161896,3.786600,-90.905165,-0.031173,0.043667,-0.998560,50.00,False
122.161896,3.786600,-88.315530,-0.031173,0.043667,-0.998560,50.00,False
122.161896,3.786600,-85.725896,-0.031173,0.043667,-0.998560,50.00,False
122.161896,3.786600,-83.136261,-0.031173,0.043667,-0.998560,50.00,False
122.154932,3.677128,-80.549990,-0.032565,0.021772,-0.999232,50.00,False
122.154932,3.677128,-77.960355,-0.032565,0.021772,-0.999232,50.00,False
122.154932,3.677128,-75.370721,-0.032565,0.021772,-0.999232,50.00,False
122.154932,3.677128,-72.781086,-0.032565,0.021772,-0.999232,50.00,False
122.129149,4.844225,-70.175818,-0.037722,0.079691,-0.996106,50.00,False
122.127680,5.316731,-67.574138,-0.038016,0.105459,-0.993697,50.00,False
122.127680,5.316731,-64.984504,-0.038016,0.105459,-0.993697,50.00,False
122.127680,5.316731,-62.394869,-0.038016,0.105459,-0.993697,50.00,False
122.127680,5.316731,-59.805234,-0.038016,0.105459,-0.993697,50.00,False
122.181219,5.511175,-57.192867,-0.027308,0.144348,-0.989150,50.00,False
122.181219,5.511175,-54.603232,-0.027308,0.144348,-0.989150,50.00,False
122.181219,5.511175,-52.013598,-0.027308,0.144348,-0.989150,50.00,False
122.181219,5.511175,-49.423963,-0.027308,0.144348,-0.989150,50.00,False
122.169923,5.692906,-46.804052,-0.029567,0.180694,-0.983095,50.00,False
122.169923,5.806118,-44.214417,-0.029567,0.180694,-0.983095,50.00,False
122.087551,6.108371,-41.556290,-0.046042,0.241145,-0.969396,50.00,False
122.163591,6.333253,-38.908160,-0.030834,0.286121,-0.957697,50.00,False
122.163591,6.333253,-36.318525,-0.030834,0.286121,-0.957697,50.00,False
122.169117,7.197133,-33.661407,-0.029728,0.328027,-0.944201,50.00,False
122.141609,7.275720,-31.042781,-0.035230,0.343744,-0.938402,50.00,False
122.220199,9.659002,-27.756832,-0.019512,0.600829,-0.799139,50.00,False
122.282031,10.433443,-24.445796,-0.007146,0.755717,-0.654859,50.00,False
122.552872,11.276328,-20.475733,0.047023,0.924294,-0.378773,50.00,False
122.067704,17.087418,-16.985000,-0.050011,0.978813,-0.198554,50.00,False
122.211621,19.718361,-14.224729,-0.021228,0.986161,-0.164426,50.00,False
122.270082,19.849182,-11.380168,-0.009535,0.993499,-0.113441,50.00,False
122.229647,20.059095,-8.606076,-0.017622,0.996910,-0.076550,50.00,False
122.249273,20.332856,-5.959860,-0.013697,0.997776,-0.065233,50.00,False
122.290954,20.429812,-3.403677,-0.005361,0.997396,-0.071924,50.00,False
122.351505,20.436946,-0.694639,0.006749,0.998822,-0.048043,50.00,False
122.345272,20.441262,2.012898,0.005503,0.999686,-0.024463,50.00,False
122.292555,20.442770,4.725776,-0.005041,0.999987,0.000186,50.00,False
122.153690,20.418042,7.470505,-0.032814,0.998974,0.031205,50.00,False
122.117677,20.397813,10.365530,-0.040016,0.994928,0.092283,50.00,False
122.278599,20.072870,13.480950,-0.007832,0.980284,0.197440,50.00,False
122.254844,19.751154,16.165922,-0.012583,0.976200,0.216507,50.00,False
122.303605,18.821852,18.438242,-0.002831,0.988215,0.153045,50.00,False
122.396882,18.577673,21.137167,0.015825,0.984459,0.174903,50.00,False
122.295576,17.510413,24.220537,-0.004437,0.961819,0.273650,50.00,False
122.338570,15.884469,27.604130,0.004162,0.901652,0.432441,50.00,False
122.212449,13.421481,30.886578,-0.021062,0.820677,0.571004,50.00,False
122.123344,11.604556,33.917153,-0.038883,0.750969,0.659192,50.00,False
122.230494,8.507991,37.151301,-0.017453,0.615306,0.788095,50.00,False
122.228263,7.219464,40.306803,-0.017899,0.432892,0.901268,50.00,False
122.113245,7.121236,42.938598,-0.040903,0.413246,0.909700,50.00,False
122.234476,6.371294,45.663828,-0.016657,0.349416,0.936819,50.00,False
122.273373,4.704872,48.336134,-0.008877,0.301725,0.953354,50.00,False
122.204776,4.192577,50.955673,-0.022596,0.281365,0.959335,50.00,False
122.247272,4.070060,53.580361,-0.014097,0.256862,0.966345,50.00,False
122.228636,3.905875,56.210371,-0.017824,0.224025,0.974420,50.00,False
122.283086,3.613623,58.858768,-0.006935,0.165575,0.986173,50.00,False
122.283086,3.613623,61.448403,-0.006935,0.165575,0.986173,50.00,False
122.155018,3.507141,64.052182,-0.032548,0.144278,0.989002,50.00,False
122.137469,3.502248,66.641919,-0.036058,0.143299,0.989022,50.00,False
122.137469,3.502248,69.231554,-0.036058,0.143299,0.989022,50.00,False
122.128637,3.503725,71.820644,-0.037824,0.143595,0.988913,50.00,False
126.163863,3.175392,71.796107,-0.030779,0.175456,0.984006,200.00,True
126.163863,3.175392,71.796107,-0.030779,0.175456,0.984006,50.00,False
126.157518,3.246378,69.193082,-0.032048,0.189654,0.981328,50.00,False
126.157518,3.246378,66.603447,-0.032048,0.189654,0.981328,50.00,False
126.153899,3.770476,64.006506,-0.032772,0.196945,0.979867,50.00,False
126.163306,3.757329,61.419801,-0.030890,0.194316,0.980453,50.00,False
126.186100,4.268048,58.809903,-0.026332,0.214360,0.976400,50.00,False
126.186100,4.268048,56.220268,-0.026332,0.214360,0.976400,50.00,False
126.200336,4.513106,53.570678,-0.023485,0.263371,0.964409,50.00,False
126.253296,4.672566,50.935645,-0.012893,0.295263,0.955329,50.00,False
126.315762,4.790446,48.308409,-0.000399,0.318839,0.947809,50.00,False
126.286972,4.828156,45.705821,-0.006157,0.326381,0.945218,50.00,False
126.289502,7.742173,42.824034,-0.005651,0.462143,0.886788,50.00,False
126.234254,8.018545,40.078314,-0.016701,0.517417,0.855570,50.00,False
126.280858,11.165644,36.952918,-0.007380,0.663186,0.748418,50.00,False
126.199193,11.478290,34.059124,-0.023713,0.725715,0.687586,50.00,False
126.247504,13.911420,30.794403,-0.014051,0.833349,0.552569,50.00,False
126.444349,16.163945,27.322299,0.025318,0.926243,0.376075,50.00,False
126.428891,17.758722,24.376533,0.022226,0.952141,0.304849,50.00,False
126.216898,18.480638,21.166921,-0.020172,0.983303,0.180853,50.00,False
126.241129,18.858929,18.542995,-0.015326,0.984627,0.173995,50.00,False
126.230537,19.670776,16.207118,-0.017444,0.974261,0.224747,50.00,False
126.224002,20.314408,13.492678,-0.018751,0.979660,0.199786,50.00,False
126.184057,20.447174,10.397513,-0.026740,0.994760,0.098680,50.00,False
126.242576,20.472795,7.326350,-0.015037,0.999884,0.002374,50.00,False
126.259930,20.467129,4.708820,-0.011566,0.999928,-0.003205,50.00,False
126.282575,20.456863,2.047544,-0.007037,0.999822,-0.017533,50.00,False
126.285248,20.439342,-0.638392,-0.006502,0.999302,-0.036794,50.00,False
126.272310,20.434183,-3.334521,-0.009090,0.998270,-0.058093,50.00,False
126.255262,20.305214,-5.920857,-0.012499,0.998271,-0.057433,50.00,False
126.249186,20.181319,-8.585460,-0.013715,0.997279,-0.072426,50.00,False
126.251252,19.978908,-11.420447,-0.013301,0.992503,-0.121497,50.00,False
126.232997,19.627252,-14.240430,-0.016952,0.985715,-0.167567,50.00,False
126.205607,13.337339,-17.213696,-0.022430,0.969442,-0.244293,50.00,False
126.367559,11.687610,-20.940191,0.009960,0.881722,-0.471665,50.00,False
125.663159,10.237880,-24.596913,-0.130920,0.716604,-0.685082,50.00,False
125.685980,9.479237,-27.838356,-0.126356,0.564876,-0.815444,50.00,False
126.193133,6.580599,-31.017268,-0.024925,0.358233,-0.933300,50.00,False
126.246278,6.145909,-33.752355,-0.014296,0.271295,-0.962390,50.00,False
126.246278,6.145909,-36.341990,-0.014296,0.271295,-0.962390,50.00,False
126.246278,6.145909,-38.931624,-0.014296,0.271295,-0.962390,50.00,False
126.272016,6.049652,-41.547672,-0.009149,0.252043,-0.967673,50.00,False
126.245054,5.989035,-44.152362,-0.014541,0.239920,-0.970684,50.00,False
126.321455,5.474517,-46.781600,0.000739,0.205749,-0.978605,50.00,False
126.321455,5.474517,-49.371235,0.000739,0.205749,-0.978605,50.00,False
126.321455,5.474517,-51.960869,0.000739,0.205749,-0.978605,50.00,False
126.219011,5.233896,-54.593989,-0.019750,0.157625,-0.987302,50.00,False
126.219011,5.233896,-57.183624,-0.019750,0.157625,-0.987302,50.00,False
126.201045,5.016859,-59.802658,-0.023343,0.114217,-0.993182,50.00,False
126.201045,5.016859,-62.392293,-0.023343,0.114217,-0.993182,50.00,False
126.187216,4.724269,-65.006551,-0.026109,0.055699,-0.998106,50.00,False
126.187216,4.724269,-67.596185,-0.026109,0.055699,-0.998106,50.00,False
126.187216,4.724269,-70.185820,-0.026109,0.055699,-0.998106,50.00,False
126.209697,4.863656,-72.766259,-0.021612,0.083577,-0.996267,50.00,False
126.209697,4.863656,-75.355893,-0.021612,0.083577,-0.996267,50.00,False
126.209697,4.863656,-77.945528,-0.021612,0.083577,-0.996267,50.00,False
126.209697,4.863656,-80.535163,-0.021612,0.083577,-0.996267,50.00,False
126.209697,3.986150,-83.124797,-0.021612,0.083577,-0.996267,50.00,False
126.197452,3.677103,-85.730464,-0.024061,0.021767,-0.999473,50.00,False
126.237370,3.797468,-88.316829,-0.016078,0.045840,-0.998819,50.00,False
126.237370,3.797468,-90.906463,-0.016078,0.045840,-0.998819,50.00,False
130.468042,3.465614,-80.917360,0.030057,0.033062,0.999001,200.00,True
130.468042,3.465614,-80.917360,0.030057,0.033062,0.999001,50.00,False
130.468042,3.465614,-78.327726,0.030057,0.033062,0.999001,50.00,False
130.468042,3.465614,-75.738091,0.030057,0.033062,0.999001,50.00,False
130.474864,3.562541,-73.152816,0.031421,0.052448,0.998129,50.00,False
130.474864,3.830504,-70.563182,0.031421,0.052448,0.998129,50.00,False
130.474864,3.830504,-67.973547,0.031421,0.052448,0.998129,50.00,False
130.234322,3.578470,-75.373852,-0.016687,0.002041,-0.999859,50.00,False
130.234322,3.578470,-72.784217,-0.016687,0.002041,-0.999859,50.00,False
130.234322,3.578470,-70.194583,-0.016687,0.002041,-0.999859,50.00,False
130.234322,3.578470,-67.604948,-0.016687,0.002041,-0.999859,50.00,False
130.279472,3.737062,-65.013023,-0.007657,0.033759,-0.999401,50.00,False
130.279472,3.737062,-62.423389,-0.007657,0.033759,-0.999401,50.00,False
130.279472,3.737062,-59.833754,-0.007657,0.033759,-0.999401,50.00,False
130.279472,3.737062,-57.244119,-0.007657,0.033759,-0.999401,50.00,False
130.285887,3.943479,-54.643281,-0.006374,0.075043,-0.997160,50.00,False
130.285887,3.943479,-52.053647,-0.006374,0.075043,-0.997160,50.00,False
130.285887,4.820985,-49.464012,-0.006374,0.075043,-0.997160,50.00,False
130.227917,5.427592,-46.790410,-0.017968,0.196364,-0.980366,50.00,False
130.227917,5.427592,-44.200775,-0.017968,0.196364,-0.980366,50.00,False
130.202756,5.499434,-41.595674,-0.023001,0.210732,-0.977273,50.00,False
130.239629,5.652753,-38.971178,-0.015626,0.241396,-0.970301,50.00,False
130.141153,7.496702,-36.284676,-0.035321,0.307391,-0.950927,50.00,False
130.244070,7.900222,-33.547912,-0.014738,0.388095,-0.921501,50.00,False
130.244070,7.900222,-30.958277,-0.014738,0.388095,-0.921501,50.00,False
130.378174,10.866395,-27.605404,0.012083,0.639311,-0.768854,50.00,False
130.145976,11.722297,-24.095214,-0.034357,0.810491,-0.584743,50.00,False
130.421745,12.300853,-20.464132,0.020797,0.926202,-0.376453,50.00,False
130.333937,18.606555,-16.978443,0.003236,0.980349,-0.197242,50.00,False
130.254620,19.641586,-14.153373,-0.012628,0.988582,-0.150155,50.00,False
130.263890,20.073837,-11.377228,-0.010774,0.993553,-0.112853,50.00,False
130.244548,20.277289,-8.593273,-0.014642,0.997152,-0.073989,50.00,False
130.247292,20.411846,-5.880403,-0.014093,0.998683,-0.049342,50.00,False
130.231997,20.539174,-3.321273,-0.017152,0.998315,-0.055443,50.00,False
130.201105,20.542616,-0.644734,-0.023331,0.999003,-0.038062,50.00,False
130.240239,20.545937,2.032075,-0.015504,0.999667,-0.020627,50.00,False
130.256848,20.520474,4.700752,-0.012182,0.999914,-0.004819,50.00,False
130.289919,20.502764,7.400156,-0.005568,0.999838,0.017135,50.00,False
130.315215,20.467332,10.505045,-0.000509,0.992751,0.120186,50.00,False
130.302227,20.403670,13.446846,-0.003106,0.981659,0.190619,50.00,False
130.287465,19.697663,16.086778,-0.006059,0.979638,0.200679,50.00,False
130.323402,19.267657,18.641202,0.001129,0.981073,0.193637,50.00,False
130.417750,18.426266,21.424358,0.019998,0.972429,0.232341,50.00,False
130.395350,16.277118,24.513801,0.015518,0.943045,0.332303,50.00,False
130.361953,16.075606,27.592373,0.008839,0.902743,0.430090,50.00,False
130.243357,13.757657,31.013244,-0.014880,0.802596,0.596337,50.00,False
130.480320,10.844218,34.185047,0.032512,0.700643,0.712771,50.00,False
130.308756,10.788903,36.831863,-0.001801,0.689580,0.724207,50.00,False
130.523773,8.053420,40.052859,0.041203,0.524392,0.850479,50.00,False
130.473718,7.738850,42.784516,0.031192,0.476015,0.878884,50.00,False
130.064606,4.802757,45.707843,-0.050631,0.321301,0.945622,50.00,False
129.868268,4.779586,48.290700,-0.089898,0.316667,0.944267,50.00,False
130.022734,4.620400,50.942801,-0.059005,0.284830,0.956760,50.00,False
130.117197,4.296026,53.622059,-0.040112,0.219955,0.974685,50.00,False
130.117197,3.397887,56.211694,-0.040112,0.219955,0.974685,50.00,False
130.117197,3.397887,58.801328,-0.040112,0.219955,0.974685,50.00,False
130.117197,3.397887,61.390963,-0.040112,0.219955,0.974685,50.00,False
130.182797,3.219148,64.019757,-0.026992,0.184207,0.982517,50.00,False
130.182797,3.219148,66.609391,-0.026992,0.184207,0.982517,50.00,False
130.182797,3.219148,69.199026,-0.026992,0.184207,0.982517,50.00,False
130.182797,3.219148,71.788660,-0.026992,0.184207,0.982517,50.00,False
134.172797,1.070590,71.811287,-0.028992,0.157822,0.987042,200.00,True
134.172797,1.070590,71.811287,-0.028992,0.157822,0.987042,50.00,False
134.186255,2.658641,69.211147,-0.026301,0.170879,0.984941,50.00,False
134.186255,2.658641,66.621512,-0.026301,0.170879,0.984941,50.00,False
134.160704,3.093770,64.018329,-0.031411,0.185028,0.982231,50.00,False
134.160704,3.093770,61.428694,-0.031411,0.185028,0.982231,50.00,False
134.185242,3.328825,58.818718,-0.026503,0.206143,0.978163,50.00,False
134.185242,3.328825,56.229084,-0.026503,0.206143,0.978163,50.00,False
134.236457,3.356131,53.634736,-0.016260,0.211604,0.977220,50.00,False
134.114606,3.409823,51.029608,-0.040630,0.222342,0.974122,50.00,False
134.114606,3.409823,48.439974,-0.040630,0.222342,0.974122,50.00,False
134.114606,3.409823,45.850339,-0.040630,0.222342,0.974122,50.00,False
133.974387,3.904688,43.112490,-0.068674,0.321315,0.944479,50.00,False
134.069311,4.173558,40.428741,-0.049690,0.375089,0.925656,50.00,False
134.345885,9.440124,37.151159,0.005625,0.615564,0.788066,50.00,False
134.240198,10.548241,34.230882,-0.015512,0.691784,0.721938,50.00,False
134.321317,11.330332,31.132063,0.000712,0.784522,0.620101,50.00,False
134.416157,15.197511,27.436467,0.019680,0.916779,0.398909,50.00,False
134.416037,16.764563,24.653481,0.019656,0.932653,0.360239,50.00,False
134.271976,18.326173,21.467004,-0.009157,0.970514,0.240870,50.00,False
134.304288,19.243837,18.757207,-0.002694,0.976204,0.216838,50.00,False
134.224555,19.964557,16.202511,-0.018641,0.974451,0.223825,50.00,False
134.221502,20.504814,13.506816,-0.019251,0.979070,0.202613,50.00,False
134.186859,20.579043,10.439057,-0.026180,0.993916,0.106988,50.00,False
134.260651,20.606572,7.474699,-0.011422,0.999421,0.032044,50.00,False
134.241627,20.570436,4.692736,-0.015226,0.999863,-0.006422,50.00,False
134.207637,20.558821,2.026769,-0.022024,0.999522,-0.021688,50.00,False
134.213943,20.555224,-0.675887,-0.020763,0.998803,-0.044293,50.00,False
134.229837,20.550754,-3.355070,-0.017584,0.997909,-0.062202,50.00,False
134.224716,20.458604,-5.871088,-0.018609,0.998699,-0.047479,50.00,False
134.150123,20.282175,-8.560821,-0.033527,0.997156,-0.067499,50.00,False
134.184199,20.171171,-11.286551,-0.026712,0.995146,-0.094718,50.00,False
134.201531,19.953183,-14.242731,-0.023246,0.985508,-0.168027,50.00,False
134.210654,17.696384,-17.133539,-0.021421,0.973364,-0.228262,50.00,False
134.217513,12.307032,-20.449062,-0.020049,0.927438,-0.373439,50.00,False
134.081469,11.868755,-23.875811,-0.047258,0.839783,-0.540862,50.00,False
134.156768,11.140630,-27.356649,-0.032198,0.694157,-0.719103,50.00,False
134.155187,10.216119,-30.418878,-0.032514,0.580485,-0.813622,50.00,False
134.283456,9.693896,-33.337388,-0.006860,0.476040,-0.879397,50.00,False
134.261071,7.408702,-36.315153,-0.011337,0.289791,-0.957023,50.00,False
134.303526,7.201736,-38.962943,-0.002847,0.248398,-0.968654,50.00,False
134.328950,7.156412,-41.563983,0.002238,0.239333,-0.970935,50.00,False
134.259800,7.160982,-44.152156,-0.011592,0.240247,-0.970643,50.00,False
134.199660,6.960132,-46.786055,-0.023620,0.200077,-0.979495,50.00,False
134.196868,6.769162,-49.410781,-0.024178,0.161883,-0.986514,50.00,False
134.196868,6.769162,-52.000415,-0.024178,0.161883,-0.986514,50.00,False
134.164736,5.012480,-54.638222,-0.030604,0.082172,-0.996148,50.00,False
134.177055,4.979408,-57.230838,-0.028141,0.075557,-0.996744,50.00,False
134.177055,4.979408,-59.820472,-0.028141,0.075557,-0.996744,50.00,False
134.177055,4.979408,-62.410107,-0.028141,0.075557,-0.996744,50.00,False
134.177055,4.979408,-64.999742,-0.028141,0.075557,-0.996744,50.00,False
134.177055,4.979408,-67.589376,-0.028141,0.075557,-0.996744,50.00,False
134.177055,4.979408,-70.179011,-0.028141,0.075557,-0.996744,50.00,False
134.177055,4.979408,-72.768646,-0.028141,0.075557,-0.996744,50.00,False
134.118085,4.775840,-75.367532,-0.039935,0.034843,-0.998595,50.00,False
134.097078,4.774111,-77.956342,-0.044136,0.034498,-0.998430,50.00,False
134.097078,4.774111,-80.545976,-0.044136,0.034498,-0.998430,50.00,False
134.097078,4.774111,-83.135611,-0.044136,0.034498,-0.998430,50.00,False
134.097078,4.774111,-85.725246,-0.044136,0.034498,-0.998430,50.00,False
134.097078,4.774111,-88.314880,-0.044136,0.034498,-0.998430,50.00,False
134.526541,4.699004,-80.917677,0.041756,0.019476,0.998938,50.00,False
138.176293,5.197873,-90.888545,-0.028293,0.093301,-0.995236,200.00,True
138.176293,5.197873,-90.888545,-0.028293,0.093301,-0.995236,50.00,False
138.176293,5.197873,-88.298911,-0.028293,0.093301,-0.995236,50.00,False
138.176293,5.197873,-85.709276,-0.028293,0.093301,-0.995236,50.00,False
138.176293,5.197873,-83.119642,-0.028293,0.093301,-0.995236,50.00,False
138.176293,5.197873,-80.530007,-0.028293,0.093301,-0.995236,50.00,False
138.176293,5.468437,-77.940372,-0.028293,0.093301,-0.995236,50.00,False
138.176293,5.468437,-75.350738,-0.028293,0.093301,-0.995236,50.00,False
138.176293,5.468437,-72.761103,-0.028293,0.093301,-0.995236,50.00,False
138.176293,5.468437,-70.171468,-0.028293,0.093301,-0.995236,50.00,False
138.176293,5.468437,-67.581834,-0.028293,0.093301,-0.995236,50.00,False
138.186739,5.648322,-64.972330,-0.026204,0.129278,-0.991262,50.00,False
138.182292,5.719582,-62.372760,-0.027093,0.143530,-0.989275,50.00,False
138.182292,5.719582,-59.783126,-0.027093,0.143530,-0.989275,50.00,False
138.141618,5.829356,-57.175031,-0.035228,0.165485,-0.985583,50.00,False
138.114468,5.869138,-54.577504,-0.040658,0.173442,-0.984005,50.00,False
138.114468,5.869138,-51.987869,-0.040658,0.173442,-0.984005,50.00,False
138.114468,5.869138,-49.398235,-0.040658,0.173442,-0.984005,50.00,False
138.082099,5.913860,-46.799061,-0.047132,0.182386,-0.982097,50.00,False
138.190946,6.002344,-44.196196,-0.025363,0.200083,-0.979451,50.00,False
138.190946,6.002344,-41.606562,-0.025363,0.200083,-0.979451,50.00,False
138.193102,6.092537,-38.997689,-0.024931,0.218121,-0.975603,50.00,False
138.140561,9.161407,-36.172728,-0.035440,0.369543,-0.928538,50.00,False
138.146065,9.828934,-33.258285,-0.034339,0.503048,-0.863576,50.00,False
138.315853,10.288824,-30.369302,-0.000381,0.595026,-0.803706,50.00,False
138.214538,10.700681,-27.437774,-0.020644,0.677397,-0.735328,50.00,False
138.388022,13.229714,-23.681827,0.014053,0.864716,-0.502065,50.00,False
138.196513,15.896368,-20.073457,-0.024249,0.954158,-0.298318,50.00,False
138.198117,18.571008,-17.184389,-0.023928,0.970864,-0.238432,50.00,False
138.163361,19.963129,-14.175503,-0.030880,0.987497,-0.154581,50.00,False
138.123031,20.188875,-11.386413,-0.038946,0.992638,-0.114690,50.00,False
138.237567,20.370956,-8.516753,-0.016038,0.998148,-0.058685,50.00,False
138.225745,20.459748,-5.846110,-0.018403,0.998928,-0.042484,50.00,False
138.268967,20.554007,-3.307882,-0.009758,0.998559,-0.052765,50.00,False
138.280426,20.584497,-0.626361,-0.007466,0.999381,-0.034387,50.00,False
138.279087,20.585603,1.999523,-0.007734,0.999602,-0.027138,50.00,False
138.246562,20.663031,4.744920,-0.014239,0.999891,0.004015,50.00,False
138.230826,20.672099,7.483039,-0.017387,0.999280,0.033712,50.00,False
138.195461,20.590895,10.524885,-0.024460,0.991961,0.124154,50.00,False
138.213076,20.515903,13.450786,-0.020937,0.981287,0.191407,50.00,False
138.272265,19.613578,16.180911,-0.009099,0.975569,0.219505,50.00,False
138.249974,18.990457,18.847426,-0.013557,0.971930,0.234881,50.00,False
138.230848,18.308014,21.535800,-0.017382,0.966883,0.254629,50.00,False
138.399347,17.456302,24.474473,0.016318,0.945767,0.324437,50.00,False
138.455344,15.009330,27.598943,0.027517,0.901739,0.431404,50.00,False
138.429989,11.389878,31.053123,0.022446,0.796431,0.604313,50.00,False
138.486883,11.031219,34.062367,0.033825,0.724699,0.688235,50.00,False
138.219124,8.770740,37.293232,-0.019727,0.577035,0.816481,50.00,False
138.251261,7.444077,40.111178,-0.013300,0.506490,0.862143,50.00,False
138.253703,5.061800,42.968722,-0.012811,0.401601,0.915725,50.00,False
138.350789,4.748777,45.683553,0.006606,0.338996,0.940765,50.00,False
138.294040,4.616962,48.318676,-0.004744,0.312633,0.949862,50.00,False
138.222131,3.653148,50.974632,-0.019126,0.268369,0.963126,50.00,False
138.246887,3.539352,53.594961,-0.014174,0.245609,0.969265,50.00,False
138.220445,3.454001,56.204970,-0.019463,0.228539,0.973340,50.00,False
138.187891,3.206979,58.807916,-0.025974,0.216205,0.976002,50.00,False
138.195895,2.637151,61.399194,-0.024373,0.214904,0.976331,50.00,False
138.177712,2.589642,63.998557,-0.028009,0.205402,0.978277,50.00,False
138.180968,2.594562,66.587248,-0.027358,0.206386,0.978088,50.00,False
138.172559,2.452398,69.204494,-0.029040,0.177953,0.983610,50.00,False
138.129317,1.121359,71.801429,-0.037688,0.167975,0.985070,50.00,False
142.141123,2.471906,71.789530,-0.035327,0.181855,0.982691,200.00,True
142.141123,2.471906,71.789530,-0.035327,0.181855,0.982691,50.00,False
142.175933,2.585867,69.178566,-0.028365,0.204647,0.978425,50.00,False
142.175933,2.585867,66.588932,-0.028365,0.204647,0.978425,50.00,False
142.175933,2.585867,63.999297,-0.028365,0.204647,0.978425,50.00,False
142.178074,3.190092,61.400990,-0.027937,0.212828,0.976690,50.00,False
142.182388,3.263952,58.794795,-0.027074,0.227600,0.973378,50.00,False
142.196402,3.525746,56.187022,-0.024271,0.242888,0.969751,50.00,False
142.187352,3.577922,53.583785,-0.026081,0.253323,0.967030,50.00,False
142.250860,4.121307,50.949770,-0.013380,0.285940,0.958154,50.00,False
142.221689,5.131301,48.116314,-0.019214,0.415501,0.909390,50.00,False
142.228646,5.240350,45.475399,-0.017823,0.437311,0.899134,50.00,False
142.371275,6.438129,42.688047,0.010703,0.510872,0.859590,50.00,False
142.243170,7.761847,39.907855,-0.014918,0.570044,0.821479,50.00,False
142.331642,8.125165,37.190178,0.002777,0.605461,0.795870,50.00,False
142.153553,9.206415,34.355491,-0.032841,0.664170,0.746860,50.00,False
142.180308,12.646564,31.167288,-0.027490,0.778416,0.627146,50.00,False
142.474651,14.902023,27.499874,0.031378,0.910829,0.411590,50.00,False
142.400928,16.633932,24.520608,0.016634,0.942545,0.333664,50.00,False
142.325738,18.289305,21.620928,0.001596,0.962393,0.271655,50.00,False
142.323722,18.900160,18.896540,0.001193,0.969597,0.244704,50.00,False
142.206416,19.513366,16.245050,-0.022269,0.972381,0.232333,50.00,False
142.302383,20.556514,13.353950,-0.003075,0.985085,0.172040,50.00,False
142.242513,20.683704,10.420465,-0.015049,0.994540,0.103270,50.00,False
142.247379,20.739623,7.529256,-0.014076,0.998978,0.042955,50.00,False
142.244956,20.744198,4.732623,-0.014560,0.999893,0.001555,50.00,False
142.270494,20.719525,2.019818,-0.009453,0.999689,-0.023079,50.00,False
142.275935,20.673338,-0.602196,-0.008365,0.999528,-0.029554,50.00,False
142.233117,20.582139,-3.261666,-0.016928,0.998909,-0.043522,50.00,False
142.236223,20.490288,-5.867401,-0.016307,0.998774,-0.046742,50.00,False
142.266432,20.370350,-8.533067,-0.010265,0.998027,-0.061948,50.00,False
142.246945,20.151581,-11.379382,-0.014163,0.993462,-0.113284,50.00,False
142.215399,19.928114,-14.354349,-0.020472,0.981503,-0.190350,50.00,False
142.218980,18.510572,-17.153757,-0.019756,0.972442,-0.232305,50.00,False
142.205776,13.252865,-20.201987,-0.022396,0.945784,-0.324024,50.00,False
142.544947,11.411941,-24.202682,0.045438,0.793986,-0.606236,50.00,False
142.681942,10.956333,-27.299062,0.072837,0.702864,-0.707585,50.00,False
142.246297,8.634820,-30.602600,-0.014292,0.525997,-0.850366,50.00,False
142.168610,7.966789,-33.536977,-0.029830,0.392391,-0.919315,50.00,False
142.122524,7.638585,-36.251558,-0.039047,0.326750,-0.944304,50.00,False
142.122524,7.638585,-38.841193,-0.039047,0.326750,-0.944304,50.00,False
142.065971,6.327640,-41.566440,-0.050357,0.231937,-0.971426,50.00,False
142.171129,6.357176,-44.153245,-0.029326,0.237844,-0.970860,50.00,False
142.144187,6.225797,-46.772310,-0.034714,0.211569,-0.976746,50.00,False
142.191195,6.035898,-49.400676,-0.025313,0.173589,-0.984493,50.00,False
142.191195,6.035898,-51.990311,-0.025313,0.173589,-0.984493,50.00,False
142.191195,6.035898,-54.579946,-0.025313,0.173589,-0.984493,50.00,False
142.241070,5.956451,-57.183956,-0.015338,0.157699,-0.987368,50.00,False
142.241070,5.956451,-59.773591,-0.015338,0.157699,-0.987368,50.00,False
142.241070,5.956451,-62.363226,-0.015338,0.157699,-0.987368,50.00,False
142.241070,5.956451,-64.952860,-0.015338,0.157699,-0.987368,50.00,False
142.241070,5.956451,-67.542495,-0.015338,0.157699,-0.987368,50.00,False
142.241070,5.956451,-70.132130,-0.015338,0.157699,-0.987368,50.00,False
142.241070,5.956451,-72.721764,-0.015338,0.157699,-0.987368,50.00,False
142.200795,5.851303,-75.326261,-0.023393,0.136670,-0.990340,50.00,False
142.200795,5.851303,-77.915895,-0.023393,0.136670,-0.990340,50.00,False
142.200795,5.851303,-80.505530,-0.023393,0.136670,-0.990340,50.00,False
142.224898,5.521725,-83.115503,-0.018572,0.103959,-0.994408,50.00,False
142.224898,5.521725,-85.705138,-0.018572,0.103959,-0.994408,50.00,False
142.269311,5.473543,-88.300204,-0.009690,0.094323,-0.995495,50.00,False
142.269311,5.473543,-90.889839,-0.009690,0.094323,-0.995495,50.00,False
146.302836,6.380639,-90.869235,-0.002984,0.131031,-0.991374,200.00,True
146.302836,6.380639,-90.869235,-0.002984,0.131031,-0.991374,50.00,False
146.302836,6.380639,-88.279601,-0.002984,0.131031,-0.991374,50.00,False
146.302836,6.380639,-85.689966,-0.002984,0.131031,-0.991374,50.00,False
146.302836,6.380639,-83.100331,-0.002984,0.131031,-0.991374,50.00,False
146.302836,6.380639,-80.510697,-0.002984,0.131031,-0.991374,50.00,False
146.302836,6.380639,-77.921062,-0.002984,0.131031,-0.991374,50.00,False
146.244905,6.759251,-75.316779,-0.014571,0.150884,-0.988444,50.00,False
146.244905,6.759251,-72.727145,-0.014571,0.150884,-0.988444,50.00,False
146.244905,6.759251,-70.137510,-0.014571,0.150884,-0.988444,50.00,False
146.244905,6.759251,-67.547875,-0.014571,0.150884,-0.988444,50.00,False
146.244905,6.759251,-64.958241,-0.014571,0.150884,-0.988444,50.00,False
146.244905,6.759251,-62.368606,-0.014571,0.150884,-0.988444,50.00,False
146.293021,6.926014,-59.751098,-0.004948,0.184236,-0.982870,50.00,False
146.293021,6.926014,-57.161464,-0.004948,0.184236,-0.982870,50.00,False
146.293021,6.926014,-54.571829,-0.004948,0.184236,-0.982870,50.00,False
146.293021,6.926014,-51.982195,-0.004948,0.184236,-0.982870,50.00,False
146.293021,6.926014,-49.392560,-0.004948,0.184236,-0.982870,50.00,False
146.297611,7.080155,-46.771536,-0.004030,0.215064,-0.976592,50.00,False
146.297611,7.080155,-44.181901,-0.004030,0.215064,-0.976592,50.00,False
146.333414,7.194834,-41.565609,0.003131,0.238000,-0.971260,50.00,False
146.241465,7.168870,-38.981690,-0.015259,0.232807,-0.972403,50.00,False
146.658001,9.408673,-36.114413,0.068049,0.393332,-0.916875,50.00,False
146.658001,7.971492,-33.524779,0.068049,0.393332,-0.916875,50.00,False
147.496188,10.402988,-30.203553,0.235686,0.592195,-0.770557,50.00,False
147.213597,10.764223,-27.388862,0.179168,0.664442,-0.725545,50.00,False
146.883168,11.251582,-24.360153,0.113082,0.761914,-0.637730,50.00,False
146.268217,13.183028,-20.395841,-0.009908,0.931816,-0.362795,50.00,False
146.397855,18.776570,-17.255879,0.016019,0.967404,-0.252730,50.00,False
146.355973,20.090852,-14.363857,0.007643,0.981316,-0.192252,50.00,False
146.269909,20.302265,-11.402442,-0.009570,0.992980,-0.117896,50.00,False
146.210332,20.542994,-8.663733,-0.021485,0.995882,-0.088081,50.00,False
146.204058,20.552946,-5.939239,-0.022740,0.997872,-0.061109,50.00,False
146.248124,20.718446,-3.190666,-0.013927,0.999473,-0.029322,50.00,False
146.251399,20.742584,-0.585155,-0.013272,0.999570,-0.026146,50.00,False
146.246435,20.766083,2.035611,-0.014265,0.999700,-0.019920,50.00,False
146.256504,20.767201,4.733427,-0.012251,0.999923,0.001716,50.00,False
146.299574,20.754454,7.676136,-0.003637,0.997374,0.072331,50.00,False
146.359114,20.722629,10.571812,0.008271,0.991009,0.133539,50.00,False
146.247018,20.709075,13.253132,-0.014148,0.988298,0.151877,50.00,False
146.296369,20.586359,16.192657,-0.004278,0.975070,0.221855,50.00,False
146.408692,19.465687,19.020218,0.018187,0.962845,0.269440,50.00,False
146.437901,18.063569,21.659008,0.024028,0.959912,0.279271,50.00,False
146.509667,16.601822,24.600146,0.038382,0.936123,0.349572,50.00,False
146.343161,14.433745,27.677254,0.005080,0.894486,0.447066,50.00,False
146.124639,12.202022,31.302151,-0.038624,0.755405,0.654119,50.00,False
146.436462,10.308723,34.296478,0.023741,0.677589,0.735057,50.00,False
146.473744,10.056317,37.102363,0.031197,0.627108,0.778307,50.00,False
146.589849,7.818817,39.986434,0.054418,0.544191,0.837195,50.00,False
146.555731,6.793646,42.604607,0.047594,0.535958,0.842902,50.00,False
146.555731,6.793646,45.194241,0.047594,0.535958,0.842902,50.00,False
146.527156,6.276048,48.072818,0.041879,0.432438,0.900691,50.00,False
146.511108,5.811496,50.768392,0.038670,0.385545,0.921878,50.00,False
146.363644,4.878326,53.497683,0.009177,0.312693,0.949810,50.00,False
146.288126,4.737223,56.131598,-0.005927,0.284473,0.958666,50.00,False
146.278363,4.666371,58.741620,-0.007879,0.270303,0.962743,50.00,False
146.290012,3.900895,61.369018,-0.005549,0.241858,0.970296,50.00,False
146.306308,3.862739,63.968070,-0.002290,0.234227,0.972179,50.00,False
146.306308,3.482438,66.557704,-0.002290,0.234227,0.972179,50.00,False
146.256192,2.530339,69.191517,-0.012313,0.193541,0.981015,50.00,False
146.243840,2.474732,71.791625,-0.014784,0.182420,0.983110,50.00,False
