; G-code generated by Raster Toolpath Generator
; 2026-01-18 05:16:34
G90 ; Absolute positioning
G21 ; Millimeter units
G94 ; Units per minute feed rate

F50.0
G1 X-142.621 Y58.743 Z-84.730
G1 X-142.620 Y57.787 Z-81.789
G1 X-142.582 Y56.602 Z-78.866
G1 X-142.507 Y55.190 Z-75.966
G1 X-142.393 Y53.557 Z-73.096
G1 X-142.243 Y51.716 Z-70.259
G1 X-142.056 Y49.683 Z-67.461
G1 X-141.836 Y47.483 Z-64.704
G1 X-141.586 Y45.145 Z-61.992
G1 X-141.309 Y42.709 Z-59.329
G1 X-141.014 Y40.221 Z-56.717
G1 X-140.711 Y37.731 Z-54.156
G1 X-140.416 Y35.290 Z-51.643
G1 X-140.146 Y32.937 Z-49.167
G1 X-139.915 Y30.695 Z-46.708
G1 X-139.724 Y28.559 Z-44.246
G1 X-139.553 Y26.513 Z-41.777
G1 X-139.379 Y24.564 Z-39.329
G1 X-139.215 Y22.763 Z-36.923
G1 X-139.102 Y21.158 Z-34.536
G1 X-139.038 Y19.736 Z-32.139
G1 X-138.999 Y18.486 Z-29.748
G1 X-139.012 Y17.429 Z-27.359
G1 X-139.100 Y16.526 Z-24.893
G1 X-139.203 Y15.633 Z-22.285
G1 X-139.207 Y14.594 Z-19.573
G1 X-139.026 Y13.346 Z-16.893
G1 X-138.657 Y11.951 Z-14.387
G1 X-138.168 Y10.551 Z-12.133
G1 X-137.660 Y9.312 Z-10.138
G1 X-137.263 Y8.518 Z-8.422
G1 X-137.702 Y7.926 Z-3.397
G1 X-138.190 Y2.333 Z0.321
G1 X-145.161 Y7.262 Z-3.340
G1 X-141.307 Y4.871 Z-1.953
G1 X-139.160 Y2.307 Z8.506
G1 X-138.834 Y3.415 Z3.431
G1 X-138.531 Y9.550 Z6.814
G1 X-139.067 Y13.202 Z9.306
G1 X-139.192 Y16.255 Z12.275
G1 X-139.027 Y18.459 Z15.424
G1 X-138.809 Y20.000 Z18.488
G1 X-138.636 Y21.154 Z21.393
G1 X-138.540 Y22.132 Z24.192
G1 X-138.511 Y23.015 Z27.005
G1 X-138.512 Y23.735 Z29.961
G1 X-138.496 Y24.095 Z33.111
G1 X-138.426 Y23.917 Z36.318
G1 X-138.295 Y23.244 Z39.343
G1 X-138.126 Y22.325 Z42.071
G1 X-137.958 Y21.430 Z44.535
G1 X-137.831 Y20.760 Z46.819
G1 X-137.767 Y20.430 Z49.001
G1 X-137.774 Y20.485 Z51.141
G1 X-137.844 Y20.926 Z53.279
G1 X-137.963 Y21.730 Z55.440
G1 X-138.117 Y22.865 Z57.640
G1 X-138.293 Y24.298 Z59.882
G1 X-138.479 Y25.998 Z62.168
G1 X-138.670 Y27.938 Z64.493
F200.0
G0 X-134.860 Y24.230 Z64.246 ; Rapid move
F50.0
G1 X-134.860 Y24.230 Z64.246
G1 X-134.652 Y22.059 Z61.903
G1 X-134.437 Y20.117 Z59.606
G1 X-134.221 Y18.431 Z57.360
G1 X-134.014 Y17.040 Z55.175
G1 X-133.830 Y15.987 Z53.054
G1 X-133.693 Y15.330 Z50.992
G1 X-133.627 Y15.133 Z48.967
G1 X-133.653 Y15.448 Z46.938
G1 X-133.775 Y16.288 Z44.831
G1 X-133.964 Y17.564 Z42.528
G1 X-134.147 Y19.013 Z39.854
G1 X-134.241 Y20.156 Z36.654
G1 X-134.246 Y20.463 Z33.110
G1 X-134.197 Y19.906 Z29.819
G1 X-134.148 Y19.042 Z27.020
G1 X-134.195 Y18.301 Z24.464
G1 X-134.399 Y17.755 Z21.873
G1 X-134.803 Y17.236 Z19.018
G1 X-135.409 Y16.329 Z15.760
G1 X-136.157 Y14.557 Z12.258
G1 X-137.286 Y11.602 Z8.759
G1 X-138.859 Y7.083 Z5.807
G1 X-133.427 Y7.257 Z5.510
G1 X-140.842 Y1.753 Z2.221
G1 X-139.770 Y0.164 Z-2.056
G1 X-136.065 Y0.334 Z4.189
G1 X-137.950 Y-0.812 Z-7.588
G1 X-133.654 Y1.918 Z-4.331
G1 X-137.685 Y4.656 Z-5.537
G1 X-135.505 Y5.787 Z-8.353
G1 X-135.760 Y7.567 Z-10.645
G1 X-136.235 Y9.693 Z-13.233
G1 X-136.542 Y11.699 Z-16.164
G1 X-136.503 Y13.273 Z-19.370
G1 X-136.061 Y14.202 Z-22.590
G1 X-135.429 Y14.589 Z-25.407
G1 X-134.997 Y14.936 Z-27.715
G1 X-134.913 Y15.706 Z-29.863
G1 X-134.953 Y16.903 Z-32.212
G1 X-134.889 Y18.197 Z-34.640
G1 X-135.004 Y19.746 Z-36.859
G1 X-135.302 Y21.770 Z-39.150
G1 X-135.503 Y23.982 Z-41.632
G1 X-135.643 Y26.207 Z-44.121
G1 X-135.853 Y28.522 Z-46.540
G1 X-136.158 Y31.019 Z-48.938
G1 X-136.524 Y33.706 Z-51.373
G1 X-136.910 Y36.531 Z-53.872
G1 X-137.286 Y39.418 Z-56.442
G1 X-137.635 Y42.287 Z-59.079
G1 X-137.947 Y45.067 Z-61.775
G1 X-138.218 Y47.700 Z-64.523
G1 X-138.447 Y50.144 Z-67.318
G1 X-138.633 Y52.367 Z-70.156
G1 X-138.775 Y54.347 Z-73.033
G1 X-138.873 Y56.073 Z-75.945
G1 X-138.927 Y57.536 Z-78.887
G1 X-138.937 Y58.733 Z-81.852
G1 X-138.905 Y59.668 Z-84.833
F200.0
G0 X-135.178 Y60.843 Z-85.013 ; Rapid move
F50.0
G1 X-135.178 Y60.843 Z-85.013
G1 X-135.254 Y59.976 Z-81.993
G1 X-135.283 Y58.811 Z-78.985
G1 X-135.262 Y57.341 Z-76.000
G1 X-135.192 Y55.562 Z-73.045
G1 X-135.071 Y53.474 Z-70.125
G1 X-134.901 Y51.082 Z-67.244
G1 X-134.679 Y48.400 Z-64.405
G1 X-134.406 Y45.451 Z-61.610
G1 X-134.076 Y42.274 Z-58.865
G1 X-133.687 Y38.930 Z-56.180
G1 X-133.237 Y35.506 Z-53.569
G1 X-132.734 Y32.116 Z-51.052
G1 X-132.200 Y28.898 Z-48.650
G1 X-131.695 Y25.990 Z-46.362
G1 X-131.332 Y23.482 Z-44.114
G1 X-131.288 Y21.263 Z-41.652
G1 X-131.437 Y18.708 Z-38.771
G1 X-130.662 Y15.702 Z-36.583
G1 X-130.164 Y14.622 Z-35.705
G1 X-130.961 Y14.034 Z-32.211
G1 X-130.568 Y12.427 Z-29.959
G1 X-130.708 Y12.233 Z-28.832
G1 X-132.067 Y13.149 Z-27.393
G1 X-133.898 Y13.958 Z-24.175
G1 X-134.858 Y13.446 Z-19.984
G1 X-135.065 Y11.759 Z-16.176
G1 X-134.961 Y9.473 Z-12.948
G1 X-134.801 Y7.200 Z-10.273
G1 X-135.046 Y5.992 Z-8.798
G1 X-136.512 Y4.989 Z-10.164
G1 X-137.607 Y8.287 Z-7.896
G1 X-130.510 Y3.215 Z-1.157
G1 X-129.081 Y7.571 Z-2.305
G1 X-130.636 Y0.221 Z6.063
G1 X-136.770 Y9.331 Z1.301
G1 X-137.380 Y-1.760 Z9.357
G1 X-134.891 Y6.513 Z5.669
G1 X-132.559 Y10.619 Z8.946
G1 X-133.239 Y13.793 Z12.456
G1 X-132.391 Y15.341 Z16.954
G1 X-131.001 Y14.832 Z20.598
G1 X-130.173 Y14.002 Z23.052
G1 X-129.801 Y13.643 Z25.217
G1 X-129.617 Y13.759 Z27.331
G1 X-129.669 Y14.634 Z29.557
G1 X-129.744 Y15.718 Z32.871
G1 X-129.855 Y15.494 Z36.852
G1 X-129.938 Y13.845 Z40.328
G1 X-129.759 Y11.792 Z42.856
G1 X-129.567 Y10.278 Z44.898
G1 X-129.499 Y9.544 Z46.786
G1 X-129.567 Y9.529 Z48.662
G1 X-129.739 Y10.102 Z50.599
G1 X-129.972 Y11.140 Z52.632
G1 X-130.226 Y12.547 Z54.762
G1 X-130.477 Y14.258 Z56.978
G1 X-130.716 Y16.226 Z59.262
G1 X-130.937 Y18.421 Z61.600
G1 X-131.144 Y20.822 Z63.978
F200.0
G0 X-127.517 Y17.871 Z63.723 ; Rapid move
F50.0
G1 X-127.517 Y17.871 Z63.723
G1 X-127.345 Y15.285 Z61.299
G1 X-127.158 Y12.885 Z58.903
G1 X-126.948 Y10.678 Z56.543
G1 X-126.706 Y8.677 Z54.239
G1 X-126.423 Y6.907 Z52.017
G1 X-126.106 Y5.416 Z49.917
G1 X-125.787 Y4.292 Z47.977
G1 X-125.542 Y3.679 Z46.194
G1 X-125.444 Y3.772 Z44.479
G1 X-125.504 Y4.774 Z42.732
G1 X-125.697 Y7.137 Z40.636
G1 X-125.256 Y8.825 Z35.585
G1 X-124.901 Y6.924 Z33.029
G1 X-124.891 Y5.074 Z30.021
G1 X-125.995 Y8.092 Z29.334
G1 X-125.953 Y8.918 Z26.282
G1 X-126.295 Y9.685 Z24.730
G1 X-128.296 Y12.056 Z23.591
G1 X-131.238 Y14.766 Z20.228
G1 X-133.118 Y14.771 Z14.120
G1 X-132.690 Y11.377 Z9.304
G1 X-129.622 Y9.159 Z7.030
G1 X-127.066 Y9.577 Z11.152
G1 X-133.374 Y11.886 Z1.759
G1 X-131.966 Y-6.363 Z-2.215
G1 X-128.202 Y-3.787 Z4.303
G1 X-126.962 Y4.126 Z-7.081
G1 X-132.273 Y9.679 Z-2.194
G1 X-128.680 Y6.130 Z-12.122
G1 X-132.184 Y6.905 Z-8.013
G1 X-132.652 Y9.080 Z-10.630
G1 X-132.731 Y11.671 Z-13.657
G1 X-132.608 Y13.782 Z-17.065
G1 X-132.193 Y14.957 Z-21.105
G1 X-131.452 Y14.321 Z-25.817
G1 X-130.495 Y10.971 Z-30.274
G1 X-125.841 Y7.666 Z-30.521
G1 X-131.460 Y10.262 Z-28.592
G1 X-125.102 Y5.699 Z-32.881
G1 X-130.622 Y8.924 Z-40.743
G1 X-127.822 Y11.205 Z-35.167
G1 X-126.324 Y15.640 Z-39.719
G1 X-126.136 Y17.115 Z-42.338
G1 X-126.918 Y19.623 Z-43.991
G1 X-127.742 Y22.873 Z-45.988
G1 X-128.529 Y26.658 Z-48.246
G1 X-129.220 Y30.761 Z-50.705
G1 X-129.797 Y34.956 Z-53.303
G1 X-130.269 Y39.058 Z-55.993
G1 X-130.652 Y42.941 Z-58.745
G1 X-130.963 Y46.525 Z-61.546
G1 X-131.210 Y49.764 Z-64.390
G1 X-131.402 Y52.638 Z-67.273
G1 X-131.539 Y55.139 Z-70.195
G1 X-131.624 Y57.270 Z-73.156
G1 X-131.653 Y59.038 Z-76.153
G1 X-131.628 Y60.450 Z-79.180
G1 X-131.548 Y61.520 Z-82.229
G1 X-131.418 Y62.259 Z-85.287
F200.0
G0 X-127.590 Y63.876 Z-85.664 ; Rapid move
F50.0
G1 X-127.590 Y63.876 Z-85.664
G1 X-127.787 Y63.338 Z-82.576
G1 X-127.930 Y62.445 Z-79.490
G1 X-128.014 Y61.176 Z-76.422
G1 X-128.038 Y59.514 Z-73.385
G1 X-128.004 Y57.441 Z-70.387
G1 X-127.915 Y54.938 Z-67.430
G1 X-127.774 Y51.984 Z-64.512
G1 X-127.582 Y48.564 Z-61.632
G1 X-127.335 Y44.667 Z-58.787
G1 X-127.021 Y40.300 Z-55.975
G1 X-126.622 Y35.499 Z-53.202
G1 X-126.107 Y30.358 Z-50.482
G1 X-125.435 Y25.061 Z-47.856
G1 X-124.578 Y19.934 Z-45.412
G1 X-123.666 Y15.433 Z-43.232
G1 X-123.389 Y11.763 Z-40.911
G1 X-122.193 Y7.930 Z-38.963
G1 X-130.393 Y5.669 Z-39.672
G1 X-130.121 Y1.660 Z-38.636
G1 X-127.898 Y12.523 Z-30.536
G1 X-121.418 Y1.069 Z-29.864
G1 X-121.961 Y8.496 Z-28.202
G1 X-123.333 Y7.452 Z-30.563
G1 X-124.505 Y13.841 Z-27.419
G1 X-126.787 Y16.867 Z-23.523
G1 X-128.789 Y17.308 Z-19.072
G1 X-129.415 Y16.241 Z-14.923
G1 X-129.345 Y14.204 Z-11.297
G1 X-128.867 Y11.464 Z-7.933
G1 X-125.881 Y7.068 Z-3.555
G1 X-129.496 Y1.868 Z-2.806
G1 X-127.762 Y0.221 Z-7.519
G1 X-127.829 Y5.223 Z3.998
G1 X-124.701 Y-3.277 Z-2.664
G1 X-123.109 Y13.663 Z2.148
G1 X-126.248 Y-1.578 Z12.174
G1 X-126.020 Y3.694 Z5.011
G1 X-127.246 Y15.963 Z8.203
G1 X-129.620 Y19.367 Z15.597
G1 X-128.101 Y15.978 Z21.459
G1 X-126.398 Y10.060 Z24.867
G1 X-123.628 Y5.015 Z26.690
G1 X-124.161 Y5.798 Z21.340
G1 X-122.110 Y4.853 Z31.330
G1 X-122.930 Y2.913 Z34.735
G1 X-126.657 Y0.394 Z28.476
G1 X-127.792 Y4.123 Z40.150
G1 X-129.748 Y0.105 Z37.995
G1 X-123.832 Y0.996 Z43.436
G1 X-122.250 Y-0.509 Z44.266
G1 X-122.399 Y-0.271 Z45.291
G1 X-122.825 Y0.764 Z46.982
G1 X-123.169 Y2.237 Z49.083
G1 X-123.394 Y3.978 Z51.379
G1 X-123.541 Y5.919 Z53.762
G1 X-123.650 Y8.038 Z56.181
G1 X-123.746 Y10.337 Z58.617
G1 X-123.842 Y12.820 Z61.066
G1 X-123.945 Y15.492 Z63.524
F200.0
G0 X-120.357 Y13.716 Z63.414 ; Rapid move
F50.0
G1 X-120.357 Y13.716 Z63.414
G1 X-120.338 Y11.080 Z60.954
G1 X-120.368 Y8.682 Z58.504
G1 X-120.461 Y6.516 Z56.059
G1 X-120.633 Y4.567 Z53.617
G1 X-120.895 Y2.813 Z51.178
G1 X-121.235 Y1.230 Z48.758
G1 X-121.581 Y-0.149 Z46.430
G1 X-121.755 Y-1.094 Z44.492
G1 X-121.441 Y-1.296 Z44.046
G1 X-120.712 Y-1.752 Z44.797
G1 X-121.802 Y3.761 Z43.322
G1 X-122.880 Y13.263 Z37.079
G1 X-119.958 Y5.245 Z28.716
G1 X-117.109 Y2.004 Z32.606
G1 X-119.590 Y-2.744 Z23.789
G1 X-116.896 Y1.020 Z26.402
G1 X-123.623 Y5.186 Z27.327
G1 X-124.131 Y14.378 Z24.426
G1 X-124.714 Y21.495 Z21.150
G1 X-125.494 Y24.885 Z14.335
G1 X-123.169 Y18.985 Z7.978
G1 X-123.531 Y5.217 Z5.358
G1 X-122.985 Y-3.115 Z11.595
G1 X-119.478 Y11.173 Z9.113
G1 X-119.464 Y16.093 Z2.265
G1 X-123.973 Y7.490 Z-4.796
G1 X-122.499 Y10.973 Z1.742
G1 X-122.508 Y7.454 Z-10.351
G1 X-120.323 Y7.939 Z-3.713
G1 X-123.519 Y15.081 Z-6.640
G1 X-125.021 Y19.682 Z-10.946
G1 X-125.476 Y21.217 Z-16.223
G1 X-124.328 Y19.742 Z-21.515
G1 X-122.226 Y15.637 Z-25.506
G1 X-120.075 Y10.217 Z-28.039
G1 X-123.926 Y5.368 Z-30.404
G1 X-126.307 Y7.781 Z-29.134
G1 X-126.407 Y3.342 Z-30.331
G1 X-125.535 Y5.682 Z-37.165
G1 X-120.238 Y9.894 Z-32.054
G1 X-118.664 Y8.083 Z-40.970
G1 X-120.810 Y10.103 Z-46.235
G1 X-118.646 Y8.628 Z-41.679
G1 X-121.098 Y12.548 Z-42.593
G1 X-122.198 Y18.873 Z-45.108
G1 X-122.832 Y25.628 Z-47.823
G1 X-123.262 Y32.079 Z-50.589
G1 X-123.581 Y37.964 Z-53.378
G1 X-123.830 Y43.205 Z-56.188
G1 X-124.030 Y47.801 Z-59.021
G1 X-124.190 Y51.780 Z-61.883
G1 X-124.310 Y55.179 Z-64.782
G1 X-124.388 Y58.036 Z-67.722
G1 X-124.418 Y60.391 Z-70.709
G1 X-124.392 Y62.275 Z-73.743
G1 X-124.303 Y63.716 Z-76.818
G1 X-124.147 Y64.738 Z-79.924
G1 X-123.928 Y65.363 Z-83.042
G1 X-123.655 Y65.616 Z-86.150
F200.0
G0 X-119.566 Y67.355 Z-86.735 ; Rapid move
F50.0
G1 X-119.566 Y67.355 Z-86.735
G1 X-119.920 Y67.471 Z-83.626
G1 X-120.227 Y67.212 Z-80.487
G1 X-120.468 Y66.544 Z-77.346
G1 X-120.636 Y65.445 Z-74.229
G1 X-120.731 Y63.889 Z-71.155
G1 X-120.765 Y61.848 Z-68.135
G1 X-120.748 Y59.286 Z-65.172
G1 X-120.695 Y56.162 Z-62.263
G1 X-120.618 Y52.423 Z-59.402
G1 X-120.526 Y48.016 Z-56.584
G1 X-120.426 Y42.878 Z-53.802
G1 X-120.321 Y36.950 Z-51.050
G1 X-120.212 Y30.185 Z-48.322
G1 X-120.102 Y22.611 Z-45.620
G1 X-120.041 Y14.536 Z-42.982
G1 X-120.481 Y7.307 Z-40.776
G1 X-122.383 Y4.290 Z-41.422
G1 X-119.398 Y4.226 Z-43.911
G1 X-122.158 Y13.567 Z-35.245
G1 X-114.733 Y0.699 Z-30.469
G1 X-115.495 Y9.277 Z-35.501
G1 X-113.322 Y8.199 Z-27.646
G1 X-119.020 Y6.899 Z-25.775
G1 X-119.819 Y10.435 Z-28.098
G1 X-120.055 Y18.181 Z-25.212
G1 X-120.592 Y23.508 Z-21.736
G1 X-121.319 Y26.106 Z-16.453
G1 X-120.340 Y24.278 Z-10.265
G1 X-118.603 Y18.480 Z-6.251
G1 X-117.329 Y7.930 Z-3.335
G1 X-121.427 Y-0.417 Z-8.589
G1 X-121.938 Y13.350 Z-4.508
G1 X-112.909 Y11.915 Z0.949
G1 X-112.971 Y-1.187 Z1.931
G1 X-117.773 Y6.828 Z9.665
G1 X-118.972 Y1.701 Z2.597
G1 X-120.886 Y3.093 Z7.212
G1 X-117.235 Y18.384 Z7.635
G1 X-118.963 Y28.027 Z11.318
G1 X-119.956 Y27.491 Z21.217
G1 X-118.580 Y20.466 Z24.974
G1 X-117.343 Y9.519 Z27.819
G1 X-112.938 Y-2.080 Z24.587
G1 X-119.798 Y0.775 Z23.719
G1 X-118.202 Y6.501 Z35.384
G1 X-118.795 Y7.882 Z29.214
G1 X-115.717 Y-0.955 Z39.794
G1 X-116.145 Y4.751 Z42.832
G1 X-120.531 Y0.156 Z42.074
G1 X-121.508 Y-0.761 Z43.511
G1 X-121.095 Y-0.081 Z45.713
G1 X-120.240 Y1.006 Z47.821
G1 X-119.160 Y2.128 Z49.816
G1 X-118.190 Y3.220 Z51.850
G1 X-117.503 Y4.447 Z54.003
G1 X-117.073 Y5.949 Z56.262
G1 X-116.825 Y7.779 Z58.594
G1 X-116.701 Y9.945 Z60.974
G1 X-116.663 Y12.439 Z63.389
F200.0
G0 X-112.797 Y11.445 Z63.414 ; Rapid move
F50.0
G1 X-112.797 Y11.445 Z63.414
G1 X-112.828 Y9.125 Z61.072
G1 X-112.947 Y7.233 Z58.805
G1 X-113.176 Y5.785 Z56.651
G1 X-113.551 Y4.790 Z54.684
G1 X-114.135 Y4.219 Z53.006
G1 X-114.971 Y3.930 Z51.621
G1 X-115.922 Y3.810 Z50.173
G1 X-116.749 Y4.133 Z48.157
G1 X-117.351 Y5.153 Z45.484
G1 X-117.460 Y6.965 Z41.829
G1 X-110.833 Y4.903 Z36.413
G1 X-118.456 Y4.892 Z35.426
G1 X-118.132 Y7.158 Z31.281
G1 X-117.657 Y-4.139 Z28.172
G1 X-109.997 Y4.553 Z31.432
G1 X-112.405 Y11.726 Z27.965
G1 X-113.723 Y11.888 Z27.589
G1 X-114.048 Y21.465 Z25.119
G1 X-114.728 Y29.971 Z21.690
G1 X-114.873 Y29.401 Z10.922
G1 X-114.422 Y17.939 Z7.647
G1 X-112.041 Y-0.972 Z5.350
G1 X-110.524 Y5.700 Z11.120
G1 X-111.131 Y0.502 Z0.509
G1 X-117.370 Y-3.077 Z5.306
G1 X-118.051 Y4.128 Z-2.587
G1 X-110.570 Y0.913 Z-6.894
G1 X-109.431 Y0.914 Z-3.059
G1 X-113.357 Y9.182 Z-3.352
G1 X-114.810 Y20.682 Z-6.191
G1 X-115.517 Y27.771 Z-9.823
G1 X-115.515 Y30.639 Z-16.829
G1 X-114.404 Y27.495 Z-22.347
G1 X-113.509 Y22.534 Z-25.645
G1 X-112.111 Y15.534 Z-28.348
G1 X-112.848 Y1.734 Z-31.161
G1 X-110.433 Y10.445 Z-25.233
G1 X-118.294 Y13.258 Z-31.020
G1 X-115.850 Y9.566 Z-38.510
G1 X-117.221 Y5.090 Z-39.717
G1 X-108.905 Y5.155 Z-38.521
G1 X-112.875 Y5.044 Z-37.267
G1 X-116.400 Y16.376 Z-40.559
G1 X-116.988 Y24.525 Z-43.643
G1 X-117.002 Y31.912 Z-46.290
G1 X-116.957 Y38.586 Z-48.902
G1 X-116.931 Y44.527 Z-51.551
G1 X-116.934 Y49.746 Z-54.251
G1 X-116.960 Y54.269 Z-57.006
G1 X-116.995 Y58.129 Z-59.818
G1 X-117.023 Y61.364 Z-62.692
G1 X-117.028 Y64.013 Z-65.630
G1 X-116.989 Y66.116 Z-68.637
G1 X-116.888 Y67.708 Z-71.710
G1 X-116.710 Y68.816 Z-74.839
G1 X-116.447 Y69.464 Z-78.003
G1 X-116.107 Y69.674 Z-81.171
G1 X-115.709 Y69.478 Z-84.308
G1 X-115.280 Y68.917 Z-87.388
F200.0
G0 X-110.775 Y70.091 Z-88.049 ; Rapid move
F50.0
G1 X-110.775 Y70.091 Z-88.049
G1 X-111.247 Y71.145 Z-85.041
G1 X-111.722 Y71.867 Z-81.945
G1 X-112.166 Y72.200 Z-78.777
G1 X-112.541 Y72.096 Z-75.570
G1 X-112.824 Y71.524 Z-72.365
G1 X-113.007 Y70.462 Z-69.201
G1 X-113.100 Y68.890 Z-66.102
G1 X-113.122 Y66.783 Z-63.077
G1 X-113.095 Y64.114 Z-60.125
G1 X-113.037 Y60.857 Z-57.239
G1 X-112.964 Y56.995 Z-54.410
G1 X-112.879 Y52.520 Z-51.621
G1 X-112.765 Y47.411 Z-48.840
G1 X-112.546 Y41.551 Z-45.999
G1 X-112.022 Y34.454 Z-42.981
G1 X-110.968 Y24.499 Z-39.845
G1 X-109.712 Y7.040 Z-37.006
G1 X-109.053 Y1.897 Z-44.261
G1 X-114.173 Y9.431 Z-34.821
G1 X-113.825 Y14.595 Z-36.783
G1 X-114.217 Y12.025 Z-29.748
G1 X-113.497 Y15.009 Z-30.680
G1 X-109.604 Y7.833 Z-22.156
G1 X-111.550 Y12.927 Z-28.207
G1 X-107.875 Y20.026 Z-25.426
G1 X-106.998 Y25.004 Z-22.069
G1 X-106.413 Y28.469 Z-17.909
G1 X-106.958 Y28.866 Z-11.249
G1 X-109.443 Y23.098 Z-6.134
G1 X-110.787 Y8.694 Z-3.410
G1 X-107.825 Y-0.523 Z-9.811
G1 X-104.868 Y7.475 Z-3.461
G1 X-109.191 Y15.526 Z-5.277
G1 X-109.491 Y9.419 Z7.058
G1 X-113.948 Y7.615 Z2.319
G1 X-110.921 Y2.939 Z12.088
G1 X-105.352 Y1.185 Z7.939
G1 X-108.233 Y16.901 Z7.780
G1 X-107.143 Y28.150 Z11.346
G1 X-107.058 Y29.330 Z20.953
G1 X-108.334 Y21.759 Z24.948
G1 X-108.577 Y7.245 Z27.748
G1 X-111.693 Y2.812 Z21.124
G1 X-112.128 Y-0.372 Z32.312
G1 X-104.727 Y-2.167 Z30.847
G1 X-104.971 Y-3.751 Z32.100
G1 X-112.181 Y7.710 Z31.937
G1 X-112.997 Y4.649 Z36.088
G1 X-110.276 Y10.913 Z40.636
G1 X-108.303 Y8.052 Z46.897
G1 X-108.195 Y5.607 Z49.406
G1 X-108.235 Y4.401 Z51.086
G1 X-108.437 Y4.055 Z52.245
G1 X-108.704 Y4.106 Z53.444
G1 X-108.852 Y4.518 Z55.037
G1 X-108.841 Y5.344 Z56.940
G1 X-108.763 Y6.588 Z59.007
G1 X-108.721 Y8.283 Z61.178
G1 X-108.753 Y10.472 Z63.443
F200.0
G0 X-104.574 Y9.295 Z63.451 ; Rapid move
F50.0
G1 X-104.574 Y9.295 Z63.451
G1 X-104.449 Y7.179 Z61.278
G1 X-104.483 Y5.659 Z59.201
G1 X-104.614 Y4.488 Z57.042
G1 X-104.469 Y3.402 Z54.737
G1 X-103.804 Y2.329 Z52.542
G1 X-102.795 Y1.278 Z50.721
G1 X-101.943 Y0.437 Z49.103
G1 X-101.483 Y0.269 Z47.232
G1 X-101.259 Y1.032 Z44.970
G1 X-101.277 Y2.777 Z42.770
G1 X-101.084 Y5.794 Z38.606
G1 X-102.273 Y11.305 Z38.847
G1 X-100.933 Y-1.449 Z32.379
G1 X-108.716 Y14.376 Z34.470
G1 X-101.568 Y10.137 Z25.477
G1 X-100.904 Y8.884 Z24.345
G1 X-105.316 Y6.936 Z27.576
G1 X-104.660 Y16.975 Z25.008
G1 X-102.463 Y24.204 Z20.430
G1 X-103.122 Y22.273 Z11.278
G1 X-104.265 Y12.969 Z7.852
G1 X-110.516 Y9.140 Z10.531
G1 X-108.897 Y16.916 Z10.787
G1 X-102.880 Y2.920 Z0.583
G1 X-103.962 Y-4.392 Z6.822
G1 X-102.262 Y17.469 Z-0.393
G1 X-109.742 Y3.145 Z-5.755
G1 X-101.628 Y10.035 Z-3.941
G1 X-109.084 Y6.624 Z-4.892
G1 X-102.682 Y16.425 Z-7.088
G1 X-101.158 Y20.422 Z-12.267
G1 X-101.188 Y20.794 Z-16.869
G1 X-102.045 Y18.722 Z-21.327
G1 X-103.246 Y14.112 Z-25.165
G1 X-104.014 Y9.495 Z-27.564
G1 X-104.911 Y1.789 Z-31.174
G1 X-103.919 Y-1.266 Z-26.003
G1 X-103.926 Y10.925 Z-26.970
G1 X-107.946 Y8.301 Z-37.793
G1 X-107.869 Y4.016 Z-37.215
G1 X-102.203 Y11.174 Z-36.160
G1 X-105.677 Y9.432 Z-37.143
G1 X-105.352 Y25.930 Z-39.648
G1 X-105.863 Y37.933 Z-42.330
G1 X-106.675 Y46.523 Z-45.149
G1 X-107.452 Y53.169 Z-48.099
G1 X-108.035 Y58.560 Z-51.100
G1 X-108.441 Y63.002 Z-54.114
G1 X-108.716 Y66.639 Z-57.148
G1 X-108.887 Y69.550 Z-60.223
G1 X-108.957 Y71.795 Z-63.358
G1 X-108.916 Y73.424 Z-66.562
G1 X-108.749 Y74.470 Z-69.827
G1 X-108.450 Y74.962 Z-73.125
G1 X-108.036 Y74.929 Z-76.406
G1 X-107.547 Y74.414 Z-79.620
G1 X-107.032 Y73.482 Z-82.733
G1 X-106.532 Y72.205 Z-85.734
G1 X-106.073 Y70.654 Z-88.632
F200.0
G0 X-101.255 Y70.411 Z-89.054 ; Rapid move
F50.0
G1 X-101.255 Y70.411 Z-89.054
G1 X-101.635 Y72.409 Z-86.277
G1 X-102.078 Y74.205 Z-83.408
G1 X-102.579 Y75.731 Z-80.419
G1 X-103.118 Y76.901 Z-77.280
G1 X-103.649 Y77.608 Z-73.982
G1 X-104.102 Y77.745 Z-70.550
G1 X-104.403 Y77.222 Z-67.052
G1 X-104.509 Y75.974 Z-63.569
G1 X-104.411 Y73.942 Z-60.162
G1 X-104.124 Y71.037 Z-56.861
G1 X-103.666 Y67.125 Z-53.675
G1 X-103.061 Y62.022 Z-50.615
G1 X-102.362 Y55.492 Z-47.703
G1 X-101.676 Y47.263 Z-44.948
G1 X-101.175 Y37.093 Z-42.307
G1 X-101.160 Y25.038 Z-39.680
G1 X-101.893 Y9.781 Z-37.016
G1 X-103.837 Y6.984 Z-43.773
G1 X-102.430 Y3.627 Z-31.991
G1 X-102.644 Y4.398 Z-38.999
G1 X-105.412 Y3.949 Z-28.422
G1 X-97.032 Y11.195 Z-30.168
G1 X-97.295 Y3.923 Z-24.234
G1 X-98.711 Y6.218 Z-27.527
G1 X-101.116 Y13.124 Z-24.863
G1 X-97.801 Y14.000 Z-18.276
G1 X-97.196 Y11.584 Z-14.750
G1 X-96.990 Y9.379 Z-12.417
G1 X-97.072 Y8.428 Z-10.006
G1 X-103.805 Y3.114 Z-3.836
G1 X-100.862 Y-4.174 Z-10.408
G1 X-105.878 Y9.346 Z-1.098
G1 X-99.114 Y0.706 Z3.656
G1 X-105.457 Y2.661 Z-1.025
G1 X-105.258 Y5.918 Z8.132
G1 X-106.051 Y-0.264 Z5.159
G1 X-105.561 Y1.548 Z8.689
G1 X-102.346 Y11.644 Z7.656
G1 X-102.967 Y21.679 Z10.993
G1 X-102.683 Y22.232 Z21.740
G1 X-101.860 Y13.041 Z25.157
G1 X-105.307 Y7.568 Z19.834
G1 X-98.879 Y9.382 Z29.596
G1 X-99.716 Y-2.371 Z24.735
G1 X-99.954 Y8.757 Z26.117
G1 X-98.697 Y5.382 Z37.258
G1 X-97.221 Y-4.630 Z33.937
G1 X-100.859 Y0.741 Z43.289
G1 X-99.599 Y-4.510 Z44.025
G1 X-97.649 Y-5.978 Z44.007
G1 X-97.676 Y-5.791 Z45.369
G1 X-98.324 Y-4.299 Z46.888
G1 X-99.364 Y-2.126 Z48.721
G1 X-100.485 Y0.263 Z51.118
G1 X-101.233 Y2.439 Z54.167
G1 X-101.068 Y3.945 Z57.430
G1 X-100.121 Y4.634 Z59.821
G1 X-99.967 Y5.579 Z61.399
G1 X-100.359 Y7.759 Z63.416
F200.0
G0 X-96.138 Y6.365 Z63.705 ; Rapid move
F50.0
G1 X-96.138 Y6.365 Z63.705
G1 X-95.572 Y2.259 Z60.755
G1 X-96.530 Y3.054 Z64.295
G1 X-98.527 Y4.334 Z58.193
G1 X-98.616 Y2.463 Z53.865
G1 X-97.564 Y-1.011 Z50.183
G1 X-96.926 Y-4.391 Z47.567
G1 X-96.209 Y-7.292 Z45.344
G1 X-95.020 Y-8.897 Z44.395
G1 X-94.867 Y-9.358 Z46.365
G1 X-96.018 Y-6.075 Z45.598
G1 X-95.737 Y7.719 Z41.894
G1 X-102.549 Y-4.452 Z35.345
G1 X-96.127 Y9.758 Z37.867
G1 X-93.057 Y10.575 Z32.427
G1 X-101.482 Y18.901 Z31.002
G1 X-101.186 Y15.211 Z22.074
G1 X-98.211 Y5.363 Z21.215
G1 X-97.463 Y16.311 Z25.189
G1 X-98.514 Y25.418 Z21.397
G1 X-98.175 Y23.291 Z10.637
G1 X-98.037 Y10.926 Z7.596
G1 X-95.309 Y8.762 Z14.055
G1 X-96.570 Y-3.988 Z2.550
G1 X-98.292 Y-1.464 Z9.642
G1 X-97.840 Y8.898 Z-2.767
G1 X-99.512 Y-4.714 Z2.312
G1 X-94.668 Y4.704 Z-5.957
G1 X-99.248 Y12.471 Z-1.127
G1 X-99.454 Y6.566 Z-12.810
G1 X-93.756 Y-2.446 Z-13.127
G1 X-93.762 Y-1.644 Z-10.850
G1 X-94.785 Y3.146 Z-12.315
G1 X-95.477 Y8.789 Z-14.689
G1 X-96.608 Y14.285 Z-19.175
G1 X-98.500 Y12.631 Z-26.915
G1 X-102.160 Y12.925 Z-24.501
G1 X-101.554 Y13.129 Z-31.505
G1 X-100.234 Y6.514 Z-35.741
G1 X-97.096 Y8.276 Z-29.319
G1 X-95.699 Y2.930 Z-41.255
G1 X-93.221 Y1.380 Z-37.831
G1 X-98.784 Y9.741 Z-37.215
G1 X-97.657 Y22.356 Z-39.645
G1 X-97.763 Y35.813 Z-42.257
G1 X-98.036 Y47.491 Z-44.914
G1 X-98.397 Y56.956 Z-47.639
G1 X-98.808 Y64.361 Z-50.473
G1 X-99.221 Y70.016 Z-53.465
G1 X-99.572 Y74.229 Z-56.676
G1 X-99.775 Y77.225 Z-60.151
G1 X-99.740 Y79.119 Z-63.872
G1 X-99.435 Y79.957 Z-67.691
G1 X-98.939 Y79.847 Z-71.391
G1 X-98.381 Y78.988 Z-74.838
G1 X-97.855 Y77.596 Z-78.025
G1 X-97.398 Y75.832 Z-81.007
G1 X-97.014 Y73.806 Z-83.847
G1 X-96.695 Y71.587 Z-86.592
G1 X-96.429 Y69.227 Z-89.274
F200.0
G0 X-91.683 Y67.016 Z-89.308 ; Rapid move
F50.0
G1 X-91.683 Y67.016 Z-89.308
G1 X-91.839 Y69.647 Z-86.679
G1 X-92.026 Y72.177 Z-84.013
G1 X-92.252 Y74.567 Z-81.285
G1 X-92.533 Y76.766 Z-78.458
G1 X-92.888 Y78.700 Z-75.465
G1 X-93.343 Y80.243 Z-72.202
G1 X-93.901 Y81.152 Z-68.543
G1 X-94.482 Y81.028 Z-64.501
G1 X-94.904 Y79.534 Z-60.428
G1 X-95.069 Y76.690 Z-56.736
G1 X-95.051 Y72.567 Z-53.483
G1 X-94.957 Y66.983 Z-50.523
G1 X-94.849 Y59.601 Z-47.727
G1 X-94.751 Y50.106 Z-45.020
G1 X-94.655 Y38.435 Z-42.361
G1 X-94.511 Y25.202 Z-39.724
G1 X-94.552 Y10.977 Z-37.103
G1 X-96.579 Y12.122 Z-42.923
G1 X-88.880 Y5.700 Z-37.423
G1 X-96.186 Y13.077 Z-38.396
G1 X-95.795 Y18.440 Z-27.226
G1 X-88.805 Y6.011 Z-28.897
G1 X-88.858 Y3.883 Z-25.176
G1 X-95.295 Y8.633 Z-27.278
G1 X-92.275 Y11.304 Z-21.588
G1 X-94.069 Y6.710 Z-14.349
G1 X-94.501 Y0.660 Z-11.507
G1 X-95.183 Y-3.655 Z-9.657
G1 X-94.180 Y-4.185 Z-15.513
G1 X-91.915 Y11.145 Z-12.228
G1 X-92.286 Y14.332 Z-5.803
G1 X-98.258 Y-0.610 Z-1.299
G1 X-97.770 Y6.185 Z-3.204
G1 X-89.481 Y12.087 Z4.621
G1 X-90.137 Y12.774 Z1.263
G1 X-96.829 Y14.985 Z10.715
G1 X-97.210 Y4.450 Z13.314
G1 X-92.737 Y9.760 Z7.703
G1 X-90.645 Y19.540 Z11.461
G1 X-89.909 Y22.968 Z19.423
G1 X-92.802 Y15.567 Z25.091
G1 X-89.003 Y4.488 Z24.557
G1 X-88.686 Y-1.070 Z25.719
G1 X-88.835 Y0.401 Z29.324
G1 X-94.319 Y3.034 Z25.798
G1 X-89.596 Y8.231 Z36.157
G1 X-89.495 Y9.002 Z33.215
G1 X-93.809 Y3.229 Z43.405
G1 X-93.181 Y-9.968 Z45.797
G1 X-93.615 Y-10.049 Z44.413
G1 X-95.164 Y-10.214 Z42.847
G1 X-95.558 Y-7.533 Z45.162
G1 X-95.519 Y-3.974 Z47.949
G1 X-94.059 Y-0.697 Z50.729
G1 X-91.070 Y0.324 Z52.916
G1 X-96.182 Y2.702 Z61.211
G1 X-90.118 Y4.381 Z63.173
G1 X-98.286 Y3.906 Z63.444
G1 X-89.492 Y-1.608 Z69.055
F200.0
G0 X-93.638 Y-2.422 Z64.825 ; Rapid move
F50.0
G1 X-93.638 Y-2.422 Z64.825
G1 X-92.910 Y7.447 Z63.825
G1 X-91.846 Y-2.754 Z66.163
G1 X-93.881 Y7.870 Z59.175
G1 X-88.356 Y1.714 Z52.914
G1 X-93.690 Y2.135 Z53.925
G1 X-93.756 Y0.466 Z49.711
G1 X-93.554 Y-2.703 Z46.380
G1 X-93.594 Y-6.402 Z43.799
G1 X-94.022 Y-8.944 Z42.453
G1 X-93.389 Y-8.491 Z43.841
G1 X-91.638 Y0.933 Z43.005
G1 X-91.944 Y13.947 Z32.397
G1 X-91.949 Y-1.063 Z28.921
G1 X-88.509 Y4.611 Z35.516
G1 X-92.268 Y1.795 Z23.881
G1 X-92.472 Y0.143 Z29.566
G1 X-91.531 Y11.369 Z18.502
G1 X-87.870 Y6.788 Z24.879
G1 X-87.497 Y16.524 Z21.429
G1 X-90.341 Y15.252 Z10.700
G1 X-92.098 Y5.837 Z8.317
G1 X-85.211 Y4.831 Z11.940
G1 X-85.480 Y2.406 Z4.913
G1 X-93.940 Y0.603 Z2.622
G1 X-93.830 Y-2.844 Z4.717
G1 X-85.027 Y7.897 Z1.434
G1 X-85.267 Y7.522 Z-5.439
G1 X-84.820 Y6.490 Z-4.589
G1 X-86.795 Y6.760 Z-11.997
G1 X-93.439 Y1.216 Z-13.213
G1 X-93.635 Y1.554 Z-10.976
G1 X-93.286 Y6.348 Z-12.961
G1 X-93.806 Y11.060 Z-16.721
G1 X-92.449 Y11.914 Z-24.053
G1 X-88.792 Y13.524 Z-22.853
G1 X-94.303 Y9.796 Z-27.923
G1 X-86.817 Y1.259 Z-33.027
G1 X-87.432 Y-2.350 Z-27.134
G1 X-87.715 Y16.652 Z-38.697
G1 X-85.550 Y1.362 Z-33.988
G1 X-94.468 Y12.483 Z-39.931
G1 X-90.255 Y11.057 Z-37.088
G1 X-90.693 Y28.714 Z-39.733
G1 X-90.970 Y43.263 Z-42.435
G1 X-91.056 Y54.539 Z-45.121
G1 X-91.012 Y63.237 Z-47.826
G1 X-90.868 Y69.857 Z-50.624
G1 X-90.589 Y74.826 Z-53.648
G1 X-90.095 Y78.425 Z-57.132
G1 X-89.368 Y80.568 Z-61.222
G1 X-88.637 Y81.039 Z-65.494
G1 X-88.122 Y80.214 Z-69.340
G1 X-87.802 Y78.660 Z-72.691
G1 X-87.592 Y76.679 Z-75.718
G1 X-87.440 Y74.408 Z-78.559
G1 X-87.319 Y71.925 Z-81.293
G1 X-87.218 Y69.288 Z-83.964
G1 X-87.133 Y66.543 Z-86.596
G1 X-87.060 Y63.728 Z-89.203
F200.0
G0 X-82.560 Y59.339 Z-89.011 ; Rapid move
F50.0
G1 X-82.560 Y59.339 Z-89.011
G1 X-82.581 Y62.254 Z-86.407
G1 X-82.605 Y65.125 Z-83.785
G1 X-82.629 Y67.917 Z-81.136
G1 X-82.654 Y70.582 Z-78.441
G1 X-82.680 Y73.063 Z-75.676
G1 X-82.713 Y75.285 Z-72.795
G1 X-82.775 Y77.155 Z-69.717
G1 X-82.927 Y78.527 Z-66.308
G1 X-83.309 Y79.102 Z-62.410
G1 X-84.071 Y78.335 Z-58.138
G1 X-85.039 Y75.842 Z-54.126
G1 X-85.830 Y71.778 Z-50.750
G1 X-86.327 Y66.163 Z-47.811
G1 X-86.584 Y58.615 Z-45.063
G1 X-86.644 Y48.465 Z-42.377
G1 X-86.505 Y34.535 Z-39.695
G1 X-86.312 Y13.234 Z-37.035
G1 X-81.329 Y-4.153 Z-37.180
G1 X-85.520 Y-3.942 Z-41.582
G1 X-83.811 Y15.216 Z-38.315
G1 X-81.397 Y2.214 Z-30.270
G1 X-90.515 Y6.480 Z-28.349
G1 X-81.604 Y2.609 Z-28.235
G1 X-80.987 Y8.390 Z-22.896
G1 X-86.457 Y12.769 Z-26.037
G1 X-90.214 Y20.396 Z-19.530
G1 X-89.663 Y17.451 Z-13.378
G1 X-89.182 Y11.231 Z-10.180
G1 X-90.046 Y7.370 Z-9.530
G1 X-90.264 Y8.338 Z-9.892
G1 X-90.560 Y9.036 Z-5.247
G1 X-89.295 Y13.628 Z0.275
G1 X-88.495 Y6.474 Z-4.505
G1 X-86.237 Y6.813 Z7.054
G1 X-88.457 Y8.899 Z0.657
G1 X-88.644 Y-1.159 Z11.157
G1 X-89.559 Y0.375 Z7.197
G1 X-85.358 Y11.028 Z7.628
G1 X-88.701 Y20.281 Z12.654
G1 X-86.258 Y17.101 Z22.232
G1 X-84.227 Y9.186 Z24.903
G1 X-89.077 Y-2.404 Z25.984
G1 X-81.506 Y5.347 Z22.888
G1 X-86.614 Y0.367 Z23.433
G1 X-84.362 Y3.331 Z35.453
G1 X-89.815 Y-4.867 Z35.888
G1 X-83.774 Y-4.436 Z31.334
G1 X-90.027 Y5.736 Z39.607
G1 X-90.026 Y1.565 Z42.309
G1 X-90.217 Y1.541 Z42.440
G1 X-90.112 Y4.208 Z44.589
G1 X-90.220 Y6.865 Z47.907
G1 X-89.538 Y8.050 Z52.711
G1 X-85.468 Y4.705 Z58.760
G1 X-89.828 Y4.895 Z54.320
G1 X-86.846 Y-4.585 Z63.902
G1 X-81.154 Y-2.531 Z59.750
G1 X-88.804 Y9.523 Z61.327
G1 X-88.739 Y0.878 Z70.612
F200.0
G0 X-84.325 Y-0.773 Z63.303 ; Rapid move
F50.0
G1 X-84.325 Y-0.773 Z63.303
G1 X-82.258 Y4.922 Z69.165
G1 X-85.126 Y-1.240 Z58.343
G1 X-85.659 Y1.461 Z61.736
G1 X-76.878 Y0.152 Z56.927
G1 X-80.980 Y6.860 Z58.767
G1 X-84.155 Y13.718 Z55.428
G1 X-86.210 Y17.777 Z49.655
G1 X-86.086 Y16.469 Z44.603
G1 X-85.584 Y12.414 Z40.960
G1 X-84.559 Y7.727 Z37.510
G1 X-79.954 Y6.942 Z42.171
G1 X-86.159 Y5.832 Z33.908
G1 X-76.719 Y-0.804 Z32.836
G1 X-83.290 Y9.492 Z35.267
G1 X-86.493 Y5.141 Z28.970
G1 X-84.965 Y13.290 Z28.635
G1 X-81.771 Y2.967 Z17.949
G1 X-80.373 Y-0.069 Z25.103
G1 X-82.471 Y20.248 Z22.440
G1 X-83.566 Y24.099 Z11.597
G1 X-83.399 Y14.317 Z7.942
G1 X-76.746 Y1.523 Z10.343
G1 X-77.063 Y15.487 Z8.455
G1 X-79.715 Y-7.152 Z0.168
G1 X-77.568 Y-5.638 Z4.895
G1 X-85.068 Y4.743 Z3.144
G1 X-77.352 Y2.516 Z-5.552
G1 X-77.142 Y-0.496 Z-3.650
G1 X-84.615 Y15.375 Z-6.941
G1 X-84.264 Y11.539 Z-6.729
G1 X-84.781 Y21.720 Z-9.675
G1 X-85.805 Y29.524 Z-13.701
G1 X-83.910 Y28.928 Z-22.773
G1 X-80.838 Y11.196 Z-26.121
G1 X-78.028 Y0.809 Z-20.463
G1 X-77.600 Y8.553 Z-29.230
G1 X-85.924 Y-1.003 Z-26.571
G1 X-85.089 Y13.485 Z-28.093
G1 X-77.191 Y20.378 Z-34.195
G1 X-85.624 Y21.638 Z-35.165
G1 X-81.074 Y11.460 Z-44.291
G1 X-81.467 Y15.711 Z-36.995
G1 X-81.583 Y36.374 Z-39.619
G1 X-81.456 Y50.068 Z-42.293
G1 X-81.081 Y59.494 Z-45.061
G1 X-80.466 Y66.162 Z-48.037
G1 X-79.629 Y70.808 Z-51.409
G1 X-78.767 Y73.690 Z-55.274
G1 X-78.194 Y74.931 Z-59.336
G1 X-77.973 Y74.869 Z-63.151
G1 X-77.948 Y73.909 Z-66.589
G1 X-77.992 Y72.326 Z-69.729
G1 X-78.045 Y70.291 Z-72.672
G1 X-78.089 Y67.923 Z-75.488
G1 X-78.120 Y65.319 Z-78.221
G1 X-78.139 Y62.556 Z-80.900
G1 X-78.152 Y59.697 Z-83.542
G1 X-78.161 Y56.790 Z-86.162
G1 X-78.169 Y53.869 Z-88.769
F200.0
G0 X-73.867 Y47.393 Z-88.502 ; Rapid move
F50.0
G1 X-73.867 Y47.393 Z-88.502
G1 X-73.844 Y50.222 Z-85.894
G1 X-73.821 Y53.068 Z-83.277
G1 X-73.795 Y55.900 Z-80.639
G1 X-73.760 Y58.669 Z-77.969
G1 X-73.711 Y61.310 Z-75.250
G1 X-73.644 Y63.736 Z-72.461
G1 X-73.559 Y65.846 Z-69.574
G1 X-73.467 Y67.519 Z-66.552
G1 X-73.395 Y68.605 Z-63.343
G1 X-73.403 Y68.905 Z-59.894
G1 X-73.597 Y68.147 Z-56.203
G1 X-74.068 Y65.994 Z-52.416
G1 X-74.767 Y62.113 Z-48.804
G1 X-75.518 Y56.180 Z-45.522
G1 X-76.240 Y47.743 Z-42.517
G1 X-77.028 Y36.133 Z-39.687
G1 X-77.671 Y20.045 Z-37.007
G1 X-80.360 Y8.926 Z-43.123
G1 X-76.698 Y2.653 Z-31.925
G1 X-77.318 Y-1.290 Z-33.525
G1 X-74.313 Y0.746 Z-35.265
G1 X-72.915 Y7.338 Z-27.675
G1 X-79.779 Y11.459 Z-30.838
G1 X-79.935 Y2.202 Z-19.417
G1 X-77.063 Y5.577 Z-26.152
G1 X-77.755 Y31.549 Z-23.530
G1 X-81.852 Y39.989 Z-16.463
G1 X-80.312 Y33.886 Z-9.366
G1 X-78.373 Y20.168 Z-5.937
G1 X-75.896 Y0.143 Z-3.667
G1 X-81.236 Y3.897 Z-9.014
G1 X-81.734 Y6.543 Z-0.294
G1 X-73.899 Y0.268 Z-3.734
G1 X-81.473 Y10.639 Z5.265
G1 X-73.400 Y7.263 Z2.146
G1 X-74.777 Y2.230 Z11.334
G1 X-79.406 Y12.881 Z5.373
G1 X-77.107 Y15.290 Z7.917
G1 X-75.574 Y23.622 Z12.719
G1 X-76.970 Y14.674 Z22.593
G1 X-79.257 Y7.049 Z15.657
G1 X-81.993 Y18.222 Z21.537
G1 X-74.220 Y8.996 Z29.085
G1 X-81.834 Y5.812 Z25.523
G1 X-82.447 Y13.833 Z30.702
G1 X-76.379 Y12.074 Z37.976
G1 X-76.646 Y1.588 Z38.399
G1 X-80.541 Y9.572 Z34.461
G1 X-81.787 Y18.769 Z38.500
G1 X-81.868 Y23.939 Z41.634
G1 X-81.540 Y26.861 Z46.453
G1 X-77.515 Y23.549 Z53.336
G1 X-75.849 Y12.676 Z56.047
G1 X-82.337 Y0.700 Z54.882
G1 X-78.626 Y7.629 Z51.880
G1 X-76.776 Y-0.346 Z63.984
G1 X-75.126 Y-1.599 Z58.713
G1 X-73.559 Y5.771 Z62.548
G1 X-79.443 Y4.764 Z62.869
F200.0
G0 X-76.360 Y4.429 Z63.432 ; Rapid move
F50.0
G1 X-76.360 Y4.429 Z63.432
G1 X-72.987 Y11.713 Z68.669
G1 X-77.301 Y-0.522 Z58.510
G1 X-74.360 Y2.274 Z63.846
G1 X-69.096 Y1.826 Z58.366
G1 X-72.313 Y10.361 Z49.734
G1 X-70.602 Y6.421 Z55.298
G1 X-71.018 Y18.340 Z52.930
G1 X-70.913 Y25.651 Z49.915
G1 X-71.805 Y30.874 Z45.333
G1 X-73.265 Y27.093 Z36.586
G1 X-72.927 Y14.703 Z33.566
G1 X-70.427 Y3.840 Z39.559
G1 X-74.971 Y7.381 Z28.679
G1 X-68.848 Y6.246 Z29.373
G1 X-68.749 Y-4.545 Z28.527
G1 X-78.579 Y0.615 Z25.320
G1 X-73.824 Y3.780 Z18.085
G1 X-68.737 Y-1.470 Z20.948
G1 X-73.962 Y11.919 Z22.650
G1 X-75.015 Y24.872 Z15.536
G1 X-73.801 Y15.493 Z7.657
G1 X-75.299 Y3.344 Z5.687
G1 X-78.521 Y10.747 Z8.107
G1 X-77.839 Y-3.673 Z2.147
G1 X-73.257 Y5.695 Z7.097
G1 X-70.980 Y21.605 Z2.525
G1 X-72.518 Y18.193 Z-7.576
G1 X-73.190 Y1.354 Z-10.556
G1 X-74.320 Y0.928 Z-3.327
G1 X-73.225 Y24.937 Z-5.897
G1 X-73.057 Y38.680 Z-8.697
G1 X-72.254 Y42.594 Z-19.876
G1 X-72.878 Y30.091 Z-23.504
G1 X-71.884 Y7.885 Z-25.426
G1 X-70.184 Y12.873 Z-27.218
G1 X-69.223 Y10.341 Z-24.132
G1 X-78.518 Y14.680 Z-29.549
G1 X-77.683 Y16.457 Z-28.855
G1 X-76.601 Y17.845 Z-38.078
G1 X-78.032 Y13.403 Z-34.510
G1 X-77.016 Y12.759 Z-42.817
G1 X-71.869 Y17.343 Z-37.368
G1 X-71.909 Y30.678 Z-39.968
G1 X-71.456 Y41.537 Z-42.822
G1 X-70.767 Y49.542 Z-45.951
G1 X-70.036 Y55.048 Z-49.392
G1 X-69.487 Y58.501 Z-53.017
G1 X-69.200 Y60.338 Z-56.611
G1 X-69.114 Y60.936 Z-60.047
G1 X-69.142 Y60.585 Z-63.304
G1 X-69.220 Y59.502 Z-66.403
G1 X-69.314 Y57.850 Z-69.373
G1 X-69.400 Y55.768 Z-72.238
G1 X-69.471 Y53.378 Z-75.017
G1 X-69.522 Y50.789 Z-77.728
G1 X-69.558 Y48.099 Z-80.387
G1 X-69.584 Y45.383 Z-83.012
G1 X-69.608 Y42.694 Z-85.619
G1 X-69.637 Y40.058 Z-88.222
F200.0
G0 X-65.465 Y32.091 Z-87.932 ; Rapid move
F50.0
G1 X-65.465 Y32.091 Z-87.932
G1 X-65.437 Y34.433 Z-85.346
G1 X-65.420 Y36.879 Z-82.766
G1 X-65.403 Y39.410 Z-80.168
G1 X-65.375 Y41.965 Z-77.528
G1 X-65.328 Y44.442 Z-74.824
G1 X-65.259 Y46.721 Z-72.042
G1 X-65.175 Y48.678 Z-69.175
G1 X-65.090 Y50.192 Z-66.223
G1 X-65.022 Y51.149 Z-63.186
G1 X-64.995 Y51.432 Z-60.062
G1 X-65.042 Y50.909 Z-56.834
G1 X-65.221 Y49.401 Z-53.469
G1 X-65.644 Y46.646 Z-49.929
G1 X-66.484 Y42.234 Z-46.260
G1 X-67.802 Y35.607 Z-42.745
G1 X-69.194 Y26.336 Z-39.729
G1 X-69.887 Y15.531 Z-37.123
G1 X-70.024 Y13.773 Z-41.918
G1 X-65.501 Y0.665 Z-34.024
G1 X-65.521 Y3.531 Z-36.992
G1 X-65.579 Y19.086 Z-34.373
G1 X-67.790 Y9.209 Z-24.362
G1 X-66.530 Y-4.276 Z-29.876
G1 X-66.179 Y9.153 Z-27.326
G1 X-73.021 Y12.381 Z-17.923
G1 X-69.011 Y23.490 Z-23.538
G1 X-66.785 Y37.511 Z-19.525
G1 X-68.080 Y33.595 Z-8.839
G1 X-69.230 Y18.978 Z-5.900
G1 X-70.334 Y12.496 Z-6.442
G1 X-69.928 Y0.033 Z-10.415
G1 X-68.318 Y21.060 Z-6.613
G1 X-74.324 Y-1.960 Z0.796
G1 X-73.378 Y19.223 Z-0.893
G1 X-66.134 Y0.690 Z4.996
G1 X-67.722 Y8.538 Z3.241
G1 X-72.314 Y14.539 Z13.561
G1 X-70.956 Y17.027 Z7.868
G1 X-67.606 Y19.290 Z19.326
G1 X-67.464 Y4.059 Z22.175
G1 X-72.896 Y-3.157 Z16.619
G1 X-70.271 Y14.717 Z18.079
G1 X-70.179 Y13.470 Z30.374
G1 X-68.569 Y7.733 Z23.316
G1 X-68.667 Y5.972 Z35.517
G1 X-70.956 Y1.910 Z29.615
G1 X-65.997 Y1.703 Z32.982
G1 X-69.484 Y15.766 Z33.558
G1 X-67.488 Y25.550 Z37.709
G1 X-66.425 Y23.529 Z46.918
G1 X-66.665 Y16.315 Z50.079
G1 X-66.138 Y7.830 Z52.227
G1 X-66.506 Y3.604 Z48.302
G1 X-68.985 Y-0.518 Z58.880
G1 X-65.072 Y7.490 Z55.078
G1 X-69.782 Y10.969 Z54.382
G1 X-66.230 Y5.019 Z65.378
G1 X-71.236 Y1.456 Z59.993
G1 X-72.233 Y12.610 Z62.877
F200.0
G0 X-65.728 Y18.690 Z62.174 ; Rapid move
F50.0
G1 X-65.728 Y18.690 Z62.174
G1 X-66.871 Y3.023 Z59.637
G1 X-61.972 Y1.733 Z64.943
G1 X-69.432 Y4.893 Z60.886
G1 X-70.283 Y2.501 Z55.012
G1 X-70.097 Y2.599 Z55.743
G1 X-70.462 Y0.741 Z51.874
G1 X-66.193 Y7.214 Z52.425
G1 X-64.171 Y10.150 Z50.766
G1 X-63.573 Y17.708 Z47.869
G1 X-63.298 Y24.111 Z43.123
G1 X-66.677 Y19.097 Z33.834
G1 X-66.548 Y2.827 Z31.007
G1 X-62.984 Y-1.166 Z37.359
G1 X-68.839 Y0.006 Z30.721
G1 X-66.837 Y17.174 Z32.567
G1 X-61.559 Y7.508 Z22.684
G1 X-70.492 Y-3.616 Z23.654
G1 X-60.685 Y4.754 Z20.633
G1 X-67.082 Y5.133 Z22.318
G1 X-67.190 Y18.553 Z19.507
G1 X-63.663 Y16.826 Z8.165
G1 X-69.937 Y10.440 Z12.302
G1 X-69.675 Y14.226 Z4.491
G1 X-61.007 Y-0.835 Z6.058
G1 X-61.971 Y13.470 Z5.490
G1 X-62.289 Y20.459 Z-2.741
G1 X-70.313 Y16.225 Z-4.194
G1 X-67.414 Y14.141 Z-9.981
G1 X-61.202 Y8.944 Z-9.857
G1 X-67.026 Y19.642 Z-6.069
G1 X-66.223 Y33.374 Z-9.083
G1 X-63.115 Y30.122 Z-20.144
G1 X-64.461 Y16.639 Z-23.388
G1 X-67.346 Y2.895 Z-25.776
G1 X-65.838 Y0.270 Z-24.168
G1 X-70.193 Y4.923 Z-24.394
G1 X-70.337 Y19.170 Z-27.722
G1 X-70.584 Y12.447 Z-31.355
G1 X-66.912 Y0.055 Z-38.920
G1 X-68.239 Y12.870 Z-32.716
G1 X-67.773 Y6.838 Z-35.008
G1 X-68.134 Y21.084 Z-37.870
G1 X-65.135 Y27.746 Z-40.202
G1 X-62.460 Y31.705 Z-43.983
G1 X-61.545 Y34.724 Z-47.575
G1 X-61.201 Y37.196 Z-50.815
G1 X-61.043 Y39.071 Z-53.906
G1 X-60.968 Y40.309 Z-56.947
G1 X-60.946 Y40.895 Z-59.977
G1 X-60.967 Y40.833 Z-63.005
G1 X-61.025 Y40.148 Z-66.020
G1 X-61.108 Y38.887 Z-68.994
G1 X-61.196 Y37.129 Z-71.898
G1 X-61.267 Y34.990 Z-74.706
G1 X-61.309 Y32.624 Z-77.408
G1 X-61.320 Y30.202 Z-80.014
G1 X-61.316 Y27.877 Z-82.554
G1 X-61.318 Y25.740 Z-85.073
G1 X-61.342 Y23.797 Z-87.621
F200.0
G0 X-57.269 Y15.585 Z-87.246 ; Rapid move
F50.0
G1 X-57.269 Y15.585 Z-87.246
G1 X-57.245 Y16.990 Z-84.784
G1 X-57.273 Y18.769 Z-82.402
G1 X-57.321 Y20.945 Z-79.984
G1 X-57.341 Y23.346 Z-77.436
G1 X-57.302 Y25.695 Z-74.714
G1 X-57.211 Y27.719 Z-71.825
G1 X-57.103 Y29.226 Z-68.819
G1 X-57.016 Y30.112 Z-65.761
G1 X-56.967 Y30.347 Z-62.715
G1 X-56.953 Y29.952 Z-59.722
G1 X-56.962 Y28.987 Z-56.810
G1 X-56.979 Y27.559 Z-53.995
G1 X-56.991 Y25.835 Z-51.289
G1 X-56.992 Y24.042 Z-48.696
G1 X-56.998 Y22.381 Z-46.141
G1 X-57.093 Y20.653 Z-43.219
G1 X-57.718 Y17.246 Z-39.205
G1 X-60.305 Y10.474 Z-34.828
G1 X-61.377 Y2.596 Z-31.926
G1 X-61.868 Y-2.290 Z-39.096
G1 X-60.305 Y6.540 Z-26.835
G1 X-60.736 Y10.683 Z-33.864
G1 X-57.414 Y16.712 Z-23.881
G1 X-64.204 Y21.264 Z-26.863
G1 X-64.680 Y6.547 Z-17.290
G1 X-59.300 Y3.263 Z-22.940
G1 X-59.964 Y20.498 Z-20.648
G1 X-57.085 Y24.888 Z-11.655
G1 X-58.766 Y10.569 Z-6.767
G1 X-65.778 Y10.754 Z-10.926
G1 X-60.059 Y2.842 Z-0.935
G1 X-64.282 Y2.121 Z-7.236
G1 X-58.269 Y1.293 Z3.104
G1 X-66.451 Y1.232 Z2.897
G1 X-64.342 Y-2.607 Z0.675
G1 X-65.355 Y9.484 Z10.316
G1 X-61.524 Y15.074 Z6.635
G1 X-62.326 Y17.172 Z7.723
G1 X-60.228 Y17.805 Z19.674
G1 X-62.506 Y5.214 Z22.281
G1 X-63.199 Y13.306 Z15.669
G1 X-56.966 Y17.255 Z22.125
G1 X-62.662 Y11.000 Z30.248
G1 X-57.049 Y7.468 Z26.162
G1 X-64.530 Y3.248 Z26.859
G1 X-63.444 Y4.184 Z37.883
G1 X-63.123 Y8.587 Z31.143
G1 X-61.443 Y21.760 Z34.928
G1 X-58.742 Y17.804 Z44.722
G1 X-58.109 Y11.600 Z46.823
G1 X-60.110 Y9.987 Z49.847
G1 X-64.973 Y2.074 Z52.351
G1 X-65.996 Y4.341 Z49.227
G1 X-59.590 Y1.300 Z49.651
G1 X-64.152 Y3.877 Z60.862
G1 X-59.616 Y8.665 Z62.738
G1 X-60.748 Y2.520 Z65.040
G1 X-61.447 Y2.143 Z59.575
G1 X-61.055 Y14.736 Z62.146
F200.0
G0 X-59.951 Y18.940 Z62.732 ; Rapid move
F50.0
G1 X-59.951 Y18.940 Z62.732
G1 X-60.636 Y10.375 Z60.639
G1 X-53.224 Y5.561 Z60.838
G1 X-54.982 Y10.523 Z63.061
G1 X-61.989 Y12.820 Z54.878
G1 X-57.385 Y-3.806 Z49.177
G1 X-52.760 Y-3.459 Z52.051
G1 X-54.774 Y10.495 Z52.842
G1 X-59.127 Y6.651 Z42.466
G1 X-55.516 Y4.164 Z47.412
G1 X-54.802 Y9.544 Z44.945
G1 X-53.712 Y16.329 Z40.833
G1 X-57.029 Y11.196 Z30.988
G1 X-57.755 Y0.189 Z38.087
G1 X-55.306 Y1.071 Z26.280
G1 X-55.431 Y-8.989 Z29.404
G1 X-58.202 Y-4.009 Z30.374
G1 X-53.228 Y2.652 Z20.662
G1 X-61.120 Y10.999 Z23.784
G1 X-60.207 Y3.578 Z21.793
G1 X-57.073 Y13.406 Z19.178
G1 X-57.204 Y8.569 Z7.641
G1 X-54.121 Y-0.050 Z13.046
G1 X-54.065 Y15.178 Z10.798
G1 X-54.093 Y17.333 Z1.264
G1 X-53.090 Y1.194 Z0.078
G1 X-55.401 Y13.755 Z4.008
G1 X-57.802 Y22.146 Z-7.650
G1 X-61.278 Y7.909 Z-8.976
G1 X-62.383 Y1.665 Z-6.815
G1 X-62.307 Y18.006 Z-12.190
G1 X-52.920 Y8.300 Z-12.255
G1 X-54.552 Y3.030 Z-19.903
G1 X-56.476 Y4.650 Z-13.791
G1 X-52.703 Y15.714 Z-21.557
G1 X-60.288 Y6.464 Z-27.966
G1 X-54.661 Y5.476 Z-22.417
G1 X-57.914 Y17.308 Z-33.864
G1 X-62.544 Y10.511 Z-31.131
G1 X-53.029 Y3.606 Z-36.051
G1 X-53.057 Y1.658 Z-35.170
G1 X-58.243 Y8.836 Z-34.985
G1 X-53.090 Y8.140 Z-42.557
G1 X-52.848 Y7.530 Z-44.160
G1 X-52.905 Y8.793 Z-46.236
G1 X-52.992 Y10.907 Z-48.521
G1 X-53.057 Y13.345 Z-50.979
G1 X-53.083 Y15.751 Z-53.598
G1 X-53.079 Y17.867 Z-56.360
G1 X-53.061 Y19.515 Z-59.253
G1 X-53.054 Y20.571 Z-62.267
G1 X-53.086 Y20.948 Z-65.392
G1 X-53.180 Y20.576 Z-68.602
G1 X-53.337 Y19.402 Z-71.826
G1 X-53.501 Y17.447 Z-74.926
G1 X-53.565 Y14.914 Z-77.750
G1 X-53.476 Y12.244 Z-80.220
G1 X-53.309 Y10.012 Z-82.373
G1 X-53.219 Y8.637 Z-84.409
G1 X-53.278 Y8.035 Z-86.669
F200.0
G0 X-49.672 Y2.175 Z-85.409 ; Rapid move
F50.0
G1 X-49.672 Y2.175 Z-85.409
G1 X-49.310 Y1.341 Z-83.703
G1 X-49.567 Y2.257 Z-82.717
G1 X-50.124 Y5.038 Z-81.055
G1 X-50.321 Y8.463 Z-78.549
G1 X-50.049 Y11.367 Z-75.337
G1 X-49.636 Y13.096 Z-71.734
G1 X-49.388 Y13.690 Z-68.194
G1 X-49.302 Y13.409 Z-64.855
G1 X-49.310 Y12.398 Z-61.674
G1 X-49.365 Y10.718 Z-58.617
G1 X-49.430 Y8.430 Z-55.680
G1 X-49.475 Y5.635 Z-52.868
G1 X-49.476 Y2.492 Z-50.192
G1 X-49.407 Y-0.739 Z-47.692
G1 X-49.230 Y-3.622 Z-45.512
G1 X-48.964 Y-5.325 Z-44.158
G1 X-49.629 Y-4.182 Z-44.564
G1 X-53.271 Y6.464 Z-44.311
G1 X-54.942 Y1.159 Z-31.989
G1 X-57.041 Y-0.677 Z-37.683
G1 X-48.854 Y17.135 Z-32.954
G1 X-52.714 Y8.873 Z-24.141
G1 X-56.012 Y5.028 Z-30.689
G1 X-49.201 Y3.254 Z-26.015
G1 X-54.721 Y-2.926 Z-16.377
G1 X-51.684 Y-1.869 Z-23.109
G1 X-55.646 Y5.864 Z-20.431
G1 X-58.488 Y10.207 Z-12.973
G1 X-48.976 Y12.456 Z-9.115
G1 X-52.970 Y14.246 Z-3.685
G1 X-48.955 Y-4.121 Z-6.897
G1 X-48.693 Y14.667 Z-3.590
G1 X-48.897 Y6.797 Z-2.002
G1 X-52.852 Y0.900 Z6.830
G1 X-58.165 Y11.716 Z2.671
G1 X-58.503 Y15.062 Z8.159
G1 X-49.190 Y12.964 Z7.746
G1 X-57.406 Y11.644 Z10.682
G1 X-49.314 Y4.883 Z17.506
G1 X-58.472 Y17.219 Z17.550
G1 X-56.345 Y-2.747 Z24.427
G1 X-56.538 Y-3.803 Z18.993
G1 X-56.373 Y7.288 Z21.442
G1 X-58.574 Y15.719 Z27.845
G1 X-50.111 Y8.407 Z34.191
G1 X-53.317 Y14.397 Z28.501
G1 X-54.828 Y13.079 Z39.063
G1 X-50.873 Y7.070 Z42.330
G1 X-49.554 Y2.492 Z42.771
G1 X-53.095 Y5.083 Z39.127
G1 X-51.053 Y5.888 Z49.602
G1 X-58.362 Y0.497 Z50.044
G1 X-56.896 Y-4.294 Z55.019
G1 X-51.029 Y-5.429 Z51.929
G1 X-51.570 Y3.831 Z52.121
G1 X-57.763 Y3.562 Z61.913
G1 X-55.337 Y6.184 Z57.196
G1 X-55.089 Y18.431 Z59.809
G1 X-55.656 Y26.799 Z62.662
F200.0
G0 X-50.864 Y30.905 Z62.359 ; Rapid move
F50.0
G1 X-50.864 Y30.905 Z62.359
G1 X-50.653 Y21.114 Z59.661
G1 X-51.247 Y9.851 Z57.215
G1 X-45.554 Y5.340 Z61.154
G1 X-44.927 Y10.347 Z57.425
G1 X-46.792 Y7.545 Z58.082
G1 X-53.625 Y16.182 Z49.174
G1 X-44.854 Y6.325 Z47.511
G1 X-45.652 Y0.004 Z43.360
G1 X-50.971 Y9.957 Z48.355
G1 X-52.340 Y0.983 Z36.978
G1 X-49.490 Y3.632 Z43.322
G1 X-50.013 Y16.232 Z36.554
G1 X-48.715 Y5.908 Z31.989
G1 X-52.625 Y1.646 Z26.741
G1 X-44.826 Y-0.912 Z27.164
G1 X-44.779 Y-9.185 Z24.871
G1 X-47.594 Y-1.552 Z27.437
G1 X-50.927 Y21.440 Z24.714
G1 X-50.390 Y10.145 Z12.798
G1 X-48.842 Y8.291 Z20.019
G1 X-54.526 Y19.190 Z13.231
G1 X-51.014 Y22.189 Z5.194
G1 X-50.863 Y11.563 Z12.128
G1 X-46.985 Y-1.227 Z0.922
G1 X-54.073 Y12.343 Z4.412
G1 X-52.856 Y18.089 Z-4.222
G1 X-54.557 Y18.389 Z-2.365
G1 X-54.183 Y11.377 Z-7.649
G1 X-53.056 Y-1.045 Z-4.699
G1 X-54.525 Y11.680 Z-9.919
G1 X-53.767 Y22.722 Z-11.062
G1 X-46.050 Y13.601 Z-19.384
G1 X-53.134 Y16.295 Z-15.156
G1 X-44.826 Y22.780 Z-21.026
G1 X-44.940 Y23.070 Z-23.444
G1 X-44.859 Y18.652 Z-27.817
G1 X-44.846 Y15.766 Z-29.952
G1 X-47.100 Y2.599 Z-35.627
G1 X-46.184 Y10.637 Z-30.589
G1 X-48.387 Y21.926 Z-39.627
G1 X-49.009 Y5.653 Z-44.290
G1 X-51.521 Y-6.840 Z-46.295
G1 X-50.643 Y-7.429 Z-46.472
G1 X-47.600 Y-7.572 Z-44.839
G1 X-46.909 Y-6.380 Z-46.729
G1 X-46.626 Y-3.771 Z-49.295
G1 X-46.408 Y-0.790 Z-52.060
G1 X-46.195 Y2.062 Z-54.964
G1 X-45.985 Y4.509 Z-57.998
G1 X-45.803 Y6.394 Z-61.138
G1 X-45.695 Y7.682 Z-64.317
G1 X-45.711 Y8.453 Z-67.512
G1 X-45.956 Y8.766 Z-70.931
G1 X-46.784 Y8.204 Z-75.069
G1 X-48.207 Y5.314 Z-79.443
G1 X-47.854 Y1.078 Z-82.128
G1 X-49.100 Y-2.336 Z-84.933
G1 X-47.691 Y-2.094 Z-81.848
G1 X-48.241 Y-0.779 Z-82.864
F200.0
G0 X-44.496 Y-5.229 Z-90.442 ; Rapid move
F50.0
G1 X-44.496 Y-5.229 Z-90.442
G1 X-47.092 Y-2.992 Z-88.117
G1 X-44.192 Y-0.739 Z-76.492
G1 X-40.988 Y-6.025 Z-79.766
G1 X-41.731 Y2.714 Z-77.475
G1 X-41.917 Y4.336 Z-73.584
G1 X-41.710 Y3.944 Z-70.068
G1 X-41.801 Y3.680 Z-67.450
G1 X-42.120 Y3.503 Z-64.485
G1 X-42.583 Y2.792 Z-61.107
G1 X-43.107 Y1.300 Z-57.720
G1 X-43.637 Y-0.758 Z-54.581
G1 X-44.227 Y-2.997 Z-51.725
G1 X-45.052 Y-4.939 Z-49.244
G1 X-46.425 Y-6.036 Z-47.703
G1 X-47.983 Y-6.642 Z-48.281
G1 X-47.619 Y-6.261 Z-48.426
G1 X-46.140 Y-0.868 Z-46.752
G1 X-41.531 Y10.815 Z-40.139
G1 X-42.894 Y5.143 Z-40.700
G1 X-47.757 Y3.429 Z-29.695
G1 X-46.682 Y2.879 Z-36.456
G1 X-49.428 Y18.810 Z-25.802
G1 X-49.922 Y3.560 Z-26.703
G1 X-40.923 Y16.562 Z-22.313
G1 X-43.884 Y-5.993 Z-16.899
G1 X-49.338 Y2.379 Z-21.147
G1 X-41.560 Y4.385 Z-18.894
G1 X-40.703 Y13.426 Z-12.856
G1 X-43.624 Y3.804 Z-6.297
G1 X-41.119 Y-5.045 Z-7.296
G1 X-41.286 Y-1.397 Z-8.048
G1 X-50.021 Y3.440 Z-0.850
G1 X-44.113 Y-4.107 Z-5.192
G1 X-49.219 Y15.252 Z5.520
G1 X-50.258 Y5.519 Z6.419
G1 X-50.448 Y-1.075 Z8.557
G1 X-48.133 Y15.470 Z14.206
G1 X-43.393 Y0.370 Z8.108
G1 X-50.461 Y18.292 Z14.039
G1 X-41.118 Y10.153 Z19.794
G1 X-41.215 Y-4.385 Z22.523
G1 X-44.207 Y1.588 Z18.300
G1 X-50.496 Y10.049 Z24.404
G1 X-41.741 Y14.468 Z31.130
G1 X-49.574 Y11.854 Z27.680
G1 X-50.212 Y14.643 Z35.176
G1 X-42.574 Y8.246 Z32.213
G1 X-48.826 Y4.576 Z42.144
G1 X-49.949 Y7.192 Z43.246
G1 X-40.866 Y1.582 Z42.423
G1 X-49.760 Y8.834 Z43.634
G1 X-46.667 Y17.645 Z44.306
G1 X-40.767 Y16.023 Z52.090
G1 X-49.752 Y13.942 Z56.659
G1 X-49.975 Y-1.224 Z58.868
G1 X-48.634 Y7.234 Z55.486
G1 X-47.610 Y16.243 Z57.383
G1 X-47.240 Y25.847 Z59.857
G1 X-47.026 Y34.780 Z62.419
F200.0
G0 X-42.834 Y38.539 Z62.408 ; Rapid move
F50.0
G1 X-42.834 Y38.539 Z62.408
G1 X-42.995 Y30.535 Z59.830
G1 X-43.184 Y22.022 Z57.262
G1 X-43.253 Y12.572 Z54.639
G1 X-45.594 Y4.456 Z59.280
G1 X-42.821 Y10.026 Z49.259
G1 X-44.450 Y-8.234 Z47.681
G1 X-42.272 Y0.762 Z53.782
G1 X-43.108 Y17.568 Z41.601
G1 X-41.278 Y-2.886 Z39.299
G1 X-41.369 Y13.092 Z45.914
G1 X-46.323 Y12.388 Z39.162
G1 X-42.106 Y6.348 Z30.967
G1 X-44.159 Y-1.846 Z37.497
G1 X-43.261 Y26.350 Z29.822
G1 X-46.394 Y-2.935 Z28.151
G1 X-45.075 Y17.080 Z28.974
G1 X-43.930 Y5.918 Z18.497
G1 X-43.264 Y-2.353 Z20.068
G1 X-45.571 Y3.780 Z20.638
G1 X-36.911 Y10.671 Z16.686
G1 X-36.924 Y13.253 Z11.581
G1 X-41.009 Y22.018 Z14.795
G1 X-44.683 Y4.066 Z3.390
G1 X-41.807 Y-5.555 Z9.712
G1 X-38.932 Y9.962 Z-2.045
G1 X-38.622 Y6.411 Z3.505
G1 X-46.308 Y0.451 Z-4.611
G1 X-39.585 Y21.839 Z-1.139
G1 X-37.955 Y3.055 Z-11.600
G1 X-36.684 Y2.253 Z-11.000
G1 X-40.967 Y9.788 Z-18.301
G1 X-41.076 Y8.745 Z-11.111
G1 X-39.734 Y-1.490 Z-23.212
G1 X-38.888 Y-5.427 Z-20.885
G1 X-44.488 Y-3.055 Z-19.775
G1 X-46.088 Y6.748 Z-24.207
G1 X-36.722 Y14.460 Z-28.152
G1 X-37.238 Y21.641 Z-30.759
G1 X-37.817 Y14.106 Z-37.206
G1 X-36.764 Y14.179 Z-35.954
G1 X-43.781 Y8.813 Z-43.795
G1 X-43.914 Y0.691 Z-46.020
G1 X-44.223 Y-2.948 Z-47.947
G1 X-44.670 Y-4.527 Z-49.142
G1 X-44.387 Y-4.503 Z-49.787
G1 X-43.355 Y-3.753 Z-50.714
G1 X-42.292 Y-2.580 Z-52.489
G1 X-41.534 Y-1.038 Z-54.975
G1 X-40.959 Y0.582 Z-58.072
G1 X-40.313 Y1.674 Z-61.917
G1 X-39.460 Y1.304 Z-66.192
G1 X-38.434 Y-0.571 Z-69.534
G1 X-37.449 Y-2.423 Z-71.082
G1 X-37.386 Y-3.353 Z-72.027
G1 X-45.056 Y-1.915 Z-78.980
G1 X-46.289 Y-12.396 Z-79.324
G1 X-46.440 Y-9.015 Z-81.399
G1 X-39.653 Y-9.553 Z-79.985
G1 X-37.436 Y-2.036 Z-87.070
F200.0
G0 X-34.240 Y-7.018 Z-89.558 ; Rapid move
F50.0
G1 X-34.240 Y-7.018 Z-89.558
G1 X-33.330 Y-6.024 Z-85.767
G1 X-35.433 Y5.447 Z-85.090
G1 X-35.106 Y6.716 Z-74.128
G1 X-33.558 Y-7.728 Z-72.951
G1 X-38.773 Y-0.029 Z-77.397
G1 X-40.417 Y-5.209 Z-72.553
G1 X-37.577 Y-1.241 Z-70.783
G1 X-38.100 Y0.822 Z-67.389
G1 X-38.318 Y1.735 Z-62.411
G1 X-38.114 Y0.819 Z-58.397
G1 X-38.233 Y-0.372 Z-55.593
G1 X-38.812 Y-1.220 Z-53.634
G1 X-39.719 Y-1.736 Z-52.389
G1 X-40.388 Y-1.890 Z-51.239
G1 X-40.491 Y-1.060 Z-49.718
G1 X-39.902 Y1.141 Z-48.092
G1 X-38.061 Y4.836 Z-46.474
G1 X-36.568 Y11.614 Z-43.969
G1 X-40.874 Y6.460 Z-33.017
G1 X-42.489 Y1.948 Z-34.141
G1 X-32.713 Y5.488 Z-32.339
G1 X-42.554 Y7.590 Z-29.560
G1 X-42.451 Y15.513 Z-27.316
G1 X-38.961 Y5.256 Z-19.198
G1 X-42.614 Y7.059 Z-21.278
G1 X-42.543 Y-2.544 Z-19.121
G1 X-41.693 Y11.785 Z-18.852
G1 X-35.415 Y12.630 Z-9.056
G1 X-35.649 Y1.440 Z-15.128
G1 X-37.990 Y10.110 Z-3.271
G1 X-37.058 Y-9.993 Z-10.464
G1 X-41.990 Y13.680 Z-5.428
G1 X-39.461 Y1.584 Z4.183
G1 X-37.326 Y-9.967 Z-0.339
G1 X-40.438 Y-1.690 Z0.661
G1 X-42.566 Y4.385 Z7.783
G1 X-41.795 Y14.773 Z7.250
G1 X-41.291 Y-8.856 Z15.895
G1 X-41.942 Y3.946 Z12.601
G1 X-40.198 Y1.061 Z21.989
G1 X-36.744 Y-8.626 Z15.531
G1 X-36.933 Y13.878 Z17.975
G1 X-37.814 Y27.307 Z21.260
G1 X-36.123 Y27.339 Z32.674
G1 X-34.892 Y-4.925 Z34.847
G1 X-35.705 Y3.944 Z28.730
G1 X-42.259 Y3.390 Z37.677
G1 X-41.301 Y-3.998 Z35.431
G1 X-41.387 Y9.401 Z37.835
G1 X-32.708 Y17.080 Z43.943
G1 X-32.778 Y14.066 Z45.488
G1 X-40.729 Y20.173 Z49.359
G1 X-37.357 Y4.430 Z56.401
G1 X-40.834 Y-3.084 Z50.532
G1 X-39.073 Y7.100 Z51.962
G1 X-38.496 Y17.202 Z54.520
G1 X-38.351 Y25.435 Z57.109
G1 X-38.357 Y33.401 Z59.721
G1 X-38.374 Y41.062 Z62.339
F200.0
G0 X-34.131 Y42.503 Z62.308 ; Rapid move
F50.0
G1 X-34.131 Y42.503 Z62.308
G1 X-34.110 Y34.758 Z59.685
G1 X-34.084 Y26.597 Z57.066
G1 X-34.057 Y18.188 Z54.467
G1 X-33.353 Y10.855 Z51.987
G1 X-38.410 Y6.212 Z54.571
G1 X-37.444 Y10.679 Z54.195
G1 X-30.480 Y1.035 Z45.018
G1 X-33.599 Y-2.269 Z51.164
G1 X-36.433 Y-8.152 Z39.579
G1 X-32.789 Y9.162 Z45.973
G1 X-36.259 Y20.858 Z34.677
G1 X-30.387 Y13.657 Z32.162
G1 X-29.710 Y5.264 Z36.342
G1 X-36.726 Y-5.522 Z26.947
G1 X-36.559 Y20.269 Z31.044
G1 X-29.023 Y-6.969 Z23.863
G1 X-37.055 Y10.835 Z19.313
G1 X-34.157 Y-5.801 Z25.204
G1 X-28.666 Y8.428 Z17.976
G1 X-34.668 Y20.707 Z10.403
G1 X-28.709 Y-4.977 Z12.870
G1 X-33.693 Y0.401 Z4.988
G1 X-30.365 Y5.081 Z11.099
G1 X-36.243 Y22.506 Z0.652
G1 X-36.517 Y-4.070 Z-1.878
G1 X-34.786 Y13.183 Z4.392
G1 X-29.125 Y18.384 Z-5.175
G1 X-28.669 Y4.516 Z-5.423
G1 X-38.136 Y-7.394 Z-10.348
G1 X-37.004 Y4.387 Z-7.162
G1 X-33.602 Y18.959 Z-18.336
G1 X-30.220 Y6.638 Z-12.390
G1 X-32.122 Y-11.399 Z-23.340
G1 X-28.846 Y3.453 Z-20.835
G1 X-37.288 Y-5.337 Z-20.422
G1 X-38.460 Y12.066 Z-26.878
G1 X-29.795 Y-3.238 Z-31.825
G1 X-29.103 Y2.268 Z-33.640
G1 X-32.225 Y8.077 Z-29.405
G1 X-31.708 Y20.204 Z-40.874
G1 X-31.610 Y7.610 Z-43.799
G1 X-35.843 Y7.430 Z-44.457
G1 X-36.186 Y4.714 Z-47.507
G1 X-35.782 Y2.104 Z-50.380
G1 X-35.032 Y0.275 Z-52.732
G1 X-34.028 Y-0.375 Z-54.111
G1 X-33.148 Y-0.473 Z-54.685
G1 X-32.854 Y-0.209 Z-55.901
G1 X-32.850 Y0.751 Z-58.208
G1 X-32.838 Y1.930 Z-61.563
G1 X-33.762 Y1.645 Z-67.445
G1 X-32.802 Y-4.964 Z-72.421
G1 X-32.004 Y-5.631 Z-65.981
G1 X-29.006 Y5.491 Z-72.958
G1 X-36.402 Y2.443 Z-79.724
G1 X-38.224 Y-10.011 Z-80.028
G1 X-35.308 Y-5.277 Z-76.236
G1 X-31.284 Y-7.326 Z-87.756
G1 X-31.053 Y-17.018 Z-90.185
F200.0
G0 X-28.452 Y-23.698 Z-90.784 ; Rapid move
F50.0
G1 X-28.452 Y-23.698 Z-90.784
G1 X-29.530 Y-9.691 Z-88.425
G1 X-33.732 Y2.652 Z-78.843
G1 X-34.340 Y-7.659 Z-76.759
G1 X-34.097 Y-11.694 Z-73.552
G1 X-31.228 Y-8.627 Z-77.784
G1 X-34.541 Y2.834 Z-70.339
G1 X-32.390 Y-0.346 Z-63.919
G1 X-26.125 Y-2.819 Z-66.603
G1 X-27.923 Y-0.087 Z-63.621
G1 X-27.700 Y-1.008 Z-58.260
G1 X-27.174 Y-2.404 Z-55.937
G1 X-26.827 Y-2.849 Z-55.151
G1 X-27.372 Y-2.384 Z-54.912
G1 X-28.513 Y-0.419 Z-53.650
G1 X-29.754 Y3.263 Z-51.439
G1 X-31.472 Y7.625 Z-48.260
G1 X-33.518 Y9.917 Z-42.876
G1 X-31.555 Y10.766 Z-43.597
G1 X-29.183 Y12.932 Z-31.871
G1 X-30.095 Y-1.825 Z-39.043
G1 X-33.635 Y10.423 Z-28.613
G1 X-26.156 Y-2.525 Z-32.535
G1 X-30.210 Y0.404 Z-21.604
G1 X-29.615 Y18.879 Z-28.785
G1 X-29.802 Y27.497 Z-16.349
G1 X-25.471 Y22.388 Z-20.828
G1 X-28.134 Y13.691 Z-11.265
G1 X-25.044 Y-11.364 Z-11.580
G1 X-25.049 Y-13.554 Z-12.253
G1 X-25.835 Y-4.921 Z-11.473
G1 X-25.408 Y22.996 Z-6.839
G1 X-34.610 Y1.019 Z-3.225
G1 X-24.717 Y18.367 Z0.341
G1 X-25.035 Y2.442 Z0.364
G1 X-33.761 Y18.034 Z2.014
G1 X-34.133 Y9.744 Z9.484
G1 X-25.100 Y0.050 Z12.002
G1 X-32.610 Y-6.294 Z13.136
G1 X-27.984 Y3.254 Z16.555
G1 X-27.167 Y-6.865 Z13.807
G1 X-33.921 Y-3.800 Z22.813
G1 X-29.529 Y-7.475 Z17.929
G1 X-24.673 Y19.394 Z26.027
G1 X-25.243 Y13.808 Z30.387
G1 X-25.723 Y9.058 Z33.244
G1 X-26.924 Y-6.636 Z37.067
G1 X-26.676 Y3.644 Z31.924
G1 X-26.544 Y-9.777 Z42.377
G1 X-26.010 Y-10.292 Z37.957
G1 X-30.791 Y-6.346 Z38.887
G1 X-27.342 Y14.503 Z42.074
G1 X-33.957 Y9.974 Z51.208
G1 X-33.211 Y-1.003 Z54.520
G1 X-29.224 Y6.176 Z49.204
G1 X-31.320 Y14.108 Z52.264
G1 X-30.931 Y20.916 Z54.666
G1 X-30.510 Y28.523 Z57.154
G1 X-30.257 Y36.221 Z59.720
G1 X-30.127 Y43.732 Z62.318
F200.0
G0 X-26.035 Y44.885 Z62.328 ; Rapid move
F50.0
G1 X-26.035 Y44.885 Z62.328
G1 X-26.115 Y37.743 Z59.735
G1 X-26.249 Y30.628 Z57.159
G1 X-26.377 Y23.526 Z54.575
G1 X-26.318 Y15.859 Z51.914
G1 X-26.318 Y7.749 Z49.454
G1 X-20.908 Y7.624 Z52.830
G1 X-29.332 Y-2.075 Z45.535
G1 X-30.609 Y-5.477 Z46.171
G1 X-26.987 Y14.092 Z48.231
G1 X-30.504 Y3.920 Z40.028
G1 X-26.761 Y-7.986 Z42.134
G1 X-21.578 Y-12.837 Z33.008
G1 X-23.852 Y-10.544 Z37.850
G1 X-23.202 Y15.489 Z35.025
G1 X-20.743 Y7.086 Z27.131
G1 X-25.149 Y-1.904 Z20.536
G1 X-22.064 Y-11.764 Z26.194
G1 X-25.303 Y15.771 Z25.259
G1 X-29.296 Y-5.871 Z14.324
G1 X-29.958 Y-2.117 Z17.597
G1 X-29.689 Y15.227 Z15.356
G1 X-23.047 Y22.564 Z6.823
G1 X-20.671 Y13.418 Z6.809
G1 X-21.006 Y15.438 Z6.558
G1 X-27.046 Y3.998 Z-2.625
G1 X-27.810 Y3.964 Z4.030
G1 X-21.389 Y23.386 Z-5.614
G1 X-21.689 Y1.632 Z-8.006
G1 X-26.366 Y-22.612 Z-13.155
G1 X-23.968 Y-29.077 Z-6.378
G1 X-26.060 Y-7.025 Z-8.454
G1 X-29.913 Y16.146 Z-18.534
G1 X-24.722 Y-11.123 Z-23.364
G1 X-20.660 Y-2.422 Z-21.007
G1 X-30.066 Y-2.023 Z-26.001
G1 X-30.143 Y-6.662 Z-24.334
G1 X-30.112 Y-0.321 Z-27.130
G1 X-30.234 Y6.678 Z-29.702
G1 X-21.128 Y15.059 Z-32.162
G1 X-30.482 Y15.328 Z-37.832
G1 X-29.983 Y6.642 Z-41.708
G1 X-21.830 Y10.206 Z-40.057
G1 X-23.204 Y6.000 Z-48.506
G1 X-23.252 Y0.057 Z-51.156
G1 X-22.825 Y-4.589 Z-53.248
G1 X-22.230 Y-6.836 Z-54.475
G1 X-22.242 Y-6.870 Z-54.308
G1 X-23.512 Y-5.415 Z-55.026
G1 X-22.952 Y-4.137 Z-57.776
G1 X-24.689 Y-0.541 Z-59.824
G1 X-30.380 Y-1.390 Z-64.924
G1 X-30.025 Y-6.481 Z-69.359
G1 X-23.446 Y-5.613 Z-72.141
G1 X-29.733 Y-14.066 Z-75.759
G1 X-23.376 Y-4.762 Z-71.253
G1 X-20.847 Y6.497 Z-79.214
G1 X-24.748 Y1.511 Z-85.709
G1 X-23.608 Y-15.190 Z-87.984
G1 X-24.968 Y-26.781 Z-90.842
F200.0
G0 X-23.724 Y-24.409 Z-90.410 ; Rapid move
F50.0
G1 X-23.724 Y-24.409 Z-90.410
G1 X-24.006 Y-15.019 Z-87.773
G1 X-25.712 Y0.957 Z-80.889
G1 X-21.747 Y1.646 Z-83.223
G1 X-23.539 Y5.715 Z-71.186
G1 X-16.749 Y-13.337 Z-73.221
G1 X-25.751 Y-1.964 Z-67.758
G1 X-21.975 Y-3.163 Z-72.834
G1 X-18.361 Y-1.916 Z-61.627
G1 X-25.813 Y0.452 Z-65.173
G1 X-17.533 Y-7.798 Z-57.656
G1 X-25.680 Y-7.150 Z-55.561
G1 X-23.182 Y-8.708 Z-52.171
G1 X-21.277 Y-8.209 Z-52.548
G1 X-18.587 Y-9.204 Z-52.500
G1 X-18.746 Y-6.297 Z-50.779
G1 X-19.160 Y-0.791 Z-48.549
G1 X-20.307 Y6.139 Z-46.568
G1 X-17.700 Y14.354 Z-41.894
G1 X-17.498 Y7.746 Z-34.020
G1 X-26.565 Y-2.610 Z-34.756
G1 X-25.020 Y-10.992 Z-27.960
G1 X-23.720 Y9.003 Z-33.514
G1 X-18.220 Y23.197 Z-23.328
G1 X-16.654 Y13.281 Z-23.949
G1 X-20.848 Y3.084 Z-16.285
G1 X-26.559 Y-18.046 Z-18.798
G1 X-17.402 Y-8.648 Z-18.594
G1 X-26.435 Y-1.491 Z-14.729
G1 X-25.910 Y-3.457 Z-8.269
G1 X-20.334 Y2.763 Z-13.054
G1 X-22.988 Y8.468 Z-0.841
G1 X-26.552 Y-10.287 Z-3.051
G1 X-26.468 Y-8.513 Z-0.073
G1 X-26.576 Y-9.435 Z2.450
G1 X-22.537 Y-11.696 Z8.159
G1 X-19.899 Y-10.652 Z2.685
G1 X-17.219 Y6.130 Z12.163
G1 X-18.730 Y14.634 Z8.478
G1 X-26.336 Y18.667 Z16.759
G1 X-24.881 Y-1.722 Z21.495
G1 X-23.417 Y-15.941 Z15.766
G1 X-24.491 Y-13.477 Z26.927
G1 X-21.655 Y-12.885 Z20.510
G1 X-18.618 Y3.323 Z32.060
G1 X-16.715 Y-9.484 Z31.249
G1 X-16.824 Y14.872 Z33.103
G1 X-24.146 Y1.585 Z31.579
G1 X-26.248 Y19.531 Z39.988
G1 X-20.515 Y11.753 Z45.888
G1 X-18.392 Y-11.406 Z47.313
G1 X-24.348 Y-3.651 Z42.093
G1 X-25.895 Y6.107 Z51.403
G1 X-20.110 Y-0.956 Z47.522
G1 X-23.524 Y10.846 Z49.578
G1 X-21.703 Y18.180 Z52.013
G1 X-21.433 Y24.520 Z54.563
G1 X-21.616 Y31.362 Z57.125
G1 X-21.782 Y38.470 Z59.714
G1 X-21.882 Y45.628 Z62.317
F200.0
G0 X-17.952 Y46.187 Z62.304 ; Rapid move
F50.0
G1 X-17.952 Y46.187 Z62.304
G1 X-17.827 Y38.662 Z59.684
G1 X-17.592 Y30.859 Z57.069
G1 X-17.185 Y22.797 Z54.479
G1 X-16.514 Y14.477 Z51.976
G1 X-15.092 Y6.961 Z50.146
G1 X-13.775 Y8.077 Z48.804
G1 X-14.415 Y3.970 Z52.641
G1 X-12.738 Y14.681 Z46.193
G1 X-17.242 Y0.066 Z38.688
G1 X-14.010 Y-13.070 Z44.482
G1 X-15.828 Y12.277 Z43.050
G1 X-21.046 Y19.741 Z32.399
G1 X-16.581 Y-16.183 Z28.418
G1 X-19.054 Y-9.652 Z35.452
G1 X-18.593 Y19.503 Z32.923
G1 X-14.312 Y5.242 Z21.768
G1 X-22.594 Y-0.790 Z22.977
G1 X-16.260 Y3.982 Z25.081
G1 X-12.710 Y19.208 Z18.210
G1 X-16.169 Y8.825 Z10.362
G1 X-14.163 Y0.826 Z16.070
G1 X-21.657 Y11.800 Z7.003
G1 X-21.252 Y16.073 Z10.745
G1 X-22.569 Y3.827 Z5.430
G1 X-17.159 Y16.378 Z-2.795
G1 X-20.803 Y2.203 Z3.399
G1 X-19.345 Y-8.530 Z-7.709
G1 X-13.982 Y4.196 Z-2.241
G1 X-21.207 Y11.735 Z-11.694
G1 X-12.831 Y15.258 Z-9.487
G1 X-12.825 Y11.651 Z-14.744
G1 X-19.997 Y10.232 Z-11.642
G1 X-14.326 Y22.750 Z-22.250
G1 X-14.696 Y5.826 Z-25.148
G1 X-21.308 Y4.920 Z-20.561
G1 X-16.663 Y7.204 Z-23.382
G1 X-13.699 Y6.648 Z-25.938
G1 X-14.470 Y14.955 Z-35.438
G1 X-12.892 Y9.283 Z-32.916
G1 X-17.973 Y9.018 Z-31.864
G1 X-15.066 Y3.182 Z-36.143
G1 X-15.435 Y1.886 Z-46.320
G1 X-15.997 Y-5.476 Z-48.895
G1 X-17.669 Y-9.167 Z-51.312
G1 X-19.826 Y-9.747 Z-47.182
G1 X-20.299 Y-7.136 Z-48.298
G1 X-21.261 Y-0.640 Z-58.063
G1 X-17.318 Y1.139 Z-52.647
G1 X-17.761 Y-7.650 Z-65.092
G1 X-15.354 Y-15.171 Z-58.378
G1 X-20.510 Y4.209 Z-61.493
G1 X-21.382 Y-6.666 Z-71.084
G1 X-15.058 Y1.470 Z-66.290
G1 X-20.621 Y-7.644 Z-77.008
G1 X-13.689 Y2.205 Z-72.845
G1 X-16.436 Y-0.238 Z-82.766
G1 X-19.046 Y-5.000 Z-84.346
G1 X-17.352 Y-10.609 Z-88.177
G1 X-18.520 Y-19.321 Z-90.781
F200.0
G0 X-13.303 Y-18.335 Z-90.739 ; Rapid move
F50.0
G1 X-13.303 Y-18.335 Z-90.739
G1 X-12.466 Y-11.611 Z-87.938
G1 X-10.905 Y-6.062 Z-84.267
G1 X-10.980 Y-2.738 Z-80.066
G1 X-10.503 Y-4.624 Z-79.100
G1 X-18.364 Y-0.293 Z-72.057
G1 X-15.279 Y-10.820 Z-65.965
G1 X-17.973 Y-11.378 Z-66.952
G1 X-8.787 Y-12.891 Z-65.180
G1 X-14.485 Y-12.170 Z-61.714
G1 X-15.048 Y-3.332 Z-64.883
G1 X-15.309 Y6.234 Z-53.169
G1 X-18.584 Y-4.694 Z-55.143
G1 X-17.122 Y3.945 Z-54.192
G1 X-12.381 Y-0.736 Z-45.496
G1 X-16.824 Y-4.818 Z-50.512
G1 X-18.354 Y-0.620 Z-45.894
G1 X-8.848 Y-7.553 Z-41.263
G1 X-12.406 Y14.261 Z-44.178
G1 X-9.006 Y18.661 Z-36.330
G1 X-14.117 Y24.404 Z-31.790
G1 X-12.264 Y-8.599 Z-26.791
G1 X-16.976 Y1.681 Z-32.696
G1 X-8.746 Y3.113 Z-27.407
G1 X-11.692 Y16.707 Z-28.166
G1 X-10.113 Y8.463 Z-17.698
G1 X-18.560 Y10.306 Z-19.348
G1 X-9.333 Y15.842 Z-17.803
G1 X-16.095 Y11.258 Z-9.120
G1 X-18.618 Y1.647 Z-10.787
G1 X-14.178 Y-6.465 Z-5.576
G1 X-18.571 Y9.610 Z-5.770
G1 X-11.219 Y18.422 Z-7.391
G1 X-10.057 Y20.629 Z2.962
G1 X-8.720 Y-2.621 Z3.057
G1 X-9.092 Y-3.921 Z6.817
G1 X-8.829 Y-17.936 Z8.381
G1 X-9.621 Y12.533 Z6.963
G1 X-10.018 Y-9.489 Z15.942
G1 X-10.834 Y15.943 Z10.990
G1 X-15.765 Y-2.011 Z22.225
G1 X-15.210 Y-12.967 Z15.575
G1 X-18.225 Y21.384 Z24.520
G1 X-18.177 Y9.306 Z23.497
G1 X-14.971 Y21.716 Z32.449
G1 X-15.618 Y4.407 Z35.235
G1 X-18.076 Y-6.950 Z31.168
G1 X-15.972 Y9.481 Z31.563
G1 X-11.028 Y16.665 Z42.585
G1 X-13.094 Y-15.100 Z45.959
G1 X-9.668 Y1.288 Z40.748
G1 X-10.806 Y-3.866 Z42.189
G1 X-17.857 Y2.019 Z51.103
G1 X-9.749 Y7.955 Z51.026
G1 X-14.964 Y9.836 Z49.731
G1 X-14.866 Y15.547 Z52.056
G1 X-14.501 Y23.423 Z54.527
G1 X-14.372 Y31.687 Z57.108
G1 X-14.315 Y39.693 Z59.717
G1 X-14.271 Y47.307 Z62.332
F200.0
G0 X-10.556 Y49.272 Z62.402 ; Rapid move
F50.0
G1 X-10.556 Y49.272 Z62.402
G1 X-10.731 Y42.052 Z59.817
G1 X-10.932 Y34.521 Z57.249
G1 X-11.103 Y26.712 Z54.685
G1 X-11.043 Y18.651 Z52.057
G1 X-10.263 Y10.487 Z49.324
G1 X-5.316 Y6.766 Z51.012
G1 X-14.039 Y-6.570 Z46.537
G1 X-12.044 Y-3.459 Z50.555
G1 X-5.239 Y13.261 Z41.470
G1 X-7.648 Y-9.931 Z36.533
G1 X-4.778 Y-6.250 Z37.539
G1 X-13.005 Y-15.018 Z34.606
G1 X-8.943 Y-15.137 Z35.447
G1 X-7.135 Y-3.204 Z34.999
G1 X-5.543 Y24.013 Z30.592
G1 X-6.949 Y4.533 Z21.310
G1 X-12.697 Y-12.820 Z26.839
G1 X-13.790 Y19.425 Z17.592
G1 X-11.685 Y-7.798 Z13.184
G1 X-5.937 Y-15.002 Z12.050
G1 X-11.147 Y-11.498 Z17.266
G1 X-11.436 Y3.305 Z5.279
G1 X-11.538 Y2.793 Z11.949
G1 X-12.316 Y9.197 Z0.526
G1 X-14.256 Y-10.796 Z3.984
G1 X-10.086 Y16.414 Z4.490
G1 X-10.323 Y7.136 Z-7.971
G1 X-7.228 Y19.341 Z-1.270
G1 X-10.545 Y15.322 Z-13.136
G1 X-13.269 Y-3.644 Z-7.874
G1 X-13.203 Y-19.251 Z-16.615
G1 X-12.569 Y-12.841 Z-11.997
G1 X-12.920 Y-6.522 Z-22.355
G1 X-14.349 Y-15.225 Z-22.627
G1 X-6.584 Y-23.000 Z-27.448
G1 X-12.999 Y-25.392 Z-23.155
G1 X-5.041 Y13.444 Z-27.034
G1 X-12.989 Y-9.191 Z-27.892
G1 X-12.142 Y-14.821 Z-38.433
G1 X-7.250 Y-10.747 Z-32.425
G1 X-13.813 Y8.805 Z-41.382
G1 X-13.857 Y8.079 Z-39.350
G1 X-10.268 Y-2.769 Z-49.437
G1 X-6.251 Y-3.224 Z-43.577
G1 X-9.978 Y2.448 Z-54.663
G1 X-11.249 Y5.365 Z-47.793
G1 X-4.980 Y-2.610 Z-56.708
G1 X-4.819 Y-11.793 Z-56.312
G1 X-5.484 Y3.142 Z-62.801
G1 X-14.587 Y-10.226 Z-62.288
G1 X-13.510 Y-0.480 Z-62.197
G1 X-9.704 Y8.169 Z-63.695
G1 X-10.915 Y6.874 Z-75.120
G1 X-13.333 Y-0.854 Z-75.251
G1 X-6.237 Y-0.690 Z-76.799
G1 X-8.581 Y-4.997 Z-82.439
G1 X-8.111 Y-9.188 Z-84.935
G1 X-8.148 Y-14.048 Z-87.712
G1 X-8.591 Y-19.580 Z-90.516
F200.0
G0 X-4.094 Y-21.846 Z-90.294 ; Rapid move
F50.0
G1 X-4.094 Y-21.846 Z-90.294
G1 X-3.803 Y-16.918 Z-87.563
G1 X-3.607 Y-12.231 Z-84.849
G1 X-3.364 Y-7.774 Z-82.107
G1 X-2.476 Y-3.652 Z-78.767
G1 X-1.582 Y-1.779 Z-72.280
G1 X-5.445 Y1.006 Z-75.374
G1 X-1.930 Y4.642 Z-64.683
G1 X-9.219 Y-2.796 Z-68.489
G1 X-8.621 Y-5.622 Z-58.763
G1 X-8.939 Y-7.691 Z-63.766
G1 X-9.749 Y-3.199 Z-54.771
G1 X-10.193 Y-3.537 Z-56.942
G1 X-8.893 Y-11.023 Z-48.582
G1 X-10.102 Y-16.821 Z-51.150
G1 X-6.257 Y0.830 Z-52.065
G1 X-9.593 Y-4.783 Z-41.541
G1 X-0.932 Y-12.912 Z-43.472
G1 X-0.877 Y-4.802 Z-39.243
G1 X-8.406 Y-6.445 Z-40.881
G1 X-8.744 Y13.306 Z-38.068
G1 X-9.353 Y17.784 Z-28.308
G1 X-10.128 Y11.974 Z-31.080
G1 X-0.737 Y18.526 Z-26.396
G1 X-10.445 Y14.423 Z-22.533
G1 X-9.792 Y17.104 Z-23.894
G1 X-1.701 Y21.753 Z-15.636
G1 X-0.710 Y-6.273 Z-15.257
G1 X-0.684 Y18.331 Z-13.391
G1 X-7.783 Y-17.185 Z-6.333
G1 X-8.201 Y-19.309 Z-12.450
G1 X-4.198 Y-19.215 Z-0.884
G1 X-1.049 Y-23.297 Z-4.916
G1 X-0.654 Y-20.165 Z-0.796
G1 X-0.685 Y-3.541 Z1.574
G1 X-7.539 Y1.269 Z0.135
G1 X-1.045 Y3.328 Z9.261
G1 X-7.998 Y24.420 Z5.551
G1 X-8.044 Y4.203 Z16.895
G1 X-5.259 Y0.446 Z10.142
G1 X-9.301 Y-15.458 Z20.329
G1 X-6.875 Y-3.996 Z25.105
G1 X-7.666 Y-15.831 Z27.110
G1 X-0.973 Y-19.273 Z24.379
G1 X-8.692 Y-5.618 Z24.171
G1 X-10.583 Y6.640 Z30.164
G1 X-9.386 Y-4.128 Z30.023
G1 X-8.324 Y16.803 Z31.743
G1 X-8.520 Y17.458 Z42.439
G1 X-3.827 Y-8.173 Z45.705
G1 X-6.724 Y-15.175 Z38.827
G1 X-1.162 Y5.084 Z44.250
G1 X-5.757 Y-0.724 Z53.594
G1 X-6.652 Y3.930 Z46.633
G1 X-7.375 Y15.243 Z49.541
G1 X-7.340 Y23.485 Z52.180
G1 X-7.154 Y30.958 Z54.746
G1 X-6.945 Y38.049 Z57.303
G1 X-6.742 Y44.905 Z59.867
G1 X-6.562 Y51.560 Z62.446
F200.0
G0 X-2.254 Y53.360 Z62.433 ; Rapid move
F50.0
G1 X-2.254 Y53.360 Z62.433
G1 X-2.296 Y47.029 Z59.823
G1 X-2.289 Y40.495 Z57.206
G1 X-2.194 Y33.664 Z54.568
G1 X-1.977 Y26.208 Z51.896
G1 X-1.797 Y17.195 Z49.197
G1 X-2.195 Y4.931 Z46.557
G1 X1.608 Y-6.255 Z52.232
G1 X2.937 Y2.847 Z44.578
G1 X-1.007 Y-5.561 Z39.264
G1 X-6.349 Y-2.606 Z42.633
G1 X3.225 Y-4.452 Z39.537
G1 X3.061 Y3.435 Z37.532
G1 X0.235 Y-10.777 Z28.662
G1 X0.251 Y-14.005 Z35.280
G1 X2.939 Y17.894 Z29.934
G1 X-6.215 Y18.915 Z26.354
G1 X1.333 Y-0.450 Z18.882
G1 X3.109 Y-18.083 Z21.543
G1 X-4.014 Y-1.035 Z22.084
G1 X-6.057 Y7.559 Z12.867
G1 X2.630 Y-8.799 Z9.948
G1 X3.026 Y-15.173 Z8.161
G1 X-0.844 Y-14.253 Z12.251
G1 X-5.337 Y22.460 Z7.469
G1 X-0.229 Y-1.231 Z-2.632
G1 X-6.347 Y-13.774 Z1.155
G1 X-6.020 Y8.182 Z-0.738
G1 X1.745 Y13.625 Z-9.161
G1 X-1.565 Y-17.977 Z-13.200
G1 X-0.104 Y0.280 Z-6.080
G1 X-6.202 Y5.143 Z-15.425
G1 X1.779 Y2.220 Z-12.381
G1 X-0.001 Y6.980 Z-23.318
G1 X-4.159 Y1.185 Z-16.935
G1 X0.873 Y-20.783 Z-28.106
G1 X1.727 Y-19.909 Z-22.753
G1 X-4.906 Y10.266 Z-25.247
G1 X-6.529 Y-1.027 Z-30.671
G1 X-1.903 Y-1.684 Z-39.164
G1 X-2.372 Y-20.555 Z-31.859
G1 X-5.543 Y9.196 Z-36.337
G1 X-4.750 Y7.861 Z-45.853
G1 X1.361 Y-5.963 Z-40.575
G1 X-0.760 Y14.991 Z-49.195
G1 X2.802 Y0.244 Z-51.917
G1 X0.576 Y-7.036 Z-56.795
G1 X3.080 Y-16.298 Z-56.471
G1 X-1.784 Y-15.411 Z-52.663
G1 X-6.325 Y-6.745 Z-61.594
G1 X2.105 Y-5.322 Z-59.540
G1 X2.265 Y-6.381 Z-66.943
G1 X-5.618 Y2.121 Z-70.416
G1 X-0.476 Y-4.829 Z-74.537
G1 X1.794 Y-7.127 Z-75.318
G1 X1.978 Y-9.649 Z-78.098
G1 X1.575 Y-12.790 Z-81.336
G1 X1.143 Y-16.533 Z-84.355
G1 X0.776 Y-20.628 Z-87.211
G1 X0.431 Y-24.918 Z-89.991
F200.0
G0 X4.831 Y-28.550 Z-89.643 ; Rapid move
F50.0
G1 X4.831 Y-28.550 Z-89.643
G1 X5.150 Y-24.931 Z-86.848
G1 X5.429 Y-21.452 Z-84.025
G1 X5.617 Y-18.160 Z-81.224
G1 X5.597 Y-15.024 Z-78.597
G1 X5.228 Y-11.852 Z-76.338
G1 X4.656 Y-8.275 Z-74.214
G1 X2.415 Y-4.186 Z-72.425
G1 X-0.991 Y2.013 Z-65.242
G1 X-1.199 Y-6.547 Z-59.358
G1 X3.973 Y-2.353 Z-64.721
G1 X0.774 Y-1.316 Z-52.907
G1 X-1.246 Y-3.332 Z-58.332
G1 X7.317 Y-12.234 Z-52.448
G1 X6.866 Y-5.628 Z-47.642
G1 X7.292 Y-18.081 Z-47.703
G1 X1.888 Y0.296 Z-49.410
G1 X7.346 Y1.396 Z-41.988
G1 X7.325 Y6.434 Z-39.168
G1 X-1.912 Y-11.301 Z-34.432
G1 X6.320 Y20.218 Z-37.190
G1 X7.360 Y7.560 Z-31.491
G1 X6.749 Y17.569 Z-26.604
G1 X-1.750 Y-17.563 Z-23.915
G1 X-2.494 Y-5.686 Z-24.917
G1 X-2.560 Y-15.559 Z-21.525
G1 X-2.447 Y11.301 Z-17.513
G1 X-2.484 Y8.107 Z-14.872
G1 X-1.527 Y-8.149 Z-16.487
G1 X3.564 Y5.256 Z-5.991
G1 X4.276 Y3.873 Z-12.848
G1 X5.644 Y10.519 Z-1.882
G1 X3.189 Y-10.596 Z1.850
G1 X0.526 Y-17.704 Z-0.202
G1 X1.713 Y-17.528 Z-2.756
G1 X-2.547 Y13.691 Z4.111
G1 X-2.578 Y-9.498 Z7.951
G1 X6.454 Y-13.001 Z12.768
G1 X6.666 Y-18.173 Z10.055
G1 X3.325 Y19.568 Z10.220
G1 X1.115 Y20.380 Z22.542
G1 X3.154 Y-2.041 Z15.381
G1 X4.491 Y-11.833 Z27.388
G1 X-1.268 Y14.262 Z22.170
G1 X-2.274 Y-15.386 Z29.911
G1 X-0.898 Y10.229 Z26.926
G1 X2.039 Y14.821 Z38.215
G1 X2.262 Y-17.590 Z40.824
G1 X-1.214 Y-17.544 Z35.048
G1 X-0.997 Y7.870 Z37.393
G1 X0.282 Y2.408 Z48.170
G1 X5.765 Y3.413 Z46.791
G1 X-0.888 Y-6.265 Z45.163
G1 X2.794 Y6.162 Z46.582
G1 X2.864 Y16.714 Z49.232
G1 X2.751 Y25.816 Z51.869
G1 X2.545 Y33.841 Z54.504
G1 X2.341 Y41.110 Z57.140
G1 X2.199 Y47.867 Z59.774
G1 X2.124 Y54.256 Z62.405
F200.0
G0 X6.314 Y54.498 Z62.389 ; Rapid move
F50.0
G1 X6.314 Y54.498 Z62.389
G1 X6.369 Y47.928 Z59.751
G1 X6.448 Y40.872 Z57.114
G1 X6.520 Y33.221 Z54.478
G1 X6.525 Y24.896 Z51.847
G1 X6.365 Y16.014 Z49.232
G1 X6.224 Y7.172 Z46.637
G1 X5.919 Y-2.778 Z43.985
G1 X3.827 Y-10.561 Z49.963
G1 X5.103 Y8.188 Z48.456
G1 X8.776 Y4.416 Z36.713
G1 X11.027 Y-6.185 Z36.682
G1 X10.425 Y-23.655 Z38.669
G1 X9.263 Y13.707 Z37.332
G1 X1.772 Y-10.024 Z29.852
G1 X1.812 Y16.818 Z26.807
G1 X10.275 Y-18.417 Z22.425
G1 X9.382 Y-15.936 Z19.625
G1 X2.467 Y-15.002 Z23.393
G1 X9.885 Y8.623 Z21.222
G1 X7.874 Y-16.989 Z10.378
G1 X9.852 Y11.798 Z15.810
G1 X3.022 Y6.099 Z13.610
G1 X11.049 Y17.590 Z8.304
G1 X5.323 Y-1.083 Z-0.137
G1 X1.587 Y-23.324 Z3.468
G1 X10.888 Y-7.417 Z-2.078
G1 X3.167 Y-1.455 Z-6.849
G1 X5.382 Y-1.893 Z-10.325
G1 X11.139 Y-12.051 Z-6.781
G1 X8.323 Y17.043 Z-6.291
G1 X6.944 Y-16.467 Z-18.372
G1 X11.346 Y-10.373 Z-16.327
G1 X3.389 Y-25.858 Z-22.300
G1 X2.670 Y-31.171 Z-18.059
G1 X8.876 Y0.554 Z-19.484
G1 X4.634 Y19.624 Z-31.063
G1 X1.497 Y-11.014 Z-30.085
G1 X1.910 Y-23.503 Z-29.347
G1 X5.771 Y-15.430 Z-39.081
G1 X7.009 Y-7.356 Z-31.824
G1 X3.938 Y8.273 Z-43.719
G1 X7.345 Y-1.089 Z-37.335
G1 X11.001 Y-6.033 Z-46.266
G1 X1.400 Y-1.831 Z-46.922
G1 X4.225 Y-13.175 Z-45.561
G1 X8.004 Y-0.326 Z-57.012
G1 X2.118 Y0.996 Z-52.939
G1 X11.258 Y-10.565 Z-56.747
G1 X8.758 Y-3.609 Z-55.932
G1 X5.701 Y-2.820 Z-67.501
G1 X10.728 Y-6.152 Z-66.972
G1 X10.089 Y-9.674 Z-70.753
G1 X9.707 Y-13.784 Z-73.661
G1 X9.703 Y-17.424 Z-76.111
G1 X9.750 Y-20.605 Z-78.536
G1 X9.716 Y-23.553 Z-81.090
G1 X9.578 Y-26.443 Z-83.774
G1 X9.354 Y-29.370 Z-86.529
G1 X9.069 Y-32.358 Z-89.303
F200.0
G0 X13.152 Y-35.980 Z-88.967 ; Rapid move
F50.0
G1 X13.152 Y-35.980 Z-88.967
G1 X13.443 Y-33.604 Z-86.202
G1 X13.685 Y-31.271 Z-83.457
G1 X13.878 Y-28.948 Z-80.756
G1 X14.031 Y-26.571 Z-78.109
G1 X14.169 Y-24.057 Z-75.483
G1 X14.313 Y-21.346 Z-72.825
G1 X14.415 Y-18.429 Z-70.181
G1 X14.292 Y-15.155 Z-67.878
G1 X13.849 Y-10.840 Z-65.980
G1 X12.202 Y-3.062 Z-64.614
G1 X7.634 Y0.260 Z-53.431
G1 X5.804 Y-10.693 Z-55.624
G1 X8.924 Y6.182 Z-57.094
G1 X7.754 Y2.336 Z-45.508
G1 X13.979 Y-15.226 Z-50.586
G1 X12.327 Y0.095 Z-40.014
G1 X15.245 Y1.426 Z-42.839
G1 X14.942 Y-5.541 Z-37.410
G1 X14.828 Y-20.402 Z-35.284
G1 X14.721 Y4.441 Z-36.623
G1 X15.297 Y9.974 Z-30.795
G1 X13.753 Y-8.540 Z-25.337
G1 X15.130 Y-25.331 Z-25.088
G1 X5.464 Y-22.564 Z-23.431
G1 X8.897 Y-10.417 Z-25.977
G1 X5.885 Y21.779 Z-16.626
G1 X8.016 Y-19.828 Z-11.619
G1 X5.590 Y-18.337 Z-14.846
G1 X9.038 Y12.395 Z-15.638
G1 X8.246 Y6.705 Z-3.716
G1 X5.520 Y-19.947 Z-4.493
G1 X11.473 Y-15.091 Z-7.900
G1 X15.247 Y9.145 Z-1.495
G1 X8.619 Y23.308 Z4.135
G1 X13.704 Y2.506 Z8.433
G1 X15.206 Y-3.752 Z6.404
G1 X15.096 Y-4.117 Z11.505
G1 X14.044 Y-14.339 Z9.174
G1 X14.509 Y13.399 Z17.879
G1 X15.352 Y4.808 Z17.872
G1 X15.156 Y-11.842 Z18.927
G1 X9.865 Y-11.942 Z27.859
G1 X14.060 Y-31.458 Z22.264
G1 X11.901 Y3.983 Z23.339
G1 X15.321 Y14.301 Z30.861
G1 X7.762 Y9.470 Z37.503
G1 X5.557 Y-7.113 Z37.176
G1 X7.118 Y2.388 Z34.689
G1 X11.611 Y1.175 Z45.857
G1 X6.996 Y3.560 Z40.128
G1 X15.015 Y1.820 Z47.830
G1 X8.199 Y1.885 Z44.550
G1 X9.616 Y8.239 Z46.729
G1 X9.877 Y16.657 Z49.275
G1 X10.045 Y25.136 Z51.868
G1 X10.161 Y33.271 Z54.484
G1 X10.231 Y40.897 Z57.113
G1 X10.272 Y47.990 Z59.749
G1 X10.305 Y54.591 Z62.388
F200.0
G0 X14.211 Y54.859 Z62.409 ; Rapid move
F50.0
G1 X14.211 Y54.859 Z62.409
G1 X14.093 Y48.446 Z59.775
G1 X13.956 Y41.606 Z57.150
G1 X13.789 Y34.338 Z54.538
G1 X13.592 Y26.689 Z51.946
G1 X13.399 Y18.780 Z49.372
G1 X13.409 Y10.788 Z46.770
G1 X13.210 Y2.461 Z44.259
G1 X11.617 Y-1.498 Z42.303
G1 X10.952 Y0.419 Z47.244
G1 X19.102 Y5.223 Z41.879
G1 X11.738 Y6.900 Z34.262
G1 X12.572 Y10.238 Z40.513
G1 X14.471 Y8.814 Z28.287
G1 X18.998 Y-20.857 Z32.467
G1 X18.036 Y-6.238 Z31.476
G1 X9.867 Y2.807 Z23.346
G1 X9.722 Y-19.144 Z21.156
G1 X9.420 Y-15.966 Z20.038
G1 X9.509 Y-25.517 Z16.620
G1 X15.168 Y-1.807 Z20.040
G1 X16.032 Y-3.400 Z7.816
G1 X14.382 Y-28.445 Z14.832
G1 X16.690 Y15.922 Z11.728
G1 X9.430 Y13.754 Z5.322
G1 X14.616 Y23.253 Z7.050
G1 X9.873 Y30.101 Z-2.459
G1 X14.396 Y-9.161 Z-8.039
G1 X14.298 Y14.352 Z-0.647
G1 X19.275 Y29.621 Z-8.914
G1 X16.039 Y23.712 Z-15.526
G1 X10.711 Y-14.334 Z-10.042
G1 X10.356 Y-9.175 Z-18.748
G1 X10.464 Y10.754 Z-21.715
G1 X14.079 Y-15.027 Z-16.227
G1 X11.539 Y15.763 Z-27.882
G1 X9.790 Y-18.932 Z-28.203
G1 X19.121 Y5.775 Z-27.460
G1 X19.157 Y-7.016 Z-32.980
G1 X10.843 Y15.387 Z-30.817
G1 X12.458 Y-7.088 Z-41.384
G1 X13.450 Y3.542 Z-34.484
G1 X12.517 Y-0.657 Z-37.466
G1 X11.504 Y-13.649 Z-48.622
G1 X14.648 Y-0.082 Z-42.188
G1 X9.589 Y-3.482 Z-50.341
G1 X12.013 Y1.217 Z-49.732
G1 X17.035 Y2.011 Z-58.974
G1 X18.198 Y-7.071 Z-60.543
G1 X18.031 Y-13.907 Z-63.301
G1 X17.982 Y-19.678 Z-65.811
G1 X18.245 Y-23.634 Z-67.857
G1 X18.386 Y-26.397 Z-70.017
G1 X18.368 Y-28.557 Z-72.434
G1 X18.254 Y-30.426 Z-75.012
G1 X18.085 Y-32.158 Z-77.666
G1 X17.875 Y-33.837 Z-80.365
G1 X17.629 Y-35.523 Z-83.101
G1 X17.346 Y-37.258 Z-85.863
G1 X17.027 Y-39.063 Z-88.634
F200.0
G0 X20.569 Y-41.281 Z-88.317 ; Rapid move
F50.0
G1 X20.569 Y-41.281 Z-88.317
G1 X20.911 Y-39.932 Z-85.542
G1 X21.230 Y-38.689 Z-82.768
G1 X21.520 Y-37.539 Z-80.014
G1 X21.776 Y-36.454 Z-77.303
G1 X21.990 Y-35.380 Z-74.661
G1 X22.154 Y-34.232 Z-72.122
G1 X22.264 Y-32.876 Z-69.713
G1 X22.329 Y-31.111 Z-67.394
G1 X22.401 Y-28.686 Z-65.010
G1 X22.514 Y-25.451 Z-62.455
G1 X22.513 Y-21.381 Z-60.000
G1 X22.321 Y-15.801 Z-57.805
G1 X22.262 Y-8.103 Z-55.327
G1 X13.900 Y-6.327 Z-50.815
G1 X19.847 Y-6.774 Z-42.503
G1 X20.713 Y4.275 Z-48.939
G1 X18.158 Y7.213 Z-36.984
G1 X13.420 Y-16.407 Z-39.676
G1 X19.347 Y-2.115 Z-40.786
G1 X23.246 Y-2.418 Z-34.924
G1 X23.009 Y-12.283 Z-33.182
G1 X15.474 Y-11.964 Z-24.939
G1 X21.160 Y-2.388 Z-30.525
G1 X14.691 Y17.773 Z-26.945
G1 X13.703 Y11.539 Z-21.460
G1 X21.506 Y8.987 Z-14.728
G1 X22.621 Y-21.611 Z-18.630
G1 X21.711 Y13.971 Z-17.060
G1 X23.322 Y13.931 Z-10.248
G1 X13.726 Y-15.264 Z-6.500
G1 X22.494 Y13.546 Z-2.864
G1 X20.501 Y-19.345 Z0.993
G1 X20.717 Y7.368 Z-4.778
G1 X23.339 Y-17.654 Z2.248
G1 X23.360 Y3.146 Z4.863
G1 X13.449 Y-16.744 Z7.903
G1 X21.231 Y-5.497 Z5.870
G1 X15.600 Y-15.775 Z16.653
G1 X20.934 Y-20.693 Z11.041
G1 X22.211 Y-7.163 Z14.539
G1 X16.138 Y-17.885 Z24.764
G1 X19.392 Y-18.359 Z18.016
G1 X19.210 Y16.879 Z30.308
G1 X13.656 Y-4.050 Z26.470
G1 X15.326 Y-6.591 Z34.630
G1 X20.669 Y-11.574 Z28.858
G1 X13.678 Y4.455 Z37.522
G1 X14.758 Y10.253 Z37.696
G1 X13.695 Y-4.290 Z42.773
G1 X20.079 Y2.002 Z39.174
G1 X17.850 Y-4.778 Z41.564
G1 X16.693 Y6.027 Z44.318
G1 X16.852 Y14.285 Z46.932
G1 X17.124 Y21.794 Z49.470
G1 X17.360 Y29.069 Z52.030
G1 X17.577 Y36.108 Z54.609
G1 X17.779 Y42.857 Z57.208
G1 X17.966 Y49.274 Z59.822
G1 X18.140 Y55.343 Z62.449
F200.0
G0 X22.147 Y55.906 Z62.503 ; Rapid move
F50.0
G1 X22.147 Y55.906 Z62.503
G1 X21.941 Y50.246 Z59.877
G1 X21.740 Y44.284 Z57.263
G1 X21.557 Y38.021 Z54.659
G1 X21.417 Y31.469 Z52.059
G1 X21.364 Y24.639 Z49.449
G1 X21.481 Y17.472 Z46.802
G1 X21.759 Y9.557 Z44.105
G1 X20.213 Y0.614 Z42.034
G1 X18.988 Y2.547 Z40.145
G1 X17.630 Y-10.567 Z39.695
G1 X17.463 Y-10.136 Z39.183
G1 X25.976 Y-4.395 Z39.291
G1 X26.976 Y2.030 Z31.383
G1 X18.703 Y-13.031 Z27.390
G1 X26.236 Y1.129 Z31.229
G1 X27.097 Y-5.891 Z23.918
G1 X27.320 Y-7.060 Z22.268
G1 X20.289 Y-28.682 Z15.825
G1 X22.431 Y-23.988 Z22.681
G1 X20.832 Y9.978 Z19.849
G1 X25.508 Y19.955 Z9.388
G1 X23.297 Y-10.437 Z5.029
G1 X24.727 Y-9.326 Z11.731
G1 X22.101 Y2.167 Z-0.240
G1 X22.607 Y-17.518 Z7.104
G1 X27.127 Y16.070 Z1.046
G1 X22.036 Y-9.741 Z-8.025
G1 X17.733 Y-8.216 Z-3.790
G1 X19.319 Y-13.305 Z-12.174
G1 X22.894 Y-28.540 Z-15.020
G1 X27.068 Y-29.350 Z-12.043
G1 X26.240 Y-25.323 Z-18.182
G1 X18.181 Y-25.422 Z-15.992
G1 X21.905 Y-23.782 Z-26.036
G1 X26.554 Y-24.510 Z-21.088
G1 X27.141 Y5.474 Z-25.243
G1 X17.779 Y-8.364 Z-30.911
G1 X22.591 Y-18.481 Z-26.613
G1 X27.328 Y9.003 Z-33.848
G1 X24.476 Y-14.850 Z-41.293
G1 X27.185 Y-19.944 Z-38.553
G1 X26.764 Y-3.434 Z-39.616
G1 X19.458 Y5.377 Z-40.869
G1 X26.338 Y0.673 Z-50.142
G1 X26.717 Y-13.333 Z-52.116
G1 X26.281 Y-20.938 Z-55.290
G1 X26.048 Y-27.076 Z-57.983
G1 X26.161 Y-30.839 Z-60.120
G1 X26.167 Y-33.184 Z-62.297
G1 X26.021 Y-34.774 Z-64.624
G1 X25.793 Y-35.910 Z-66.996
G1 X25.542 Y-36.771 Z-69.386
G1 X25.291 Y-37.487 Z-71.839
G1 X25.039 Y-38.153 Z-74.389
G1 X24.782 Y-38.835 Z-77.032
G1 X24.511 Y-39.582 Z-79.743
G1 X24.228 Y-40.427 Z-82.495
G1 X23.934 Y-41.387 Z-85.264
G1 X23.633 Y-42.466 Z-88.031
F200.0
G0 X26.257 Y-42.725 Z-87.790 ; Rapid move
F50.0
G1 X26.257 Y-42.725 Z-87.790
G1 X26.391 Y-41.767 Z-85.049
G1 X26.508 Y-40.908 Z-82.307
G1 X26.605 Y-40.142 Z-79.582
G1 X26.682 Y-39.455 Z-76.892
G1 X26.744 Y-38.822 Z-74.262
G1 X26.803 Y-38.208 Z-71.712
G1 X26.877 Y-37.569 Z-69.261
G1 X26.985 Y-36.858 Z-66.915
G1 X27.141 Y-36.028 Z-64.679
G1 X27.370 Y-35.020 Z-62.546
G1 X27.744 Y-33.738 Z-60.428
G1 X28.316 Y-32.020 Z-58.118
G1 X28.752 Y-29.761 Z-55.670
G1 X28.068 Y-26.791 Z-53.915
G1 X27.149 Y-20.194 Z-51.978
G1 X28.980 Y-5.814 Z-48.760
G1 X23.309 Y-1.942 Z-38.065
G1 X26.725 Y-11.276 Z-43.154
G1 X28.265 Y6.094 Z-41.348
G1 X22.228 Y-5.694 Z-31.411
G1 X28.442 Y-16.164 Z-36.078
G1 X31.326 Y-10.841 Z-29.462
G1 X26.191 Y19.491 Z-21.824
G1 X21.407 Y-19.515 Z-23.556
G1 X24.780 Y13.902 Z-25.884
G1 X24.101 Y-14.360 Z-14.175
G1 X21.742 Y-2.773 Z-14.142
G1 X21.596 Y-25.307 Z-12.072
G1 X23.155 Y-22.478 Z-13.690
G1 X23.993 Y-11.190 Z-12.610
G1 X29.049 Y6.151 Z-1.447
G1 X25.733 Y-15.140 Z-7.973
G1 X29.754 Y-9.997 Z3.185
G1 X21.963 Y14.101 Z-0.176
G1 X28.057 Y-3.187 Z0.062
G1 X23.602 Y4.985 Z11.485
G1 X22.001 Y-10.475 Z7.512
G1 X30.129 Y11.296 Z9.290
G1 X26.858 Y22.769 Z12.249
G1 X30.988 Y16.455 Z19.291
G1 X23.999 Y15.108 Z24.665
G1 X27.943 Y-19.200 Z18.194
G1 X21.440 Y6.606 Z26.197
G1 X30.846 Y12.414 Z25.913
G1 X28.976 Y20.597 Z34.920
G1 X30.864 Y-11.541 Z31.147
G1 X26.661 Y16.994 Z34.660
G1 X28.264 Y-6.461 Z43.024
G1 X27.461 Y-10.619 Z41.225
G1 X23.636 Y-6.606 Z39.579
G1 X25.650 Y3.584 Z41.521
G1 X25.279 Y11.752 Z44.203
G1 X25.303 Y19.625 Z46.826
G1 X25.334 Y26.897 Z49.462
G1 X25.423 Y33.578 Z52.089
G1 X25.580 Y39.791 Z54.704
G1 X25.785 Y45.627 Z57.318
G1 X26.015 Y51.141 Z59.939
G1 X26.252 Y56.370 Z62.570
F200.0
G0 X30.478 Y56.563 Z62.659 ; Rapid move
F50.0
G1 X30.478 Y56.563 Z62.659
G1 X30.205 Y51.794 Z60.018
G1 X29.918 Y46.778 Z57.390
G1 X29.623 Y41.468 Z54.775
G1 X29.326 Y35.798 Z52.175
G1 X29.028 Y29.687 Z49.591
G1 X28.722 Y23.061 Z47.035
G1 X28.411 Y15.951 Z44.520
G1 X28.328 Y8.873 Z41.980
G1 X31.750 Y0.035 Z38.944
G1 X32.091 Y-9.023 Z45.596
G1 X27.015 Y-4.596 Z34.801
G1 X28.606 Y-8.078 Z40.520
G1 X25.476 Y5.239 Z33.269
G1 X27.094 Y6.748 Z26.978
G1 X29.746 Y6.017 Z23.265
G1 X25.424 Y-11.937 Z26.114
G1 X33.559 Y6.262 Z26.740
G1 X34.299 Y20.614 Z22.967
G1 X35.340 Y14.460 Z17.444
G1 X33.926 Y5.372 Z11.612
G1 X32.850 Y-9.354 Z16.838
G1 X29.662 Y9.066 Z5.013
G1 X34.079 Y-23.440 Z9.781
G1 X25.729 Y4.258 Z2.986
G1 X34.269 Y-1.791 Z5.261
G1 X35.349 Y10.591 Z-0.138
G1 X34.335 Y19.237 Z-0.634
G1 X26.312 Y9.547 Z-8.517
G1 X25.688 Y13.459 Z-6.569
G1 X31.667 Y-14.228 Z-15.638
G1 X34.939 Y-5.255 Z-11.508
G1 X33.370 Y-21.780 Z-19.405
G1 X28.294 Y-1.671 Z-14.075
G1 X34.997 Y19.619 Z-19.803
G1 X34.849 Y18.216 Z-25.812
G1 X34.716 Y-3.593 Z-28.849
G1 X28.134 Y-2.434 Z-24.537
G1 X27.676 Y17.817 Z-35.649
G1 X31.301 Y11.800 Z-38.560
G1 X32.411 Y-11.616 Z-41.277
G1 X26.409 Y-5.516 Z-36.390
G1 X26.617 Y-0.136 Z-41.128
G1 X28.016 Y-5.893 Z-48.795
G1 X27.473 Y-15.427 Z-51.065
G1 X26.976 Y-22.887 Z-53.149
G1 X26.754 Y-27.669 Z-55.287
G1 X26.768 Y-30.718 Z-57.550
G1 X26.888 Y-32.840 Z-59.868
G1 X27.053 Y-34.395 Z-62.190
G1 X27.259 Y-35.560 Z-64.523
G1 X27.496 Y-36.462 Z-66.890
G1 X27.748 Y-37.201 Z-69.307
G1 X27.998 Y-37.851 Z-71.785
G1 X28.231 Y-38.468 Z-74.325
G1 X28.435 Y-39.095 Z-76.922
G1 X28.603 Y-39.764 Z-79.566
G1 X28.730 Y-40.497 Z-82.242
G1 X28.819 Y-41.305 Z-84.938
G1 X28.872 Y-42.195 Z-87.641
F200.0
G0 X31.888 Y-40.741 Z-87.619 ; Rapid move
F50.0
G1 X31.888 Y-40.741 Z-87.619
G1 X31.761 Y-39.822 Z-84.964
G1 X31.609 Y-38.949 Z-82.322
G1 X31.437 Y-38.108 Z-79.702
G1 X31.250 Y-37.276 Z-77.113
G1 X31.058 Y-36.416 Z-74.559
G1 X30.872 Y-35.479 Z-72.045
G1 X30.704 Y-34.397 Z-69.570
G1 X30.564 Y-33.085 Z-67.130
G1 X30.462 Y-31.431 Z-64.720
G1 X30.405 Y-29.296 Z-62.334
G1 X30.400 Y-26.496 Z-59.972
G1 X30.458 Y-22.787 Z-57.637
G1 X30.591 Y-17.862 Z-55.334
G1 X30.800 Y-11.460 Z-53.043
G1 X31.014 Y-3.755 Z-50.677
G1 X30.927 Y3.973 Z-47.917
G1 X29.831 Y8.688 Z-42.205
G1 X30.865 Y2.552 Z-35.901
G1 X30.635 Y0.050 Z-33.969
G1 X31.376 Y-7.985 Z-38.100
G1 X34.778 Y5.695 Z-26.872
G1 X32.909 Y-15.164 Z-24.263
G1 X30.927 Y-23.070 Z-29.979
G1 X31.324 Y10.004 Z-27.520
G1 X37.536 Y-14.208 Z-17.474
G1 X31.904 Y9.919 Z-22.946
G1 X32.911 Y-6.107 Z-11.243
G1 X30.148 Y-6.085 Z-16.090
G1 X33.433 Y-17.165 Z-5.940
G1 X39.330 Y-18.651 Z-8.746
G1 X38.607 Y-17.124 Z-8.179
G1 X30.110 Y-4.990 Z-0.477
G1 X34.513 Y-13.257 Z-5.423
G1 X29.470 Y17.565 Z2.417
G1 X38.805 Y0.024 Z7.023
G1 X33.126 Y-11.909 Z2.581
G1 X38.378 Y-6.770 Z12.887
G1 X30.329 Y1.390 Z15.337
G1 X29.932 Y-4.650 Z12.835
G1 X30.792 Y-10.742 Z21.197
G1 X38.431 Y-36.569 Z23.027
G1 X32.687 Y-29.657 Z18.245
G1 X36.230 Y4.090 Z20.890
G1 X29.387 Y-14.778 Z28.189
G1 X29.464 Y-8.144 Z31.594
G1 X32.348 Y-2.626 Z28.744
G1 X31.482 Y1.432 Z39.829
G1 X34.440 Y-5.637 Z43.392
G1 X32.252 Y2.941 Z36.563
G1 X29.938 Y9.517 Z41.756
G1 X31.406 Y15.145 Z42.544
G1 X32.105 Y21.419 Z44.769
G1 X32.595 Y27.275 Z47.214
G1 X33.068 Y32.766 Z49.719
G1 X33.512 Y37.942 Z52.274
G1 X33.913 Y42.845 Z54.869
G1 X34.269 Y47.515 Z57.491
G1 X34.584 Y51.984 Z60.131
G1 X34.863 Y56.282 Z62.783
F200.0
G0 X39.393 Y55.289 Z62.957 ; Rapid move
F50.0
G1 X39.393 Y55.289 Z62.957
G1 X39.174 Y51.396 Z60.299
G1 X38.923 Y47.407 Z57.646
G1 X38.637 Y43.315 Z55.002
G1 X38.312 Y39.112 Z52.372
G1 X37.957 Y34.775 Z49.758
G1 X37.613 Y30.253 Z47.152
G1 X37.413 Y25.406 Z44.506
G1 X37.716 Y19.742 Z41.696
G1 X38.540 Y11.431 Z38.812
G1 X35.867 Y-1.752 Z36.905
G1 X42.715 Y-4.542 Z40.839
G1 X36.707 Y13.704 Z40.067
G1 X43.246 Y8.587 Z33.872
G1 X43.084 Y19.813 Z32.102
G1 X41.687 Y2.126 Z24.362
G1 X43.108 Y-25.429 Z24.002
G1 X38.294 Y-7.792 Z27.890
G1 X34.321 Y0.137 Z17.378
G1 X36.713 Y-15.471 Z22.411
G1 X43.155 Y19.151 Z14.612
G1 X36.599 Y-13.500 Z7.886
G1 X43.264 Y-18.331 Z9.055
G1 X34.477 Y11.789 Z10.452
G1 X33.444 Y-1.516 Z4.198
G1 X36.147 Y14.573 Z-2.237
G1 X36.656 Y-20.220 Z-5.098
G1 X34.297 Y-14.327 Z-0.196
G1 X34.740 Y-19.341 Z-9.031
G1 X35.678 Y-8.721 Z-4.034
G1 X42.993 Y14.754 Z-12.368
G1 X41.214 Y-8.632 Z-17.519
G1 X37.947 Y-9.009 Z-11.048
G1 X41.355 Y4.841 Z-22.611
G1 X40.143 Y-25.042 Z-25.728
G1 X40.639 Y-20.598 Z-19.420
G1 X42.829 Y1.498 Z-24.190
G1 X37.145 Y-12.723 Z-33.459
G1 X41.795 Y8.361 Z-27.987
G1 X37.226 Y-7.225 Z-38.842
G1 X36.496 Y4.157 Z-32.227
G1 X35.412 Y13.712 Z-35.806
G1 X34.388 Y16.945 Z-42.555
G1 X35.169 Y13.069 Z-47.906
G1 X35.263 Y6.825 Z-50.796
G1 X35.090 Y-0.145 Z-53.279
G1 X34.881 Y-6.785 Z-55.657
G1 X34.704 Y-12.577 Z-58.006
G1 X34.574 Y-17.402 Z-60.356
G1 X34.493 Y-21.333 Z-62.719
G1 X34.459 Y-24.514 Z-65.101
G1 X34.465 Y-27.091 Z-67.503
G1 X34.509 Y-29.200 Z-69.930
G1 X34.584 Y-30.955 Z-72.385
G1 X34.685 Y-32.450 Z-74.869
G1 X34.805 Y-33.764 Z-77.384
G1 X34.936 Y-34.958 Z-79.929
G1 X35.071 Y-36.082 Z-82.500
G1 X35.202 Y-37.172 Z-85.094
G1 X35.326 Y-38.253 Z-87.705
F200.0
G0 X39.046 Y-34.854 Z-87.850 ; Rapid move
F50.0
G1 X39.046 Y-34.854 Z-87.850
G1 X38.950 Y-33.529 Z-85.274
G1 X38.856 Y-32.143 Z-82.717
G1 X38.768 Y-30.662 Z-80.180
G1 X38.692 Y-29.046 Z-77.667
G1 X38.632 Y-27.242 Z-75.180
G1 X38.595 Y-25.189 Z-72.717
G1 X38.584 Y-22.814 Z-70.279
G1 X38.605 Y-20.034 Z-67.864
G1 X38.662 Y-16.760 Z-65.467
G1 X38.758 Y-12.905 Z-63.086
G1 X38.896 Y-8.402 Z-60.714
G1 X39.075 Y-3.235 Z-58.341
G1 X39.290 Y2.500 Z-55.949
G1 X39.518 Y8.525 Z-53.500
G1 X39.690 Y14.314 Z-50.891
G1 X39.604 Y19.196 Z-47.652
G1 X39.509 Y21.720 Z-41.091
G1 X40.984 Y17.117 Z-35.084
G1 X41.358 Y9.179 Z-32.103
G1 X42.433 Y7.983 Z-30.099
G1 X45.118 Y1.488 Z-35.715
G1 X42.993 Y-9.008 Z-24.045
G1 X46.496 Y-19.585 Z-29.049
G1 X46.468 Y12.762 Z-26.643
G1 X46.662 Y12.518 Z-23.358
G1 X42.849 Y-11.441 Z-13.646
G1 X37.773 Y-19.838 Z-16.808
G1 X37.943 Y-26.688 Z-11.399
G1 X43.074 Y-24.623 Z-15.727
G1 X45.514 Y16.504 Z-12.102
G1 X44.098 Y2.665 Z-0.959
G1 X45.684 Y-12.165 Z-6.761
G1 X40.710 Y3.571 Z4.223
G1 X46.811 Y-17.091 Z4.348
G1 X39.552 Y-19.976 Z0.618
G1 X39.660 Y11.531 Z11.495
G1 X37.450 Y-8.500 Z10.801
G1 X37.438 Y-13.306 Z11.746
G1 X38.107 Y-0.650 Z12.522
G1 X43.441 Y-0.209 Z22.570
G1 X47.095 Y-11.316 Z18.787
G1 X37.397 Y-5.849 Z23.336
G1 X40.531 Y-18.080 Z20.882
G1 X37.532 Y-2.940 Z27.362
G1 X41.007 Y-5.677 Z29.133
G1 X37.784 Y-1.960 Z35.181
G1 X41.282 Y-1.352 Z31.067
G1 X39.410 Y-2.962 Z41.961
G1 X42.468 Y3.236 Z36.190
G1 X42.411 Y13.083 Z38.928
G1 X42.929 Y20.024 Z41.722
G1 X43.197 Y25.532 Z44.515
G1 X43.297 Y30.201 Z47.244
G1 X43.375 Y34.425 Z49.920
G1 X43.472 Y38.421 Z52.573
G1 X43.587 Y42.290 Z55.218
G1 X43.711 Y46.071 Z57.864
G1 X43.836 Y49.780 Z60.512
G1 X43.959 Y53.421 Z63.162
F200.0
G0 X48.421 Y50.701 Z63.350 ; Rapid move
F50.0
G1 X48.421 Y50.701 Z63.350
G1 X48.365 Y47.156 Z60.708
G1 X48.321 Y43.523 Z58.068
G1 X48.294 Y39.784 Z55.429
G1 X48.289 Y35.906 Z52.789
G1 X48.303 Y31.834 Z50.142
G1 X48.323 Y27.482 Z47.479
G1 X48.312 Y22.719 Z44.785
G1 X48.211 Y17.358 Z42.042
G1 X47.853 Y11.060 Z39.202
G1 X46.365 Y2.802 Z36.249
G1 X44.142 Y0.167 Z42.796
G1 X48.391 Y-9.569 Z31.338
G1 X51.304 Y-1.734 Z34.000
G1 X41.614 Y-2.592 Z29.415
G1 X42.152 Y-11.313 Z25.436
G1 X45.612 Y-22.992 Z30.259
G1 X49.320 Y8.598 Z26.916
G1 X46.348 Y9.748 Z15.330
G1 X42.822 Y-4.460 Z21.220
G1 X44.158 Y2.759 Z10.642
G1 X46.836 Y8.112 Z17.492
G1 X49.871 Y21.411 Z6.374
G1 X48.493 Y-24.922 Z2.964
G1 X45.163 Y-10.231 Z9.580
G1 X50.856 Y7.064 Z-0.027
G1 X41.852 Y15.821 Z1.532
G1 X42.421 Y1.885 Z-6.099
G1 X49.318 Y-7.581 Z-1.629
G1 X42.625 Y16.177 Z-7.506
G1 X41.804 Y8.514 Z-9.062
G1 X47.412 Y21.414 Z-8.712
G1 X49.466 Y10.368 Z-19.932
G1 X50.362 Y-8.167 Z-15.658
G1 X44.802 Y7.620 Z-16.509
G1 X47.889 Y10.168 Z-28.333
G1 X46.920 Y10.384 Z-31.286
G1 X46.414 Y14.287 Z-24.068
G1 X47.841 Y2.871 Z-36.323
G1 X44.542 Y4.135 Z-29.589
G1 X43.918 Y15.250 Z-32.726
G1 X44.196 Y21.224 Z-35.844
G1 X44.318 Y24.737 Z-41.215
G1 X44.509 Y23.122 Z-47.348
G1 X44.391 Y19.193 Z-50.896
G1 X44.100 Y14.486 Z-53.637
G1 X43.791 Y9.367 Z-56.153
G1 X43.512 Y4.203 Z-58.585
G1 X43.277 Y-0.731 Z-60.984
G1 X43.087 Y-5.275 Z-63.371
G1 X42.940 Y-9.363 Z-65.760
G1 X42.834 Y-12.987 Z-68.159
G1 X42.764 Y-16.181 Z-70.571
G1 X42.726 Y-18.992 Z-73.002
G1 X42.716 Y-21.477 Z-75.453
G1 X42.729 Y-23.691 Z-77.925
G1 X42.762 Y-25.687 Z-80.419
G1 X42.809 Y-27.509 Z-82.933
G1 X42.867 Y-29.198 Z-85.466
G1 X42.932 Y-30.786 Z-88.017
F200.0
G0 X46.917 Y-26.305 Z-88.181 ; Rapid move
F50.0
G1 X46.917 Y-26.305 Z-88.181
G1 X46.879 Y-24.477 Z-85.646
G1 X46.851 Y-22.529 Z-83.126
G1 X46.837 Y-20.431 Z-80.624
G1 X46.839 Y-18.152 Z-78.139
G1 X46.862 Y-15.657 Z-75.672
G1 X46.909 Y-12.910 Z-73.222
G1 X46.985 Y-9.879 Z-70.788
G1 X47.094 Y-6.538 Z-68.367
G1 X47.241 Y-2.876 Z-65.956
G1 X47.434 Y1.094 Z-63.547
G1 X47.679 Y5.320 Z-61.131
G1 X47.987 Y9.701 Z-58.692
G1 X48.380 Y14.077 Z-56.197
G1 X48.897 Y18.239 Z-53.568
G1 X49.628 Y21.952 Z-50.581
G1 X50.726 Y24.815 Z-46.562
G1 X51.826 Y25.234 Z-40.924
G1 X51.963 Y22.278 Z-35.958
G1 X51.394 Y16.957 Z-32.319
G1 X49.907 Y8.782 Z-29.387
G1 X53.284 Y-0.301 Z-28.029
G1 X50.577 Y-11.358 Z-24.289
G1 X50.585 Y8.198 Z-31.371
G1 X48.385 Y3.704 Z-19.225
G1 X54.800 Y-18.112 Z-23.371
G1 X55.024 Y-6.830 Z-20.298
G1 X45.604 Y-1.386 Z-14.534
G1 X45.628 Y-6.693 Z-14.980
G1 X48.770 Y6.907 Z-6.202
G1 X49.464 Y6.653 Z-13.124
G1 X51.833 Y-15.172 Z-0.865
G1 X52.404 Y-34.130 Z-7.417
G1 X48.931 Y-13.083 Z-5.177
G1 X45.388 Y-12.225 Z2.287
G1 X45.832 Y-4.217 Z3.122
G1 X46.655 Y-18.870 Z10.587
G1 X52.347 Y-15.278 Z5.562
G1 X49.671 Y12.192 Z7.595
G1 X46.347 Y11.969 Z17.974
G1 X46.705 Y3.835 Z21.042
G1 X45.799 Y-15.322 Z22.261
G1 X49.471 Y-22.010 Z27.708
G1 X52.664 Y-20.165 Z28.419
G1 X51.128 Y-20.617 Z23.220
G1 X54.962 Y2.206 Z32.546
G1 X45.591 Y-13.363 Z32.719
G1 X45.849 Y-4.021 Z33.907
G1 X50.780 Y5.444 Z41.160
G1 X51.089 Y3.118 Z36.759
G1 X51.687 Y8.046 Z39.288
G1 X52.156 Y13.536 Z42.048
G1 X52.397 Y18.782 Z44.797
G1 X52.511 Y23.651 Z47.511
G1 X52.563 Y28.165 Z50.199
G1 X52.592 Y32.383 Z52.871
G1 X52.616 Y36.364 Z55.532
G1 X52.645 Y40.157 Z58.185
G1 X52.679 Y43.804 Z60.835
G1 X52.718 Y47.332 Z63.481
F200.0
G0 X56.877 Y43.581 Z63.561 ; Rapid move
F50.0
G1 X56.877 Y43.581 Z63.561
G1 X56.821 Y40.076 Z60.902
G1 X56.756 Y36.444 Z58.234
G1 X56.679 Y32.656 Z55.555
G1 X56.585 Y28.681 Z52.864
G1 X56.465 Y24.494 Z50.163
G1 X56.306 Y20.092 Z47.457
G1 X56.085 Y15.545 Z44.757
G1 X55.762 Y11.095 Z42.106
G1 X55.279 Y7.450 Z39.681
G1 X55.206 Y6.060 Z38.406
G1 X56.431 Y0.134 Z34.078
G1 X55.638 Y-10.137 Z40.657
G1 X52.803 Y-4.514 Z28.547
G1 X50.919 Y-19.510 Z28.827
G1 X54.318 Y-12.242 Z33.049
G1 X58.234 Y-6.911 Z28.571
G1 X51.270 Y-3.762 Z18.997
G1 X59.292 Y8.119 Z19.529
G1 X59.200 Y-21.780 Z16.509
G1 X49.491 Y-22.099 Z15.630
G1 X51.688 Y-20.670 Z16.696
G1 X55.627 Y-16.894 Z5.110
G1 X56.964 Y-12.361 Z11.598
G1 X56.752 Y-3.379 Z0.351
G1 X55.859 Y-5.187 Z6.909
G1 X56.651 Y11.172 Z-4.840
G1 X50.108 Y-5.804 Z-5.645
G1 X56.498 Y-21.420 Z-1.256
G1 X53.391 Y7.025 Z-3.358
G1 X55.547 Y19.852 Z-13.989
G1 X55.578 Y0.203 Z-18.144
G1 X54.510 Y25.732 Z-13.677
G1 X56.769 Y1.861 Z-22.984
G1 X50.177 Y-17.034 Z-18.611
G1 X50.536 Y0.190 Z-20.613
G1 X52.506 Y2.091 Z-31.004
G1 X49.602 Y-3.168 Z-28.630
G1 X54.184 Y4.118 Z-28.049
G1 X55.760 Y6.591 Z-29.698
G1 X56.340 Y13.163 Z-32.615
G1 X56.694 Y18.373 Z-35.796
G1 X56.804 Y22.019 Z-39.619
G1 X56.193 Y23.795 Z-44.511
G1 X54.850 Y22.938 Z-49.360
G1 X53.710 Y20.391 Z-53.014
G1 X52.958 Y17.177 Z-55.949
G1 X52.440 Y13.631 Z-58.594
G1 X52.058 Y9.927 Z-61.119
G1 X51.763 Y6.204 Z-63.591
G1 X51.533 Y2.568 Z-66.039
G1 X51.352 Y-0.910 Z-68.479
G1 X51.212 Y-4.189 Z-70.921
G1 X51.108 Y-7.250 Z-73.369
G1 X51.032 Y-10.095 Z-75.828
G1 X50.982 Y-12.735 Z-78.300
G1 X50.953 Y-15.187 Z-80.786
G1 X50.941 Y-17.473 Z-83.286
G1 X50.945 Y-19.615 Z-85.801
G1 X50.960 Y-21.633 Z-88.329
F200.0
G0 X55.038 Y-16.941 Z-88.453 ; Rapid move
F50.0
G1 X55.038 Y-16.941 Z-88.453
G1 X55.040 Y-14.790 Z-85.925
G1 X55.056 Y-12.528 Z-83.408
G1 X55.087 Y-10.141 Z-80.902
G1 X55.136 Y-7.619 Z-78.406
G1 X55.207 Y-4.952 Z-75.921
G1 X55.302 Y-2.139 Z-73.442
G1 X55.427 Y0.816 Z-70.968
G1 X55.587 Y3.895 Z-68.492
G1 X55.789 Y7.064 Z-66.005
G1 X56.044 Y10.271 Z-63.492
G1 X56.367 Y13.439 Z-60.925
G1 X56.786 Y16.471 Z-58.250
G1 X57.350 Y19.240 Z-55.349
G1 X58.121 Y21.529 Z-51.972
G1 X59.060 Y22.806 Z-47.773
G1 X59.732 Y22.211 Z-43.035
G1 X59.755 Y19.748 Z-38.826
G1 X59.315 Y16.034 Z-35.382
G1 X58.542 Y11.547 Z-32.457
G1 X57.328 Y7.708 Z-30.263
G1 X59.104 Y7.663 Z-30.324
G1 X62.272 Y-0.321 Z-31.899
G1 X58.474 Y-1.565 Z-21.421
G1 X62.142 Y-3.078 Z-27.053
G1 X62.790 Y2.482 Z-18.965
G1 X62.863 Y4.342 Z-20.769
G1 X63.106 Y18.879 Z-16.156
G1 X56.334 Y-15.609 Z-8.872
G1 X58.378 Y1.762 Z-15.808
G1 X60.855 Y-2.842 Z-3.936
G1 X54.069 Y6.291 Z-3.129
G1 X58.122 Y19.469 Z-7.235
G1 X53.888 Y-10.387 Z-2.649
G1 X53.967 Y13.852 Z-0.158
G1 X55.606 Y4.892 Z8.879
G1 X54.477 Y-11.959 Z10.448
G1 X55.807 Y-25.646 Z5.683
G1 X63.015 Y11.252 Z10.782
G1 X63.288 Y-3.984 Z14.334
G1 X53.593 Y0.606 Z19.165
G1 X55.468 Y-5.320 Z16.248
G1 X62.453 Y17.649 Z25.416
G1 X53.657 Y-6.079 Z27.134
G1 X53.639 Y-11.197 Z26.568
G1 X54.055 Y6.901 Z28.218
G1 X56.670 Y5.235 Z37.943
G1 X55.337 Y1.629 Z32.008
G1 X55.414 Y1.289 Z37.011
G1 X58.671 Y3.415 Z37.404
G1 X59.113 Y6.112 Z39.733
G1 X59.339 Y9.489 Z42.180
G1 X59.652 Y13.345 Z44.770
G1 X59.966 Y17.380 Z47.444
G1 X60.238 Y21.401 Z50.152
G1 X60.457 Y25.315 Z52.867
G1 X60.629 Y29.094 Z55.575
G1 X60.764 Y32.737 Z58.271
G1 X60.869 Y36.259 Z60.952
G1 X60.952 Y39.677 Z63.620
F200.0
G0 X64.997 Y35.764 Z63.688 ; Rapid move
F50.0
G1 X64.997 Y35.764 Z63.688
G1 X64.894 Y32.511 Z61.024
G1 X64.760 Y29.207 Z58.346
G1 X64.582 Y25.853 Z55.656
G1 X64.347 Y22.456 Z52.955
G1 X64.035 Y19.038 Z50.252
G1 X63.624 Y15.636 Z47.564
G1 X63.091 Y12.316 Z44.921
G1 X62.438 Y9.177 Z42.381
G1 X61.748 Y6.434 Z40.056
G1 X61.633 Y4.825 Z38.332
G1 X65.611 Y3.625 Z38.843
G1 X57.985 Y0.254 Z37.115
G1 X66.005 Y-3.620 Z29.960
G1 X65.147 Y12.013 Z34.769
G1 X59.568 Y2.378 Z23.972
G1 X61.983 Y0.583 Z30.456
G1 X60.617 Y0.369 Z18.233
G1 X59.207 Y13.159 Z24.139
G1 X64.972 Y17.651 Z21.803
G1 X63.723 Y18.526 Z10.716
G1 X64.123 Y10.527 Z7.882
G1 X57.392 Y-15.676 Z10.297
G1 X58.966 Y7.308 Z10.569
G1 X57.503 Y-1.929 Z5.832
G1 X63.724 Y11.031 Z6.712
G1 X57.818 Y-2.397 Z-2.416
G1 X62.368 Y-8.535 Z-7.962
G1 X65.557 Y2.093 Z-1.812
G1 X61.672 Y-25.661 Z-13.151
G1 X66.812 Y-17.736 Z-8.551
G1 X60.539 Y6.046 Z-9.147
G1 X59.831 Y-14.420 Z-20.311
G1 X58.204 Y-21.379 Z-15.942
G1 X60.913 Y7.248 Z-16.459
G1 X60.854 Y-6.378 Z-28.476
G1 X62.171 Y-9.717 Z-30.797
G1 X60.038 Y-0.794 Z-24.667
G1 X61.403 Y6.808 Z-27.692
G1 X60.631 Y9.791 Z-30.605
G1 X61.134 Y12.988 Z-33.028
G1 X61.903 Y16.339 Z-35.736
G1 X62.505 Y19.306 Z-38.912
G1 X62.765 Y21.495 Z-42.642
G1 X62.588 Y22.497 Z-46.823
G1 X62.077 Y22.111 Z-50.941
G1 X61.495 Y20.667 Z-54.563
G1 X60.991 Y18.606 Z-57.713
G1 X60.585 Y16.189 Z-60.568
G1 X60.260 Y13.554 Z-63.258
G1 X59.999 Y10.795 Z-65.858
G1 X59.788 Y7.985 Z-68.409
G1 X59.618 Y5.177 Z-70.933
G1 X59.481 Y2.413 Z-73.445
G1 X59.373 Y-0.280 Z-75.952
G1 X59.289 Y-2.886 Z-78.460
G1 X59.226 Y-5.396 Z-80.972
G1 X59.181 Y-7.808 Z-83.491
G1 X59.151 Y-10.125 Z-86.017
G1 X59.135 Y-12.352 Z-88.550
F200.0
G0 X63.243 Y-7.943 Z-88.622 ; Rapid move
F50.0
G1 X63.243 Y-7.943 Z-88.622
G1 X63.270 Y-5.689 Z-86.077
G1 X63.309 Y-3.372 Z-83.537
G1 X63.363 Y-0.992 Z-81.000
G1 X63.434 Y1.446 Z-78.465
G1 X63.525 Y3.933 Z-75.928
G1 X63.639 Y6.453 Z-73.385
G1 X63.780 Y8.983 Z-70.827
G1 X63.953 Y11.493 Z-68.245
G1 X64.162 Y13.940 Z-65.619
G1 X64.417 Y16.272 Z-62.921
G1 X64.726 Y18.418 Z-60.104
G1 X65.096 Y20.285 Z-57.098
G1 X65.519 Y21.727 Z-53.815
G1 X65.941 Y22.522 Z-50.215
G1 X66.248 Y22.444 Z-46.427
G1 X66.322 Y21.456 Z-42.739
G1 X66.138 Y19.758 Z-39.368
G1 X65.747 Y17.624 Z-36.350
G1 X65.230 Y15.277 Z-33.619
G1 X64.660 Y12.763 Z-31.012
G1 X64.386 Y9.486 Z-27.955
G1 X65.334 Y0.463 Z-24.203
G1 X62.653 Y-9.269 Z-24.565
G1 X65.039 Y-10.364 Z-19.139
G1 X71.286 Y-5.780 Z-21.866
G1 X64.935 Y-3.170 Z-23.370
G1 X71.212 Y-17.698 Z-14.877
G1 X70.954 Y10.218 Z-11.758
G1 X63.638 Y-25.235 Z-6.688
G1 X64.915 Y-23.781 Z-12.861
G1 X67.406 Y-3.699 Z-10.498
G1 X70.343 Y-4.785 Z-0.025
G1 X71.326 Y-20.499 Z-0.376
G1 X68.456 Y3.755 Z-2.380
G1 X69.968 Y10.030 Z8.150
G1 X70.536 Y-6.565 Z4.613
G1 X70.961 Y4.237 Z11.869
G1 X70.373 Y-14.067 Z15.474
G1 X61.656 Y-21.248 Z13.571
G1 X61.757 Y1.281 Z15.818
G1 X70.257 Y-13.663 Z23.367
G1 X69.633 Y-6.081 Z22.848
G1 X71.187 Y-12.399 Z24.333
G1 X71.246 Y-1.098 Z27.064
G1 X67.462 Y4.804 Z26.258
G1 X67.218 Y-10.348 Z37.963
G1 X66.791 Y-1.521 Z31.063
G1 X63.088 Y4.915 Z36.431
G1 X63.460 Y6.596 Z39.270
G1 X64.738 Y8.379 Z41.083
G1 X65.983 Y10.184 Z43.105
G1 X66.924 Y12.219 Z45.425
G1 X67.581 Y14.564 Z47.933
G1 X68.042 Y17.172 Z50.533
G1 X68.375 Y19.963 Z53.174
G1 X68.619 Y22.870 Z55.829
G1 X68.802 Y25.847 Z58.485
G1 X68.940 Y28.860 Z61.136
G1 X69.044 Y31.893 Z63.781
F200.0
G0 X73.106 Y28.047 Z63.897 ; Rapid move
F50.0
G1 X73.106 Y28.047 Z63.897
G1 X73.020 Y25.251 Z61.286
G1 X72.907 Y22.537 Z58.679
G1 X72.761 Y19.937 Z56.080
G1 X72.572 Y17.493 Z53.500
G1 X72.333 Y15.262 Z50.961
G1 X72.037 Y13.317 Z48.501
G1 X71.682 Y11.750 Z46.182
G1 X71.288 Y10.642 Z44.095
G1 X70.942 Y9.976 Z42.252
G1 X70.939 Y9.509 Z40.097
G1 X71.830 Y7.808 Z35.846
G1 X73.144 Y1.220 Z31.958
G1 X74.260 Y-8.022 Z31.312
G1 X73.962 Y-3.972 Z27.250
G1 X74.866 Y-18.608 Z30.000
G1 X71.152 Y-8.656 Z30.394
G1 X69.216 Y17.744 Z27.263
G1 X70.142 Y-0.146 Z15.354
G1 X70.288 Y-4.925 Z22.603
G1 X67.455 Y11.935 Z11.126
G1 X65.420 Y-0.281 Z13.115
G1 X66.166 Y-15.463 Z7.244
G1 X73.341 Y12.345 Z11.339
G1 X65.378 Y2.807 Z4.837
G1 X68.640 Y-1.437 Z-2.514
G1 X71.952 Y-3.746 Z4.246
G1 X66.871 Y-1.274 Z0.344
G1 X67.706 Y13.103 Z-9.833
G1 X69.786 Y0.738 Z-3.295
G1 X73.063 Y6.019 Z-14.986
G1 X74.876 Y-3.743 Z-15.562
G1 X72.522 Y-18.609 Z-11.657
G1 X65.421 Y8.266 Z-18.759
G1 X66.795 Y8.776 Z-17.738
G1 X69.780 Y-3.946 Z-28.746
G1 X66.468 Y5.288 Z-23.327
G1 X72.476 Y6.420 Z-27.891
G1 X71.679 Y8.772 Z-27.535
G1 X71.430 Y12.795 Z-30.639
G1 X70.967 Y15.631 Z-33.571
G1 X70.678 Y17.917 Z-36.460
G1 X70.528 Y19.879 Z-39.470
G1 X70.398 Y21.462 Z-42.684
G1 X70.198 Y22.518 Z-46.111
G1 X69.898 Y22.906 Z-49.659
G1 X69.532 Y22.590 Z-53.161
G1 X69.159 Y21.666 Z-56.483
G1 X68.821 Y20.286 Z-59.591
G1 X68.531 Y18.580 Z-62.517
G1 X68.288 Y16.643 Z-65.311
G1 X68.085 Y14.543 Z-68.016
G1 X67.916 Y12.331 Z-70.662
G1 X67.777 Y10.049 Z-73.271
G1 X67.662 Y7.728 Z-75.857
G1 X67.568 Y5.394 Z-78.428
G1 X67.493 Y3.066 Z-80.992
G1 X67.435 Y0.758 Z-83.551
G1 X67.390 Y-1.520 Z-86.109
G1 X67.358 Y-3.761 Z-88.669
F200.0
G0 X71.475 Y0.171 Z-88.695 ; Rapid move
F50.0
G1 X71.475 Y0.171 Z-88.695
G1 X71.511 Y2.373 Z-86.118
G1 X71.558 Y4.584 Z-83.538
G1 X71.617 Y6.794 Z-80.952
G1 X71.692 Y8.990 Z-78.358
G1 X71.784 Y11.156 Z-75.749
G1 X71.896 Y13.271 Z-73.118
G1 X72.030 Y15.308 Z-70.454
G1 X72.191 Y17.234 Z-67.741
G1 X72.383 Y19.010 Z-64.959
G1 X72.613 Y20.586 Z-62.079
G1 X72.884 Y21.894 Z-59.068
G1 X73.195 Y22.846 Z-55.898
G1 X73.535 Y23.334 Z-52.573
G1 X73.875 Y23.255 Z-49.145
G1 X74.184 Y22.557 Z-45.718
G1 X74.454 Y21.259 Z-42.385
G1 X74.709 Y19.409 Z-39.188
G1 X74.999 Y17.032 Z-36.127
G1 X75.366 Y14.122 Z-33.198
G1 X75.829 Y10.774 Z-30.468
G1 X76.557 Y7.708 Z-28.320
G1 X77.421 Y6.347 Z-27.203
G1 X76.230 Y-0.139 Z-22.180
G1 X69.389 Y-1.003 Z-23.767
G1 X77.384 Y8.392 Z-24.981
G1 X70.434 Y-1.226 Z-21.551
G1 X69.476 Y0.679 Z-15.170
G1 X69.390 Y1.279 Z-13.761
G1 X70.957 Y9.157 Z-14.352
G1 X77.914 Y5.315 Z-4.749
G1 X78.907 Y-15.215 Z-7.694
G1 X70.489 Y4.352 Z-5.791
G1 X70.339 Y4.369 Z2.456
G1 X78.154 Y-6.134 Z-1.082
G1 X78.689 Y14.054 Z7.211
G1 X77.758 Y-14.570 Z10.969
G1 X73.193 Y1.402 Z5.079
G1 X76.986 Y-16.681 Z16.724
G1 X79.332 Y-6.161 Z15.542
G1 X70.519 Y-18.034 Z20.857
G1 X70.351 Y-6.724 Z17.344
G1 X79.243 Y-9.039 Z23.927
G1 X77.235 Y5.178 Z29.542
G1 X77.423 Y-3.992 Z24.242
G1 X71.013 Y3.475 Z34.332
G1 X71.813 Y-6.656 Z29.127
G1 X77.680 Y3.074 Z33.387
G1 X77.648 Y4.910 Z37.003
G1 X77.416 Y6.186 Z39.624
G1 X76.965 Y7.462 Z42.076
G1 X76.633 Y8.641 Z44.362
G1 X76.534 Y9.864 Z46.635
G1 X76.592 Y11.261 Z48.968
G1 X76.712 Y12.893 Z51.375
G1 X76.840 Y14.767 Z53.843
G1 X76.953 Y16.865 Z56.353
G1 X77.046 Y19.158 Z58.893
G1 X77.120 Y21.610 Z61.451
G1 X77.178 Y24.193 Z64.021
F200.0
G0 X81.242 Y20.310 Z64.135 ; Rapid move
F50.0
G1 X81.242 Y20.310 Z64.135
G1 X81.216 Y17.900 Z61.604
G1 X81.181 Y15.651 Z59.092
G1 X81.134 Y13.593 Z56.605
G1 X81.070 Y11.749 Z54.144
G1 X80.985 Y10.127 Z51.707
G1 X80.877 Y8.707 Z49.272
G1 X80.756 Y7.419 Z46.791
G1 X80.656 Y6.126 Z44.190
G1 X80.628 Y4.638 Z41.428
G1 X80.740 Y2.860 Z38.660
G1 X81.050 Y1.297 Z36.554
G1 X80.437 Y1.342 Z37.853
G1 X82.988 Y0.248 Z34.840
G1 X81.378 Y4.893 Z34.637
G1 X78.820 Y12.500 Z23.504
G1 X74.060 Y16.533 Z27.574
G1 X74.531 Y-10.489 Z19.714
G1 X77.799 Y13.705 Z25.227
G1 X83.318 Y13.494 Z17.194
G1 X78.617 Y15.667 Z19.046
G1 X73.520 Y15.747 Z11.727
G1 X82.848 Y0.360 Z7.739
G1 X82.201 Y2.922 Z4.255
G1 X79.155 Y-13.763 Z9.642
G1 X80.754 Y13.525 Z-2.160
G1 X82.406 Y-15.422 Z-3.331
G1 X81.881 Y-22.246 Z-6.481
G1 X74.018 Y-24.926 Z-3.647
G1 X75.782 Y-6.956 Z-3.990
G1 X73.930 Y-7.668 Z-9.122
G1 X82.281 Y12.155 Z-10.350
G1 X80.812 Y-8.645 Z-20.368
G1 X74.475 Y-21.720 Z-15.530
G1 X73.394 Y-7.413 Z-21.156
G1 X80.773 Y5.987 Z-19.467
G1 X77.251 Y-5.558 Z-31.221
G1 X77.484 Y-3.856 Z-24.336
G1 X78.021 Y3.650 Z-27.034
G1 X78.288 Y9.092 Z-29.957
G1 X78.430 Y13.169 Z-32.903
G1 X78.458 Y16.424 Z-35.893
G1 X78.394 Y19.049 Z-38.957
G1 X78.257 Y21.113 Z-42.113
G1 X78.055 Y22.634 Z-45.369
G1 X77.796 Y23.603 Z-48.703
G1 X77.503 Y24.013 Z-52.059
G1 X77.202 Y23.896 Z-55.365
G1 X76.920 Y23.319 Z-58.565
G1 X76.671 Y22.367 Z-61.637
G1 X76.457 Y21.121 Z-64.589
G1 X76.277 Y19.642 Z-67.441
G1 X76.126 Y17.983 Z-70.217
G1 X76.000 Y16.181 Z-72.935
G1 X75.895 Y14.269 Z-75.613
G1 X75.808 Y12.274 Z-78.262
G1 X75.736 Y10.217 Z-80.890
G1 X75.678 Y8.118 Z-83.504
G1 X75.632 Y5.990 Z-86.107
G1 X75.596 Y3.847 Z-88.704
F200.0
G0 X79.720 Y7.266 Z-88.700 ; Rapid move
F50.0
G1 X79.720 Y7.266 Z-88.700
G1 X79.754 Y9.341 Z-86.083
G1 X79.797 Y11.378 Z-83.455
G1 X79.851 Y13.363 Z-80.812
G1 X79.918 Y15.280 Z-78.150
G1 X79.998 Y17.109 Z-75.462
G1 X80.095 Y18.829 Z-72.738
G1 X80.211 Y20.412 Z-69.967
G1 X80.350 Y21.827 Z-67.134
G1 X80.516 Y23.034 Z-64.223
G1 X80.711 Y23.985 Z-61.217
G1 X80.937 Y24.621 Z-58.109
G1 X81.187 Y24.877 Z-54.907
G1 X81.447 Y24.691 Z-51.643
G1 X81.690 Y24.026 Z-48.370
G1 X81.889 Y22.876 Z-45.145
G1 X82.014 Y21.262 Z-42.005
G1 X82.038 Y19.216 Z-38.965
G1 X81.923 Y16.772 Z-36.030
G1 X81.619 Y13.994 Z-33.224
G1 X81.041 Y11.090 Z-30.668
G1 X80.049 Y8.837 Z-28.940
G1 X79.798 Y8.624 Z-28.366
G1 X80.983 Y2.019 Z-21.796
G1 X80.784 Y-4.290 Z-19.113
G1 X85.921 Y-9.488 Z-24.698
G1 X86.812 Y13.952 Z-20.549
G1 X77.407 Y-0.417 Z-15.519
G1 X82.554 Y10.649 Z-8.471
G1 X78.089 Y-12.215 Z-13.388
G1 X77.770 Y13.665 Z-10.123
G1 X87.184 Y7.423 Z-4.335
G1 X84.883 Y-17.589 Z1.242
G1 X85.009 Y-0.847 Z-4.624
G1 X80.628 Y-10.243 Z-2.528
G1 X77.387 Y11.698 Z4.900
G1 X83.998 Y-0.189 Z12.046
G1 X78.438 Y7.456 Z6.848
G1 X83.608 Y7.175 Z17.345
G1 X77.385 Y-21.387 Z14.951
G1 X87.125 Y-5.577 Z16.311
G1 X87.046 Y-8.075 Z18.890
G1 X86.241 Y-10.069 Z25.919
G1 X87.164 Y-0.662 Z24.167
G1 X77.442 Y-7.293 Z27.885
G1 X80.758 Y-5.082 Z26.021
G1 X86.934 Y3.496 Z34.942
G1 X80.184 Y-0.168 Z39.052
G1 X80.101 Y0.990 Z36.611
G1 X81.535 Y2.694 Z38.993
G1 X83.126 Y3.923 Z41.927
G1 X84.201 Y4.602 Z44.725
G1 X84.773 Y5.235 Z47.277
G1 X85.058 Y6.057 Z49.686
G1 X85.196 Y7.143 Z52.049
G1 X85.258 Y8.507 Z54.420
G1 X85.282 Y10.143 Z56.820
G1 X85.287 Y12.025 Z59.255
G1 X85.286 Y14.125 Z61.724
G1 X85.281 Y16.411 Z64.221
F200.0
G0 X89.280 Y12.541 Z64.267 ; Rapid move
F50.0
G1 X89.280 Y12.541 Z64.267
G1 X89.310 Y10.332 Z61.797
G1 X89.346 Y8.322 Z59.363
G1 X89.384 Y6.548 Z56.977
G1 X89.417 Y5.051 Z54.651
G1 X89.426 Y3.878 Z52.400
G1 X89.375 Y3.087 Z50.244
G1 X89.186 Y2.744 Z48.214
G1 X88.689 Y2.915 Z46.360
G1 X87.529 Y3.552 Z44.703
G1 X85.403 Y4.181 Z42.874
G1 X83.217 Y4.371 Z39.812
G1 X82.971 Y4.521 Z34.839
G1 X88.943 Y-2.411 Z29.065
G1 X84.853 Y-0.930 Z35.361
G1 X86.171 Y-16.685 Z23.157
G1 X87.271 Y-10.645 Z30.400
G1 X85.406 Y14.313 Z18.025
G1 X81.729 Y-21.008 Z18.518
G1 X83.870 Y-21.942 Z21.759
G1 X81.384 Y-11.039 Z15.143
G1 X81.972 Y-21.564 Z13.949
G1 X82.356 Y8.721 Z7.563
G1 X82.550 Y-19.345 Z4.378
G1 X91.185 Y-16.265 Z5.991
G1 X89.759 Y-11.148 Z5.142
G1 X91.181 Y1.272 Z-1.701
G1 X81.574 Y-18.485 Z-4.246
G1 X83.470 Y-24.607 Z-9.091
G1 X90.672 Y-16.481 Z-5.733
G1 X91.342 Y-17.789 Z-10.984
G1 X90.352 Y3.608 Z-16.412
G1 X89.032 Y-10.512 Z-11.820
G1 X83.469 Y15.559 Z-18.633
G1 X81.500 Y4.100 Z-20.202
G1 X85.886 Y11.160 Z-28.602
G1 X83.567 Y-0.200 Z-28.417
G1 X84.867 Y4.547 Z-24.806
G1 X85.599 Y9.182 Z-27.747
G1 X85.685 Y12.406 Z-30.693
G1 X85.852 Y15.019 Z-33.442
G1 X85.969 Y17.415 Z-36.187
G1 X85.990 Y19.633 Z-39.016
G1 X85.926 Y21.608 Z-41.948
G1 X85.794 Y23.265 Z-44.984
G1 X85.610 Y24.545 Z-48.114
G1 X85.394 Y25.407 Z-51.308
G1 X85.166 Y25.838 Z-54.523
G1 X84.944 Y25.851 Z-57.711
G1 X84.742 Y25.487 Z-60.836
G1 X84.566 Y24.797 Z-63.879
G1 X84.416 Y23.832 Z-66.838
G1 X84.291 Y22.639 Z-69.720
G1 X84.186 Y21.255 Z-72.538
G1 X84.099 Y19.713 Z-75.305
G1 X84.027 Y18.038 Z-78.031
G1 X83.967 Y16.254 Z-80.726
G1 X83.919 Y14.381 Z-83.398
G1 X83.880 Y12.436 Z-86.050
G1 X83.849 Y10.433 Z-88.689
F200.0
G0 X87.986 Y13.353 Z-88.673 ; Rapid move
F50.0
G1 X87.986 Y13.353 Z-88.673
G1 X88.012 Y15.285 Z-86.014
G1 X88.046 Y17.143 Z-83.338
G1 X88.087 Y18.911 Z-80.639
G1 X88.139 Y20.572 Z-77.913
G1 X88.201 Y22.105 Z-75.151
G1 X88.278 Y23.488 Z-72.346
G1 X88.370 Y24.694 Z-69.486
G1 X88.481 Y25.691 Z-66.564
G1 X88.614 Y26.443 Z-63.570
G1 X88.771 Y26.907 Z-60.503
G1 X88.950 Y27.040 Z-57.374
G1 X89.146 Y26.802 Z-54.204
G1 X89.351 Y26.167 Z-51.028
G1 X89.554 Y25.131 Z-47.886
G1 X89.747 Y23.710 Z-44.808
G1 X89.932 Y21.943 Z-41.816
G1 X90.119 Y19.884 Z-38.918
G1 X90.331 Y17.611 Z-36.121
G1 X90.586 Y15.244 Z-33.441
G1 X90.835 Y12.957 Z-30.904
G1 X90.771 Y10.853 Z-28.401
G1 X89.725 Y7.371 Z-24.916
G1 X89.680 Y-6.490 Z-21.503
G1 X90.633 Y6.617 Z-28.774
G1 X90.076 Y9.923 Z-16.248
G1 X93.840 Y-0.050 Z-22.173
G1 X93.334 Y-4.596 Z-12.012
G1 X93.122 Y-3.094 Z-17.586
G1 X94.983 Y16.358 Z-12.361
G1 X88.583 Y9.777 Z-3.578
G1 X89.850 Y-3.736 Z-10.600
G1 X90.162 Y17.487 Z1.915
G1 X87.880 Y1.482 Z-4.775
G1 X85.828 Y21.578 Z4.031
G1 X85.517 Y4.354 Z5.909
G1 X88.325 Y23.088 Z2.836
G1 X91.607 Y8.132 Z14.761
G1 X86.676 Y-15.287 Z9.192
G1 X91.779 Y-17.322 Z19.892
G1 X87.057 Y-17.276 Z14.005
G1 X95.197 Y-8.178 Z21.566
G1 X95.326 Y-24.271 Z22.640
G1 X87.374 Y-0.614 Z21.534
G1 X93.803 Y-19.802 Z31.670
G1 X90.890 Y-19.624 Z25.905
G1 X90.844 Y-6.165 Z28.357
G1 X94.899 Y4.087 Z36.028
G1 X94.086 Y2.705 Z40.628
G1 X93.666 Y1.041 Z43.293
G1 X93.670 Y-0.160 Z45.245
G1 X93.750 Y-0.781 Z46.925
G1 X93.755 Y-0.885 Z48.640
G1 X93.690 Y-0.522 Z50.518
G1 X93.595 Y0.262 Z52.566
G1 X93.496 Y1.415 Z54.749
G1 X93.407 Y2.887 Z57.033
G1 X93.331 Y4.631 Z59.392
G1 X93.269 Y6.608 Z61.808
G1 X93.222 Y8.780 Z64.266
F200.0
G0 X97.093 Y5.242 Z64.223 ; Rapid move
F50.0
G1 X97.093 Y5.242 Z64.223
G1 X97.143 Y3.086 Z61.762
G1 X97.210 Y1.113 Z59.342
G1 X97.297 Y-0.650 Z56.974
G1 X97.410 Y-2.171 Z54.675
G1 X97.549 Y-3.421 Z52.461
G1 X97.716 Y-4.378 Z50.348
G1 X97.902 Y-5.023 Z48.333
G1 X98.090 Y-5.335 Z46.369
G1 X98.249 Y-5.257 Z44.335
G1 X98.345 Y-4.701 Z42.034
G1 X98.182 Y-3.591 Z39.054
G1 X92.738 Y-3.830 Z32.592
G1 X92.426 Y-1.721 Z37.823
G1 X94.273 Y-2.239 Z35.426
G1 X97.432 Y-14.070 Z24.162
G1 X94.543 Y-12.033 Z30.457
G1 X97.971 Y-7.152 Z19.454
G1 X92.934 Y1.177 Z25.089
G1 X96.947 Y8.119 Z13.441
G1 X98.696 Y-19.342 Z12.767
G1 X94.778 Y-24.422 Z17.413
G1 X90.474 Y2.392 Z6.849
G1 X97.608 Y3.195 Z11.073
G1 X98.747 Y-13.014 Z2.351
G1 X98.856 Y-20.420 Z0.023
G1 X97.492 Y-18.353 Z3.433
G1 X97.524 Y-4.029 Z-6.322
G1 X99.225 Y8.116 Z-4.611
G1 X96.629 Y-20.278 Z-12.681
G1 X95.774 Y-22.887 Z-6.110
G1 X90.044 Y-4.243 Z-10.933
G1 X90.355 Y15.252 Z-13.149
G1 X96.269 Y-8.465 Z-23.226
G1 X96.100 Y-8.512 Z-16.536
G1 X92.182 Y1.603 Z-28.265
G1 X97.840 Y-0.994 Z-23.251
G1 X96.577 Y4.021 Z-25.395
G1 X96.489 Y7.360 Z-28.003
G1 X95.411 Y10.989 Z-30.358
G1 X94.722 Y14.343 Z-33.042
G1 X94.317 Y17.334 Z-35.846
G1 X94.051 Y19.973 Z-38.714
G1 X93.846 Y22.267 Z-41.640
G1 X93.665 Y24.207 Z-44.631
G1 X93.487 Y25.782 Z-47.687
G1 X93.309 Y26.976 Z-50.798
G1 X93.131 Y27.784 Z-53.943
G1 X92.961 Y28.208 Z-57.095
G1 X92.805 Y28.268 Z-60.222
G1 X92.668 Y27.996 Z-63.302
G1 X92.552 Y27.427 Z-66.321
G1 X92.455 Y26.600 Z-69.276
G1 X92.376 Y25.549 Z-72.170
G1 X92.311 Y24.306 Z-75.009
G1 X92.259 Y22.898 Z-77.802
G1 X92.216 Y21.346 Z-80.557
G1 X92.182 Y19.673 Z-83.281
G1 X92.155 Y17.895 Z-85.980
G1 X92.134 Y16.030 Z-88.658
F200.0
G0 X96.298 Y18.462 Z-88.646 ; Rapid move
F50.0
G1 X96.298 Y18.462 Z-88.646
G1 X96.313 Y20.269 Z-85.950
G1 X96.333 Y21.976 Z-83.232
G1 X96.359 Y23.567 Z-80.485
G1 X96.392 Y25.023 Z-77.705
G1 X96.434 Y26.325 Z-74.884
G1 X96.487 Y27.448 Z-72.015
G1 X96.553 Y28.366 Z-69.093
G1 X96.635 Y29.050 Z-66.114
G1 X96.735 Y29.465 Z-63.077
G1 X96.853 Y29.580 Z-59.991
G1 X96.987 Y29.362 Z-56.871
G1 X97.131 Y28.788 Z-53.741
G1 X97.278 Y27.845 Z-50.625
G1 X97.419 Y26.529 Z-47.546
G1 X97.549 Y24.842 Z-44.518
G1 X97.661 Y22.785 Z-41.545
G1 X97.750 Y20.358 Z-38.627
G1 X97.796 Y17.551 Z-35.760
G1 X97.737 Y14.344 Z-32.944
G1 X97.418 Y10.701 Z-30.203
G1 X96.542 Y6.607 Z-27.703
G1 X94.580 Y2.624 Z-26.779
G1 X101.760 Y0.669 Z-22.781
G1 X100.966 Y-4.086 Z-28.040
G1 X95.111 Y-7.363 Z-17.433
G1 X95.973 Y-18.123 Z-22.978
G1 X101.418 Y-9.161 Z-12.148
G1 X94.518 Y12.740 Z-10.351
G1 X93.626 Y-6.517 Z-12.370
G1 X93.424 Y15.097 Z-8.883
G1 X93.513 Y15.538 Z-6.730
G1 X102.538 Y6.872 Z-0.304
G1 X101.303 Y-10.208 Z3.561
G1 X101.024 Y9.221 Z-2.039
G1 X103.355 Y1.091 Z4.742
G1 X102.790 Y-12.585 Z5.333
G1 X96.650 Y-0.115 Z14.615
G1 X94.450 Y-26.948 Z9.453
G1 X97.679 Y-4.467 Z20.033
G1 X100.270 Y8.132 Z13.092
G1 X97.994 Y23.207 Z25.245
G1 X97.583 Y-4.891 Z27.794
G1 X103.131 Y-16.627 Z24.042
G1 X102.245 Y1.167 Z24.961
G1 X95.487 Y8.730 Z34.715
G1 X93.705 Y1.797 Z31.854
G1 X97.973 Y-2.274 Z40.646
G1 X100.320 Y-7.325 Z42.283
G1 X101.523 Y-8.658 Z42.711
G1 X101.656 Y-9.032 Z43.959
G1 X101.565 Y-8.902 Z45.831
G1 X101.444 Y-8.425 Z47.892
G1 X101.321 Y-7.660 Z50.032
G1 X101.207 Y-6.623 Z52.240
G1 X101.109 Y-5.326 Z54.516
G1 X101.028 Y-3.787 Z56.855
G1 X100.966 Y-2.027 Z59.248
G1 X100.919 Y-0.072 Z61.686
G1 X100.887 Y2.054 Z64.158
F200.0
G0 X104.608 Y-0.673 Z64.101 ; Rapid move
F50.0
G1 X104.608 Y-0.673 Z64.101
G1 X104.605 Y-2.728 Z61.619
G1 X104.606 Y-4.610 Z59.171
G1 X104.610 Y-6.291 Z56.766
G1 X104.611 Y-7.739 Z54.417
G1 X104.594 Y-8.913 Z52.141
G1 X104.530 Y-9.770 Z49.966
G1 X104.355 Y-10.254 Z47.931
G1 X103.940 Y-10.319 Z46.107
G1 X103.094 Y-10.012 Z44.559
G1 X101.871 Y-9.540 Z43.146
G1 X101.271 Y-8.743 Z41.698
G1 X102.181 Y-7.078 Z40.614
G1 X107.250 Y4.765 Z33.028
G1 X99.060 Y-7.119 Z34.333
G1 X105.531 Y-17.522 Z24.258
G1 X105.377 Y-20.684 Z21.850
G1 X99.812 Y-21.615 Z26.326
G1 X105.316 Y-11.717 Z24.320
G1 X97.901 Y1.257 Z15.663
G1 X106.817 Y-11.346 Z13.113
G1 X106.303 Y13.306 Z15.501
G1 X107.326 Y5.857 Z9.339
G1 X97.738 Y2.628 Z5.479
G1 X101.315 Y-29.801 Z-0.050
G1 X106.822 Y-22.635 Z4.390
G1 X104.267 Y8.897 Z4.163
G1 X106.544 Y20.203 Z-5.621
G1 X105.910 Y-1.154 Z-9.145
G1 X107.352 Y-12.474 Z-8.254
G1 X105.590 Y2.727 Z-7.021
G1 X107.290 Y22.045 Z-13.561
G1 X105.201 Y10.047 Z-20.076
G1 X106.965 Y-14.322 Z-20.467
G1 X100.355 Y17.011 Z-16.751
G1 X99.067 Y-3.303 Z-27.520
G1 X104.057 Y-3.500 Z-22.328
G1 X101.352 Y6.969 Z-25.266
G1 X101.856 Y10.262 Z-28.113
G1 X101.664 Y12.708 Z-30.547
G1 X101.618 Y15.538 Z-33.118
G1 X101.615 Y18.439 Z-35.842
G1 X101.604 Y21.142 Z-38.655
G1 X101.568 Y23.547 Z-41.533
G1 X101.501 Y25.625 Z-44.467
G1 X101.407 Y27.364 Z-47.457
G1 X101.293 Y28.759 Z-50.499
G1 X101.167 Y29.802 Z-53.583
G1 X101.042 Y30.492 Z-56.692
G1 X100.925 Y30.836 Z-59.802
G1 X100.822 Y30.851 Z-62.891
G1 X100.737 Y30.561 Z-65.941
G1 X100.668 Y29.997 Z-68.941
G1 X100.615 Y29.188 Z-71.887
G1 X100.574 Y28.164 Z-74.779
G1 X100.544 Y26.951 Z-77.624
G1 X100.520 Y25.573 Z-80.426
G1 X100.503 Y24.050 Z-83.193
G1 X100.490 Y22.403 Z-85.929
G1 X100.480 Y20.647 Z-88.639
F200.0
G0 X104.687 Y22.576 Z-88.640 ; Rapid move
F50.0
G1 X104.687 Y22.576 Z-88.640
G1 X104.691 Y24.290 Z-85.916
G1 X104.697 Y25.890 Z-83.166
G1 X104.706 Y27.357 Z-80.384
G1 X104.719 Y28.673 Z-77.563
G1 X104.739 Y29.816 Z-74.699
G1 X104.767 Y30.762 Z-71.785
G1 X104.806 Y31.484 Z-68.820
G1 X104.861 Y31.954 Z-65.802
G1 X104.933 Y32.141 Z-62.739
G1 X105.023 Y32.020 Z-59.645
G1 X105.131 Y31.570 Z-56.539
G1 X105.251 Y30.781 Z-53.446
G1 X105.375 Y29.654 Z-50.386
G1 X105.492 Y28.197 Z-47.376
G1 X105.590 Y26.423 Z-44.420
G1 X105.663 Y24.342 Z-41.516
G1 X105.711 Y21.949 Z-38.649
G1 X105.767 Y19.209 Z-35.799
G1 X105.923 Y16.024 Z-32.929
G1 X106.372 Y12.138 Z-30.012
G1 X107.358 Y6.933 Z-27.163
G1 X109.527 Y-0.042 Z-25.427
G1 X102.544 Y2.182 Z-29.537
G1 X110.233 Y9.329 Z-20.822
G1 X111.271 Y-2.103 Z-21.994
G1 X110.510 Y-4.508 Z-15.834
G1 X109.359 Y-28.172 Z-12.058
G1 X109.136 Y-29.680 Z-17.562
G1 X104.891 Y17.567 Z-15.582
G1 X102.271 Y14.778 Z-5.451
G1 X111.247 Y1.027 Z-4.577
G1 X104.066 Y8.391 Z-7.464
G1 X110.676 Y12.260 Z2.060
G1 X101.565 Y4.193 Z0.845
G1 X107.346 Y3.503 Z9.616
G1 X106.463 Y0.670 Z2.365
G1 X101.620 Y-0.294 Z11.465
G1 X101.490 Y6.474 Z11.922
G1 X105.692 Y-19.501 Z20.053
G1 X111.122 Y-31.704 Z18.358
G1 X108.949 Y-27.572 Z16.076
G1 X105.605 Y1.033 Z18.010
G1 X101.985 Y0.668 Z27.868
G1 X102.626 Y-17.054 Z29.821
G1 X107.128 Y-16.322 Z35.157
G1 X105.842 Y-12.961 Z28.385
G1 X110.134 Y-0.485 Z34.506
G1 X105.076 Y-5.909 Z42.751
G1 X105.169 Y-9.143 Z44.809
G1 X105.804 Y-10.389 Z46.332
G1 X106.611 Y-10.824 Z47.428
G1 X107.241 Y-10.999 Z48.670
G1 X107.627 Y-10.840 Z50.322
G1 X107.854 Y-10.275 Z52.297
G1 X107.995 Y-9.335 Z54.475
G1 X108.090 Y-8.076 Z56.779
G1 X108.162 Y-6.552 Z59.163
G1 X108.221 Y-4.807 Z61.602
G1 X108.273 Y-2.876 Z64.080
F200.0
G0 X111.906 Y-4.547 Z64.120 ; Rapid move
F50.0
G1 X111.906 Y-4.547 Z64.120
G1 X111.800 Y-6.311 Z61.661
G1 X111.678 Y-7.873 Z59.253
G1 X111.531 Y-9.197 Z56.917
G1 X111.353 Y-10.241 Z54.687
G1 X111.136 Y-10.965 Z52.618
G1 X110.887 Y-11.343 Z50.779
G1 X110.648 Y-11.383 Z49.231
G1 X110.534 Y-11.110 Z47.909
G1 X110.694 Y-10.392 Z46.518
G1 X111.146 Y-8.802 Z44.683
G1 X111.634 Y-6.027 Z42.251
G1 X112.867 Y-1.618 Z38.845
G1 X113.202 Y-13.807 Z29.389
G1 X111.930 Y4.482 Z35.410
G1 X105.748 Y15.580 Z27.029
G1 X105.818 Y11.942 Z23.807
G1 X114.379 Y12.577 Z20.272
G1 X112.145 Y-23.885 Z15.696
G1 X109.796 Y10.094 Z22.653
G1 X108.163 Y-6.438 Z10.686
G1 X115.327 Y-0.851 Z12.075
G1 X115.148 Y-7.460 Z8.478
G1 X114.891 Y-7.490 Z9.415
G1 X105.670 Y-11.076 Z6.411
G1 X113.467 Y3.022 Z-1.759
G1 X106.377 Y-38.329 Z-3.320
G1 X110.809 Y-3.518 Z1.929
G1 X105.409 Y13.732 Z-5.482
G1 X105.660 Y11.424 Z-9.852
G1 X114.033 Y-3.272 Z-14.219
G1 X110.196 Y-18.207 Z-14.832
G1 X106.487 Y-26.139 Z-13.168
G1 X108.746 Y7.146 Z-13.900
G1 X111.117 Y-4.426 Z-26.118
G1 X106.845 Y-5.442 Z-20.397
G1 X110.359 Y1.902 Z-21.583
G1 X109.739 Y6.951 Z-26.861
G1 X108.943 Y8.726 Z-27.508
G1 X109.477 Y13.043 Z-30.166
G1 X109.847 Y16.752 Z-32.986
G1 X110.001 Y19.853 Z-35.813
G1 X110.006 Y22.544 Z-38.625
G1 X109.925 Y24.935 Z-41.454
G1 X109.800 Y27.058 Z-44.326
G1 X109.656 Y28.904 Z-47.257
G1 X109.508 Y30.451 Z-50.252
G1 X109.369 Y31.676 Z-53.304
G1 X109.246 Y32.564 Z-56.397
G1 X109.144 Y33.109 Z-59.509
G1 X109.066 Y33.319 Z-62.616
G1 X109.009 Y33.213 Z-65.695
G1 X108.970 Y32.816 Z-68.730
G1 X108.947 Y32.158 Z-71.714
G1 X108.933 Y31.270 Z-74.644
G1 X108.926 Y30.178 Z-77.524
G1 X108.922 Y28.908 Z-80.359
G1 X108.921 Y27.481 Z-83.153
G1 X108.922 Y25.918 Z-85.914
G1 X108.922 Y24.235 Z-88.647
F200.0
G0 X113.191 Y25.605 Z-88.659 ; Rapid move
F50.0
G1 X113.191 Y25.605 Z-88.659
G1 X113.188 Y27.265 Z-85.921
G1 X113.183 Y28.804 Z-83.154
G1 X113.176 Y30.204 Z-80.351
G1 X113.170 Y31.445 Z-77.508
G1 X113.164 Y32.505 Z-74.618
G1 X113.162 Y33.357 Z-71.675
G1 X113.166 Y33.974 Z-68.676
G1 X113.183 Y34.322 Z-65.624
G1 X113.217 Y34.370 Z-62.527
G1 X113.275 Y34.088 Z-59.400
G1 X113.362 Y33.456 Z-56.267
G1 X113.480 Y32.461 Z-53.155
G1 X113.631 Y31.109 Z-50.088
G1 X113.814 Y29.414 Z-47.084
G1 X114.025 Y27.403 Z-44.153
G1 X114.259 Y25.114 Z-41.300
G1 X114.500 Y22.596 Z-38.522
G1 X114.713 Y19.909 Z-35.811
G1 X114.828 Y17.098 Z-33.134
G1 X114.756 Y14.092 Z-30.408
G1 X114.645 Y10.402 Z-27.478
G1 X115.770 Y3.449 Z-24.385
G1 X111.171 Y4.621 Z-29.989
G1 X109.677 Y-1.105 Z-22.318
G1 X110.592 Y-13.978 Z-17.994
G1 X109.541 Y-13.910 Z-19.776
G1 X109.737 Y-19.349 Z-17.700
G1 X109.462 Y-2.772 Z-12.657
G1 X111.977 Y-9.284 Z-15.140
G1 X115.356 Y5.305 Z-13.076
G1 X109.522 Y17.197 Z-4.739
G1 X110.324 Y6.343 Z-0.154
G1 X109.511 Y-2.383 Z0.655
G1 X119.215 Y-13.520 Z3.205
G1 X119.113 Y-15.512 Z6.295
G1 X112.476 Y-4.624 Z2.717
G1 X109.743 Y-3.879 Z11.813
G1 X110.464 Y8.083 Z9.417
G1 X113.627 Y-8.415 Z20.052
G1 X116.470 Y-6.238 Z13.185
G1 X109.502 Y13.271 Z19.341
G1 X111.853 Y16.116 Z26.998
G1 X118.944 Y-9.481 Z27.441
G1 X118.711 Y-16.295 Z30.540
G1 X113.360 Y-18.523 Z26.321
G1 X117.075 Y-3.402 Z29.098
G1 X115.342 Y-7.872 Z40.670
G1 X116.678 Y-7.776 Z41.253
G1 X114.834 Y-9.086 Z43.867
G1 X114.181 Y-10.280 Z45.902
G1 X113.962 Y-11.036 Z47.721
G1 X114.007 Y-11.394 Z49.425
G1 X114.213 Y-11.428 Z51.148
G1 X114.483 Y-11.170 Z52.996
G1 X114.753 Y-10.617 Z55.006
G1 X114.995 Y-9.774 Z57.166
G1 X115.203 Y-8.659 Z59.442
G1 X115.382 Y-7.300 Z61.804
G1 X115.536 Y-5.731 Z64.229
F200.0
G0 X119.197 Y-6.506 Z64.405 ; Rapid move
F50.0
G1 X119.197 Y-6.506 Z64.405
G1 X119.006 Y-7.872 Z62.022
G1 X118.790 Y-9.025 Z59.712
G1 X118.545 Y-9.938 Z57.497
G1 X118.272 Y-10.593 Z55.402
G1 X117.973 Y-10.980 Z53.440
G1 X117.661 Y-11.102 Z51.593
G1 X117.353 Y-10.953 Z49.795
G1 X117.055 Y-10.500 Z47.951
G1 X116.742 Y-9.694 Z46.021
G1 X116.403 Y-8.521 Z44.132
G1 X116.279 Y-6.526 Z42.443
G1 X116.851 Y-0.055 Z40.357
G1 X121.736 Y-2.611 Z36.407
G1 X120.711 Y-12.289 Z26.637
G1 X122.367 Y4.471 Z31.065
G1 X122.111 Y11.537 Z22.235
G1 X121.040 Y-20.259 Z18.685
G1 X123.202 Y-25.830 Z21.392
G1 X117.043 Y-22.689 Z22.512
G1 X122.411 Y1.744 Z12.201
G1 X123.268 Y-10.038 Z13.497
G1 X121.867 Y5.686 Z13.486
G1 X115.779 Y9.913 Z3.080
G1 X115.442 Y3.316 Z8.773
G1 X114.078 Y11.553 Z-0.394
G1 X116.642 Y-18.322 Z-5.110
G1 X123.228 Y-22.859 Z-2.082
G1 X122.878 Y-8.347 Z-3.506
G1 X123.197 Y-1.786 Z-9.410
G1 X115.464 Y-14.023 Z-14.860
G1 X119.920 Y-0.853 Z-8.689
G1 X118.854 Y-0.451 Z-20.972
G1 X114.003 Y-2.038 Z-20.264
G1 X115.412 Y-11.465 Z-17.259
G1 X115.890 Y-5.771 Z-27.875
G1 X122.963 Y0.496 Z-25.123
G1 X117.132 Y5.087 Z-24.983
G1 X120.217 Y8.593 Z-27.896
G1 X120.238 Y11.973 Z-30.526
G1 X119.716 Y15.410 Z-33.005
G1 X119.179 Y18.773 Z-35.575
G1 X118.725 Y21.968 Z-38.262
G1 X118.359 Y24.909 Z-41.051
G1 X118.068 Y27.532 Z-43.931
G1 X117.840 Y29.798 Z-46.894
G1 X117.667 Y31.682 Z-49.932
G1 X117.541 Y33.170 Z-53.033
G1 X117.458 Y34.260 Z-56.177
G1 X117.411 Y34.957 Z-59.338
G1 X117.391 Y35.281 Z-62.487
G1 X117.392 Y35.261 Z-65.602
G1 X117.404 Y34.932 Z-68.666
G1 X117.423 Y34.330 Z-71.672
G1 X117.443 Y33.490 Z-74.620
G1 X117.461 Y32.443 Z-77.514
G1 X117.476 Y31.216 Z-80.360
G1 X117.487 Y29.831 Z-83.164
G1 X117.494 Y28.308 Z-85.933
G1 X117.497 Y26.664 Z-88.673
F200.0
G0 X121.844 Y27.383 Z-88.684 ; Rapid move
F50.0
G1 X121.844 Y27.383 Z-88.684
G1 X121.845 Y29.014 Z-85.946
G1 X121.839 Y30.528 Z-83.179
G1 X121.828 Y31.907 Z-80.379
G1 X121.808 Y33.134 Z-77.538
G1 X121.781 Y34.186 Z-74.649
G1 X121.745 Y35.035 Z-71.706
G1 X121.703 Y35.651 Z-68.704
G1 X121.656 Y35.997 Z-65.640
G1 X121.609 Y36.032 Z-62.519
G1 X121.571 Y35.715 Z-59.355
G1 X121.550 Y35.007 Z-56.170
G1 X121.557 Y33.878 Z-52.995
G1 X121.599 Y32.307 Z-49.858
G1 X121.686 Y30.284 Z-46.782
G1 X121.822 Y27.799 Z-43.778
G1 X122.016 Y24.851 Z-40.852
G1 X122.276 Y21.442 Z-38.005
G1 X122.608 Y17.603 Z-35.240
G1 X123.011 Y13.434 Z-32.574
G1 X123.431 Y9.217 Z-30.044
G1 X123.544 Y5.828 Z-27.799
G1 X123.529 Y6.105 Z-28.220
G1 X125.580 Y-2.349 Z-30.135
G1 X121.429 Y-10.914 Z-18.911
G1 X120.052 Y-14.078 Z-25.505
G1 X124.075 Y6.692 Z-23.287
G1 X126.699 Y11.951 Z-13.608
G1 X121.613 Y-0.085 Z-8.501
G1 X126.699 Y-2.355 Z-13.315
G1 X117.421 Y-8.837 Z-8.725
G1 X117.602 Y11.770 Z-4.162
G1 X126.912 Y-17.966 Z-5.051
G1 X127.233 Y-8.599 Z0.631
G1 X124.948 Y-2.012 Z-2.122
G1 X117.420 Y4.074 Z4.102
G1 X125.942 Y-7.859 Z10.812
G1 X125.769 Y1.515 Z6.272
G1 X120.973 Y5.232 Z17.296
G1 X118.840 Y-21.211 Z11.592
G1 X121.324 Y1.523 Z22.590
G1 X120.424 Y-27.595 Z16.010
G1 X117.778 Y5.545 Z20.945
G1 X117.456 Y-4.874 Z26.366
G1 X118.567 Y-1.035 Z24.863
G1 X120.483 Y9.420 Z35.274
G1 X117.423 Y-3.069 Z32.745
G1 X124.579 Y-2.277 Z40.091
G1 X120.986 Y-4.041 Z42.042
G1 X120.895 Y-6.426 Z44.340
G1 X120.917 Y-8.258 Z46.507
G1 X121.079 Y-9.450 Z48.479
G1 X121.280 Y-10.151 Z50.299
G1 X121.501 Y-10.489 Z52.065
G1 X121.739 Y-10.534 Z53.880
G1 X121.988 Y-10.311 Z55.804
G1 X122.238 Y-9.828 Z57.855
G1 X122.479 Y-9.097 Z60.024
G1 X122.706 Y-8.135 Z62.291
G1 X122.917 Y-6.965 Z64.634
F200.0
G0 X126.712 Y-7.206 Z64.897 ; Rapid move
F50.0
G1 X126.712 Y-7.206 Z64.897
G1 X126.497 Y-8.195 Z62.581
G1 X126.279 Y-8.989 Z60.335
G1 X126.069 Y-9.569 Z58.175
G1 X125.885 Y-9.918 Z56.113
G1 X125.748 Y-10.016 Z54.158
G1 X125.685 Y-9.844 Z52.301
G1 X125.718 Y-9.369 Z50.505
G1 X125.852 Y-8.523 Z48.689
G1 X126.035 Y-7.179 Z46.727
G1 X126.052 Y-5.133 Z44.365
G1 X125.481 Y-2.225 Z39.327
G1 X125.539 Y-5.180 Z40.276
G1 X130.407 Y4.134 Z30.375
G1 X124.294 Y-13.207 Z35.214
G1 X125.867 Y-17.500 Z23.162
G1 X130.808 Y-26.161 Z23.222
G1 X131.153 Y-31.960 Z24.294
G1 X122.759 Y-16.215 Z23.754
G1 X130.791 Y-11.585 Z15.412
G1 X131.261 Y-12.085 Z14.168
G1 X128.399 Y-23.979 Z8.392
G1 X126.217 Y-4.146 Z14.912
G1 X122.774 Y7.141 Z3.988
G1 X125.813 Y-21.663 Z-0.219
G1 X128.836 Y-32.947 Z6.481
G1 X121.870 Y-7.094 Z-2.569
G1 X121.456 Y-17.811 Z-3.892
G1 X130.641 Y-1.750 Z-3.077
G1 X128.823 Y10.967 Z-3.967
G1 X128.016 Y-4.079 Z-15.520
G1 X130.678 Y2.290 Z-15.894
G1 X122.347 Y-27.621 Z-18.782
G1 X127.414 Y-19.940 Z-13.740
G1 X130.496 Y8.616 Z-23.997
G1 X122.600 Y-15.058 Z-20.685
G1 X124.781 Y-1.897 Z-21.724
G1 X128.898 Y4.295 Z-32.311
G1 X125.973 Y5.569 Z-27.741
G1 X125.544 Y8.904 Z-29.919
G1 X125.507 Y13.432 Z-32.512
G1 X125.481 Y17.911 Z-35.220
G1 X125.452 Y21.981 Z-38.008
G1 X125.432 Y25.540 Z-40.870
G1 X125.433 Y28.571 Z-43.811
G1 X125.462 Y31.085 Z-46.834
G1 X125.520 Y33.098 Z-49.934
G1 X125.604 Y34.627 Z-53.093
G1 X125.705 Y35.694 Z-56.284
G1 X125.813 Y36.328 Z-59.474
G1 X125.917 Y36.571 Z-62.634
G1 X126.010 Y36.469 Z-65.741
G1 X126.087 Y36.068 Z-68.787
G1 X126.147 Y35.411 Z-71.771
G1 X126.191 Y34.533 Z-74.696
G1 X126.220 Y33.465 Z-77.569
G1 X126.237 Y32.231 Z-80.398
G1 X126.243 Y30.853 Z-83.189
G1 X126.240 Y29.347 Z-85.949
G1 X126.231 Y27.729 Z-88.683
F200.0
G0 X130.653 Y27.670 Z-88.660 ; Rapid move
F50.0
G1 X130.653 Y27.670 Z-88.660
G1 X130.676 Y29.268 Z-85.933
G1 X130.693 Y30.761 Z-83.182
G1 X130.700 Y32.135 Z-80.403
G1 X130.696 Y33.374 Z-77.592
G1 X130.677 Y34.461 Z-74.741
G1 X130.640 Y35.374 Z-71.845
G1 X130.579 Y36.089 Z-68.896
G1 X130.490 Y36.571 Z-65.889
G1 X130.370 Y36.784 Z-62.821
G1 X130.217 Y36.682 Z-59.695
G1 X130.034 Y36.215 Z-56.527
G1 X129.828 Y35.335 Z-53.342
G1 X129.612 Y34.003 Z-50.176
G1 X129.399 Y32.191 Z-47.064
G1 X129.200 Y29.887 Z-44.034
G1 X129.018 Y27.082 Z-41.098
G1 X128.847 Y23.780 Z-38.258
G1 X128.674 Y20.002 Z-35.509
G1 X128.496 Y15.823 Z-32.845
G1 X128.352 Y11.459 Z-30.262
G1 X128.434 Y7.816 Z-27.918
G1 X132.383 Y4.144 Z-24.700
G1 X133.399 Y-1.900 Z-29.851
G1 X132.878 Y-0.700 Z-28.073
G1 X129.802 Y9.840 Z-16.272
G1 X130.841 Y-21.848 Z-13.717
G1 X127.779 Y-5.102 Z-20.285
G1 X134.298 Y17.269 Z-14.402
G1 X129.373 Y1.994 Z-5.943
G1 X128.970 Y-25.162 Z-3.497
G1 X133.516 Y-31.011 Z-9.502
G1 X133.160 Y10.879 Z-7.180
G1 X128.163 Y19.945 Z3.976
G1 X126.032 Y-12.195 Z4.605
G1 X127.483 Y11.226 Z0.666
G1 X128.741 Y2.473 Z12.054
G1 X135.300 Y12.501 Z9.960
G1 X130.340 Y-21.291 Z17.492
G1 X126.471 Y-25.523 Z12.010
G1 X128.082 Y8.565 Z13.288
G1 X135.342 Y14.994 Z20.169
G1 X129.125 Y18.574 Z27.699
G1 X132.046 Y-23.173 Z30.174
G1 X135.201 Y-19.867 Z26.983
G1 X127.596 Y-14.711 Z26.537
G1 X127.783 Y-4.882 Z37.449
G1 X129.724 Y-0.616 Z36.897
G1 X133.763 Y-4.872 Z40.996
G1 X132.027 Y-5.894 Z43.849
G1 X131.021 Y-7.113 Z46.151
G1 X130.419 Y-8.137 Z48.250
G1 X130.038 Y-8.872 Z50.243
G1 X129.837 Y-9.332 Z52.221
G1 X129.786 Y-9.535 Z54.235
G1 X129.848 Y-9.499 Z56.305
G1 X129.987 Y-9.243 Z58.435
G1 X130.171 Y-8.785 Z60.626
G1 X130.379 Y-8.139 Z62.876
G1 X130.592 Y-7.317 Z65.180
F200.0
G0 X134.570 Y-7.383 Z65.475 ; Rapid move
F50.0
G1 X134.570 Y-7.383 Z65.475
G1 X134.358 Y-8.043 Z63.177
G1 X134.149 Y-8.546 Z60.914
G1 X133.959 Y-8.887 Z58.681
G1 X133.808 Y-9.060 Z56.469
G1 X133.718 Y-9.055 Z54.267
G1 X133.719 Y-8.863 Z52.072
G1 X133.832 Y-8.477 Z49.894
G1 X134.043 Y-7.897 Z47.771
G1 X134.186 Y-7.124 Z45.787
G1 X133.782 Y-6.165 Z44.081
G1 X133.206 Y-4.656 Z42.539
G1 X139.114 Y-0.462 Z34.669
G1 X137.558 Y-18.588 Z29.506
G1 X137.831 Y2.405 Z34.282
G1 X130.592 Y7.185 Z24.843
G1 X129.903 Y-2.511 Z27.647
G1 X129.453 Y11.559 Z22.379
G1 X129.412 Y-0.137 Z19.696
G1 X139.082 Y4.174 Z18.644
G1 X139.330 Y2.452 Z14.563
G1 X134.157 Y-36.151 Z7.546
G1 X130.897 Y-31.759 Z13.458
G1 X138.104 Y-20.271 Z10.633
G1 X138.168 Y12.821 Z7.971
G1 X129.822 Y15.447 Z0.137
G1 X138.053 Y7.983 Z-3.808
G1 X131.871 Y-19.479 Z-7.212
G1 X129.401 Y10.462 Z-6.093
G1 X130.632 Y2.355 Z-4.940
G1 X131.666 Y-18.542 Z-15.023
G1 X134.342 Y-10.113 Z-8.435
G1 X138.521 Y2.663 Z-18.780
G1 X130.613 Y-26.363 Z-21.850
G1 X133.519 Y11.434 Z-16.288
G1 X133.911 Y-2.715 Z-28.769
G1 X132.291 Y-7.345 Z-21.895
G1 X133.044 Y0.238 Z-24.396
G1 X132.975 Y9.432 Z-27.203
G1 X132.814 Y14.755 Z-30.100
G1 X132.695 Y19.019 Z-32.904
G1 X132.744 Y22.774 Z-35.681
G1 X132.904 Y26.088 Z-38.495
G1 X133.142 Y28.951 Z-41.383
G1 X133.435 Y31.346 Z-44.362
G1 X133.759 Y33.268 Z-47.428
G1 X134.084 Y34.720 Z-50.557
G1 X134.384 Y35.726 Z-53.713
G1 X134.641 Y36.325 Z-56.860
G1 X134.846 Y36.565 Z-59.972
G1 X135.000 Y36.495 Z-63.034
G1 X135.107 Y36.159 Z-66.041
G1 X135.176 Y35.593 Z-68.994
G1 X135.215 Y34.829 Z-71.898
G1 X135.229 Y33.890 Z-74.759
G1 X135.224 Y32.796 Z-77.584
G1 X135.206 Y31.564 Z-80.377
G1 X135.177 Y30.208 Z-83.142
G1 X135.141 Y28.741 Z-85.885
G1 X135.099 Y27.174 Z-88.607
F200.0
G0 X139.555 Y26.217 Z-88.515 ; Rapid move
F50.0
G1 X139.555 Y26.217 Z-88.515
G1 X139.617 Y27.734 Z-85.795
G1 X139.676 Y29.156 Z-83.058
G1 X139.730 Y30.472 Z-80.302
G1 X139.777 Y31.674 Z-77.525
G1 X139.814 Y32.748 Z-74.723
G1 X139.837 Y33.683 Z-71.893
G1 X139.840 Y34.464 Z-69.032
G1 X139.820 Y35.074 Z-66.135
G1 X139.767 Y35.495 Z-63.198
G1 X139.673 Y35.701 Z-60.218
G1 X139.528 Y35.663 Z-57.191
G1 X139.324 Y35.344 Z-54.119
G1 X139.057 Y34.697 Z-51.010
G1 X138.731 Y33.668 Z-47.878
G1 X138.373 Y32.200 Z-44.749
G1 X138.031 Y30.237 Z-41.651
G1 X137.777 Y27.725 Z-38.602
G1 X137.694 Y24.596 Z-35.604
G1 X137.848 Y20.726 Z-32.646
G1 X138.217 Y15.837 Z-29.734
G1 X138.405 Y9.347 Z-26.898
G1 X137.138 Y0.835 Z-24.352
G1 X141.360 Y-1.763 Z-22.442
G1 X135.024 Y-8.152 Z-20.197
G1 X143.251 Y-19.840 Z-22.101
G1 X142.156 Y-18.020 Z-15.563
G1 X143.005 Y-26.253 Z-17.460
G1 X139.871 Y-11.456 Z-11.198
G1 X139.620 Y-20.705 Z-15.658
G1 X135.104 Y2.952 Z-4.459
G1 X138.263 Y-14.582 Z-10.525
G1 X142.602 Y-13.355 Z-0.417
G1 X133.735 Y-7.722 Z-2.304
G1 X137.316 Y11.173 Z-2.720
G1 X142.330 Y15.625 Z7.661
G1 X133.423 Y-8.311 Z6.788
G1 X140.198 Y-20.546 Z14.448
G1 X137.922 Y17.673 Z7.564
G1 X138.946 Y-1.797 Z20.076
G1 X141.176 Y3.906 Z13.607
G1 X141.042 Y-23.564 Z24.392
G1 X142.913 Y-31.032 Z24.901
G1 X141.685 Y-25.944 Z21.844
G1 X143.251 Y-24.494 Z29.021
G1 X137.706 Y-22.124 Z25.762
G1 X139.227 Y-8.477 Z38.105
G1 X140.933 Y0.768 Z38.708
G1 X137.990 Y-4.623 Z42.119
G1 X138.800 Y-5.910 Z43.640
G1 X137.801 Y-6.688 Z45.340
G1 X137.442 Y-7.381 Z47.470
G1 X137.409 Y-7.904 Z49.784
G1 X137.501 Y-8.279 Z52.124
G1 X137.651 Y-8.512 Z54.436
G1 X137.835 Y-8.603 Z56.714
G1 X138.037 Y-8.548 Z58.971
G1 X138.248 Y-8.347 Z61.224
G1 X138.461 Y-7.997 Z63.490
G1 X138.667 Y-7.499 Z65.779
F200.0
G0 X142.902 Y-7.785 Z66.070 ; Rapid move
F50.0
G1 X142.902 Y-7.785 Z66.070
G1 X142.725 Y-8.129 Z63.796
G1 X142.534 Y-8.322 Z61.545
G1 X142.329 Y-8.362 Z59.305
G1 X142.105 Y-8.253 Z57.061
G1 X141.858 Y-7.997 Z54.794
G1 X141.578 Y-7.604 Z52.484
G1 X141.256 Y-7.090 Z50.107
G1 X140.884 Y-6.484 Z47.648
G1 X140.433 Y-5.845 Z45.112
G1 X139.699 Y-5.333 Z42.454
G1 X138.652 Y-5.383 Z37.783
G1 X146.159 Y-3.378 Z39.048
G1 X139.888 Y-14.112 Z28.976
G1 X139.010 Y-6.505 Z27.028
G1 X138.049 Y-1.518 Z30.596
G1 X147.044 Y8.895 Z23.779
G1 X144.303 Y-24.129 Z18.335
G1 X142.409 Y15.503 Z25.282
G1 X138.766 Y-19.543 Z14.254
G1 X140.982 Y3.863 Z19.913
G1 X145.696 Y21.858 Z9.367
G1 X137.632 Y18.220 Z10.868
G1 X143.732 Y-21.399 Z2.527
G1 X140.340 Y-13.350 Z9.302
G1 X145.397 Y1.607 Z-1.830
G1 X147.302 Y-26.843 Z-0.768
G1 X140.800 Y-29.858 Z1.662
G1 X144.939 Y16.227 Z-1.809
G1 X139.932 Y-22.070 Z-12.482
G1 X137.542 Y-25.884 Z-11.486
G1 X143.051 Y-0.516 Z-8.482
G1 X137.526 Y20.413 Z-15.015
G1 X144.578 Y7.298 Z-23.069
G1 X146.957 Y0.278 Z-21.781
G1 X146.838 Y-3.118 Z-25.984
G1 X138.982 Y-11.008 Z-22.869
G1 X142.352 Y3.477 Z-24.233
G1 X143.512 Y9.346 Z-27.145
G1 X142.888 Y15.366 Z-29.691
G1 X142.768 Y20.662 Z-32.570
G1 X142.950 Y24.738 Z-35.647
G1 X143.271 Y27.752 Z-38.836
G1 X143.612 Y29.933 Z-42.046
G1 X143.910 Y31.491 Z-45.220
G1 X144.146 Y32.580 Z-48.338
G1 X144.319 Y33.307 Z-51.402
G1 X144.438 Y33.738 Z-54.419
G1 X144.511 Y33.917 Z-57.394
G1 X144.547 Y33.874 Z-60.334
G1 X144.553 Y33.632 Z-63.242
G1 X144.535 Y33.208 Z-66.123
G1 X144.499 Y32.617 Z-68.977
G1 X144.448 Y31.873 Z-71.807
G1 X144.387 Y30.987 Z-74.615
G1 X144.317 Y29.970 Z-77.403
G1 X144.242 Y28.832 Z-80.172
G1 X144.163 Y27.583 Z-82.924
G1 X144.082 Y26.232 Z-85.660
G1 X144.000 Y24.786 Z-88.382
F200.0
G0 X148.417 Y22.884 Z-88.209 ; Rapid move
F50.0
G1 X148.417 Y22.884 Z-88.209
G1 X148.515 Y24.234 Z-85.482
G1 X148.613 Y25.488 Z-82.742
G1 X148.711 Y26.639 Z-79.988
G1 X148.808 Y27.678 Z-77.220
G1 X148.903 Y28.596 Z-74.437
G1 X148.993 Y29.385 Z-71.638
G1 X149.079 Y30.033 Z-68.823
G1 X149.157 Y30.531 Z-65.992
G1 X149.228 Y30.867 Z-63.144
G1 X149.288 Y31.029 Z-60.280
G1 X149.337 Y31.003 Z-57.398
G1 X149.371 Y30.771 Z-54.497
G1 X149.387 Y30.314 Z-51.574
G1 X149.379 Y29.601 Z-48.623
G1 X149.336 Y28.593 Z-45.633
G1 X149.236 Y27.228 Z-42.589
G1 X149.032 Y25.409 Z-39.467
G1 X148.631 Y22.972 Z-36.241
G1 X147.865 Y19.613 Z-32.925
G1 X146.568 Y14.738 Z-29.705
G1 X145.111 Y7.474 Z-26.984
G1 X147.545 Y3.301 Z-26.481
G1 X141.582 Y0.405 Z-26.173
G1 X141.476 Y3.468 Z-23.066
G1 X142.296 Y3.691 Z-18.518
G1 X148.510 Y-17.464 Z-23.018
G1 X141.853 Y-6.180 Z-13.910
G1 X150.219 Y-24.911 Z-10.382
G1 X147.357 Y-2.456 Z-15.709
G1 X141.500 Y-3.937 Z-9.323
G1 X144.609 Y1.285 Z-0.971
G1 X151.195 Y-27.395 Z-3.500
G1 X150.397 Y4.074 Z-3.396
G1 X142.658 Y13.258 Z-1.003
G1 X142.549 Y21.938 Z1.780
G1 X144.448 Y17.106 Z11.914
G1 X150.720 Y-5.888 Z12.372
G1 X149.664 Y-12.023 Z8.822
G1 X143.629 Y-23.976 Z19.221
G1 X147.438 Y3.989 Z12.841
G1 X149.065 Y-0.154 Z24.504
G1 X150.984 Y-26.081 Z24.082
G1 X141.422 Y-7.540 Z24.847
G1 X145.878 Y-11.828 Z23.133
G1 X142.538 Y10.159 Z33.771
G1 X151.080 Y-1.521 Z31.744
G1 X142.460 Y-8.257 Z38.896
G1 X147.430 Y-1.672 Z38.974
G1 X145.530 Y-2.856 Z43.058
G1 X145.436 Y-4.316 Z45.926
G1 X145.782 Y-5.493 Z48.379
G1 X146.113 Y-6.474 Z50.691
G1 X146.376 Y-7.271 Z52.944
G1 X146.584 Y-7.885 Z55.167
G1 X146.754 Y-8.319 Z57.377
G1 X146.902 Y-8.581 Z59.587
G1 X147.034 Y-8.675 Z61.807
G1 X147.155 Y-8.605 Z64.045
G1 X147.269 Y-8.377 Z66.309

M30 ; Program end