X,Y,Z,Normal_X,Normal_Y,Normal_Z,Feed_Rate,Is_Rapid
-47.889232,-4.756327,1.581912,-0.001370,0.992289,-0.123941,50.00,False
-47.860818,-4.444800,4.058631,0.004313,0.992422,-0.122800,50.00,False
-47.838119,-4.144160,6.542649,0.008853,0.992710,-0.120199,50.00,False
-47.835155,-3.844074,9.009203,0.009446,0.992597,-0.121090,50.00,False
-47.845744,-3.541016,11.487636,0.007328,0.992794,-0.119606,50.00,False
-47.860993,-3.246020,13.969311,0.004278,0.993067,-0.117474,50.00,False
-47.859025,-2.953823,16.455225,0.004672,0.993413,-0.114494,50.00,False
-47.847667,-2.675679,18.971865,0.006943,0.994409,-0.105368,50.00,False
-47.860382,-2.414506,21.440011,0.004400,0.994363,-0.105941,50.00,False
-47.870341,-2.152220,23.924559,0.002408,0.994654,-0.103234,50.00,False
-47.862931,-1.900483,26.429180,0.003890,0.995324,-0.096512,50.00,False
-47.843801,-1.665080,28.924836,0.007716,0.995767,-0.091584,50.00,False
-47.829598,-1.440967,31.418414,0.010557,0.996146,-0.087071,50.00,False
-47.849763,-1.229376,33.910118,0.006524,0.996534,-0.082932,50.00,False
-47.840944,-1.028468,36.417232,0.008288,0.997095,-0.075712,50.00,False
-47.842415,-0.846449,38.913444,0.007994,0.997468,-0.070672,50.00,False
-47.829941,-0.678350,41.433175,0.010488,0.998087,-0.060929,50.00,False
-47.839207,-0.534902,43.932880,0.008635,0.998439,-0.055190,50.00,False
-47.835427,-0.403701,46.429130,0.009391,0.998698,-0.050143,50.00,False
-47.849601,-0.289366,48.946662,0.006556,0.999144,-0.040839,50.00,False
-47.874571,-0.193491,51.447531,0.001562,0.999391,-0.034867,50.00,False
-47.885826,-0.116600,53.957738,-0.000689,0.999634,-0.027029,50.00,False
-47.881842,-0.056579,56.460395,0.000108,0.999786,-0.020700,50.00,False
-47.853760,-0.014426,58.976438,0.005725,0.999915,-0.011694,50.00,False
-47.856018,-0.000026,61.495588,0.005273,0.999984,-0.002066,50.00,False
-47.870804,-0.000610,63.992598,0.002316,0.999992,0.003133,50.00,False
-47.852871,-0.014822,66.490868,0.005902,0.999946,0.008585,50.00,False
-47.865433,-0.047445,69.005912,0.003390,0.999843,0.017391,50.00,False
-47.858455,-0.101546,71.519745,0.004786,0.999652,0.025955,50.00,False
-47.841481,-0.180930,74.045971,0.008180,0.999282,0.036998,50.00,False
-47.834592,-0.282126,76.541777,0.009558,0.999074,0.041957,50.00,False
-47.838065,-0.395124,79.041014,0.008864,0.998827,0.047601,50.00,False
-47.848777,-0.520780,81.545567,0.006721,0.998502,0.054309,50.00,False
-47.851337,-0.664638,84.046150,0.006209,0.998166,0.060224,50.00,False
-47.854000,-0.826511,86.562918,0.005677,0.997575,0.069375,50.00,False
-47.871456,-1.011498,89.069792,0.002185,0.997064,0.076547,50.00,False
-47.864199,-1.209523,91.566076,0.003637,0.996658,0.081601,50.00,False
-47.835853,-1.421378,94.065869,0.009306,0.996134,0.087357,50.00,False
-47.852139,-1.649384,96.569848,0.006049,0.995558,0.093951,50.00,False
-47.880647,-1.891184,99.067889,0.000347,0.995052,0.099356,50.00,False
-47.894280,-2.146132,101.558323,-0.002379,0.994654,0.103241,50.00,False
-47.894018,-2.405212,104.036322,-0.002327,0.994508,0.104638,50.00,False
-47.879587,-2.668477,106.517320,0.000559,0.994298,0.106635,50.00,False
-47.846425,-2.939448,109.005675,0.007192,0.993894,0.110103,50.00,False
-47.831668,-3.220191,111.497798,0.010143,0.993392,0.114326,50.00,False
-47.834585,-3.516340,113.999397,0.009560,0.992674,0.120443,50.00,False
-47.836876,-3.820891,116.479265,0.009101,0.992462,0.122214,50.00,False
-47.859485,-4.124330,118.949270,0.004580,0.992518,0.122012,50.00,False
-47.857201,-4.428666,121.420487,0.005036,0.992511,0.122053,50.00,False
-47.857893,-4.735509,123.905184,0.004898,0.992171,0.124790,50.00,False
-47.874885,-5.049525,126.379542,0.001500,0.992098,0.125459,50.00,False
-47.877798,-5.359349,128.842878,0.000917,0.992291,0.123924,50.00,False
-47.867847,-5.662817,131.301331,0.002907,0.992598,0.121412,50.00,False
-47.842267,-5.964882,133.771713,0.008023,0.992585,0.121286,50.00,False
-47.835712,-6.264835,136.232457,0.009334,0.992823,0.119232,50.00,False
-47.829743,-6.555528,138.694307,0.010528,0.993029,0.117400,50.00,False
-47.854501,-6.849279,141.165621,0.005576,0.993062,0.117460,50.00,False
-47.859829,-7.129529,143.602473,0.004511,0.993852,0.110628,50.00,False
-47.841484,-7.400409,146.067148,0.008180,0.993969,0.109360,50.00,False
-47.826626,-7.666650,148.510999,0.011151,0.994522,0.103928,50.00,False
-44.062068,-7.619693,148.499253,-0.035937,0.994178,0.101579,200.00,True
-44.062068,-7.619693,148.499253,-0.035937,0.994178,0.101579,50.00,False
-44.059234,-7.356817,146.069748,-0.035370,0.993315,0.109880,50.00,False
-44.056731,-7.081686,143.610749,-0.034870,0.993064,0.112283,50.00,False
-44.059403,-6.799973,141.157228,-0.035404,0.992644,0.115781,50.00,False
-44.060068,-6.510201,138.697346,-0.035537,0.992377,0.118007,50.00,False
-44.061304,-6.214890,136.237272,-0.035784,0.992105,0.120195,50.00,False
-44.060405,-5.914230,133.774153,-0.035604,0.991919,0.121774,50.00,False
-44.060391,-5.610122,131.309009,-0.035602,0.991774,0.122948,50.00,False
-44.060288,-5.303102,128.841997,-0.035581,0.991676,0.123748,50.00,False
-44.060434,-4.994510,126.371563,-0.035610,0.991660,0.123863,50.00,False
-44.059813,-4.685731,123.900122,-0.035486,0.991675,0.123778,50.00,False
-44.059794,-4.377641,121.425732,-0.035482,0.991759,0.123102,50.00,False
-44.059699,-4.071632,118.948438,-0.035463,0.991915,0.121846,50.00,False
-44.060735,-3.768967,116.469777,-0.035670,0.992095,0.120316,50.00,False
-44.059112,-3.470487,113.987916,-0.035346,0.992367,0.118147,50.00,False
-44.059575,-3.178199,111.503765,-0.035438,0.992673,0.115519,50.00,False
-44.060008,-2.892004,109.020755,-0.035525,0.992946,0.113119,50.00,False
-44.060455,-2.613035,106.531640,-0.035614,0.993349,0.109499,50.00,False
-44.059796,-2.343228,104.041733,-0.035483,0.993763,0.105720,50.00,False
-44.059364,-2.082820,101.552186,-0.035396,0.994153,0.102013,50.00,False
-44.058505,-1.832964,99.053681,-0.035224,0.994708,0.096515,50.00,False
-44.060785,-1.597882,96.555356,-0.035680,0.995207,0.091052,50.00,False
-44.061722,-1.375484,94.063377,-0.035868,0.995575,0.086859,50.00,False
-44.055613,-1.162768,91.570243,-0.034646,0.995994,0.082435,50.00,False
-44.049108,-0.963910,89.060604,-0.033345,0.996648,0.074709,50.00,False
-44.054531,-0.786404,86.554586,-0.034430,0.997111,0.067708,50.00,False
-44.062587,-0.623486,84.055889,-0.036041,0.997415,0.062171,50.00,False
-44.063150,-0.475279,81.552011,-0.036153,0.997798,0.055598,50.00,False
-44.063965,-0.344781,79.045222,-0.036316,0.998166,0.048443,50.00,False
-44.064824,-0.232306,76.536941,-0.036488,0.998493,0.040989,50.00,False
-44.063472,-0.138201,74.032991,-0.036218,0.998752,0.034402,50.00,False
-44.053718,-0.059304,71.527088,-0.034267,0.999036,0.027424,50.00,False
-44.053567,-0.002173,69.009281,-0.034237,0.999250,0.018065,50.00,False
-44.061643,0.034002,66.504971,-0.035852,0.999292,0.011405,50.00,False
-44.061009,0.053080,63.994554,-0.035725,0.999355,0.003525,50.00,False
-44.062976,0.051905,61.484679,-0.036119,0.999338,-0.004248,50.00,False
-44.062279,0.032577,58.979865,-0.035979,0.999292,-0.011008,50.00,False
-44.053231,-0.004063,56.468022,-0.034170,0.999232,-0.019174,50.00,False
-44.053047,-0.064284,53.952315,-0.034133,0.999022,-0.028113,50.00,False
-44.060654,-0.143357,51.449220,-0.035654,0.998767,-0.034530,50.00,False
-44.061739,-0.239072,48.941658,-0.035871,0.998480,-0.041840,50.00,False
-44.061814,-0.353014,46.435093,-0.035886,0.998156,-0.048950,50.00,False
-44.062051,-0.484927,43.928798,-0.035934,0.997784,-0.056007,50.00,False
-44.060997,-0.634047,41.423963,-0.035723,0.997388,-0.062771,50.00,False
-44.060787,-0.800512,38.918962,-0.035681,0.996939,-0.069569,50.00,False
-44.061066,-0.981777,36.420675,-0.035737,0.996541,-0.075023,50.00,False
-44.060081,-1.178169,33.917373,-0.035540,0.996041,-0.081481,50.00,False
-44.062758,-1.390467,31.417693,-0.036075,0.995536,-0.087215,50.00,False
-44.062132,-1.615020,28.922244,-0.035950,0.995100,-0.092102,50.00,False
-44.059962,-1.852682,26.426733,-0.035516,0.994650,-0.097002,50.00,False
-44.055881,-2.101943,23.930264,-0.034700,0.994169,-0.102093,50.00,False
-44.059396,-2.363170,21.440856,-0.035403,0.993760,-0.105772,50.00,False
-44.054984,-2.631745,18.952813,-0.034520,0.993423,-0.109178,50.00,False
-44.048624,-2.910095,16.462797,-0.033248,0.993041,-0.112979,50.00,False
-44.055487,-3.199060,13.972798,-0.034621,0.992555,-0.116776,50.00,False
-44.058748,-3.492627,11.493888,-0.035273,0.992345,-0.118356,50.00,False
-44.060824,-3.791473,9.012746,-0.035688,0.992086,-0.120382,50.00,False
-44.058889,-4.093545,6.535817,-0.035301,0.991956,-0.121565,50.00,False
-44.052707,-4.399598,4.054715,-0.034065,0.991749,-0.123583,50.00,False
-44.040971,-4.705310,1.597787,-0.031718,0.992174,-0.120766,50.00,False
-40.268967,-4.487859,1.598193,-0.077317,0.989675,-0.120685,200.00,True
-40.268967,-4.487859,1.598193,-0.077317,0.989675,-0.120685,50.00,False
-40.271298,-4.181361,4.056073,-0.077783,0.989315,-0.123311,50.00,False
-40.276116,-3.874669,6.534870,-0.078747,0.989432,-0.121754,50.00,False
-40.277050,-3.571703,9.013941,-0.078933,0.989614,-0.120143,50.00,False
-40.277450,-3.272938,11.495419,-0.079013,0.989859,-0.118050,50.00,False
-40.277705,-2.979881,13.978319,-0.079064,0.990136,-0.115672,50.00,False
-40.277382,-2.692903,16.463596,-0.079000,0.990470,-0.112819,50.00,False
-40.277440,-2.413811,18.951832,-0.079011,0.990855,-0.109374,50.00,False
-40.277867,-2.143636,21.441241,-0.079097,0.991248,-0.105695,50.00,False
-40.277880,-1.883094,23.933181,-0.079099,0.991685,-0.101510,50.00,False
-40.277742,-1.633483,26.426840,-0.079072,0.992140,-0.096981,50.00,False
-40.277824,-1.395681,28.922390,-0.079088,0.992606,-0.092073,50.00,False
-40.278022,-1.170623,31.419714,-0.079128,0.993077,-0.086811,50.00,False
-40.278097,-0.959200,33.918894,-0.079143,0.993553,-0.081177,50.00,False
-40.278471,-0.762342,36.419550,-0.079218,0.994013,-0.075249,50.00,False
-40.278918,-0.580722,38.921358,-0.079307,0.994453,-0.069089,50.00,False
-40.278786,-0.414915,41.424908,-0.079281,0.994886,-0.062582,50.00,False
-40.278871,-0.265836,43.929623,-0.079297,0.995286,-0.055841,50.00,False
-40.278997,-0.133962,46.435370,-0.079323,0.995649,-0.048895,50.00,False
-40.279110,-0.019830,48.942027,-0.079345,0.995972,-0.041766,50.00,False
-40.279451,0.076077,51.450039,-0.079414,0.996249,-0.034366,50.00,False
-40.280093,0.153162,53.957988,-0.079542,0.996466,-0.026979,50.00,False
-40.279234,0.211837,56.466383,-0.079370,0.996654,-0.019502,50.00,False
-40.279268,0.251274,58.975816,-0.079377,0.996775,-0.011818,50.00,False
-40.279501,0.271327,61.485245,-0.079423,0.996832,-0.004135,50.00,False
-40.279474,0.272066,63.994760,-0.079418,0.996835,0.003566,50.00,False
-40.279847,0.253308,66.504329,-0.079493,0.996772,0.011277,50.00,False
-40.279645,0.215412,69.013235,-0.079452,0.996660,0.018856,50.00,False
-40.279377,0.158379,71.522174,-0.079399,0.996492,0.026441,50.00,False
-40.279026,0.082454,74.030485,-0.079329,0.996272,0.033901,50.00,False
-40.279033,-0.012118,76.537969,-0.079330,0.995997,0.041195,50.00,False
-40.278757,-0.124925,79.044982,-0.079275,0.995677,0.048395,50.00,False
-40.278686,-0.255555,81.550842,-0.079261,0.995315,0.055364,50.00,False
-40.278643,-0.403383,84.055447,-0.079252,0.994920,0.062083,50.00,False
-40.278713,-0.568023,86.559225,-0.079266,0.994488,0.068636,50.00,False
-40.278475,-0.748524,89.061148,-0.079218,0.994046,0.074818,50.00,False
-40.278315,-0.944363,91.561878,-0.079186,0.993583,0.080762,50.00,False
-40.278861,-1.154914,94.061440,-0.079296,0.993094,0.086472,50.00,False
-40.278136,-1.378840,96.558106,-0.079151,0.992645,0.091602,50.00,False
-40.276996,-1.615485,99.054242,-0.078923,0.992187,0.096627,50.00,False
-40.277417,-1.864501,101.548398,-0.079007,0.991718,0.101256,50.00,False
-40.277403,-2.124156,104.039934,-0.079004,0.991291,0.105360,50.00,False
-40.277215,-2.393796,106.530151,-0.078966,0.990878,0.109201,50.00,False
-40.277417,-2.672430,109.018003,-0.079007,0.990498,0.112569,50.00,False
-40.277368,-2.958580,111.503133,-0.078997,0.990174,0.115392,50.00,False
-40.276649,-3.251206,113.986720,-0.078853,0.989889,0.117907,50.00,False
-40.276623,-3.549657,116.468333,-0.078848,0.989634,0.120027,50.00,False
-40.276646,-3.852446,118.947242,-0.078853,0.989441,0.121607,50.00,False
-40.276595,-4.158393,121.423893,-0.078842,0.989303,0.122734,50.00,False
-40.276419,-4.466326,123.898235,-0.078807,0.989223,0.123400,50.00,False
-40.276364,-4.775121,126.370413,-0.078796,0.989195,0.123633,50.00,False
-40.276504,-5.083678,128.840251,-0.078824,0.989222,0.123399,50.00,False
-40.276576,-5.390632,131.307504,-0.078838,0.989314,0.122647,50.00,False
-40.276510,-5.694864,133.772649,-0.078825,0.989460,0.121473,50.00,False
-40.276609,-5.995358,136.235681,-0.078845,0.989653,0.119877,50.00,False
-40.276794,-6.290993,138.696441,-0.078882,0.989896,0.117826,50.00,False
-40.277017,-6.580545,141.154705,-0.078927,0.990193,0.115277,50.00,False
-40.277389,-6.862877,143.610783,-0.079001,0.990530,0.112290,50.00,False
-40.277375,-7.136917,146.064907,-0.078998,0.990907,0.108912,50.00,False
-40.273165,-7.400383,148.508816,-0.078156,0.991555,0.103491,50.00,False
-36.487782,-7.020074,148.508668,-0.121080,0.987236,0.103462,200.00,True
-36.487782,-7.020074,148.508668,-0.121080,0.987236,0.103462,50.00,False
-36.485464,-6.754343,146.065302,-0.120616,0.986698,0.108991,50.00,False
-36.484212,-6.479444,143.608330,-0.120366,0.986414,0.111799,50.00,False
-36.483780,-6.197134,141.152270,-0.120279,0.986081,0.114790,50.00,False
-36.483531,-5.907590,138.693873,-0.120230,0.985790,0.117313,50.00,False
-36.483326,-5.612025,136.233035,-0.120189,0.985551,0.119348,50.00,False
-36.483289,-5.311573,133.770292,-0.120181,0.985350,0.121002,50.00,False
-36.483234,-5.007218,131.305103,-0.120170,0.985208,0.122166,50.00,False
-36.483238,-4.700224,128.837638,-0.120171,0.985120,0.122876,50.00,False
-36.483178,-4.391719,126.367826,-0.120159,0.985091,0.123116,50.00,False
-36.483212,-4.082894,123.895809,-0.120166,0.985115,0.122915,50.00,False
-36.483237,-3.774901,121.421352,-0.120171,0.985200,0.122226,50.00,False
-36.483327,-3.468963,118.944703,-0.120189,0.985337,0.121099,50.00,False
-36.483443,-3.166218,116.465695,-0.120212,0.985530,0.119500,50.00,False
-36.483634,-2.867861,113.984488,-0.120250,0.985770,0.117461,50.00,False
-36.483851,-2.575021,111.501046,-0.120294,0.986058,0.114975,50.00,False
-36.484017,-2.288834,109.015405,-0.120327,0.986391,0.112049,50.00,False
-36.484216,-2.010404,106.527678,-0.120367,0.986760,0.108707,50.00,False
-36.484448,-1.740839,104.037835,-0.120413,0.987162,0.104940,50.00,False
-36.484726,-1.481176,101.546023,-0.120469,0.987588,0.100781,50.00,False
-36.484991,-1.232420,99.052273,-0.120522,0.988035,0.096233,50.00,False
-36.485277,-0.995553,96.556702,-0.120579,0.988494,0.091321,50.00,False
-36.485530,-0.771487,94.059254,-0.120629,0.988962,0.086034,50.00,False
-36.485844,-0.561168,91.560247,-0.120692,0.989426,0.080435,50.00,False
-36.486106,-0.365352,89.059656,-0.120745,0.989883,0.074520,50.00,False
-36.486331,-0.184823,86.557628,-0.120790,0.990325,0.068317,50.00,False
-36.486581,-0.020321,84.054164,-0.120840,0.990745,0.061826,50.00,False
-36.486867,0.127488,81.549585,-0.120897,0.991134,0.055113,50.00,False
-36.487113,0.258052,79.043885,-0.120946,0.991489,0.048176,50.00,False
-36.487308,0.370844,76.537222,-0.120985,0.991805,0.041046,50.00,False
-36.487449,0.465411,74.029814,-0.121013,0.992076,0.033766,50.00,False
-36.487566,0.541420,71.521697,-0.121037,0.992298,0.026346,50.00,False
-36.487615,0.598497,69.012932,-0.121046,0.992469,0.018795,50.00,False
-36.487687,0.636396,66.503890,-0.121061,0.992582,0.011189,50.00,False
-36.487793,0.655025,63.994693,-0.121082,0.992636,0.003552,50.00,False
-36.487781,0.654321,61.485349,-0.121080,0.992634,-0.004114,50.00,False
-36.487747,0.634252,58.976105,-0.121073,0.992574,-0.011760,50.00,False
-36.487679,0.594919,56.467133,-0.121059,0.992457,-0.019352,50.00,False
-36.487624,0.536484,53.958559,-0.121048,0.992283,-0.026864,50.00,False
-36.487423,0.459152,51.450292,-0.121008,0.992058,-0.034315,50.00,False
-36.487298,0.363190,48.942965,-0.120983,0.991783,-0.041578,50.00,False
-36.487081,0.249107,46.436457,-0.120940,0.991466,-0.048677,50.00,False
-36.486810,0.117278,43.930774,-0.120885,0.991108,-0.055611,50.00,False
-36.486560,-0.031796,41.426207,-0.120835,0.990714,-0.062322,50.00,False
-36.486335,-0.197511,38.922915,-0.120790,0.990293,-0.068778,50.00,False
-36.486117,-0.379174,36.420985,-0.120747,0.989849,-0.074962,50.00,False
-36.485794,-0.576077,33.920494,-0.120682,0.989393,-0.080857,50.00,False
-36.485524,-0.787458,31.421560,-0.120628,0.988927,-0.086441,50.00,False
-36.485254,-1.012474,28.924335,-0.120574,0.988461,-0.091684,50.00,False
-36.484934,-1.250205,26.428920,-0.120510,0.988004,-0.096564,50.00,False
-36.484552,-1.499791,23.935187,-0.120434,0.987559,-0.101109,50.00,False
-36.484305,-1.760216,21.443554,-0.120384,0.987134,-0.105233,50.00,False
-36.484131,-2.030486,18.953952,-0.120350,0.986735,-0.108951,50.00,False
-36.483881,-2.309441,16.466320,-0.120300,0.986368,-0.112274,50.00,False
-36.483769,-2.596240,13.980690,-0.120277,0.986034,-0.115198,50.00,False
-36.483474,-2.889496,11.497599,-0.120218,0.985756,-0.117614,50.00,False
-36.483196,-3.188141,9.016700,-0.120163,0.985525,-0.119591,50.00,False
-36.483280,-3.490996,6.538014,-0.120179,0.985335,-0.121126,50.00,False
-36.487057,-3.798612,4.056319,-0.120935,0.984978,-0.123262,50.00,False
-36.494693,-4.104729,1.609197,-0.122462,0.985375,-0.118484,50.00,False
-32.668360,-3.560257,1.603861,-0.157195,0.980305,-0.119551,200.00,True
-32.668360,-3.560257,1.603861,-0.157195,0.980305,-0.119551,50.00,False
-32.678236,-3.255491,4.062435,-0.159170,0.979679,-0.122039,50.00,False
-32.677959,-2.948833,6.541744,-0.159115,0.979893,-0.120379,50.00,False
-32.676953,-2.646061,9.020188,-0.158914,0.980108,-0.118893,50.00,False
-32.677037,-2.347448,11.500745,-0.158931,0.980334,-0.116984,50.00,False
-32.677261,-2.054164,13.983968,-0.158976,0.980616,-0.114542,50.00,False
-32.677500,-1.767460,16.469368,-0.159023,0.980940,-0.111665,50.00,False
-32.677826,-1.488481,18.956939,-0.159089,0.981300,-0.108353,50.00,False
-32.678185,-1.218286,21.446438,-0.159160,0.981690,-0.104656,50.00,False
-32.678540,-0.957881,23.938005,-0.159231,0.982108,-0.100545,50.00,False
-32.678849,-0.708313,26.431499,-0.159293,0.982548,-0.096049,50.00,False
-32.679262,-0.470584,28.926882,-0.159376,0.982999,-0.091175,50.00,False
-32.679648,-0.245633,31.424006,-0.159453,0.983457,-0.085952,50.00,False
-32.679990,-0.034293,33.922716,-0.159521,0.983914,-0.080413,50.00,False
-32.680325,0.162575,36.423081,-0.159588,0.984365,-0.074542,50.00,False
-32.680689,0.344192,38.924838,-0.159661,0.984800,-0.068394,50.00,False
-32.681036,0.509847,41.427981,-0.159731,0.985214,-0.061967,50.00,False
-32.681362,0.658870,43.932323,-0.159796,0.985600,-0.055301,50.00,False
-32.681622,0.790704,46.437704,-0.159848,0.985953,-0.048428,50.00,False
-32.681880,0.904794,48.944170,-0.159899,0.986267,-0.041337,50.00,False
-32.682069,1.000682,51.451286,-0.159937,0.986537,-0.034116,50.00,False
-32.682253,1.078031,53.959225,-0.159974,0.986759,-0.026731,50.00,False
-32.682468,1.136443,56.467667,-0.160017,0.986927,-0.019245,50.00,False
-32.682531,1.175783,58.976419,-0.160030,0.987043,-0.011697,50.00,False
-32.682591,1.195837,61.485507,-0.160042,0.987102,-0.004082,50.00,False
-32.682591,1.196531,63.994604,-0.160042,0.987104,0.003535,50.00,False
-32.682532,1.177882,66.503638,-0.160030,0.987049,0.011139,50.00,False
-32.682441,1.139959,69.012455,-0.160012,0.986938,0.018700,50.00,False
-32.682288,1.082914,71.520904,-0.159981,0.986773,0.026187,50.00,False
-32.682121,1.006962,74.028830,-0.159948,0.986555,0.033570,50.00,False
-32.681904,0.912416,76.536085,-0.159904,0.986288,0.040818,50.00,False
-32.681651,0.799652,79.042550,-0.159854,0.985977,0.047909,50.00,False
-32.681368,0.669115,81.548041,-0.159797,0.985627,0.054804,50.00,False
-32.681085,0.521315,84.052482,-0.159740,0.985242,0.061490,50.00,False
-32.680769,0.356859,86.555700,-0.159677,0.984829,0.067931,50.00,False
-32.680388,0.176382,89.057586,-0.159601,0.984396,0.074106,50.00,False
-32.680009,-0.019390,91.558031,-0.159525,0.983948,0.079992,50.00,False
-32.679658,-0.229697,94.056894,-0.159455,0.983490,0.085562,50.00,False
-32.679308,-0.453693,96.554122,-0.159385,0.983031,0.090805,50.00,False
-32.678914,-0.690532,99.049625,-0.159306,0.982579,0.095703,50.00,False
-32.678539,-0.939243,101.543252,-0.159231,0.982141,0.100226,50.00,False
-32.678208,-1.198867,104.034922,-0.159165,0.981721,0.104358,50.00,False
-32.677862,-1.468405,106.524704,-0.159096,0.981326,0.108112,50.00,False
-32.677581,-1.746796,109.012289,-0.159040,0.980964,0.111426,50.00,False
-32.677326,-2.032923,111.497845,-0.158989,0.980638,0.114335,50.00,False
-32.677181,-2.325784,113.981317,-0.158960,0.980349,0.116827,50.00,False
-32.676962,-2.624132,116.462436,-0.158916,0.980113,0.118848,50.00,False
-32.676738,-2.926854,118.941364,-0.158871,0.979927,0.120431,50.00,False
-32.676636,-3.232792,121.418037,-0.158851,0.979790,0.121563,50.00,False
-32.676591,-3.540763,123.892371,-0.158842,0.979709,0.122227,50.00,False
-32.676569,-3.849580,126.364462,-0.158837,0.979683,0.122443,50.00,False
-32.676593,-4.158090,128.834289,-0.158842,0.979712,0.122206,50.00,False
-32.676721,-4.465123,131.301719,-0.158868,0.979797,0.121490,50.00,False
-32.676848,-4.769459,133.766952,-0.158893,0.979935,0.120334,50.00,False
-32.676913,-5.069976,136.229857,-0.158906,0.980131,0.118712,50.00,False
-32.677062,-5.365533,138.690573,-0.158936,0.980373,0.116653,50.00,False
-32.677253,-5.655072,141.149162,-0.158974,0.980659,0.114168,50.00,False
-32.677346,-5.937225,143.604595,-0.158993,0.981014,0.111052,50.00,False
-32.678004,-6.211076,146.059664,-0.159124,0.981349,0.107863,50.00,False
-32.678913,-6.477456,148.513467,-0.159306,0.981691,0.104422,50.00,False
-28.849090,-5.784530,148.507333,-0.193341,0.975689,0.103195,200.00,True
-28.849090,-5.784530,148.507333,-0.193341,0.975689,0.103195,50.00,False
-28.854461,-5.518572,146.058158,-0.194416,0.975004,0.107562,50.00,False
-28.854616,-5.244497,143.600947,-0.194447,0.974689,0.110323,50.00,False
-28.853976,-4.962297,141.145384,-0.194319,0.974360,0.113412,50.00,False
-28.853634,-4.672741,138.686821,-0.194250,0.974081,0.115902,50.00,False
-28.853380,-4.377141,136.226141,-0.194199,0.973843,0.117969,50.00,False
-28.853109,-4.076525,133.763178,-0.194145,0.973657,0.119579,50.00,False
-28.852981,-3.772135,131.297809,-0.194120,0.973523,0.120708,50.00,False
-28.852895,-3.465160,128.830205,-0.194102,0.973442,0.121389,50.00,False
-28.852858,-3.156710,126.360567,-0.194095,0.973409,0.121664,50.00,False
-28.852873,-2.847870,123.888476,-0.194098,0.973435,0.121449,50.00,False
-28.852977,-2.539925,121.414148,-0.194119,0.973514,0.120786,50.00,False
-28.853219,-2.233986,118.937646,-0.194167,0.973640,0.119688,50.00,False
-28.853414,-1.931204,116.458690,-0.194206,0.973826,0.118099,50.00,False
-28.853559,-1.632853,113.977373,-0.194235,0.974068,0.116038,50.00,False
-28.853774,-1.340141,111.494095,-0.194278,0.974348,0.113585,50.00,False
-28.854125,-1.054041,109.008777,-0.194348,0.974664,0.110724,50.00,False
-28.854494,-0.775683,106.521198,-0.194422,0.975019,0.107411,50.00,False
-28.854836,-0.506178,104.031590,-0.194491,0.975408,0.103692,50.00,False
-28.855264,-0.246591,101.540011,-0.194576,0.975820,0.099578,50.00,False
-28.855671,0.002090,99.046590,-0.194658,0.976250,0.095097,50.00,False
-28.856111,0.238910,96.551244,-0.194746,0.976695,0.090230,50.00,False
-28.856629,0.462857,94.054078,-0.194849,0.977143,0.084999,50.00,False
-28.857058,0.673084,91.555420,-0.194935,0.977591,0.079470,50.00,False
-28.857472,0.868821,89.055201,-0.195018,0.978032,0.073629,50.00,False
-28.857876,1.049283,86.553555,-0.195099,0.978458,0.067502,50.00,False
-28.858270,1.213718,84.050469,-0.195177,0.978864,0.061087,50.00,False
-28.858658,1.361455,81.546253,-0.195255,0.979240,0.054447,50.00,False
-28.859030,1.491947,79.040978,-0.195329,0.979582,0.047594,50.00,False
-28.859330,1.604671,76.534748,-0.195389,0.979887,0.040551,50.00,False
-28.859579,1.699194,74.027751,-0.195439,0.980148,0.033354,50.00,False
-28.859795,1.775128,71.520062,-0.195482,0.980362,0.026019,50.00,False
-28.859947,1.832167,69.011839,-0.195513,0.980525,0.018577,50.00,False
-28.860071,1.870066,66.503257,-0.195538,0.980634,0.011063,50.00,False
-28.860112,1.888707,63.994473,-0.195546,0.980688,0.003508,50.00,False
-28.860103,1.887999,61.485608,-0.195544,0.980687,-0.004062,50.00,False
-28.860076,1.867943,58.976836,-0.195539,0.980627,-0.011614,50.00,False
-28.859943,1.828641,56.468277,-0.195512,0.980515,-0.019123,50.00,False
-28.859807,1.770199,53.960072,-0.195485,0.980347,-0.026562,50.00,False
-28.859577,1.692896,51.452460,-0.195439,0.980130,-0.033882,50.00,False
-28.859323,1.597046,48.945495,-0.195388,0.979866,-0.041072,50.00,False
-28.859052,1.482976,46.439297,-0.195334,0.979556,-0.048109,50.00,False
-28.858668,1.351192,43.934092,-0.195257,0.979212,-0.054948,50.00,False
-28.858274,1.202198,41.429978,-0.195178,0.978833,-0.061568,50.00,False
-28.857862,1.036586,38.927073,-0.195096,0.978428,-0.067946,50.00,False
-28.857451,0.855024,36.425500,-0.195014,0.978001,-0.074059,50.00,False
-28.857015,0.658185,33.925285,-0.194926,0.977558,-0.079899,50.00,False
-28.856542,0.446906,31.426779,-0.194832,0.977112,-0.085398,50.00,False
-28.856086,0.221977,28.929776,-0.194741,0.976662,-0.090596,50.00,False
-28.855677,-0.015730,26.434602,-0.194659,0.976218,-0.095428,50.00,False
-28.855233,-0.265234,23.941257,-0.194570,0.975789,-0.099895,50.00,False
-28.854817,-0.525583,21.449833,-0.194487,0.975379,-0.103977,50.00,False
-28.854442,-0.795768,18.960362,-0.194412,0.974993,-0.107669,50.00,False
-28.854100,-1.074733,16.472973,-0.194343,0.974639,-0.110944,50.00,False
-28.853800,-1.361367,13.987695,-0.194283,0.974322,-0.113797,50.00,False
-28.853549,-1.654642,11.504421,-0.194233,0.974043,-0.116249,50.00,False
-28.853393,-1.953222,9.024209,-0.194202,0.973828,-0.118089,50.00,False
-28.852342,-2.255319,6.546064,-0.193992,0.973696,-0.119516,50.00,False
-28.852234,-2.562061,4.065259,-0.193970,0.973458,-0.121474,50.00,False
-28.864557,-2.876590,1.589261,-0.196435,0.972838,-0.122471,50.00,False
-25.015630,-2.031171,1.628072,-0.226649,0.967198,-0.114709,200.00,True
-25.015630,-2.031171,1.628072,-0.226649,0.967198,-0.114709,50.00,False
-25.009007,-1.729329,4.071920,-0.225325,0.966848,-0.120142,50.00,False
-25.009377,-1.423062,6.548975,-0.225399,0.966980,-0.118933,50.00,False
-25.009795,-1.120166,9.027619,-0.225482,0.967147,-0.117407,50.00,False
-25.010009,-0.821487,11.508500,-0.225525,0.967375,-0.115433,50.00,False
-25.010267,-0.528263,13.991553,-0.225577,0.967647,-0.113025,50.00,False
-25.010657,-0.241642,16.476790,-0.225655,0.967957,-0.110180,50.00,False
-25.011070,0.037270,18.964032,-0.225737,0.968301,-0.106935,50.00,False
-25.011558,0.307427,21.453356,-0.225835,0.968676,-0.103272,50.00,False
-25.012018,0.567749,23.944740,-0.225927,0.969080,-0.099198,50.00,False
-25.012468,0.817191,26.437920,-0.226017,0.969503,-0.094765,50.00,False
-25.012984,1.054826,28.932920,-0.226120,0.969936,-0.089967,50.00,False
-25.013482,1.279714,31.429670,-0.226220,0.970376,-0.084820,50.00,False
-25.013977,1.490974,33.928087,-0.226319,0.970817,-0.079339,50.00,False
-25.014485,1.687745,36.428032,-0.226420,0.971249,-0.073552,50.00,False
-25.014992,1.869272,38.929411,-0.226522,0.971666,-0.067479,50.00,False
-25.015454,2.034842,41.432095,-0.226614,0.972063,-0.061145,50.00,False
-25.015871,2.183821,43.935972,-0.226698,0.972435,-0.054572,50.00,False
-25.016237,2.315586,46.440997,-0.226771,0.972776,-0.047769,50.00,False
-25.016607,2.429583,48.946937,-0.226845,0.973077,-0.040784,50.00,False
-25.016924,2.525415,51.453603,-0.226908,0.973335,-0.033653,50.00,False
-25.017162,2.602706,53.961017,-0.226956,0.973548,-0.026373,50.00,False
-25.017395,2.661095,56.468931,-0.227002,0.973709,-0.018992,50.00,False
-25.017577,2.700421,58.977149,-0.227039,0.973817,-0.011551,50.00,False
-25.017666,2.720470,61.485791,-0.227057,0.973873,-0.004026,50.00,False
-25.017612,2.721164,63.994397,-0.227046,0.973878,0.003493,50.00,False
-25.017513,2.702527,66.502883,-0.227026,0.973827,0.010988,50.00,False
-25.017393,2.664628,69.011207,-0.227002,0.973720,0.018450,50.00,False
-25.017207,2.607608,71.519146,-0.226965,0.973560,0.025835,50.00,False
-25.016963,2.531709,74.026560,-0.226916,0.973351,0.033116,50.00,False
-25.016652,2.437229,76.533360,-0.226854,0.973096,0.040273,50.00,False
-25.016316,2.324506,79.039380,-0.226787,0.972796,0.047275,50.00,False
-25.015946,2.194031,81.544373,-0.226713,0.972460,0.054071,50.00,False
-25.015514,2.046318,84.048383,-0.226626,0.972090,0.060670,50.00,False
-25.015024,1.881941,86.551174,-0.226528,0.971696,0.067026,50.00,False
-25.014541,1.701553,89.052614,-0.226432,0.971279,0.073111,50.00,False
-25.014038,1.505899,91.552648,-0.226331,0.970848,0.078916,50.00,False
-25.013484,1.295687,94.051264,-0.226220,0.970410,0.084436,50.00,False
-25.012992,1.071738,96.548137,-0.226122,0.969969,0.089608,50.00,False
-25.012520,0.834990,99.043257,-0.226027,0.969533,0.094430,50.00,False
-25.012030,0.586365,101.536581,-0.225929,0.969111,0.098892,50.00,False
-25.011552,0.326817,104.028038,-0.225834,0.968707,0.102981,50.00,False
-25.011098,0.057356,106.517528,-0.225743,0.968329,0.106677,50.00,False
-25.010726,-0.220970,109.004960,-0.225669,0.967978,0.109960,50.00,False
-25.010342,-0.507059,111.490263,-0.225592,0.967667,0.112818,50.00,False
-25.009960,-0.799708,113.973353,-0.225515,0.967401,0.115234,50.00,False
-25.009656,-1.097974,116.454595,-0.225455,0.967169,0.117280,50.00,False
-25.009451,-1.400743,118.933582,-0.225414,0.966984,0.118875,50.00,False
-25.009351,-1.706722,121.410052,-0.225394,0.966854,0.119966,50.00,False
-25.009294,-2.014683,123.884330,-0.225382,0.966775,0.120619,50.00,False
-25.009271,-2.323509,126.356401,-0.225378,0.966750,0.120831,50.00,False
-25.009270,-2.632014,128.826174,-0.225377,0.966781,0.120583,50.00,False
-25.009320,-2.939002,131.293704,-0.225387,0.966865,0.119887,50.00,False
-25.009519,-3.243418,133.759043,-0.225427,0.966996,0.118752,50.00,False
-25.009705,-3.543965,136.222015,-0.225464,0.967183,0.117144,50.00,False
-25.009958,-3.839561,138.682816,-0.225515,0.967416,0.115101,50.00,False
-25.010262,-4.129179,141.141733,-0.225576,0.967687,0.112682,50.00,False
-25.010278,-4.411837,143.598919,-0.225579,0.968004,0.109917,50.00,False
-25.009844,-4.687185,146.056339,-0.225492,0.968329,0.107198,50.00,False
-25.018685,-4.955356,148.501914,-0.227260,0.968466,0.102111,50.00,False
-21.144287,-3.988668,148.493218,-0.252381,0.962408,0.100372,200.00,True
-21.144287,-3.988668,148.493218,-0.252381,0.962408,0.100372,50.00,False
-21.146768,-3.725835,146.049188,-0.252877,0.961700,0.105768,50.00,False
-21.145752,-3.451344,143.594464,-0.252674,0.961389,0.109026,50.00,False
-21.145010,-3.168730,141.137716,-0.252525,0.961100,0.111879,50.00,False
-21.144587,-2.879129,138.678892,-0.252441,0.960836,0.114317,50.00,False
-21.144236,-2.583488,136.218052,-0.252371,0.960610,0.116351,50.00,False
-21.143983,-2.282895,133.754975,-0.252320,0.960430,0.117938,50.00,False
-21.143829,-1.978513,131.289641,-0.252289,0.960298,0.119074,50.00,False
-21.143723,-1.671481,128.822104,-0.252268,0.960217,0.119769,50.00,False
-21.143698,-1.362968,126.352324,-0.252263,0.960187,0.120016,50.00,False
-21.143770,-1.054133,123.880280,-0.252277,0.960209,0.119809,50.00,False
-21.143886,-0.746177,121.405885,-0.252301,0.960287,0.119133,50.00,False
-21.143975,-0.440283,118.929372,-0.252318,0.960418,0.118033,50.00,False
-21.144121,-0.137582,116.450597,-0.252348,0.960600,0.116480,50.00,False
-21.144446,0.160679,113.969656,-0.252413,0.960822,0.114495,50.00,False
-21.144876,0.453425,111.486517,-0.252499,0.961085,0.112069,50.00,False
-21.145279,0.739498,109.001173,-0.252579,0.961394,0.109203,50.00,False
-21.145719,1.017746,106.513833,-0.252667,0.961736,0.105937,50.00,False
-21.146206,1.287159,104.024534,-0.252765,0.962106,0.102280,50.00,False
-21.146721,1.546669,101.533233,-0.252868,0.962502,0.098223,50.00,False
-21.147258,1.795264,99.040025,-0.252975,0.962917,0.093783,50.00,False
-21.147826,2.031949,96.545038,-0.253089,0.963342,0.088989,50.00,False
-21.148391,2.255820,94.048353,-0.253202,0.963773,0.083854,50.00,False
-21.148933,2.466011,91.549997,-0.253310,0.964204,0.078385,50.00,False
-21.149501,2.661642,89.050123,-0.253424,0.964626,0.072613,50.00,False
-21.150035,2.841985,86.548879,-0.253530,0.965034,0.066567,50.00,False
-21.150539,3.006333,84.046288,-0.253631,0.965423,0.060251,50.00,False
-21.151018,3.154004,81.542547,-0.253727,0.965784,0.053706,50.00,False
-21.151454,3.284445,79.037713,-0.253814,0.966113,0.046941,50.00,False
-21.151853,3.397107,76.531971,-0.253894,0.966405,0.039995,50.00,False
-21.152186,3.491580,74.025473,-0.253961,0.966655,0.032898,50.00,False
-21.152471,3.567476,71.518274,-0.254018,0.966859,0.025661,50.00,False
-21.152683,3.624467,69.010524,-0.254060,0.967015,0.018313,50.00,False
-21.152800,3.662346,66.502496,-0.254083,0.967121,0.010910,50.00,False
-21.152843,3.680992,63.994337,-0.254092,0.967174,0.003481,50.00,False
-21.152856,3.680351,61.485974,-0.254094,0.967171,-0.003989,50.00,False
-21.152781,3.660309,58.977544,-0.254080,0.967115,-0.011472,50.00,False
-21.152622,3.620961,56.469488,-0.254048,0.967007,-0.018881,50.00,False
-21.152435,3.562541,53.961916,-0.254010,0.966847,-0.026193,50.00,False
-21.152171,3.485288,51.454786,-0.253958,0.966638,-0.033417,50.00,False
-21.151824,3.389476,48.948296,-0.253888,0.966385,-0.040512,50.00,False
-21.151438,3.275481,46.442624,-0.253811,0.966090,-0.047444,50.00,False
-21.151014,3.143770,43.937885,-0.253726,0.965757,-0.054189,50.00,False
-21.150536,2.994845,41.434195,-0.253631,0.965393,-0.060725,50.00,False
-21.150004,2.829321,38.931735,-0.253524,0.965005,-0.067014,50.00,False
-21.149468,2.647834,36.430553,-0.253417,0.964595,-0.073048,50.00,False
-21.148919,2.451093,33.930784,-0.253307,0.964171,-0.078799,50.00,False
-21.148351,2.239895,31.432615,-0.253194,0.963742,-0.084231,50.00,False
-21.147798,2.015073,28.936020,-0.253083,0.963310,-0.089347,50.00,False
-21.147239,1.777481,26.441141,-0.252971,0.962885,-0.094120,50.00,False
-21.146655,1.528086,23.948102,-0.252854,0.962475,-0.098526,50.00,False
-21.146139,1.267804,21.456865,-0.252751,0.962079,-0.102571,50.00,False
-21.145689,0.997662,18.967666,-0.252661,0.961708,-0.106208,50.00,False
-21.145241,0.718771,16.480518,-0.252572,0.961370,-0.109435,50.00,False
-21.144838,0.432180,13.995412,-0.252491,0.961066,-0.112254,50.00,False
-21.144463,0.139038,11.512515,-0.252416,0.960805,-0.114630,50.00,False
-21.144234,-0.159620,9.031472,-0.252370,0.960575,-0.116636,50.00,False
-21.143559,-0.462833,6.552119,-0.252235,0.960407,-0.118305,50.00,False
-21.144574,-0.768640,4.080703,-0.252438,0.960344,-0.118385,50.00,False
-21.148037,-1.064443,1.640905,-0.253131,0.960910,-0.112142,50.00,False
-17.244532,0.006936,1.634086,-0.272430,0.955457,-0.113506,200.00,True
-17.244532,0.006936,1.634086,-0.272430,0.955457,-0.113506,50.00,False
-17.253152,0.303956,4.080686,-0.274154,0.954371,-0.118389,50.00,False
-17.255601,0.609758,6.556609,-0.274644,0.954351,-0.117407,50.00,False
-17.255312,0.912802,9.035267,-0.274586,0.954555,-0.115877,50.00,False
-17.255571,1.211438,11.516025,-0.274638,0.954775,-0.113928,50.00,False
-17.255964,1.504596,13.998910,-0.274716,0.955032,-0.111554,50.00,False
-17.256409,1.791160,16.483974,-0.274805,0.955331,-0.108744,50.00,False
-17.256874,2.070007,18.971059,-0.274898,0.955664,-0.105529,50.00,False
-17.257366,2.340084,21.460130,-0.274997,0.956028,-0.101917,50.00,False
-17.257930,2.600315,23.951184,-0.275109,0.956414,-0.097909,50.00,False
-17.258505,2.849698,26.444091,-0.275224,0.956820,-0.093530,50.00,False
-17.259095,3.087261,28.938806,-0.275342,0.957237,-0.088790,50.00,False
-17.259731,3.312050,31.435247,-0.275470,0.957659,-0.083704,50.00,False
-17.260351,3.523210,33.933283,-0.275594,0.958080,-0.078299,50.00,False
-17.260938,3.719904,36.432865,-0.275711,0.958496,-0.072586,50.00,False
-17.261508,3.901358,38.933839,-0.275825,0.958898,-0.066593,50.00,False
-17.262052,4.066861,41.436104,-0.275934,0.959281,-0.060343,50.00,False
-17.262557,4.215754,43.939613,-0.276035,0.959638,-0.053843,50.00,False
-17.263039,4.347422,46.444137,-0.276131,0.959963,-0.047141,50.00,False
-17.263457,4.461385,48.949580,-0.276215,0.960253,-0.040255,50.00,False
-17.263803,4.557183,51.455839,-0.276284,0.960502,-0.033206,50.00,False
-17.264105,4.634414,53.962763,-0.276344,0.960706,-0.026023,50.00,False
-17.264353,4.692791,56.470121,-0.276394,0.960861,-0.018755,50.00,False
-17.264446,4.732135,58.977932,-0.276413,0.960972,-0.011395,50.00,False
-17.264498,4.752181,61.486054,-0.276423,0.961028,-0.003973,50.00,False
-17.264555,4.752841,63.994185,-0.276434,0.961027,0.003451,50.00,False
-17.264494,4.734197,66.502157,-0.276422,0.960975,0.010843,50.00,False
-17.264314,4.696335,69.009975,-0.276386,0.960874,0.018204,50.00,False
-17.264098,4.639345,71.517463,-0.276343,0.960721,0.025499,50.00,False
-17.263840,4.563461,74.024409,-0.276291,0.960518,0.032686,50.00,False
-17.263481,4.469018,76.530710,-0.276220,0.960272,0.039743,50.00,False
-17.263075,4.356370,79.036230,-0.276138,0.959985,0.046645,50.00,False
-17.262608,4.225966,81.540827,-0.276045,0.959662,0.053361,50.00,False
-17.262105,4.078325,84.044383,-0.275944,0.959307,0.059870,50.00,False
-17.261558,3.914020,86.546772,-0.275835,0.958926,0.066145,50.00,False
-17.260973,3.733714,89.047843,-0.275718,0.958526,0.072157,50.00,False
-17.260385,3.538109,91.547519,-0.275600,0.958111,0.077890,50.00,False
-17.259779,3.327978,94.045690,-0.275479,0.957689,0.083321,50.00,False
-17.259171,3.104146,96.542227,-0.275358,0.957266,0.088427,50.00,False
-17.258584,2.867495,99.037078,-0.275240,0.956848,0.093194,50.00,False
-17.257977,2.618947,101.530135,-0.275119,0.956443,0.097603,50.00,False
-17.257419,2.359479,104.021309,-0.275007,0.956055,0.101635,50.00,False
-17.256897,2.090088,106.510559,-0.274903,0.955690,0.105283,50.00,False
-17.256371,1.811858,108.997770,-0.274798,0.955358,0.108522,50.00,False
-17.255929,1.525823,111.482973,-0.274709,0.955057,0.111360,50.00,False
-17.255587,1.233096,113.966038,-0.274641,0.954792,0.113771,50.00,False
-17.255295,0.934836,116.446928,-0.274582,0.954572,0.115746,50.00,False
-17.255053,0.632204,118.925618,-0.274534,0.954398,0.117282,50.00,False
-17.254818,0.326355,121.402177,-0.274487,0.954275,0.118391,50.00,False
-17.254728,0.018386,123.876551,-0.274469,0.954196,0.119064,50.00,False
-17.254729,-0.290479,126.348574,-0.274469,0.954171,0.119266,50.00,False
-17.254760,-0.598988,128.818337,-0.274475,0.954200,0.119016,50.00,False
-17.254858,-0.906026,131.285923,-0.274495,0.954280,0.118330,50.00,False
-17.255055,-1.210428,133.751266,-0.274534,0.954409,0.117196,50.00,False
-17.255331,-1.511034,136.214393,-0.274590,0.954585,0.115619,50.00,False
-17.255633,-1.806674,138.675318,-0.274650,0.954810,0.113602,50.00,False
-17.255911,-2.096263,141.134191,-0.274706,0.955080,0.111174,50.00,False
-17.256284,-2.378700,143.590833,-0.274780,0.955388,0.108300,50.00,False
-17.256029,-2.653128,146.047467,-0.274729,0.955725,0.105424,50.00,False
-17.258166,-2.920495,148.498290,-0.275157,0.956039,0.101386,50.00,False
-13.345012,-1.751375,148.491361,-0.292526,0.951014,0.100000,200.00,True
-13.345012,-1.751375,148.491361,-0.292526,0.951014,0.100000,50.00,False
-13.344302,-1.486707,146.043212,-0.292384,0.950566,0.104573,50.00,False
-13.343312,-1.212056,143.587972,-0.292186,0.950275,0.107728,50.00,False
-13.342840,-0.929579,141.131198,-0.292091,0.949977,0.110575,50.00,False
-13.342423,-0.639922,138.672348,-0.292008,0.949716,0.113008,50.00,False
-13.342101,-0.344245,136.211288,-0.291944,0.949497,0.114998,50.00,False
-13.341831,-0.043642,133.748137,-0.291890,0.949322,0.116571,50.00,False
-13.341626,0.260769,131.282801,-0.291849,0.949194,0.117706,50.00,False
-13.341505,0.567839,128.815221,-0.291824,0.949116,0.118393,50.00,False
-13.341484,0.876375,126.345376,-0.291820,0.949088,0.118626,50.00,False
-13.341520,1.185191,123.873257,-0.291827,0.949114,0.118405,50.00,False
-13.341634,1.493093,121.399033,-0.291850,0.949187,0.117762,50.00,False
-13.341789,1.798983,118.922542,-0.291881,0.949312,0.116667,50.00,False
-13.342071,2.101609,116.443846,-0.291938,0.949483,0.115130,50.00,False
-13.342409,2.399845,113.963001,-0.292005,0.949698,0.113164,50.00,False
-13.342806,2.692539,111.479985,-0.292085,0.949957,0.110763,50.00,False
-13.343260,2.978548,108.994894,-0.292175,0.950253,0.107947,50.00,False
-13.343775,3.256773,106.507742,-0.292278,0.950583,0.104719,50.00,False
-13.344319,3.526131,104.018591,-0.292387,0.950942,0.101092,50.00,False
-13.344899,3.785577,101.527549,-0.292503,0.951323,0.097086,50.00,False
-13.345506,4.034112,99.034593,-0.292625,0.951724,0.092697,50.00,False
-13.346140,4.270727,96.539836,-0.292751,0.952135,0.087948,50.00,False
-13.346776,4.494511,94.043439,-0.292879,0.952552,0.082871,50.00,False
-13.347419,4.704605,91.545433,-0.293007,0.952966,0.077473,50.00,False
-13.348052,4.900174,89.045912,-0.293134,0.953374,0.071771,50.00,False
-13.348649,5.080458,86.544986,-0.293253,0.953769,0.065788,50.00,False
-13.349229,5.244724,84.042763,-0.293369,0.954143,0.059546,50.00,False
-13.349770,5.392336,81.539395,-0.293477,0.954492,0.053075,50.00,False
-13.350260,5.522713,79.034974,-0.293575,0.954809,0.046393,50.00,False
-13.350694,5.635337,76.529640,-0.293662,0.955092,0.039529,50.00,False
-13.351062,5.729764,74.023518,-0.293736,0.955334,0.032507,50.00,False
-13.351369,5.805611,71.516757,-0.293797,0.955531,0.025358,50.00,False
-13.351601,5.862584,69.009491,-0.293844,0.955682,0.018107,50.00,False
-13.351758,5.900455,66.501869,-0.293875,0.955783,0.010785,50.00,False
-13.351824,5.919078,63.994026,-0.293888,0.955834,0.003419,50.00,False
-13.351826,5.918367,61.486140,-0.293889,0.955832,-0.003956,50.00,False
-13.351725,5.898360,58.978318,-0.293868,0.955779,-0.011318,50.00,False
-13.351593,5.859073,56.470667,-0.293842,0.955672,-0.018645,50.00,False
-13.351376,5.800693,53.963452,-0.293799,0.955517,-0.025886,50.00,False
-13.351063,5.723474,51.456734,-0.293736,0.955316,-0.033027,50.00,False
-13.350691,5.627704,48.950681,-0.293662,0.955071,-0.040035,50.00,False
-13.350249,5.513766,46.445389,-0.293573,0.954786,-0.046891,50.00,False
-13.349755,5.382105,43.941057,-0.293474,0.954466,-0.053555,50.00,False
-13.349220,5.233251,41.437749,-0.293367,0.954114,-0.060014,50.00,False
-13.348635,5.067795,38.935656,-0.293250,0.953739,-0.066230,50.00,False
-13.348004,4.886391,36.434823,-0.293124,0.953345,-0.072194,50.00,False
-13.347372,4.689734,33.935388,-0.292998,0.952936,-0.077878,50.00,False
-13.346742,4.478594,31.437462,-0.292872,0.952520,-0.083261,50.00,False
-13.346104,4.253816,28.941174,-0.292744,0.952103,-0.088316,50.00,False
-13.345476,4.016292,26.446605,-0.292619,0.951693,-0.093028,50.00,False
-13.344855,3.766945,23.953795,-0.292494,0.951295,-0.097387,50.00,False
-13.344281,3.506743,21.462874,-0.292380,0.950915,-0.101369,50.00,False
-13.343709,3.236711,18.973859,-0.292265,0.950559,-0.104969,50.00,False
-13.343191,2.957884,16.486854,-0.292162,0.950232,-0.108168,50.00,False
-13.342756,2.671333,14.001900,-0.292075,0.949938,-0.110956,50.00,False
-13.342356,2.378197,11.519040,-0.291995,0.949682,-0.113325,50.00,False
-13.341902,2.079666,9.038525,-0.291904,0.949482,-0.115226,50.00,False
-13.341745,1.776862,6.559901,-0.291872,0.949305,-0.116748,50.00,False
-13.343527,1.469656,4.082362,-0.292229,0.949034,-0.118053,50.00,False
-13.342668,1.162589,1.616850,-0.292057,0.949223,-0.116953,50.00,False
-9.405541,2.403974,1.616592,-0.304632,0.945256,-0.117005,200.00,True
-9.405541,2.403974,1.616592,-0.304632,0.945256,-0.117005,50.00,False
-9.402867,2.712375,4.085541,-0.304097,0.945377,-0.117418,50.00,False
-9.403594,3.018338,6.562389,-0.304242,0.945475,-0.116251,50.00,False
-9.404093,3.321054,9.040756,-0.304342,0.945622,-0.114780,50.00,False
-9.404404,3.619645,11.521323,-0.304404,0.945832,-0.112869,50.00,False
-9.404795,3.912787,14.004148,-0.304482,0.946086,-0.110506,50.00,False
-9.405265,4.199308,16.489055,-0.304576,0.946376,-0.107727,50.00,False
-9.405789,4.478117,18.975988,-0.304681,0.946700,-0.104543,50.00,False
-9.406344,4.748142,21.464925,-0.304792,0.947053,-0.100958,50.00,False
-9.406954,5.008317,23.955780,-0.304914,0.947428,-0.096990,50.00,False
-9.407585,5.257642,26.448493,-0.305040,0.947822,-0.092650,50.00,False
-9.408240,5.495138,28.942990,-0.305171,0.948227,-0.087953,50.00,False
-9.408892,5.719883,31.439177,-0.305302,0.948639,-0.082918,50.00,False
-9.409556,5.930984,33.936986,-0.305435,0.949049,-0.077559,50.00,False
-9.410211,6.127617,36.436271,-0.305566,0.949452,-0.071904,50.00,False
-9.410833,6.309028,38.936955,-0.305690,0.949843,-0.065970,50.00,False
-9.411433,6.474481,41.438974,-0.305810,0.950215,-0.059769,50.00,False
-9.411987,6.623314,43.942158,-0.305921,0.950562,-0.053334,50.00,False
-9.412482,6.754950,46.446362,-0.306020,0.950879,-0.046696,50.00,False
-9.412941,6.868871,48.951492,-0.306112,0.951160,-0.039873,50.00,False
-9.413331,6.964623,51.457428,-0.306190,0.951402,-0.032888,50.00,False
-9.413644,7.041826,53.963992,-0.306252,0.951601,-0.025778,50.00,False
-9.413891,7.100178,56.471079,-0.306302,0.951754,-0.018563,50.00,False
-9.414066,7.139442,58.978530,-0.306337,0.951856,-0.011275,50.00,False
-9.414166,7.159463,61.486204,-0.306357,0.951909,-0.003943,50.00,False
-9.414169,7.160171,63.993959,-0.306357,0.951911,0.003406,50.00,False
-9.414089,7.141556,66.501642,-0.306341,0.951861,0.010740,50.00,False
-9.413931,7.103691,69.009122,-0.306310,0.951761,0.018033,50.00,False
-9.413691,7.046726,71.516238,-0.306262,0.951612,0.025254,50.00,False
-9.413374,6.970889,74.022856,-0.306198,0.951417,0.032375,50.00,False
-9.412989,6.876479,76.528828,-0.306121,0.951178,0.039367,50.00,False
-9.412540,6.763873,79.034022,-0.306031,0.950900,0.046203,50.00,False
-9.412033,6.633516,81.538309,-0.305930,0.950586,0.052858,50.00,False
-9.411480,6.485919,84.041558,-0.305819,0.950241,0.059305,50.00,False
-9.410887,6.321671,86.543639,-0.305701,0.949871,0.065519,50.00,False
-9.410260,6.141419,89.044441,-0.305575,0.949481,0.071477,50.00,False
-9.409613,5.945875,91.543844,-0.305446,0.949078,0.077155,50.00,False
-9.408953,5.735802,94.041767,-0.305314,0.948668,0.082537,50.00,False
-9.408286,5.512031,96.538072,-0.305181,0.948257,0.087595,50.00,False
-9.407624,5.275442,99.032698,-0.305048,0.947852,0.092318,50.00,False
-9.407000,5.026945,101.525542,-0.304923,0.947456,0.096684,50.00,False
-9.406385,4.767534,104.016536,-0.304800,0.947080,0.100681,50.00,False
-9.405810,4.498199,106.505622,-0.304685,0.946726,0.104295,50.00,False
-9.405291,4.219989,108.992702,-0.304582,0.946399,0.107509,50.00,False
-9.404817,3.934001,111.477742,-0.304487,0.946107,0.110314,50.00,False
-9.404405,3.641326,113.960702,-0.304404,0.945852,0.112704,50.00,False
-9.404072,3.343093,116.441535,-0.304338,0.945637,0.114668,50.00,False
-9.403801,3.040463,118.920178,-0.304284,0.945468,0.116194,50.00,False
-9.403581,2.734610,121.396644,-0.304240,0.945348,0.117285,50.00,False
-9.403450,2.426701,123.870887,-0.304213,0.945276,0.117931,50.00,False
-9.403419,2.117878,126.342992,-0.304207,0.945251,0.118149,50.00,False
-9.403500,1.809320,128.812814,-0.304223,0.945275,0.117911,50.00,False
-9.403618,1.502268,131.280389,-0.304247,0.945353,0.117224,50.00,False
-9.403817,1.197852,133.745786,-0.304287,0.945479,0.116101,50.00,False
-9.404089,0.897227,136.208984,-0.304341,0.945652,0.114538,50.00,False
-9.404437,0.601542,138.670023,-0.304411,0.945869,0.112543,50.00,False
-9.404894,0.311873,141.128962,-0.304502,0.946124,0.110128,50.00,False
-9.405372,0.029350,143.585812,-0.304598,0.946418,0.107296,50.00,False
-9.405932,-0.245033,146.040554,-0.304710,0.946746,0.104042,50.00,False
-9.406597,-0.508574,148.487653,-0.304843,0.947216,0.099259,50.00,False
-5.442645,0.785658,148.490203,-0.312052,0.944812,0.099769,200.00,True
-5.442645,0.785658,148.490203,-0.312052,0.944812,0.099769,50.00,False
-5.443048,1.049793,146.039158,-0.312133,0.944355,0.103762,50.00,False
-5.442352,1.324223,143.584562,-0.311994,0.944035,0.107046,50.00,False
-5.441821,1.606794,141.127577,-0.311888,0.943747,0.109851,50.00,False
-5.441423,1.896451,138.668615,-0.311808,0.943490,0.112261,50.00,False
-5.441073,2.192152,136.207557,-0.311738,0.943274,0.114252,50.00,False
-5.440789,2.492788,133.744326,-0.311681,0.943103,0.115808,50.00,False
-5.440582,2.797210,131.278918,-0.311640,0.942978,0.116929,50.00,False
-5.440452,3.104268,128.811304,-0.311614,0.942902,0.117609,50.00,False
-5.440401,3.412794,126.341484,-0.311604,0.942876,0.117848,50.00,False
-5.440444,3.721612,123.869436,-0.311612,0.942899,0.117641,50.00,False
-5.440572,4.029536,121.395185,-0.311638,0.942971,0.116993,50.00,False
-5.440770,4.335399,118.918726,-0.311677,0.943093,0.115903,50.00,False
-5.441047,4.638023,116.440089,-0.311733,0.943260,0.114379,50.00,False
-5.441401,4.936242,113.959281,-0.311804,0.943473,0.112420,50.00,False
-5.441818,5.228906,111.476358,-0.311887,0.943726,0.110037,50.00,False
-5.442297,5.514889,108.991350,-0.311983,0.944016,0.107239,50.00,False
-5.442833,5.793081,106.504300,-0.312090,0.944340,0.104031,50.00,False
-5.443414,6.062402,104.015274,-0.312206,0.944691,0.100428,50.00,False
-5.444034,6.321807,101.524325,-0.312330,0.945066,0.096441,50.00,False
-5.444679,6.570284,99.031530,-0.312459,0.945457,0.092085,50.00,False
-5.445342,6.806863,96.536967,-0.312592,0.945860,0.087375,50.00,False
-5.446015,7.030620,94.040717,-0.312726,0.946269,0.082327,50.00,False
-5.446688,7.240675,91.542873,-0.312861,0.946676,0.076961,50.00,False
-5.447350,7.436206,89.043535,-0.312993,0.947076,0.071296,50.00,False
-5.447990,7.616442,86.542806,-0.313121,0.947462,0.065352,50.00,False
-5.448595,7.780675,84.040803,-0.313242,0.947829,0.059154,50.00,False
-5.449163,7.928256,81.537640,-0.313356,0.948171,0.052724,50.00,False
-5.449679,8.058603,79.033437,-0.313459,0.948483,0.046086,50.00,False
-5.450134,8.171199,76.528327,-0.313550,0.948759,0.039267,50.00,False
-5.450527,8.265600,74.022441,-0.313629,0.948996,0.032292,50.00,False
-5.450843,8.341431,71.515916,-0.313692,0.949191,0.025189,50.00,False
-5.451087,8.398391,69.008895,-0.313741,0.949338,0.017988,50.00,False
-5.451256,8.436251,66.501507,-0.313775,0.949437,0.010713,50.00,False
-5.451333,8.454864,63.993914,-0.313790,0.949486,0.003397,50.00,False
-5.451331,8.454156,61.486254,-0.313790,0.949484,-0.003933,50.00,False
-5.451247,8.434129,58.978668,-0.313773,0.949431,-0.011248,50.00,False
-5.451076,8.394864,56.471311,-0.313739,0.949329,-0.018517,50.00,False
-5.450826,8.336516,53.964314,-0.313689,0.949178,-0.025713,50.00,False
-5.450496,8.259318,51.457836,-0.313623,0.948981,-0.032807,50.00,False
-5.450099,8.163572,48.951997,-0.313543,0.948741,-0.039772,50.00,False
-5.449645,8.049658,46.446955,-0.313452,0.948461,-0.046578,50.00,False
-5.449105,7.918042,43.942827,-0.313344,0.948148,-0.053201,50.00,False
-5.448526,7.769225,41.439737,-0.313229,0.947805,-0.059616,50.00,False
-5.447932,7.603790,38.937816,-0.313110,0.947435,-0.065798,50.00,False
-5.447303,7.422404,36.437193,-0.312984,0.947047,-0.071720,50.00,False
-5.446641,7.225783,33.937960,-0.312852,0.946646,-0.077364,50.00,False
-5.445968,7.014696,31.440232,-0.312717,0.946239,-0.082707,50.00,False
-5.445295,6.789971,28.944101,-0.312582,0.945831,-0.087731,50.00,False
-5.444631,6.552489,26.449663,-0.312450,0.945428,-0.092416,50.00,False
-5.443985,6.303179,23.957001,-0.312320,0.945038,-0.096746,50.00,False
-5.443370,6.043014,21.466195,-0.312197,0.944665,-0.100704,50.00,False
-5.442789,5.773008,18.977305,-0.312081,0.944315,-0.104280,50.00,False
-5.442261,5.494207,16.490407,-0.311976,0.943994,-0.107457,50.00,False
-5.441786,5.207698,14.005548,-0.311881,0.943706,-0.110226,50.00,False
-5.441374,4.914586,11.522776,-0.311798,0.943455,-0.112578,50.00,False
-5.441055,4.616003,9.042154,-0.311734,0.943245,-0.114500,50.00,False
-5.440799,4.313047,6.563141,-0.311683,0.943066,-0.116100,50.00,False
-5.439951,4.005851,4.084471,-0.311514,0.942933,-0.117632,50.00,False
-5.439458,3.698167,1.617513,-0.311415,0.943066,-0.116821,50.00,False
-1.453452,5.023007,1.614302,-0.314214,0.942057,-0.117463,200.00,True
-1.453452,5.023007,1.614302,-0.314214,0.942057,-0.117463,50.00,False
-1.452976,5.332199,4.085343,-0.314119,0.942090,-0.117457,50.00,False
-1.452729,5.639101,6.564359,-0.314069,0.942305,-0.115857,50.00,False
-1.452823,5.941900,9.042749,-0.314088,0.942478,-0.114381,50.00,False
-1.453217,6.240430,11.523226,-0.314167,0.942680,-0.112488,50.00,False
-1.453630,6.533544,14.006000,-0.314249,0.942930,-0.110136,50.00,False
-1.454105,6.820051,16.490851,-0.314344,0.943218,-0.107368,50.00,False
-1.454640,7.098845,18.977735,-0.314451,0.943538,-0.104194,50.00,False
-1.455219,7.368849,21.466609,-0.314567,0.943887,-0.100622,50.00,False
-1.455837,7.629008,23.957400,-0.314691,0.944259,-0.096666,50.00,False
-1.456494,7.878312,26.450042,-0.314822,0.944648,-0.092340,50.00,False
-1.457161,8.115791,28.944463,-0.314956,0.945050,-0.087658,50.00,False
-1.457842,8.340509,31.440574,-0.315092,0.945456,-0.082639,50.00,False
-1.458514,8.551591,33.938282,-0.315226,0.945863,-0.077300,50.00,False
-1.459183,8.748208,36.437491,-0.315360,0.946263,-0.071660,50.00,False
-1.459822,8.929580,38.938119,-0.315488,0.946650,-0.065737,50.00,False
-1.460431,9.094992,41.439995,-0.315610,0.947018,-0.059565,50.00,False
-1.460999,9.243811,43.943022,-0.315723,0.947361,-0.053162,50.00,False
-1.461527,9.375444,46.447129,-0.315829,0.947674,-0.046543,50.00,False
-1.461997,9.489354,48.952163,-0.315923,0.947952,-0.039739,50.00,False
-1.462395,9.585097,51.457975,-0.316002,0.948192,-0.032779,50.00,False
-1.462728,9.662290,53.964422,-0.316069,0.948388,-0.025692,50.00,False
-1.462981,9.720638,56.471385,-0.316120,0.948539,-0.018502,50.00,False
-1.463146,9.759903,58.978715,-0.316153,0.948642,-0.011238,50.00,False
-1.463236,9.779929,61.486272,-0.316171,0.948694,-0.003929,50.00,False
-1.463236,9.780632,63.993914,-0.316171,0.948696,0.003397,50.00,False
-1.463142,9.762020,66.501464,-0.316152,0.948648,0.010704,50.00,False
-1.462987,9.724160,69.008808,-0.316121,0.948549,0.017970,50.00,False
-1.462751,9.667203,71.515809,-0.316074,0.948401,0.025168,50.00,False
-1.462426,9.591378,74.022303,-0.316009,0.948208,0.032264,50.00,False
-1.462030,9.496982,76.528163,-0.315929,0.947971,0.039234,50.00,False
-1.461564,9.384390,79.033250,-0.315836,0.947696,0.046049,50.00,False
-1.461046,9.254049,81.537418,-0.315733,0.947385,0.052680,50.00,False
-1.460477,9.106468,84.040561,-0.315619,0.947043,0.059106,50.00,False
-1.459869,8.942243,86.542531,-0.315497,0.946677,0.065297,50.00,False
-1.459231,8.762007,89.043243,-0.315370,0.946291,0.071237,50.00,False
-1.458569,8.566481,91.542552,-0.315237,0.945892,0.076897,50.00,False
-1.457891,8.356428,94.040384,-0.315102,0.945486,0.082260,50.00,False
-1.457210,8.132678,96.536602,-0.314965,0.945080,0.087301,50.00,False
-1.456537,7.896109,99.031148,-0.314831,0.944678,0.092008,50.00,False
-1.455878,7.647639,101.523934,-0.314699,0.944287,0.096363,50.00,False
-1.455254,7.388234,104.014862,-0.314574,0.943914,0.100346,50.00,False
-1.454681,7.118917,106.503865,-0.314460,0.943563,0.103944,50.00,False
-1.454143,6.840728,108.990917,-0.314352,0.943240,0.107152,50.00,False
-1.453649,6.554749,111.475908,-0.314253,0.942951,0.109947,50.00,False
-1.453234,6.262091,113.958809,-0.314170,0.942698,0.112325,50.00,False
-1.452890,5.963873,116.439618,-0.314101,0.942486,0.114284,50.00,False
-1.452612,5.661251,118.918251,-0.314046,0.942318,0.115809,50.00,False
-1.452408,5.355391,121.394704,-0.314005,0.942197,0.116897,50.00,False
-1.452287,5.047463,123.868956,-0.313981,0.942125,0.117544,50.00,False
-1.452249,4.738647,126.340996,-0.313973,0.942102,0.117750,50.00,False
-1.452293,4.430123,128.810820,-0.313982,0.942129,0.117512,50.00,False
-1.452418,4.123065,131.278439,-0.314007,0.942205,0.116834,50.00,False
-1.452619,3.818641,133.743855,-0.314047,0.942329,0.115714,50.00,False
-1.452891,3.518011,136.207084,-0.314102,0.942501,0.114158,50.00,False
-1.453257,3.222285,138.668222,-0.314175,0.942714,0.112183,50.00,False
-1.453711,2.932588,141.127026,-0.314265,0.942971,0.109741,50.00,False
-1.454734,2.650226,143.583238,-0.314470,0.943242,0.106781,50.00,False
-1.455579,2.375929,146.039030,-0.314639,0.943526,0.103737,50.00,False
-1.454732,2.109997,148.495788,-0.314470,0.943891,0.100886,50.00,False
2.558024,3.442927,148.499818,-0.311919,0.944651,0.101692,200.00,True
2.558024,3.442927,148.499818,-0.311919,0.944651,0.101692,50.00,False
2.557867,3.709847,146.040514,-0.311950,0.944386,0.104033,50.00,False
2.558295,3.984277,143.583289,-0.311864,0.944106,0.106791,50.00,False
2.559405,4.266294,141.126584,-0.311642,0.943851,0.109653,50.00,False
2.560187,4.555679,138.668532,-0.311486,0.943598,0.112245,50.00,False
2.560438,4.851340,136.207711,-0.311436,0.943370,0.114283,50.00,False
2.560681,5.152004,133.744419,-0.311387,0.943198,0.115827,50.00,False
2.560898,5.456441,131.278981,-0.311344,0.943075,0.116942,50.00,False
2.561024,5.763500,128.811366,-0.311319,0.942998,0.117621,50.00,False
2.561065,6.072024,126.341539,-0.311310,0.942972,0.117859,50.00,False
2.561030,6.380839,123.869500,-0.311317,0.942995,0.117653,50.00,False
2.560909,6.688770,121.395244,-0.311342,0.943068,0.117005,50.00,False
2.560719,6.994635,118.918771,-0.311380,0.943190,0.115913,50.00,False
2.560453,7.297250,116.440118,-0.311433,0.943359,0.114385,50.00,False
2.560102,7.595457,113.959336,-0.311503,0.943570,0.112431,50.00,False
2.559661,7.888117,111.476437,-0.311591,0.943822,0.110053,50.00,False
2.559181,8.174114,108.991427,-0.311687,0.944112,0.107254,50.00,False
2.558644,8.452313,106.504338,-0.311795,0.944436,0.104038,50.00,False
2.558061,8.721623,104.015315,-0.311911,0.944788,0.100437,50.00,False
2.557440,8.981029,101.524394,-0.312035,0.945162,0.096455,50.00,False
2.556794,9.229515,99.031581,-0.312165,0.945554,0.092095,50.00,False
2.556137,9.466097,96.537015,-0.312296,0.945957,0.087384,50.00,False
2.555466,9.689856,94.040758,-0.312430,0.946366,0.082335,50.00,False
2.554793,9.899913,91.542915,-0.312565,0.946773,0.076969,50.00,False
2.554133,10.095444,89.043570,-0.312697,0.947173,0.071303,50.00,False
2.553493,10.275680,86.542829,-0.312825,0.947560,0.065357,50.00,False
2.552882,10.439908,84.040839,-0.312947,0.947926,0.059161,50.00,False
2.552316,10.587489,81.537649,-0.313060,0.948269,0.052726,50.00,False
2.551817,10.717837,79.033476,-0.313160,0.948581,0.046094,50.00,False
2.551359,10.830442,76.528347,-0.313252,0.948858,0.039271,50.00,False
2.550962,10.924841,74.022464,-0.313331,0.949095,0.032296,50.00,False
2.550635,11.000669,71.515918,-0.313396,0.949288,0.025190,50.00,False
2.550396,11.057621,69.008892,-0.313444,0.949436,0.017987,50.00,False
2.550220,11.095484,66.501536,-0.313479,0.949535,0.010718,50.00,False
2.550150,11.114104,63.993899,-0.313493,0.949584,0.003394,50.00,False
2.550188,11.113396,61.486237,-0.313486,0.949585,-0.003936,50.00,False
2.550267,11.093372,58.978693,-0.313470,0.949532,-0.011243,50.00,False
2.550412,11.054108,56.471302,-0.313441,0.949427,-0.018518,50.00,False
2.550659,10.995758,53.964299,-0.313392,0.949276,-0.025716,50.00,False
2.550981,10.918556,51.457819,-0.313327,0.949078,-0.032810,50.00,False
2.551389,10.822813,48.951975,-0.313246,0.948839,-0.039776,50.00,False
2.551852,10.708897,46.446913,-0.313153,0.948559,-0.046586,50.00,False
2.552347,10.577258,43.942799,-0.313054,0.948244,-0.053206,50.00,False
2.552908,10.428444,41.439717,-0.312942,0.947899,-0.059620,50.00,False
2.553530,10.263020,38.937795,-0.312817,0.947531,-0.065802,50.00,False
2.554177,10.081640,36.437144,-0.312688,0.947144,-0.071730,50.00,False
2.554845,9.885011,33.937908,-0.312554,0.946743,-0.077374,50.00,False
2.555530,9.673932,31.440209,-0.312417,0.946337,-0.082712,50.00,False
2.556195,9.449210,28.944054,-0.312284,0.945928,-0.087740,50.00,False
2.556848,9.211721,26.449608,-0.312154,0.945525,-0.092427,50.00,False
2.557498,8.962403,23.956941,-0.312024,0.945134,-0.096758,50.00,False
2.558111,8.702243,21.466160,-0.311901,0.944762,-0.100711,50.00,False
2.558689,8.432242,18.977256,-0.311786,0.944412,-0.104290,50.00,False
2.559215,8.153438,16.490349,-0.311680,0.944090,-0.107469,50.00,False
2.559696,7.866932,14.005497,-0.311584,0.943803,-0.110237,50.00,False
2.560107,7.573821,11.522719,-0.311502,0.943552,-0.112590,50.00,False
2.560458,7.275233,9.042042,-0.311432,0.943342,-0.114523,50.00,False
2.560842,6.972398,6.563724,-0.311355,0.943189,-0.115984,50.00,False
2.560364,6.666235,4.087450,-0.311451,0.943028,-0.117036,50.00,False
2.560281,6.357996,1.612980,-0.311467,0.942936,-0.117727,50.00,False
6.599786,7.676303,1.610976,-0.303566,0.945459,-0.118128,200.00,True
6.599786,7.676303,1.610976,-0.303566,0.945459,-0.118128,50.00,False
6.598144,7.984023,4.086612,-0.303895,0.945469,-0.117204,50.00,False
6.598244,8.289561,6.563176,-0.303875,0.945612,-0.116093,50.00,False
6.598852,8.592330,9.040759,-0.303753,0.945812,-0.114779,50.00,False
6.598571,8.890904,11.521219,-0.303809,0.946021,-0.112890,50.00,False
6.598143,9.184027,14.004052,-0.303895,0.946273,-0.110525,50.00,False
6.597698,9.470552,16.488963,-0.303984,0.946565,-0.107746,50.00,False
6.597202,9.749360,18.975889,-0.304083,0.946890,-0.104563,50.00,False
6.596623,10.019380,21.464815,-0.304199,0.947241,-0.100980,50.00,False
6.595990,10.279553,23.955675,-0.304325,0.947615,-0.097011,50.00,False
6.595366,10.528883,26.448421,-0.304450,0.948010,-0.092664,50.00,False
6.594710,10.766369,28.942911,-0.304581,0.948415,-0.087969,50.00,False
6.594041,10.991106,31.439085,-0.304715,0.948826,-0.082936,50.00,False
6.593391,11.202226,33.936881,-0.304845,0.949237,-0.077580,50.00,False
6.592761,11.398873,36.436216,-0.304971,0.949642,-0.071915,50.00,False
6.592121,11.580264,38.936919,-0.305099,0.950032,-0.065977,50.00,False
6.591527,11.745709,41.438915,-0.305218,0.950404,-0.059781,50.00,False
6.590968,11.894545,43.942095,-0.305330,0.950751,-0.053347,50.00,False
6.590462,12.026185,46.446315,-0.305431,0.951068,-0.046706,50.00,False
6.590019,12.140103,48.951469,-0.305520,0.951350,-0.039877,50.00,False
6.589626,12.235857,51.457365,-0.305598,0.951592,-0.032901,50.00,False
6.589308,12.313072,53.963960,-0.305662,0.951791,-0.025784,50.00,False
6.589051,12.371424,56.471069,-0.305713,0.951943,-0.018565,50.00,False
6.588863,12.410670,58.978543,-0.305751,0.952045,-0.011273,50.00,False
6.588779,12.430695,61.486174,-0.305768,0.952098,-0.003949,50.00,False
6.588794,12.431428,63.993939,-0.305765,0.952101,0.003402,50.00,False
6.588880,12.412816,66.501663,-0.305747,0.952052,0.010744,50.00,False
6.589036,12.374947,69.009141,-0.305716,0.951952,0.018037,50.00,False
6.589296,12.317985,71.516267,-0.305664,0.951804,0.025260,50.00,False
6.589589,12.242144,74.022875,-0.305606,0.951608,0.032379,50.00,False
6.589977,12.147738,76.528866,-0.305528,0.951369,0.039374,50.00,False
6.590406,12.035118,79.034091,-0.305442,0.951088,0.046217,50.00,False
6.590933,11.904754,81.538381,-0.305337,0.950775,0.052872,50.00,False
6.591505,11.757160,84.041608,-0.305222,0.950432,0.059315,50.00,False
6.592098,11.592931,86.543668,-0.305104,0.950062,0.065525,50.00,False
6.592712,11.412675,89.044516,-0.304981,0.949671,0.071492,50.00,False
6.593355,11.217127,91.543928,-0.304852,0.949268,0.077172,50.00,False
6.594025,11.007053,94.041846,-0.304718,0.948858,0.082553,50.00,False
6.594671,10.783281,96.538154,-0.304589,0.948446,0.087612,50.00,False
6.595326,10.546686,99.032790,-0.304458,0.948040,0.092336,50.00,False
6.595955,10.298191,101.525642,-0.304332,0.947644,0.096704,50.00,False
6.596560,10.038771,104.016640,-0.304211,0.947267,0.100701,50.00,False
6.597135,9.769436,106.505720,-0.304096,0.946913,0.104315,50.00,False
6.597660,9.491230,108.992814,-0.303991,0.946587,0.107531,50.00,False
6.598150,9.205227,111.477892,-0.303893,0.946294,0.110344,50.00,False
6.598522,8.912536,113.960799,-0.303819,0.946038,0.112723,50.00,False
6.598853,8.614320,116.441613,-0.303753,0.945823,0.114683,50.00,False
6.599147,8.311699,118.920308,-0.303694,0.945655,0.116220,50.00,False
6.599346,8.005834,121.396765,-0.303654,0.945533,0.117309,50.00,False
6.599469,7.697902,123.871048,-0.303630,0.945460,0.117963,50.00,False
6.599535,7.389090,126.343083,-0.303616,0.945438,0.118167,50.00,False
6.599510,7.080562,128.812931,-0.303621,0.945466,0.117935,50.00,False
6.599371,6.773506,131.280484,-0.303649,0.945543,0.117243,50.00,False
6.599140,6.469099,133.745869,-0.303695,0.945667,0.116117,50.00,False
6.598854,6.168421,136.209295,-0.303753,0.945834,0.114600,50.00,False
6.598406,5.872584,138.670216,-0.303842,0.946047,0.112581,50.00,False
6.598289,5.583494,141.127542,-0.303866,0.946361,0.109844,50.00,False
6.597859,5.302337,143.583391,-0.303952,0.946681,0.106811,50.00,False
6.596718,5.028167,146.041909,-0.304180,0.946886,0.104313,50.00,False
6.597727,4.758281,148.509502,-0.303978,0.947026,0.103629,50.00,False
10.659074,6.035694,148.510757,-0.291709,0.950850,0.103880,200.00,True
10.659074,6.035694,148.510757,-0.291709,0.950850,0.103880,50.00,False
10.663202,6.305390,146.041699,-0.290883,0.951060,0.104271,50.00,False
10.662300,6.578160,143.586754,-0.291063,0.950647,0.107484,50.00,False
10.661644,6.860036,141.131455,-0.291195,0.950246,0.110627,50.00,False
10.661998,7.149706,138.672502,-0.291124,0.949984,0.113039,50.00,False
10.662327,7.445386,136.211481,-0.291058,0.949764,0.115037,50.00,False
10.662617,7.746005,133.748278,-0.291000,0.949591,0.116599,50.00,False
10.662766,8.050379,131.282901,-0.290970,0.949461,0.117726,50.00,False
10.662880,8.357412,128.815347,-0.290947,0.949382,0.118418,50.00,False
10.662942,8.665948,126.345579,-0.290935,0.949355,0.118667,50.00,False
10.662925,8.974800,123.873496,-0.290938,0.949381,0.118453,50.00,False
10.662812,9.282737,121.399200,-0.290961,0.949456,0.117796,50.00,False
10.662620,9.588608,118.922719,-0.290999,0.949579,0.116702,50.00,False
10.662353,9.891253,116.444010,-0.291053,0.949750,0.115163,50.00,False
10.662001,10.189476,113.963129,-0.291123,0.949966,0.113189,50.00,False
10.661602,10.482159,111.480166,-0.291203,0.950223,0.110799,50.00,False
10.661171,10.768194,108.995061,-0.291289,0.950521,0.107981,50.00,False
10.660659,11.046422,106.507888,-0.291392,0.950852,0.104748,50.00,False
10.660119,11.315782,104.018737,-0.291500,0.951211,0.101121,50.00,False
10.659535,11.575228,101.527643,-0.291616,0.951594,0.097105,50.00,False
10.658931,11.823733,99.034701,-0.291737,0.951994,0.092719,50.00,False
10.658301,12.060356,96.539991,-0.291863,0.952405,0.087979,50.00,False
10.657647,12.284143,94.043561,-0.291994,0.952821,0.082896,50.00,False
10.657023,12.494250,91.545560,-0.292119,0.953237,0.077498,50.00,False
10.656367,12.689819,89.045995,-0.292250,0.953644,0.071788,50.00,False
10.655754,12.870083,86.545066,-0.292373,0.954038,0.065804,50.00,False
10.655180,13.034359,84.042892,-0.292487,0.954412,0.059572,50.00,False
10.654666,13.181999,81.539466,-0.292590,0.954763,0.053089,50.00,False
10.654192,13.312376,79.035044,-0.292685,0.955082,0.046407,50.00,False
10.653749,13.425004,76.529697,-0.292774,0.955364,0.039540,50.00,False
10.653393,13.519430,74.023560,-0.292845,0.955607,0.032516,50.00,False
10.653058,13.595272,71.516795,-0.292912,0.955803,0.025365,50.00,False
10.652841,13.652252,69.009522,-0.292955,0.955955,0.018113,50.00,False
10.652712,13.690127,66.501869,-0.292981,0.956057,0.010785,50.00,False
10.652636,13.708744,63.994043,-0.292996,0.956107,0.003422,50.00,False
10.652608,13.708033,61.486124,-0.293002,0.956104,-0.003959,50.00,False
10.652703,13.688006,58.978266,-0.292983,0.956051,-0.011328,50.00,False
10.652871,13.648728,56.470670,-0.292949,0.955946,-0.018645,50.00,False
10.653103,13.590365,53.963415,-0.292903,0.955792,-0.025893,50.00,False
10.653421,13.513147,51.456695,-0.292839,0.955591,-0.033035,50.00,False
10.653776,13.417372,48.950617,-0.292768,0.955344,-0.040048,50.00,False
10.654223,13.303431,46.445321,-0.292679,0.955060,-0.046904,50.00,False
10.654717,13.171772,43.940974,-0.292580,0.954739,-0.053571,50.00,False
10.655251,13.022918,41.437676,-0.292473,0.954388,-0.060028,50.00,False
10.655842,12.857449,38.935526,-0.292355,0.954012,-0.066256,50.00,False
10.656426,12.676027,36.434723,-0.292238,0.953615,-0.072214,50.00,False
10.657058,12.479367,33.935281,-0.292112,0.953206,-0.077900,50.00,False
10.657699,12.268239,31.437359,-0.291984,0.952790,-0.083282,50.00,False
10.658354,12.043473,28.941072,-0.291853,0.952375,-0.088337,50.00,False
10.658956,11.805941,26.446458,-0.291732,0.951963,-0.093057,50.00,False
10.659583,11.556590,23.953655,-0.291607,0.951565,-0.097415,50.00,False
10.660157,11.296373,21.462694,-0.291492,0.951183,-0.101405,50.00,False
10.660685,11.026328,18.973742,-0.291386,0.950826,-0.104992,50.00,False
10.661192,10.747513,16.486721,-0.291285,0.950498,-0.108194,50.00,False
10.661695,10.460991,14.001733,-0.291184,0.950207,-0.110989,50.00,False
10.662150,10.167774,11.518686,-0.291093,0.949950,-0.113396,50.00,False
10.662469,9.869252,9.038673,-0.291029,0.949753,-0.115196,50.00,False
10.663287,9.567369,6.561726,-0.290866,0.949659,-0.116383,50.00,False
10.663134,9.262220,4.084083,-0.290897,0.949486,-0.117709,50.00,False
10.666479,8.951694,1.598314,-0.290228,0.949320,-0.120661,50.00,False
14.759618,10.159000,1.584429,-0.271600,0.954461,-0.123438,200.00,True
14.759618,10.159000,1.584429,-0.271600,0.954461,-0.123438,50.00,False
14.753540,10.473483,4.075951,-0.272815,0.954636,-0.119336,50.00,False
14.750485,10.779605,6.556929,-0.273426,0.954709,-0.117343,50.00,False
14.750371,11.082417,9.035166,-0.273449,0.954879,-0.115898,50.00,False
14.750149,11.381044,11.515773,-0.273494,0.955097,-0.113979,50.00,False
14.749909,11.674276,13.998668,-0.273542,0.955364,-0.111602,50.00,False
14.749491,11.960867,16.483770,-0.273625,0.955665,-0.108784,50.00,False
14.748998,12.239716,18.970853,-0.273724,0.955997,-0.105570,50.00,False
14.748495,12.509798,21.459954,-0.273824,0.956361,-0.101953,50.00,False
14.747941,12.770035,23.951009,-0.273935,0.956748,-0.097944,50.00,False
14.747388,13.019413,26.444008,-0.274046,0.957156,-0.093547,50.00,False
14.746803,13.256932,28.938709,-0.274163,0.957574,-0.088809,50.00,False
14.746214,13.481724,31.435071,-0.274281,0.957997,-0.083739,50.00,False
14.745617,13.692912,33.933078,-0.274400,0.958419,-0.078340,50.00,False
14.744967,13.889626,36.432717,-0.274530,0.958833,-0.072615,50.00,False
14.744367,14.071070,38.933725,-0.274650,0.959234,-0.066616,50.00,False
14.743815,14.236578,41.436006,-0.274760,0.959616,-0.060362,50.00,False
14.743324,14.385470,43.939499,-0.274859,0.959975,-0.053866,50.00,False
14.742849,14.517157,46.444035,-0.274954,0.960300,-0.047162,50.00,False
14.742431,14.631119,48.949541,-0.275037,0.960590,-0.040263,50.00,False
14.742087,14.726908,51.455759,-0.275106,0.960840,-0.033222,50.00,False
14.741807,14.804157,53.962712,-0.275162,0.961045,-0.026034,50.00,False
14.741557,14.862528,56.470146,-0.275212,0.961201,-0.018750,50.00,False
14.741415,14.901816,58.977971,-0.275240,0.961308,-0.011387,50.00,False
14.741339,14.921854,61.486002,-0.275255,0.961363,-0.003983,50.00,False
14.741322,14.922546,63.994192,-0.275259,0.961364,0.003452,50.00,False
14.741415,14.903902,66.502189,-0.275240,0.961314,0.010849,50.00,False
14.741563,14.866034,69.009979,-0.275211,0.961212,0.018205,50.00,False
14.741749,14.809054,71.517485,-0.275174,0.961056,0.025503,50.00,False
14.742060,14.733183,74.024477,-0.275111,0.960856,0.032699,50.00,False
14.742442,14.638748,76.530773,-0.275035,0.960612,0.039756,50.00,False
14.742826,14.526090,79.036313,-0.274958,0.960323,0.046661,50.00,False
14.743297,14.395694,81.540911,-0.274864,0.960000,0.053378,50.00,False
14.743806,14.248054,84.044478,-0.274762,0.959645,0.059889,50.00,False
14.744343,14.083756,86.546872,-0.274655,0.959264,0.066165,50.00,False
14.744913,13.903440,89.047982,-0.274541,0.958862,0.072185,50.00,False
14.745513,13.707839,91.547646,-0.274421,0.958448,0.077915,50.00,False
14.746111,13.497703,94.045833,-0.274301,0.958025,0.083350,50.00,False
14.746713,13.273870,96.542399,-0.274181,0.957601,0.088461,50.00,False
14.747286,13.037204,99.037236,-0.274066,0.957182,0.093226,50.00,False
14.747886,12.788660,101.530326,-0.273946,0.956776,0.097641,50.00,False
14.748472,12.529169,104.021518,-0.273829,0.956389,0.101677,50.00,False
14.748998,12.259783,106.510729,-0.273724,0.956025,0.105317,50.00,False
14.749465,11.981537,108.997956,-0.273630,0.955689,0.108560,50.00,False
14.749884,11.695511,111.483132,-0.273547,0.955387,0.111392,50.00,False
14.750266,11.402800,113.966233,-0.273470,0.955124,0.113810,50.00,False
14.750578,11.104538,116.447139,-0.273408,0.954904,0.115789,50.00,False
14.750839,10.801885,118.925890,-0.273356,0.954730,0.117336,50.00,False
14.751022,10.496006,121.402385,-0.273319,0.954605,0.118433,50.00,False
14.751118,10.188061,123.876693,-0.273300,0.954528,0.119092,50.00,False
14.751146,9.879238,126.348752,-0.273294,0.954504,0.119301,50.00,False
14.751108,9.570721,128.818551,-0.273302,0.954532,0.119059,50.00,False
14.750995,9.263673,131.286149,-0.273324,0.954610,0.118376,50.00,False
14.750802,8.959263,133.751472,-0.273363,0.954740,0.117238,50.00,False
14.750552,8.658675,136.214589,-0.273413,0.954918,0.115659,50.00,False
14.750240,8.363010,138.675560,-0.273475,0.955141,0.113650,50.00,False
14.749891,8.073401,141.134366,-0.273545,0.955409,0.111209,50.00,False
14.749265,7.790976,143.590577,-0.273670,0.955713,0.108249,50.00,False
14.748358,7.517444,146.043568,-0.273852,0.956062,0.104644,50.00,False
14.746426,7.250843,148.507590,-0.274238,0.956103,0.103246,50.00,False
18.858402,8.379990,148.498513,-0.251843,0.962438,0.101431,200.00,True
18.858402,8.379990,148.498513,-0.251843,0.962438,0.101431,50.00,False
18.860495,8.643598,146.048237,-0.251424,0.962101,0.105578,50.00,False
18.861942,8.917987,143.594538,-0.251135,0.961791,0.109041,50.00,False
18.862375,9.200448,141.137898,-0.251048,0.961483,0.111915,50.00,False
18.862725,9.490039,138.679174,-0.250978,0.961212,0.114373,50.00,False
18.863027,9.785688,136.218284,-0.250918,0.960985,0.116398,50.00,False
18.863284,10.086274,133.755181,-0.250867,0.960805,0.117980,50.00,False
18.863453,10.390661,131.289887,-0.250833,0.960673,0.119123,50.00,False
18.863549,10.697689,128.822344,-0.250814,0.960592,0.119817,50.00,False
18.863591,11.006212,126.352522,-0.250805,0.960564,0.120055,50.00,False
18.863562,11.315030,123.880490,-0.250811,0.960588,0.119851,50.00,False
18.863453,11.622981,121.406119,-0.250833,0.960666,0.119180,50.00,False
18.863308,11.928866,118.929628,-0.250862,0.960794,0.118084,50.00,False
18.863088,12.231558,116.450803,-0.250906,0.960973,0.116521,50.00,False
18.862775,12.529820,113.969860,-0.250968,0.961195,0.114535,50.00,False
18.862392,12.822562,111.486702,-0.251045,0.961462,0.112106,50.00,False
18.862011,13.108635,109.001433,-0.251121,0.961770,0.109255,50.00,False
18.861565,13.386910,106.514062,-0.251210,0.962113,0.105983,50.00,False
18.861087,13.656335,104.024767,-0.251306,0.962483,0.102327,50.00,False
18.860640,13.915864,101.533376,-0.251395,0.962885,0.098251,50.00,False
18.860149,14.164457,99.040228,-0.251494,0.963301,0.093824,50.00,False
18.859564,14.401152,96.545243,-0.251611,0.963725,0.089030,50.00,False
18.858950,14.625015,94.048474,-0.251733,0.964155,0.083878,50.00,False
18.858372,14.835187,91.550174,-0.251849,0.964584,0.078421,50.00,False
18.857847,15.030837,89.050270,-0.251954,0.965009,0.072643,50.00,False
18.857295,15.211180,86.549023,-0.252064,0.965416,0.066596,50.00,False
18.856744,15.375525,84.046417,-0.252175,0.965803,0.060277,50.00,False
18.856275,15.523203,81.542643,-0.252268,0.966165,0.053725,50.00,False
18.855849,15.653641,79.037802,-0.252354,0.966495,0.046959,50.00,False
18.855449,15.766307,76.532043,-0.252434,0.966787,0.040010,50.00,False
18.855125,15.860768,74.025493,-0.252498,0.967038,0.032902,50.00,False
18.854899,15.936660,71.518318,-0.252544,0.967245,0.025670,50.00,False
18.854670,15.993671,69.010632,-0.252589,0.967400,0.018335,50.00,False
18.854485,16.031545,66.502511,-0.252626,0.967502,0.010913,50.00,False
18.854452,16.050187,63.994261,-0.252633,0.967556,0.003466,50.00,False
18.854452,16.049482,61.485874,-0.252633,0.967554,-0.004009,50.00,False
18.854578,16.029449,58.977570,-0.252608,0.967501,-0.011467,50.00,False
18.854705,15.990136,56.469561,-0.252582,0.967391,-0.018867,50.00,False
18.854864,15.931751,53.961883,-0.252550,0.967229,-0.026200,50.00,False
18.855133,15.854484,51.454710,-0.252497,0.967020,-0.033432,50.00,False
18.855506,15.758680,48.948221,-0.252422,0.966768,-0.040527,50.00,False
18.855889,15.644695,46.442542,-0.252346,0.966473,-0.047460,50.00,False
18.856310,15.512966,43.937765,-0.252261,0.966139,-0.054213,50.00,False
18.856756,15.364045,41.434091,-0.252172,0.965774,-0.060745,50.00,False
18.857273,15.198502,38.931556,-0.252069,0.965384,-0.067050,50.00,False
18.857874,15.016998,36.430356,-0.251949,0.964977,-0.073087,50.00,False
18.858327,14.820240,33.930693,-0.251858,0.964549,-0.078818,50.00,False
18.858838,14.609050,31.432434,-0.251756,0.964115,-0.084267,50.00,False
18.859426,14.384214,28.935835,-0.251638,0.963685,-0.089384,50.00,False
18.860032,14.146635,26.440961,-0.251517,0.963262,-0.094156,50.00,False
18.860602,13.897218,23.947876,-0.251403,0.962850,-0.098571,50.00,False
18.861110,13.636944,21.456713,-0.251301,0.962456,-0.102601,50.00,False
18.861599,13.366832,18.967484,-0.251204,0.962086,-0.106244,50.00,False
18.862070,13.087951,16.480314,-0.251109,0.961748,-0.109476,50.00,False
18.862476,12.801358,13.995172,-0.251028,0.961443,-0.112301,50.00,False
18.862790,12.508189,11.512282,-0.250965,0.961179,-0.114677,50.00,False
18.863059,12.209624,9.031549,-0.250912,0.960959,-0.116621,50.00,False
18.863051,11.906532,6.552197,-0.250913,0.960755,-0.118289,50.00,False
18.863002,11.598095,4.069121,-0.250923,0.960452,-0.120702,50.00,False
18.862487,11.279647,1.576657,-0.251026,0.959877,-0.124992,50.00,False
22.989015,12.304132,1.580771,-0.225720,0.966247,-0.124169,200.00,True
22.989015,12.304132,1.580771,-0.225720,0.966247,-0.124169,50.00,False
22.997468,12.619351,4.070614,-0.224030,0.967116,-0.120403,50.00,False
22.998963,12.926161,6.549526,-0.223731,0.967381,-0.118823,50.00,False
22.998921,13.228806,9.027457,-0.223739,0.967548,-0.117440,50.00,False
22.998773,13.527489,11.508314,-0.223769,0.967778,-0.115471,50.00,False
22.998366,13.820646,13.991312,-0.223850,0.968042,-0.113073,50.00,False
22.997927,14.107287,16.476452,-0.223938,0.968348,-0.110248,50.00,False
22.997540,14.386251,18.963841,-0.224015,0.968697,-0.106973,50.00,False
22.997107,14.656396,21.453172,-0.224102,0.969075,-0.103309,50.00,False
22.996644,14.916716,23.944490,-0.224195,0.969477,-0.099248,50.00,False
22.996162,15.166182,26.437712,-0.224291,0.969900,-0.094806,50.00,False
22.995670,15.403821,28.932733,-0.224389,0.970334,-0.090004,50.00,False
22.995173,15.628713,31.429543,-0.224489,0.970776,-0.084845,50.00,False
22.994675,15.839935,33.927995,-0.224588,0.971217,-0.079357,50.00,False
22.994112,16.036676,36.427858,-0.224701,0.971645,-0.073587,50.00,False
22.993683,16.218250,38.929215,-0.224787,0.972066,-0.067518,50.00,False
22.993217,16.383848,41.431950,-0.224880,0.972464,-0.061174,50.00,False
22.992748,16.532793,43.935959,-0.224974,0.972835,-0.054574,50.00,False
22.992377,16.664516,46.440915,-0.225048,0.973175,-0.047786,50.00,False
22.992042,16.778556,48.946721,-0.225115,0.973476,-0.040827,50.00,False
22.991727,16.874429,51.453558,-0.225178,0.973736,-0.033662,50.00,False
22.991479,16.951709,53.960951,-0.225228,0.973949,-0.026386,50.00,False
22.991238,17.010092,56.468942,-0.225276,0.974110,-0.018990,50.00,False
22.991126,17.049391,58.977178,-0.225298,0.974221,-0.011546,50.00,False
22.991128,17.069478,61.485716,-0.225298,0.974282,-0.004041,50.00,False
22.991106,17.070186,63.994361,-0.225302,0.974283,0.003486,50.00,False
22.991154,17.051544,66.502915,-0.225293,0.974229,0.010994,50.00,False
22.991267,17.013642,69.011238,-0.225270,0.974122,0.018456,50.00,False
22.991463,16.956608,71.519224,-0.225231,0.973962,0.025851,50.00,False
22.991757,16.880731,74.026630,-0.225172,0.973756,0.033130,50.00,False
22.992025,16.786220,76.533448,-0.225118,0.973498,0.040291,50.00,False
22.992311,16.673505,79.039436,-0.225061,0.973197,0.047286,50.00,False
22.992716,16.543042,81.544497,-0.224980,0.972861,0.054095,50.00,False
22.993155,16.395328,84.048497,-0.224892,0.972492,0.060693,50.00,False
22.993603,16.230916,86.551397,-0.224803,0.972093,0.067070,50.00,False
22.994097,16.050516,89.052747,-0.224704,0.971678,0.073138,50.00,False
22.994577,15.854860,91.552842,-0.224608,0.971245,0.078954,50.00,False
22.995032,15.644599,94.051455,-0.224517,0.970802,0.084475,50.00,False
22.995546,15.420643,96.548346,-0.224414,0.970361,0.089650,50.00,False
22.996024,15.183885,99.043460,-0.224319,0.969926,0.094471,50.00,False
22.996556,14.935278,101.536735,-0.224212,0.969507,0.098923,50.00,False
22.997036,14.675782,104.028148,-0.224116,0.969104,0.103003,50.00,False
22.997501,14.406333,106.517735,-0.224023,0.968723,0.106718,50.00,False
22.997919,14.128019,109.005183,-0.223940,0.968375,0.110005,50.00,False
22.998287,13.841922,111.490542,-0.223866,0.968062,0.112874,50.00,False
22.998579,13.549140,113.973806,-0.223808,0.967786,0.115325,50.00,False
22.998810,13.250822,116.454819,-0.223761,0.967557,0.117325,50.00,False
22.999018,12.948142,118.933622,-0.223720,0.967376,0.118883,50.00,False
22.999212,12.642253,121.410234,-0.223681,0.967247,0.120003,50.00,False
22.999299,12.334293,123.884578,-0.223664,0.967168,0.120669,50.00,False
22.999336,12.025455,126.356682,-0.223656,0.967142,0.120887,50.00,False
22.999310,11.716929,128.826464,-0.223661,0.967172,0.120641,50.00,False
22.999189,11.409883,131.293991,-0.223686,0.967253,0.119944,50.00,False
22.999048,11.105511,133.759233,-0.223714,0.967389,0.118790,50.00,False
22.998886,10.804967,136.222255,-0.223746,0.967576,0.117192,50.00,False
22.998598,10.509347,138.683082,-0.223804,0.967807,0.115155,50.00,False
22.998229,10.219788,141.141698,-0.223878,0.968082,0.112675,50.00,False
22.997844,9.937371,143.598329,-0.223955,0.968395,0.109799,50.00,False
22.998332,9.663596,146.051501,-0.223857,0.968815,0.106231,50.00,False
22.998956,9.397644,148.513769,-0.223732,0.969034,0.104482,50.00,False
27.151283,10.291590,148.504572,-0.193267,0.975762,0.102643,200.00,True
27.151283,10.291590,148.504572,-0.193267,0.975762,0.102643,50.00,False
27.154787,10.554823,146.055982,-0.192566,0.975419,0.107127,50.00,False
27.155837,10.829263,143.602344,-0.192356,0.975072,0.110602,50.00,False
27.156067,11.111696,141.145609,-0.192310,0.974753,0.113457,50.00,False
27.156341,11.401225,138.687030,-0.192255,0.974472,0.115944,50.00,False
27.156535,11.696795,136.226323,-0.192216,0.974232,0.118005,50.00,False
27.156732,11.997366,133.763335,-0.192177,0.974044,0.119610,50.00,False
27.156864,12.301721,131.298080,-0.192151,0.973907,0.120762,50.00,False
27.156940,12.608729,128.830523,-0.192135,0.973824,0.121453,50.00,False
27.157085,12.917221,126.360718,-0.192106,0.973800,0.121694,50.00,False
27.157181,13.226029,123.888720,-0.192087,0.973828,0.121497,50.00,False
27.157131,13.534023,121.414485,-0.192097,0.973906,0.120853,50.00,False
27.156896,13.839958,118.937722,-0.192144,0.974039,0.119703,50.00,False
27.156619,14.142644,116.458875,-0.192200,0.974219,0.118136,50.00,False
27.156340,14.440973,113.977771,-0.192255,0.974451,0.116118,50.00,False
27.156037,14.733778,111.494457,-0.192316,0.974729,0.113657,50.00,False
27.155756,15.019926,109.008977,-0.192372,0.975051,0.110764,50.00,False
27.155394,15.298273,106.521411,-0.192445,0.975407,0.107453,50.00,False
27.155009,15.567783,104.031832,-0.192522,0.975794,0.103740,50.00,False
27.154565,15.827377,101.540212,-0.192610,0.976206,0.099618,50.00,False
27.154188,16.076066,99.046675,-0.192686,0.976640,0.095113,50.00,False
27.153777,16.312822,96.551370,-0.192768,0.977085,0.090255,50.00,False
27.153311,16.536796,94.054373,-0.192861,0.977532,0.085058,50.00,False
27.152832,16.747071,91.555587,-0.192957,0.977981,0.079503,50.00,False
27.152350,16.942784,89.055315,-0.193053,0.978420,0.073652,50.00,False
27.151943,17.123226,86.553654,-0.193135,0.978846,0.067522,50.00,False
27.151587,17.287664,84.050588,-0.193206,0.979253,0.061111,50.00,False
27.151218,17.435413,81.546408,-0.193280,0.979630,0.054478,50.00,False
27.150865,17.565927,79.041047,-0.193350,0.979974,0.047608,50.00,False
27.150551,17.678622,76.534769,-0.193413,0.980279,0.040555,50.00,False
27.150285,17.773123,74.027841,-0.193466,0.980539,0.033372,50.00,False
27.150079,17.849097,71.520202,-0.193508,0.980753,0.026047,50.00,False
27.149966,17.906159,69.011876,-0.193530,0.980918,0.018584,50.00,False
27.149841,17.944070,66.503263,-0.193555,0.981027,0.011064,50.00,False
27.149769,17.962668,63.994411,-0.193570,0.981080,0.003496,50.00,False
27.149781,17.961952,61.485648,-0.193567,0.981079,-0.004054,50.00,False
27.149853,17.941948,58.976860,-0.193553,0.981021,-0.011609,50.00,False
27.149951,17.902627,56.468205,-0.193533,0.980907,-0.019138,50.00,False
27.150109,17.844178,53.960015,-0.193502,0.980740,-0.026573,50.00,False
27.150305,17.766886,51.452415,-0.193462,0.980522,-0.033891,50.00,False
27.150595,17.670989,48.945287,-0.193404,0.980257,-0.041114,50.00,False
27.150936,17.556939,46.439295,-0.193336,0.979952,-0.048110,50.00,False
27.151270,17.425192,43.934038,-0.193269,0.979605,-0.054959,50.00,False
27.151629,17.276189,41.429844,-0.193198,0.979225,-0.061595,50.00,False
27.152014,17.110576,38.926942,-0.193121,0.978818,-0.067973,50.00,False
27.152452,16.928990,36.425278,-0.193033,0.978390,-0.074103,50.00,False
27.152844,16.732136,33.925179,-0.192954,0.977947,-0.079920,50.00,False
27.153312,16.520871,31.426601,-0.192861,0.977500,-0.085433,50.00,False
27.153764,16.295934,28.929614,-0.192771,0.977050,-0.090628,50.00,False
27.154210,16.058253,26.434427,-0.192681,0.976607,-0.095463,50.00,False
27.154650,15.808736,23.941051,-0.192593,0.976177,-0.099936,50.00,False
27.155062,15.548386,21.449615,-0.192511,0.975766,-0.104020,50.00,False
27.155432,15.278204,18.960175,-0.192437,0.975381,-0.107706,50.00,False
27.155747,14.999218,16.472670,-0.192374,0.975023,-0.111004,50.00,False
27.155990,14.712478,13.987313,-0.192325,0.974702,-0.113873,50.00,False
27.156414,14.419202,11.504168,-0.192241,0.974432,-0.116300,50.00,False
27.157306,14.120631,9.023345,-0.192062,0.974231,-0.118262,50.00,False
27.158128,13.817790,6.544733,-0.191898,0.974078,-0.119782,50.00,False
27.157922,13.511706,4.068186,-0.191939,0.973933,-0.120889,50.00,False
27.153307,13.204253,1.597299,-0.192862,0.973754,-0.120863,50.00,False
31.341702,13.953242,1.581466,-0.155183,0.980069,-0.124030,200.00,True
31.341702,13.953242,1.581466,-0.155183,0.980069,-0.124030,50.00,False
31.332837,14.259717,4.071078,-0.156956,0.980250,-0.120310,50.00,False
31.334089,14.563451,6.541638,-0.156706,0.980279,-0.120401,50.00,False
31.334192,14.866515,9.018304,-0.156685,0.980421,-0.119270,50.00,False
31.333809,15.165918,11.499770,-0.156762,0.980660,-0.117179,50.00,False
31.333580,15.459368,13.983877,-0.156807,0.980962,-0.114561,50.00,False
31.333359,15.746011,16.469227,-0.156852,0.981286,-0.111693,50.00,False
31.333072,16.024995,18.956681,-0.156909,0.981646,-0.108405,50.00,False
31.332770,16.295227,21.446274,-0.156969,0.982039,-0.104689,50.00,False
31.332432,16.555620,23.937844,-0.157037,0.982458,-0.100577,50.00,False
31.332082,16.805174,26.431355,-0.157107,0.982897,-0.096078,50.00,False
31.331785,17.042902,28.926728,-0.157166,0.983352,-0.091205,50.00,False
31.331411,17.267879,31.423779,-0.157241,0.983809,-0.085998,50.00,False
31.330992,17.479218,33.922615,-0.157325,0.984266,-0.080433,50.00,False
31.330686,17.676090,36.422924,-0.157386,0.984717,-0.074574,50.00,False
31.330336,17.857700,38.924783,-0.157456,0.985154,-0.068405,50.00,False
31.330008,18.023345,41.427797,-0.157522,0.985567,-0.062004,50.00,False
31.329699,18.172412,43.932244,-0.157584,0.985955,-0.055317,50.00,False
31.329325,18.304178,46.437742,-0.157658,0.986306,-0.048420,50.00,False
31.329087,18.418256,48.943988,-0.157706,0.986619,-0.041373,50.00,False
31.328919,18.514204,51.451244,-0.157740,0.986891,-0.034125,50.00,False
31.328725,18.591520,53.959174,-0.157778,0.987112,-0.026741,50.00,False
31.328587,18.649969,56.467611,-0.157806,0.987282,-0.019256,50.00,False
31.328495,18.689300,58.976411,-0.157824,0.987398,-0.011699,50.00,False
31.328429,18.709355,61.485475,-0.157838,0.987457,-0.004089,50.00,False
31.328437,18.710067,63.994590,-0.157836,0.987459,0.003532,50.00,False
31.328506,18.691417,66.503698,-0.157822,0.987405,0.011151,50.00,False
31.328595,18.653484,69.012449,-0.157804,0.987293,0.018699,50.00,False
31.328719,18.596455,71.520943,-0.157780,0.987127,0.026195,50.00,False
31.328904,18.520497,74.028903,-0.157743,0.986909,0.033584,50.00,False
31.329100,18.425946,76.536161,-0.157703,0.986642,0.040833,50.00,False
31.329339,18.313180,79.042635,-0.157656,0.986330,0.047926,50.00,False
31.329645,18.182641,81.548154,-0.157594,0.985981,0.054827,50.00,False
31.329951,18.034852,84.052574,-0.157533,0.985596,0.061508,50.00,False
31.330318,17.870391,86.555853,-0.157460,0.985184,0.067962,50.00,False
31.330644,17.689897,89.057703,-0.157395,0.984750,0.074129,50.00,False
31.330952,17.494128,91.558141,-0.157333,0.984299,0.080014,50.00,False
31.331297,17.283801,94.057121,-0.157264,0.983839,0.085608,50.00,False
31.331636,17.059761,96.554321,-0.157196,0.983380,0.090845,50.00,False
31.332120,16.822967,99.049733,-0.157099,0.982933,0.095725,50.00,False
31.332550,16.574260,101.543448,-0.157013,0.982494,0.100266,50.00,False
31.332842,16.314626,104.035120,-0.156955,0.982072,0.104398,50.00,False
31.333096,16.045091,106.524848,-0.156904,0.981675,0.108141,50.00,False
31.333377,15.766690,109.012540,-0.156848,0.981311,0.111476,50.00,False
31.333621,15.480540,111.498051,-0.156799,0.980985,0.114376,50.00,False
31.333847,15.187723,113.981454,-0.156754,0.980700,0.116854,50.00,False
31.333983,14.889353,116.462713,-0.156727,0.980458,0.118903,50.00,False
31.334070,14.586505,118.941822,-0.156709,0.980263,0.120523,50.00,False
31.334285,14.280476,121.418376,-0.156666,0.980133,0.121631,50.00,False
31.334297,13.972549,123.892434,-0.156664,0.980058,0.122240,50.00,False
31.334270,13.663848,126.364459,-0.156669,0.980032,0.122443,50.00,False
31.334365,13.355400,128.834447,-0.156650,0.980061,0.122238,50.00,False
31.334307,13.048380,131.301983,-0.156662,0.980145,0.121542,50.00,False
31.334184,12.744036,133.767139,-0.156686,0.980286,0.120371,50.00,False
31.334016,12.443507,136.230086,-0.156720,0.980477,0.118758,50.00,False
31.333834,12.147923,138.690802,-0.156756,0.980719,0.116699,50.00,False
31.333568,11.858416,141.149257,-0.156810,0.981006,0.114187,50.00,False
31.333409,11.576029,143.605785,-0.156842,0.981333,0.111290,50.00,False
31.333012,11.301735,146.059723,-0.156921,0.981702,0.107875,50.00,False
31.331833,11.038677,148.508165,-0.157157,0.982150,0.103361,50.00,False
35.529861,11.622536,148.524639,-0.117551,0.987323,0.106656,200.00,True
35.529861,11.622536,148.524639,-0.117551,0.987323,0.106656,50.00,False
35.526581,11.888724,146.062431,-0.118207,0.987053,0.108417,50.00,False
35.527089,12.162758,143.608436,-0.118106,0.986685,0.111820,50.00,False
35.527504,12.444934,141.152003,-0.118023,0.986360,0.114736,50.00,False
35.527412,12.734368,138.694086,-0.118041,0.986050,0.117356,50.00,False
35.528278,13.029969,136.233194,-0.117868,0.985827,0.119380,50.00,False
35.528456,13.330467,133.770449,-0.117832,0.985630,0.121033,50.00,False
35.528534,13.634795,131.305240,-0.117817,0.985489,0.122194,50.00,False
35.528602,13.941791,128.837816,-0.117803,0.985401,0.122911,50.00,False
35.528603,14.250304,126.368060,-0.117803,0.985370,0.123163,50.00,False
35.528301,14.559064,123.895684,-0.117863,0.985397,0.122890,50.00,False
35.528189,14.866966,121.421757,-0.117886,0.985466,0.122307,50.00,False
35.528516,15.173065,118.944822,-0.117820,0.985620,0.121123,50.00,False
35.528613,15.475774,116.465771,-0.117801,0.985819,0.119515,50.00,False
35.528356,15.774106,113.984778,-0.117852,0.986053,0.117519,50.00,False
35.528061,16.067015,111.501274,-0.117911,0.986340,0.115021,50.00,False
35.527885,16.353215,109.015552,-0.117946,0.986675,0.112079,50.00,False
35.527683,16.631636,106.527844,-0.117987,0.987043,0.108740,50.00,False
35.527304,16.901190,104.037865,-0.118063,0.987445,0.104946,50.00,False
35.527090,17.160778,101.546062,-0.118105,0.987873,0.100788,50.00,False
35.526923,17.409531,99.052554,-0.118139,0.988318,0.096289,50.00,False
35.526603,17.646485,96.556884,-0.118203,0.988778,0.091358,50.00,False
35.526317,17.870543,94.059352,-0.118260,0.989247,0.086054,50.00,False
35.526190,18.080866,91.560293,-0.118285,0.989716,0.080445,50.00,False
35.525829,18.276649,89.059779,-0.118357,0.990169,0.074544,50.00,False
35.525432,18.457165,86.557700,-0.118437,0.990608,0.068331,50.00,False
35.525219,18.621672,84.054338,-0.118480,0.991028,0.061861,50.00,False
35.525010,18.769532,81.549680,-0.118521,0.991420,0.055132,50.00,False
35.524892,18.900117,79.043995,-0.118545,0.991778,0.048198,50.00,False
35.524651,19.012919,76.537271,-0.118593,0.992094,0.041055,50.00,False
35.524453,19.107457,74.029781,-0.118633,0.992364,0.033760,50.00,False
35.524294,19.183435,71.521720,-0.118665,0.992585,0.026350,50.00,False
35.524182,19.240506,69.012992,-0.118687,0.992754,0.018807,50.00,False
35.524162,19.278439,66.503964,-0.118691,0.992868,0.011204,50.00,False
35.524122,19.297094,63.994703,-0.118699,0.992924,0.003554,50.00,False
35.524201,19.296387,61.485332,-0.118683,0.992924,-0.004117,50.00,False
35.524145,19.276323,58.976117,-0.118694,0.992861,-0.011758,50.00,False
35.524219,19.236976,56.467030,-0.118680,0.992744,-0.019373,50.00,False
35.524365,19.178516,53.958484,-0.118650,0.992572,-0.026879,50.00,False
35.524482,19.101187,51.450334,-0.118627,0.992346,-0.034307,50.00,False
35.524617,19.005262,48.942913,-0.118600,0.992071,-0.041588,50.00,False
35.524856,18.891158,46.436285,-0.118552,0.991752,-0.048712,50.00,False
35.525060,18.759249,43.930597,-0.118511,0.991392,-0.055647,50.00,False
35.525265,18.610191,41.426251,-0.118470,0.991000,-0.062313,50.00,False
35.525513,18.444535,38.922823,-0.118421,0.990577,-0.068796,50.00,False
35.525765,18.262873,36.420921,-0.118370,0.990135,-0.074974,50.00,False
35.526058,18.065983,33.920387,-0.118312,0.989677,-0.080879,50.00,False
35.526292,17.854577,31.421368,-0.118265,0.989209,-0.086480,50.00,False
35.526584,17.629539,28.924200,-0.118207,0.988745,-0.091711,50.00,False
35.526916,17.391811,26.428777,-0.118140,0.988288,-0.096593,50.00,False
35.527161,17.142225,23.935085,-0.118091,0.987840,-0.101129,50.00,False
35.527414,16.881777,21.443368,-0.118041,0.987413,-0.105270,50.00,False
35.527656,16.611518,18.953736,-0.117992,0.987015,-0.108994,50.00,False
35.527894,16.332510,16.466178,-0.117945,0.986649,-0.112303,50.00,False
35.528102,16.045818,13.980674,-0.117903,0.986320,-0.115201,50.00,False
35.528009,15.752442,11.497153,-0.117922,0.986023,-0.117703,50.00,False
35.527547,15.453217,9.015277,-0.118014,0.985750,-0.119876,50.00,False
35.527938,15.150080,6.538001,-0.117936,0.985606,-0.121128,50.00,False
35.528459,14.845579,4.063922,-0.117832,0.985543,-0.121742,50.00,False
35.534206,14.528920,1.555031,-0.116682,0.984714,-0.129317,50.00,False
39.737068,14.938883,1.547165,-0.076110,0.988471,-0.130890,200.00,True
39.737068,14.938883,1.547165,-0.076110,0.988471,-0.130890,50.00,False
39.736430,15.259721,4.059343,-0.076237,0.989517,-0.122657,50.00,False
39.735342,15.564626,6.535120,-0.076455,0.989617,-0.121704,50.00,False
39.735745,15.867843,9.013677,-0.076374,0.989808,-0.120196,50.00,False
39.735980,16.166632,11.495021,-0.076327,0.990060,-0.118129,50.00,False
39.735663,16.459923,13.978236,-0.076391,0.990344,-0.115689,50.00,False
39.735538,16.746672,16.463967,-0.076416,0.990681,-0.112745,50.00,False
39.735654,17.025689,18.951475,-0.076393,0.991053,-0.109446,50.00,False
39.735400,17.295984,21.441158,-0.076443,0.991454,-0.105712,50.00,False
39.735410,17.556462,23.933117,-0.076441,0.991892,-0.101523,50.00,False
39.735125,17.806074,26.426632,-0.076498,0.992338,-0.097022,50.00,False
39.734754,18.043874,28.922294,-0.076573,0.992802,-0.092092,50.00,False
39.734393,18.268934,31.419666,-0.076645,0.993271,-0.086820,50.00,False
39.734352,18.480330,33.918721,-0.076653,0.993745,-0.081212,50.00,False
39.734064,18.677280,36.419348,-0.076711,0.994207,-0.075289,50.00,False
39.734057,18.858936,38.921464,-0.076712,0.994658,-0.069068,50.00,False
39.733621,19.024668,41.424764,-0.076799,0.995079,-0.062611,50.00,False
39.733596,19.173764,43.929661,-0.076804,0.995482,-0.055834,50.00,False
39.733563,19.305607,46.435301,-0.076811,0.995845,-0.048908,50.00,False
39.733490,19.419768,48.942027,-0.076825,0.996169,-0.041766,50.00,False
39.733679,19.515729,51.449581,-0.076788,0.996452,-0.034457,50.00,False
39.733088,19.593112,53.957748,-0.076906,0.996672,-0.027027,50.00,False
39.732547,19.651598,56.466825,-0.077014,0.996841,-0.019414,50.00,False
39.732861,19.690852,58.976022,-0.076951,0.996965,-0.011777,50.00,False
39.732299,19.710843,61.484832,-0.077064,0.997017,-0.004217,50.00,False
39.731970,19.711691,63.994939,-0.077129,0.997015,0.003601,50.00,False
39.732403,19.693020,66.504188,-0.077043,0.996964,0.011249,50.00,False
39.733129,19.655047,69.013527,-0.076898,0.996860,0.018914,50.00,False
39.733233,19.597961,71.522201,-0.076877,0.996690,0.026446,50.00,False
39.733265,19.521971,74.030588,-0.076870,0.996464,0.033921,50.00,False
39.733422,19.427314,76.538293,-0.076839,0.996189,0.041260,50.00,False
39.733602,19.314473,79.044915,-0.076803,0.995872,0.048382,50.00,False
39.733695,19.183956,81.550617,-0.076784,0.995512,0.055320,50.00,False
39.733795,19.036154,84.055520,-0.076764,0.995114,0.062098,50.00,False
39.733833,18.871591,86.559246,-0.076757,0.994684,0.068640,50.00,False
39.733957,18.690992,89.061296,-0.076732,0.994238,0.074848,50.00,False
39.734186,18.495217,91.561717,-0.076686,0.993782,0.080730,50.00,False
39.733829,18.285108,94.060666,-0.076758,0.993306,0.086317,50.00,False
39.733977,18.060960,96.559087,-0.076728,0.992817,0.091798,50.00,False
39.734385,17.823917,99.054366,-0.076646,0.992363,0.096652,50.00,False
39.734383,17.575248,101.548107,-0.076647,0.991909,0.101197,50.00,False
39.734501,17.315505,104.040265,-0.076623,0.991471,0.105426,50.00,False
39.735017,17.045778,106.530317,-0.076520,0.991066,0.109234,50.00,False
39.735535,16.767368,109.017829,-0.076416,0.990705,0.112534,50.00,False
39.735230,16.481225,111.503286,-0.076477,0.990368,0.115423,50.00,False
39.734792,16.188342,113.987193,-0.076565,0.990057,0.118002,50.00,False
39.735340,15.889777,116.468636,-0.076455,0.989815,0.120088,50.00,False
39.735472,15.587386,118.946122,-0.076429,0.989659,0.121383,50.00,False
39.734334,15.282117,121.422742,-0.076657,0.989503,0.122504,50.00,False
39.733524,14.974184,123.898736,-0.076819,0.989367,0.123501,50.00,False
39.734006,14.664481,126.372563,-0.076722,0.989304,0.124063,50.00,False
39.735503,14.355817,128.840208,-0.076423,0.989411,0.123390,50.00,False
39.736083,14.048902,131.307685,-0.076307,0.989508,0.122683,50.00,False
39.736349,13.744567,133.773188,-0.076254,0.989648,0.121581,50.00,False
39.738365,13.444336,136.234571,-0.075850,0.989914,0.119655,50.00,False
39.743313,13.149138,138.698879,-0.074861,0.990150,0.118314,50.00,False
39.745900,12.859087,141.154162,-0.074343,0.990560,0.115168,50.00,False
39.738167,12.577649,143.609876,-0.075890,0.990794,0.112108,50.00,False
39.732336,12.303055,146.063518,-0.077056,0.991091,0.108634,50.00,False
39.731317,12.038117,148.527164,-0.077260,0.991235,0.107161,50.00,False
43.960318,12.271241,148.516236,-0.031460,0.993977,0.104975,200.00,True
43.960318,12.271241,148.516236,-0.031460,0.993977,0.104975,50.00,False
43.973584,12.534917,146.050216,-0.028807,0.993952,0.105974,50.00,False
43.976262,12.798587,143.593250,-0.028271,0.993663,0.108783,50.00,False
43.973958,13.073119,141.152226,-0.028732,0.992975,0.114781,50.00,False
43.973663,13.362695,138.708964,-0.028791,0.992316,0.120331,50.00,False
43.966274,13.665566,136.259721,-0.030269,0.991735,0.124685,50.00,False
43.951328,13.976732,133.780526,-0.033258,0.991843,0.123049,50.00,False
43.951349,14.282172,131.308951,-0.033254,0.991857,0.122936,50.00,False
43.956344,14.589256,128.845201,-0.032255,0.991709,0.124389,50.00,False
43.956222,14.899485,126.370605,-0.032279,0.991798,0.123672,50.00,False
43.963950,15.207324,123.897495,-0.030733,0.991899,0.123252,50.00,False
43.960702,15.514632,121.426566,-0.031383,0.991877,0.123269,50.00,False
43.954098,15.820398,118.948996,-0.032704,0.991996,0.121958,50.00,False
43.953152,16.123434,116.469338,-0.032893,0.992201,0.120229,50.00,False
43.955057,16.421975,113.990548,-0.032512,0.992401,0.118673,50.00,False
43.951395,16.715390,111.502420,-0.033244,0.992780,0.115250,50.00,False
43.951542,17.000447,109.019175,-0.033215,0.993062,0.112803,50.00,False
43.953471,17.279136,106.532205,-0.032829,0.993432,0.109612,50.00,False
43.954106,17.548974,104.039808,-0.032702,0.993899,0.105335,50.00,False
43.956220,17.808048,101.548821,-0.032279,0.994328,0.101340,50.00,False
43.954731,18.056502,99.056398,-0.032577,0.994745,0.097058,50.00,False
43.954432,18.294031,96.560584,-0.032637,0.995215,0.092098,50.00,False
43.957217,18.518401,94.060453,-0.032080,0.995755,0.086274,50.00,False
43.955949,18.727914,91.563336,-0.032334,0.996185,0.081053,50.00,False
43.953887,18.924326,89.063552,-0.032746,0.996623,0.075299,50.00,False
43.954920,19.104986,86.559066,-0.032539,0.997113,0.068604,50.00,False
43.954510,19.268939,84.056480,-0.032621,0.997525,0.062290,50.00,False
43.950962,19.417312,81.552212,-0.033331,0.997894,0.055638,50.00,False
43.951089,19.547895,79.045375,-0.033306,0.998269,0.048474,50.00,False
43.951024,19.660777,76.538840,-0.033319,0.998588,0.041369,50.00,False
43.951120,19.755405,74.030738,-0.033299,0.998869,0.033951,50.00,False
43.951105,19.831322,71.522237,-0.033302,0.999095,0.026454,50.00,False
43.954032,19.887998,69.012661,-0.032717,0.999289,0.018741,50.00,False
43.956365,19.926447,66.506367,-0.032250,0.999412,0.011685,50.00,False
43.955571,19.945544,63.995859,-0.032409,0.999468,0.003785,50.00,False
43.952392,19.945157,61.483548,-0.033045,0.999444,-0.004474,50.00,False
43.960252,19.922269,58.967101,-0.031473,0.999413,-0.013561,50.00,False
43.968817,19.880121,56.463795,-0.029760,0.999357,-0.020020,50.00,False
43.966716,19.821766,53.960243,-0.030180,0.999192,-0.026528,50.00,False
43.957510,19.746976,51.456198,-0.032021,0.998938,-0.033134,50.00,False
43.950541,19.653176,48.943241,-0.033415,0.998579,-0.041523,50.00,False
43.949997,19.539484,46.435220,-0.033524,0.998240,-0.048925,50.00,False
43.954892,19.406820,43.927169,-0.032545,0.997882,-0.056332,50.00,False
43.954792,19.257699,41.423999,-0.032565,0.997497,-0.062764,50.00,False
43.952218,19.091671,38.920443,-0.033080,0.997049,-0.069273,50.00,False
43.952875,18.910158,36.418719,-0.032948,0.996608,-0.075415,50.00,False
43.952058,18.713406,33.918460,-0.033112,0.996142,-0.081264,50.00,False
43.952522,18.502478,31.419162,-0.033019,0.995668,-0.086921,50.00,False
43.952165,18.277041,28.920527,-0.033090,0.995168,-0.092446,50.00,False
43.952303,18.038677,26.424127,-0.033063,0.994684,-0.097523,50.00,False
43.954715,17.789002,23.933029,-0.032580,0.994298,-0.101540,50.00,False
43.950219,17.529833,21.441899,-0.033480,0.993849,-0.105564,50.00,False
43.951267,17.258960,18.949138,-0.033270,0.993384,-0.109913,50.00,False
43.951041,16.980460,16.463442,-0.033315,0.993053,-0.112850,50.00,False
43.951855,16.693282,13.975713,-0.033152,0.992673,-0.116193,50.00,False
43.952071,16.399731,11.493656,-0.033109,0.992414,-0.118402,50.00,False
43.951263,16.101120,9.012286,-0.033271,0.992159,-0.120474,50.00,False
43.951585,15.797899,6.532762,-0.033206,0.991953,-0.122176,50.00,False
43.957519,15.490711,4.055147,-0.032020,0.991828,-0.123496,50.00,False
43.938658,15.178363,1.569521,-0.035792,0.991331,-0.126419,50.00,False
