; G-code generated by Raster Toolpath Generator
; 2026-01-18 05:18:23
G90 ; Absolute positioning
G21 ; Millimeter units
G94 ; Units per minute feed rate

F50.0
G1 X-142.777 Y9.877 Z-90.772
G1 X-142.984 Y10.075 Z-88.109
G1 X-143.243 Y11.282 Z-85.353
G1 X-143.243 Y10.551 Z-82.763
G1 X-143.575 Y10.494 Z-80.061
G1 X-143.575 Y10.494 Z-77.472
G1 X-143.575 Y10.494 Z-74.882
G1 X-143.575 Y10.494 Z-72.292
G1 X-144.020 Y9.569 Z-69.501
G1 X-144.020 Y11.322 Z-66.912
G1 X-144.673 Y11.510 Z-63.843
G1 X-145.466 Y8.875 Z-60.681
G1 X-145.466 Y10.628 Z-58.091
G1 X-145.466 Y10.628 Z-55.502
G1 X-145.616 Y11.400 Z-52.550
G1 X-145.724 Y11.255 Z-49.861
G1 X-145.505 Y12.390 Z-46.953
G1 X-146.208 Y11.371 Z-43.721
G1 X-146.471 Y10.952 Z-40.579
G1 X-146.654 Y10.686 Z-37.071
G1 X-146.665 Y8.978 Z-34.203
G1 X-146.627 Y9.724 Z-31.081
G1 X-146.244 Y10.493 Z-27.411
G1 X-146.088 Y10.376 Z-24.341
G1 X-146.192 Y9.828 Z-21.717
G1 X-137.945 Y10.702 Z-19.589
G1 X-138.212 Y9.391 Z-16.346
G1 X-143.399 Y8.447 Z-20.444
G1 X-143.659 Y8.174 Z-17.706
G1 X-143.956 Y8.782 Z-14.872
G1 X-144.398 Y8.694 Z-12.043
G1 X-144.678 Y8.907 Z-8.835
G1 X-144.742 Y9.969 Z-4.949
G1 X-144.885 Y9.891 Z-1.470
G1 X-145.075 Y9.806 Z2.771
G1 X-144.949 Y8.587 Z6.895
G1 X-144.373 Y8.578 Z10.483
G1 X-144.038 Y6.883 Z14.179
G1 X-143.914 Y7.291 Z16.812
G1 X-143.634 Y7.164 Z19.567
G1 X-143.465 Y6.878 Z22.283
G1 X-143.163 Y6.719 Z25.001
G1 X-146.069 Y5.381 Z25.225
G1 X-146.070 Y7.425 Z27.496
G1 X-146.569 Y7.176 Z27.640
G1 X-146.531 Y6.488 Z30.510
G1 X-146.535 Y6.455 Z33.420
G1 X-146.535 Y6.719 Z36.614
G1 X-146.522 Y6.909 Z39.515
G1 X-146.470 Y6.374 Z42.315
G1 X-146.403 Y6.770 Z45.164
G1 X-145.974 Y6.692 Z48.701
G1 X-145.497 Y6.673 Z51.965
G1 X-145.104 Y7.065 Z54.913
G1 X-144.606 Y7.185 Z57.897
G1 X-144.066 Y7.003 Z60.864
G1 X-144.066 Y7.003 Z63.454
G1 X-143.687 Y6.995 Z66.232
G1 X-143.687 Y6.995 Z68.821
G1 X-143.687 Y6.995 Z71.411
F200.0
G0 X-139.687 Y6.995 Z71.411 ; Rapid move
F50.0
G1 X-139.687 Y6.995 Z71.411
G1 X-139.687 Y6.995 Z68.821
G1 X-139.687 Y6.995 Z66.232
G1 X-139.687 Y6.995 Z63.642
G1 X-139.687 Y6.995 Z61.052
G1 X-140.066 Y7.003 Z58.275
G1 X-140.066 Y7.003 Z55.685
G1 X-140.591 Y7.218 Z52.722
G1 X-141.104 Y7.065 Z49.734
G1 X-141.585 Y7.250 Z46.562
G1 X-142.403 Y6.251 Z42.574
G1 X-142.470 Y6.374 Z39.725
G1 X-142.535 Y6.719 Z36.614
G1 X-142.535 Y6.455 Z33.420
G1 X-142.467 Y6.713 Z30.461
G1 X-142.569 Y7.176 Z27.640
G1 X-142.437 Y7.457 Z24.303
G1 X-142.068 Y7.352 Z24.954
G1 X-139.621 Y9.504 Z21.346
G1 X-138.616 Y6.363 Z22.553
G1 X-138.804 Y6.727 Z19.918
G1 X-138.886 Y7.549 Z17.132
G1 X-138.991 Y8.199 Z14.260
G1 X-139.245 Y9.093 Z10.737
G1 X-139.405 Y8.967 Z7.272
G1 X-142.385 Y3.794 Z3.269
G1 X-141.457 Y5.717 Z-2.465
G1 X-139.240 Y9.201 Z-5.941
G1 X-139.341 Y7.527 Z-9.861
G1 X-139.076 Y7.177 Z-12.698
G1 X-138.831 Y8.399 Z-15.323
G1 X-138.449 Y8.344 Z-18.143
G1 X-138.341 Y7.955 Z-20.846
G1 X-136.518 Y10.197 Z-17.598
G1 X-133.002 Y8.462 Z-19.550
G1 X-141.785 Y10.200 Z-21.110
G1 X-142.088 Y10.376 Z-24.341
G1 X-142.088 Y10.376 Z-26.931
G1 X-142.627 Y9.047 Z-31.081
G1 X-142.665 Y8.861 Z-34.203
G1 X-142.628 Y8.831 Z-37.393
G1 X-142.378 Y9.320 Z-40.844
G1 X-141.886 Y9.903 Z-44.246
G1 X-141.724 Y9.502 Z-47.271
G1 X-141.616 Y11.400 Z-49.961
G1 X-141.212 Y11.081 Z-53.118
G1 X-141.466 Y8.875 Z-55.502
G1 X-140.337 Y9.246 Z-59.020
G1 X-140.020 Y9.569 Z-61.732
G1 X-139.575 Y9.621 Z-64.523
G1 X-139.575 Y9.621 Z-67.113
G1 X-139.575 Y9.621 Z-69.703
G1 X-139.575 Y10.494 Z-72.292
G1 X-139.243 Y10.551 Z-74.994
G1 X-139.243 Y10.551 Z-77.584
G1 X-138.984 Y10.075 Z-80.340
G1 X-138.777 Y9.877 Z-83.003
G1 X-138.777 Y9.877 Z-85.592
G1 X-138.777 Y9.877 Z-88.182
G1 X-138.408 Y10.298 Z-90.826
F200.0
G0 X-134.393 Y10.487 Z-90.803 ; Rapid move
F50.0
G1 X-134.393 Y10.487 Z-90.803
G1 X-134.393 Y10.203 Z-88.213
G1 X-134.408 Y10.015 Z-85.647
G1 X-134.408 Y10.015 Z-83.058
G1 X-134.408 Y10.015 Z-80.468
G1 X-134.408 Y10.015 Z-77.878
G1 X-134.801 Y10.232 Z-75.184
G1 X-134.974 Y10.416 Z-72.516
G1 X-134.974 Y10.416 Z-69.927
G1 X-135.243 Y10.551 Z-67.225
G1 X-135.243 Y9.678 Z-64.635
G1 X-135.575 Y9.621 Z-61.934
G1 X-135.575 Y9.621 Z-59.344
G1 X-136.020 Y9.569 Z-56.553
G1 X-136.260 Y9.807 Z-53.760
G1 X-137.041 Y9.372 Z-50.684
G1 X-137.468 Y9.481 Z-47.615
G1 X-137.435 Y10.392 Z-44.647
G1 X-137.851 Y10.386 Z-41.380
G1 X-138.455 Y9.670 Z-37.573
G1 X-138.514 Y9.738 Z-34.060
G1 X-138.325 Y9.940 Z-30.418
G1 X-138.088 Y9.699 Z-26.931
G1 X-137.505 Y10.726 Z-23.550
G1 X-137.118 Y10.593 Z-20.435
G1 X-136.508 Y10.495 Z-17.278
G1 X-135.878 Y11.554 Z-18.855
G1 X-134.250 Y7.236 Z-20.867
G1 X-134.250 Y7.236 Z-18.278
G1 X-134.427 Y7.771 Z-15.528
G1 X-134.372 Y7.256 Z-12.829
G1 X-134.015 Y8.142 Z-9.824
G1 X-133.572 Y6.174 Z-7.133
G1 X-137.306 Y4.742 Z-2.958
G1 X-132.289 Y4.679 Z0.535
G1 X-133.579 Y7.362 Z8.407
G1 X-134.351 Y9.604 Z10.936
G1 X-134.350 Y8.649 Z14.224
G1 X-134.199 Y7.855 Z17.191
G1 X-134.483 Y5.232 Z20.014
G1 X-133.288 Y10.536 Z17.745
G1 X-137.206 Y8.687 Z21.217
G1 X-137.437 Y8.356 Z20.185
G1 X-138.013 Y8.011 Z23.524
G1 X-138.439 Y7.562 Z27.330
G1 X-138.467 Y6.713 Z30.461
G1 X-138.493 Y6.623 Z33.384
G1 X-138.336 Y7.378 Z36.776
G1 X-138.300 Y6.922 Z39.966
G1 X-137.228 Y7.958 Z44.117
G1 X-136.920 Y7.493 Z47.204
G1 X-136.514 Y7.484 Z50.121
G1 X-136.066 Y7.003 Z53.095
G1 X-135.687 Y6.995 Z55.873
G1 X-135.687 Y6.995 Z58.463
G1 X-135.687 Y6.995 Z61.052
G1 X-135.486 Y7.150 Z63.701
G1 X-135.486 Y6.631 Z66.291
G1 X-135.486 Y6.631 Z68.880
G1 X-135.183 Y6.529 Z71.594
F200.0
G0 X-130.665 Y6.204 Z71.751 ; Rapid move
F50.0
G1 X-130.665 Y6.204 Z71.751
G1 X-130.919 Y6.287 Z69.093
G1 X-131.183 Y6.382 Z66.415
G1 X-131.183 Y6.382 Z63.825
G1 X-131.327 Y6.771 Z61.145
G1 X-131.327 Y6.771 Z58.555
G1 X-131.575 Y6.650 Z55.893
G1 X-131.575 Y7.169 Z53.303
G1 X-131.575 Y7.169 Z50.714
G1 X-131.792 Y7.793 Z47.867
G1 X-132.424 Y8.444 Z44.599
G1 X-132.922 Y8.480 Z41.547
G1 X-134.247 Y7.484 Z36.998
G1 X-133.941 Y7.800 Z33.892
G1 X-134.142 Y7.531 Z30.550
G1 X-133.308 Y9.284 Z26.520
G1 X-133.298 Y9.047 Z23.211
G1 X-132.891 Y8.802 Z19.705
G1 X-133.387 Y9.903 Z20.923
G1 X-132.112 Y9.888 Z18.212
G1 X-130.414 Y6.430 Z19.951
G1 X-130.594 Y6.890 Z17.224
G1 X-130.583 Y7.786 Z14.285
G1 X-130.823 Y8.046 Z11.495
G1 X-130.114 Y8.111 Z8.006
G1 X-124.826 Y1.830 Z1.870
G1 X-129.244 Y4.866 Z2.159
G1 X-131.137 Y6.045 Z-6.961
G1 X-131.691 Y9.293 Z-9.083
G1 X-131.068 Y8.783 Z-12.325
G1 X-130.859 Y9.763 Z-15.182
G1 X-130.859 Y9.763 Z-17.771
G1 X-132.983 Y11.384 Z-16.211
G1 X-133.375 Y10.397 Z-19.124
G1 X-131.755 Y10.216 Z-16.753
G1 X-132.480 Y10.819 Z-19.976
G1 X-132.698 Y10.885 Z-22.768
G1 X-133.438 Y9.521 Z-26.134
G1 X-134.136 Y9.313 Z-29.851
G1 X-134.590 Y8.310 Z-34.406
G1 X-134.343 Y8.532 Z-38.121
G1 X-133.737 Y8.723 Z-41.907
G1 X-132.528 Y11.411 Z-44.862
G1 X-132.181 Y10.784 Z-48.201
G1 X-131.428 Y10.022 Z-51.523
G1 X-131.428 Y10.022 Z-54.113
G1 X-131.243 Y9.678 Z-56.867
G1 X-130.974 Y9.543 Z-59.568
G1 X-130.974 Y9.543 Z-62.158
G1 X-130.645 Y10.551 Z-64.796
G1 X-130.645 Y10.551 Z-67.386
G1 X-130.393 Y10.203 Z-70.086
G1 X-130.393 Y10.203 Z-72.676
G1 X-130.393 Y10.203 Z-75.265
G1 X-130.393 Y10.487 Z-77.855
G1 X-130.393 Y10.487 Z-80.445
G1 X-130.128 Y10.133 Z-83.107
G1 X-130.128 Y10.133 Z-85.697
G1 X-130.128 Y10.133 Z-88.286
G1 X-130.128 Y10.133 Z-90.876
F200.0
G0 X-126.049 Y10.087 Z-90.857 ; Rapid move
F50.0
G1 X-126.049 Y10.087 Z-90.857
G1 X-126.035 Y10.163 Z-88.258
G1 X-126.035 Y10.163 Z-85.669
G1 X-126.035 Y10.163 Z-83.079
G1 X-126.035 Y10.163 Z-80.489
G1 X-126.035 Y10.163 Z-77.900
G1 X-126.066 Y10.377 Z-75.272
G1 X-126.120 Y10.106 Z-72.722
G1 X-126.120 Y10.106 Z-70.132
G1 X-126.120 Y10.106 Z-67.542
G1 X-126.299 Y10.561 Z-64.851
G1 X-126.299 Y10.561 Z-62.261
G1 X-126.393 Y8.256 Z-59.727
G1 X-126.393 Y8.256 Z-57.138
G1 X-126.645 Y8.604 Z-54.438
G1 X-126.645 Y8.604 Z-51.848
G1 X-127.076 Y8.969 Z-49.049
G1 X-126.917 Y9.819 Z-46.141
G1 X-127.974 Y9.192 Z-43.132
G1 X-121.525 Y5.772 Z-34.093
G1 X-121.385 Y6.707 Z-34.313
G1 X-121.644 Y5.645 Z-34.331
G1 X-127.952 Y5.522 Z-24.526
G1 X-127.440 Y8.005 Z-21.780
G1 X-127.221 Y7.996 Z-19.095
G1 X-126.921 Y8.955 Z-16.435
G1 X-126.744 Y11.955 Z-18.686
G1 X-127.137 Y11.064 Z-16.113
G1 X-126.073 Y6.817 Z-18.359
G1 X-126.073 Y6.817 Z-15.769
G1 X-126.820 Y8.433 Z-12.591
G1 X-126.621 Y9.457 Z-9.322
G1 X-126.099 Y3.887 Z1.281
G1 X-126.097 Y0.112 Z1.071
G1 X-126.525 Y0.808 Z2.005
G1 X-127.497 Y7.974 Z7.743
G1 X-126.395 Y8.323 Z11.352
G1 X-126.484 Y7.372 Z14.492
G1 X-126.167 Y6.837 Z17.301
G1 X-126.193 Y6.771 Z19.905
G1 X-126.426 Y10.037 Z17.903
G1 X-127.365 Y8.474 Z15.938
G1 X-127.636 Y9.108 Z18.985
G1 X-128.473 Y9.867 Z22.871
G1 X-128.755 Y10.052 Z26.516
G1 X-129.171 Y8.834 Z30.255
G1 X-129.639 Y7.367 Z33.877
G1 X-127.868 Y9.769 Z37.972
G1 X-127.722 Y9.341 Z41.309
G1 X-127.572 Y7.622 Z45.249
G1 X-127.277 Y7.131 Z48.127
G1 X-127.327 Y6.623 Z50.786
G1 X-127.082 Y6.597 Z53.461
G1 X-126.845 Y6.476 Z56.136
G1 X-126.845 Y6.476 Z58.726
G1 X-126.487 Y6.205 Z61.425
G1 X-126.275 Y5.930 Z64.066
G1 X-126.275 Y5.930 Z66.655
G1 X-126.275 Y5.930 Z69.245
G1 X-128.619 Y7.787 Z70.333
F200.0
G0 X-125.018 Y6.375 Z70.319 ; Rapid move
F50.0
G1 X-125.018 Y6.375 Z70.319
G1 X-124.588 Y8.263 Z67.433
G1 X-121.891 Y6.129 Z66.673
G1 X-121.891 Y6.129 Z64.083
G1 X-121.891 Y6.129 Z61.493
G1 X-121.891 Y6.129 Z58.904
G1 X-122.017 Y6.100 Z56.310
G1 X-121.956 Y6.428 Z53.685
G1 X-122.293 Y6.591 Z51.038
G1 X-122.507 Y6.893 Z48.350
G1 X-122.659 Y7.702 Z45.448
G1 X-122.805 Y9.212 Z41.749
G1 X-123.106 Y9.740 Z38.334
G1 X-118.612 Y1.301 Z29.320
G1 X-119.082 Y4.115 Z32.831
G1 X-122.629 Y9.445 Z25.751
G1 X-122.630 Y9.304 Z21.761
G1 X-122.874 Y8.443 Z18.624
G1 X-122.905 Y7.326 Z15.584
G1 X-122.628 Y10.001 Z17.917
G1 X-122.099 Y7.589 Z19.943
G1 X-122.162 Y8.238 Z17.153
G1 X-121.848 Y5.643 Z14.783
G1 X-121.739 Y7.446 Z11.399
G1 X-122.105 Y8.081 Z8.252
G1 X-122.739 Y1.716 Z1.920
G1 X-122.776 Y2.882 Z0.461
G1 X-122.236 Y6.689 Z-7.525
G1 X-121.849 Y6.814 Z-10.397
G1 X-122.042 Y6.633 Z-13.161
G1 X-121.836 Y6.553 Z-15.799
G1 X-122.020 Y9.085 Z-18.316
G1 X-124.148 Y10.277 Z-16.163
G1 X-121.958 Y12.921 Z-18.881
G1 X-122.792 Y8.985 Z-16.410
G1 X-122.950 Y9.629 Z-19.230
G1 X-122.814 Y6.333 Z-21.531
G1 X-120.802 Y4.541 Z-33.820
G1 X-121.489 Y6.356 Z-35.816
G1 X-120.347 Y6.219 Z-33.869
G1 X-120.435 Y5.930 Z-34.979
G1 X-122.036 Y8.316 Z-43.608
G1 X-122.133 Y8.848 Z-46.426
G1 X-122.095 Y9.413 Z-49.078
G1 X-122.007 Y9.068 Z-51.804
G1 X-122.007 Y9.068 Z-54.393
G1 X-122.030 Y10.129 Z-56.997
G1 X-121.902 Y8.281 Z-59.770
G1 X-121.849 Y8.073 Z-62.390
G1 X-121.846 Y9.379 Z-64.953
G1 X-121.846 Y9.379 Z-67.543
G1 X-121.846 Y9.379 Z-70.133
G1 X-121.846 Y9.379 Z-72.722
G1 X-121.846 Y9.379 Z-75.312
G1 X-121.846 Y9.379 Z-77.901
G1 X-121.982 Y9.561 Z-80.453
G1 X-121.894 Y9.240 Z-83.099
G1 X-121.894 Y9.240 Z-85.688
G1 X-121.823 Y8.998 Z-88.305
G1 X-121.823 Y8.998 Z-90.895
F200.0
G0 X-117.678 Y9.544 Z-90.902 ; Rapid move
F50.0
G1 X-117.678 Y9.544 Z-90.902
G1 X-117.678 Y9.544 Z-88.312
G1 X-117.678 Y9.544 Z-85.723
G1 X-117.748 Y9.682 Z-83.122
G1 X-117.748 Y9.682 Z-80.532
G1 X-117.782 Y9.762 Z-77.934
G1 X-117.782 Y9.762 Z-75.344
G1 X-117.782 Y9.762 Z-72.755
G1 X-117.782 Y9.762 Z-70.165
G1 X-117.782 Y9.762 Z-67.576
G1 X-117.738 Y8.903 Z-64.978
G1 X-117.738 Y8.903 Z-62.388
G1 X-117.724 Y7.190 Z-59.821
G1 X-117.724 Y7.190 Z-57.231
G1 X-117.724 Y7.190 Z-54.642
G1 X-117.724 Y7.190 Z-52.052
G1 X-117.721 Y7.438 Z-49.437
G1 X-117.640 Y8.733 Z-46.498
G1 X-117.732 Y5.353 Z-44.272
G1 X-118.777 Y5.935 Z-32.314
G1 X-117.861 Y4.648 Z-34.002
G1 X-115.187 Y5.468 Z-35.524
G1 X-118.613 Y6.729 Z-24.151
G1 X-118.450 Y6.439 Z-21.476
G1 X-118.577 Y7.678 Z-18.862
G1 X-118.577 Y8.386 Z-16.273
G1 X-118.465 Y8.320 Z-13.658
G1 X-121.660 Y8.939 Z-16.348
G1 X-117.665 Y6.084 Z-18.400
G1 X-117.665 Y6.084 Z-15.811
G1 X-117.597 Y6.392 Z-13.201
G1 X-117.627 Y4.613 Z-10.633
G1 X-116.232 Y3.718 Z-7.829
G1 X-118.170 Y6.026 Z2.099
G1 X-118.381 Y3.040 Z2.120
G1 X-119.507 Y6.327 Z8.996
G1 X-118.178 Y5.610 Z12.159
G1 X-118.136 Y5.128 Z14.841
G1 X-118.136 Y5.128 Z17.430
G1 X-112.698 Y4.638 Z14.726
G1 X-119.994 Y9.179 Z18.097
G1 X-118.651 Y8.823 Z15.733
G1 X-118.393 Y6.190 Z18.112
G1 X-118.663 Y7.640 Z21.470
G1 X-118.338 Y9.085 Z25.599
G1 X-113.202 Y2.704 Z28.759
G1 X-115.840 Y5.134 Z36.599
G1 X-117.420 Y9.123 Z38.962
G1 X-118.108 Y9.209 Z42.535
G1 X-117.555 Y7.850 Z45.645
G1 X-117.631 Y7.599 Z48.413
G1 X-117.631 Y7.599 Z51.003
G1 X-117.811 Y7.186 Z53.678
G1 X-117.845 Y6.825 Z56.314
G1 X-117.784 Y6.808 Z58.907
G1 X-117.784 Y6.808 Z61.496
G1 X-114.225 Y6.320 Z55.552
G1 X-115.386 Y7.532 Z59.874
G1 X-116.689 Y8.801 Z63.906
G1 X-122.546 Y4.796 Z67.627
F200.0
G0 X-118.476 Y4.723 Z68.045 ; Rapid move
F50.0
G1 X-118.476 Y4.723 Z68.045
G1 X-118.516 Y5.131 Z64.689
G1 X-118.568 Y4.596 Z60.882
G1 X-117.419 Y3.711 Z62.426
G1 X-110.653 Y7.855 Z53.873
G1 X-113.547 Y5.258 Z58.912
G1 X-113.582 Y5.403 Z56.310
G1 X-113.582 Y5.403 Z53.720
G1 X-113.512 Y5.603 Z51.104
G1 X-113.532 Y5.824 Z48.478
G1 X-113.579 Y5.804 Z45.893
G1 X-113.881 Y6.201 Z43.209
G1 X-114.644 Y7.519 Z39.939
G1 X-109.006 Y3.651 Z33.703
G1 X-118.442 Y1.546 Z29.089
G1 X-115.106 Y8.193 Z25.099
G1 X-114.999 Y7.012 Z21.173
G1 X-114.597 Y7.213 Z18.224
G1 X-114.301 Y6.670 Z15.427
G1 X-114.573 Y9.301 Z17.219
G1 X-114.101 Y6.788 Z20.064
G1 X-114.204 Y7.231 Z17.432
G1 X-113.294 Y3.692 Z4.937
G1 X-113.259 Y4.256 Z2.430
G1 X-112.245 Y4.995 Z0.296
G1 X-113.006 Y3.461 Z2.392
G1 X-113.372 Y3.637 Z1.079
G1 X-114.038 Y5.758 Z0.954
G1 X-113.512 Y6.229 Z-10.598
G1 X-113.595 Y5.941 Z-13.215
G1 X-113.627 Y6.091 Z-15.810
G1 X-113.627 Y6.091 Z-18.400
G1 X-116.519 Y9.773 Z-16.121
G1 X-113.193 Y6.519 Z-23.556
G1 X-113.254 Y6.449 Z-26.153
G1 X-114.183 Y6.598 Z-18.791
G1 X-114.431 Y7.069 Z-21.456
G1 X-113.339 Y6.179 Z-33.781
G1 X-113.853 Y4.747 Z-32.556
G1 X-114.099 Y4.235 Z-34.256
G1 X-114.252 Y6.616 Z-32.552
G1 X-114.378 Y7.740 Z-44.074
G1 X-113.641 Y7.041 Z-46.852
G1 X-113.763 Y6.846 Z-49.461
G1 X-113.819 Y9.010 Z-52.014
G1 X-113.858 Y8.672 Z-54.640
G1 X-113.692 Y8.480 Z-57.243
G1 X-113.692 Y8.480 Z-59.833
G1 X-113.678 Y9.532 Z-62.417
G1 X-113.678 Y9.532 Z-65.006
G1 X-113.678 Y9.532 Z-67.596
G1 X-113.588 Y9.394 Z-70.191
G1 X-113.588 Y9.394 Z-72.781
G1 X-113.597 Y9.427 Z-75.370
G1 X-113.508 Y9.242 Z-77.961
G1 X-113.508 Y9.242 Z-80.551
G1 X-113.597 Y10.423 Z-83.139
G1 X-113.508 Y10.238 Z-85.730
G1 X-113.508 Y10.238 Z-88.320
G1 X-113.508 Y10.238 Z-90.909
F200.0
G0 X-109.860 Y10.417 Z-80.917 ; Rapid move
F50.0
G1 X-109.860 Y10.417 Z-80.917
G1 X-109.860 Y10.417 Z-78.327
G1 X-109.860 Y10.417 Z-75.737
G1 X-109.860 Y10.417 Z-73.148
G1 X-109.860 Y10.323 Z-70.558
G1 X-109.860 Y10.323 Z-67.968
G1 X-109.860 Y10.323 Z-65.379
G1 X-109.868 Y9.329 Z-62.790
G1 X-109.868 Y9.329 Z-60.200
G1 X-109.868 Y9.329 Z-57.610
G1 X-109.868 Y9.329 Z-55.021
G1 X-109.868 Y8.394 Z-52.431
G1 X-109.868 Y8.394 Z-49.841
G1 X-109.868 Y6.546 Z-47.252
G1 X-109.868 Y6.546 Z-44.662
G1 X-109.868 Y6.546 Z-42.072
G1 X-109.868 Y6.546 Z-39.483
G1 X-109.483 Y6.592 Z-46.880
G1 X-109.807 Y6.617 Z-34.679
G1 X-110.044 Y7.109 Z-32.558
G1 X-109.959 Y5.037 Z-33.787
G1 X-110.253 Y6.066 Z-32.753
G1 X-109.503 Y6.755 Z-33.666
G1 X-109.200 Y5.845 Z-31.276
G1 X-109.157 Y5.471 Z-28.722
G1 X-109.157 Y5.471 Z-26.132
G1 X-110.131 Y7.470 Z-13.602
G1 X-110.922 Y9.959 Z-16.378
G1 X-109.947 Y6.939 Z-18.389
G1 X-110.067 Y7.526 Z-15.726
G1 X-110.067 Y6.503 Z-13.136
G1 X-109.182 Y4.557 Z-0.663
G1 X-108.231 Y4.763 Z1.723
G1 X-108.691 Y4.742 Z1.910
G1 X-108.815 Y2.643 Z2.371
G1 X-108.422 Y4.266 Z-0.012
G1 X-110.024 Y5.411 Z12.245
G1 X-110.087 Y4.710 Z14.887
G1 X-109.837 Y7.489 Z17.453
G1 X-111.062 Y11.553 Z16.158
G1 X-108.563 Y10.719 Z17.945
G1 X-110.375 Y6.848 Z15.412
G1 X-110.375 Y6.848 Z18.001
G1 X-110.744 Y8.043 Z21.074
G1 X-110.854 Y8.836 Z24.443
G1 X-104.881 Y3.817 Z30.327
G1 X-109.300 Y2.621 Z38.179
G1 X-109.481 Y2.653 Z40.777
G1 X-109.613 Y5.995 Z43.264
G1 X-109.507 Y5.561 Z45.930
G1 X-109.507 Y5.561 Z48.520
G1 X-109.486 Y7.139 Z51.107
G1 X-109.486 Y7.139 Z53.696
G1 X-109.486 Y7.139 Z56.286
G1 X-113.074 Y7.526 Z56.480
G1 X-113.250 Y5.599 Z59.368
G1 X-114.447 Y5.603 Z58.310
G1 X-114.438 Y5.807 Z61.308
G1 X-114.516 Y5.131 Z64.689
G1 X-114.476 Y4.723 Z68.045
F200.0
G0 X-110.262 Y5.356 Z68.272 ; Rapid move
F50.0
G1 X-110.262 Y5.356 Z68.272
G1 X-110.516 Y5.131 Z64.689
G1 X-110.438 Y5.807 Z61.308
G1 X-110.447 Y5.603 Z58.310
G1 X-110.042 Y6.099 Z54.841
G1 X-108.380 Y7.673 Z56.466
G1 X-109.133 Y8.131 Z53.468
G1 X-105.469 Y6.853 Z53.727
G1 X-105.622 Y7.021 Z51.125
G1 X-105.429 Y5.940 Z48.546
G1 X-105.679 Y6.655 Z45.850
G1 X-105.905 Y7.013 Z43.158
G1 X-106.074 Y7.369 Z40.291
G1 X-106.226 Y8.573 Z36.867
G1 X-104.003 Y5.025 Z30.449
G1 X-106.012 Y7.991 Z24.217
G1 X-105.887 Y7.088 Z20.601
G1 X-106.188 Y6.573 Z17.930
G1 X-106.280 Y7.295 Z15.346
G1 X-105.412 Y10.843 Z17.860
G1 X-105.078 Y11.136 Z16.249
G1 X-106.018 Y7.203 Z17.402
G1 X-105.782 Y8.111 Z14.568
G1 X-105.949 Y8.753 Z11.670
G1 X-105.934 Y6.304 Z9.369
G1 X-105.077 Y2.028 Z2.193
G1 X-105.332 Y2.901 Z0.797
G1 X-106.275 Y4.538 Z-8.005
G1 X-105.692 Y4.804 Z-10.613
G1 X-105.797 Y9.503 Z-12.592
G1 X-106.101 Y8.162 Z-15.675
G1 X-106.056 Y9.075 Z-18.353
G1 X-107.798 Y11.210 Z-16.086
G1 X-106.252 Y8.075 Z-13.615
G1 X-106.219 Y8.772 Z-16.260
G1 X-106.334 Y8.476 Z-18.920
G1 X-105.039 Y6.197 Z-31.303
G1 X-104.613 Y6.176 Z-33.712
G1 X-105.802 Y4.915 Z-32.292
G1 X-105.680 Y4.986 Z-33.246
G1 X-105.947 Y6.830 Z-32.626
G1 X-105.645 Y6.304 Z-34.311
G1 X-105.815 Y6.406 Z-36.910
G1 X-105.807 Y6.586 Z-39.482
G1 X-105.807 Y6.591 Z-42.072
G1 X-105.807 Y6.591 Z-44.661
G1 X-105.816 Y7.613 Z-47.251
G1 X-105.816 Y7.613 Z-49.841
G1 X-105.816 Y7.613 Z-52.431
G1 X-105.817 Y8.301 Z-55.020
G1 X-105.817 Y8.301 Z-57.609
G1 X-105.817 Y8.301 Z-60.199
G1 X-105.817 Y10.444 Z-62.788
G1 X-105.817 Y10.444 Z-65.378
G1 X-105.817 Y10.444 Z-67.968
G1 X-105.817 Y10.444 Z-70.557
G1 X-105.817 Y10.444 Z-73.147
G1 X-105.825 Y10.437 Z-75.737
G1 X-105.825 Y10.437 Z-78.326
G1 X-105.825 Y10.437 Z-80.916
F200.0
G0 X-101.852 Y9.525 Z-80.920 ; Rapid move
F50.0
G1 X-101.852 Y9.525 Z-80.920
G1 X-101.854 Y9.527 Z-78.330
G1 X-101.856 Y9.559 Z-75.742
G1 X-101.856 Y9.559 Z-73.153
G1 X-101.856 Y9.559 Z-70.563
G1 X-101.856 Y9.559 Z-67.973
G1 X-101.856 Y9.559 Z-65.384
G1 X-101.856 Y9.559 Z-62.794
G1 X-101.856 Y9.559 Z-60.204
G1 X-101.861 Y9.330 Z-57.609
G1 X-101.843 Y9.346 Z-55.019
G1 X-101.843 Y9.346 Z-52.429
G1 X-101.843 Y9.346 Z-49.839
G1 X-101.842 Y8.217 Z-47.250
G1 X-101.842 Y8.217 Z-44.660
G1 X-101.842 Y8.217 Z-42.071
G1 X-101.842 Y7.501 Z-39.481
G1 X-101.811 Y6.499 Z-36.891
G1 X-102.035 Y6.852 Z-34.540
G1 X-101.701 Y6.681 Z-32.517
G1 X-101.452 Y4.308 Z-33.079
G1 X-100.365 Y6.737 Z-32.821
G1 X-101.068 Y6.532 Z-33.640
G1 X-101.146 Y5.973 Z-31.322
G1 X-101.059 Y6.207 Z-28.716
G1 X-102.255 Y8.375 Z-16.229
G1 X-102.255 Y8.375 Z-13.639
G1 X-105.210 Y9.116 Z-16.043
G1 X-102.208 Y7.663 Z-18.340
G1 X-102.208 Y7.663 Z-15.750
G1 X-102.304 Y8.181 Z-13.060
G1 X-102.057 Y4.800 Z-10.595
G1 X-103.310 Y4.960 Z-7.726
G1 X-101.655 Y2.951 Z0.563
G1 X-101.543 Y1.554 Z2.081
G1 X-100.243 Y4.748 Z0.202
G1 X-101.446 Y7.574 Z11.860
G1 X-101.742 Y7.849 Z14.593
G1 X-102.064 Y6.458 Z17.467
G1 X-102.320 Y6.513 Z20.026
G1 X-98.631 Y9.492 Z17.955
G1 X-101.941 Y8.017 Z15.471
G1 X-101.908 Y6.780 Z18.013
G1 X-101.797 Y7.070 Z20.682
G1 X-102.136 Y3.461 Z23.053
G1 X-101.268 Y1.563 Z30.732
G1 X-102.319 Y7.454 Z37.563
G1 X-101.872 Y7.033 Z40.564
G1 X-102.010 Y6.887 Z43.190
G1 X-101.710 Y6.341 Z45.913
G1 X-101.563 Y5.965 Z48.548
G1 X-101.582 Y6.016 Z51.134
G1 X-102.987 Y10.163 Z50.083
G1 X-105.019 Y7.424 Z53.362
G1 X-105.093 Y5.938 Z50.652
G1 X-105.436 Y5.746 Z53.541
G1 X-106.089 Y6.446 Z58.089
G1 X-106.265 Y6.298 Z61.445
G1 X-106.238 Y5.880 Z64.908
G1 X-105.690 Y7.191 Z68.361
F200.0
G0 X-100.834 Y7.957 Z68.819 ; Rapid move
F50.0
G1 X-100.834 Y7.957 Z68.819
G1 X-101.689 Y7.410 Z65.302
G1 X-101.780 Y7.104 Z61.045
G1 X-101.437 Y7.366 Z57.848
G1 X-100.271 Y6.154 Z52.655
G1 X-100.279 Y6.449 Z50.227
G1 X-100.236 Y5.943 Z47.367
G1 X-100.790 Y7.612 Z50.021
G1 X-97.695 Y7.453 Z51.144
G1 X-97.661 Y7.820 Z48.511
G1 X-97.661 Y7.499 Z45.922
G1 X-97.811 Y7.998 Z43.228
G1 X-97.600 Y7.532 Z40.507
G1 X-97.639 Y5.212 Z38.037
G1 X-97.536 Y0.841 Z30.439
G1 X-97.989 Y6.470 Z23.389
G1 X-97.942 Y5.776 Z20.580
G1 X-97.949 Y8.302 Z18.094
G1 X-98.059 Y7.581 Z15.340
G1 X-98.305 Y9.555 Z18.334
G1 X-95.891 Y9.736 Z13.113
G1 X-97.496 Y5.749 Z7.503
G1 X-97.741 Y5.240 Z14.893
G1 X-97.357 Y4.999 Z2.670
G1 X-96.384 Y5.713 Z1.056
G1 X-97.976 Y1.547 Z2.052
G1 X-97.927 Y2.394 Z0.397
G1 X-97.659 Y4.587 Z-8.036
G1 X-97.705 Y6.370 Z-10.570
G1 X-98.012 Y5.855 Z-13.212
G1 X-98.012 Y5.855 Z-15.801
G1 X-97.991 Y5.860 Z-18.392
G1 X-92.729 Y6.446 Z-16.065
G1 X-98.340 Y8.668 Z-13.636
G1 X-98.548 Y8.996 Z-16.290
G1 X-98.507 Y8.430 Z-18.879
G1 X-98.987 Y9.530 Z-21.871
G1 X-97.078 Y6.555 Z-33.455
G1 X-97.015 Y5.492 Z-32.266
G1 X-97.460 Y5.329 Z-33.477
G1 X-97.504 Y6.831 Z-32.223
G1 X-97.755 Y6.096 Z-34.354
G1 X-97.704 Y7.515 Z-36.890
G1 X-97.704 Y7.559 Z-39.479
G1 X-97.745 Y7.480 Z-42.068
G1 X-97.745 Y7.480 Z-44.658
G1 X-97.745 Y8.196 Z-47.248
G1 X-97.688 Y8.172 Z-49.837
G1 X-97.688 Y8.172 Z-52.426
G1 X-97.688 Y8.172 Z-55.016
G1 X-97.688 Y8.172 Z-57.606
G1 X-97.766 Y9.335 Z-60.196
G1 X-97.766 Y9.335 Z-62.786
G1 X-97.766 Y9.335 Z-65.375
G1 X-97.766 Y9.335 Z-67.965
G1 X-97.766 Y9.335 Z-70.555
G1 X-97.766 Y9.335 Z-73.144
G1 X-97.798 Y9.579 Z-75.742
G1 X-97.798 Y9.579 Z-78.331
G1 X-97.798 Y9.579 Z-80.921
F200.0
G0 X-93.768 Y10.559 Z-80.920 ; Rapid move
F50.0
G1 X-93.768 Y10.559 Z-80.920
G1 X-93.768 Y10.559 Z-78.330
G1 X-93.768 Y10.408 Z-75.741
G1 X-93.795 Y10.219 Z-73.145
G1 X-93.795 Y10.219 Z-70.556
G1 X-93.542 Y10.239 Z-77.961
G1 X-93.542 Y10.239 Z-75.372
G1 X-93.542 Y10.239 Z-72.782
G1 X-93.542 Y10.239 Z-70.193
G1 X-93.770 Y8.040 Z-57.615
G1 X-93.816 Y7.868 Z-55.019
G1 X-93.816 Y7.868 Z-52.430
G1 X-93.480 Y7.762 Z-59.833
G1 X-93.480 Y7.762 Z-57.243
G1 X-93.480 Y7.762 Z-54.653
G1 X-93.553 Y7.778 Z-52.066
G1 X-93.494 Y7.758 Z-49.475
G1 X-93.209 Y8.150 Z-46.850
G1 X-93.210 Y6.940 Z-44.269
G1 X-94.048 Y6.448 Z-32.313
G1 X-93.196 Y5.107 Z-32.578
G1 X-93.083 Y4.188 Z-32.266
G1 X-93.987 Y6.309 Z-33.029
G1 X-93.034 Y5.052 Z-31.042
G1 X-94.348 Y7.348 Z-18.810
G1 X-94.304 Y8.592 Z-16.217
G1 X-94.346 Y8.574 Z-13.632
G1 X-93.784 Y9.813 Z-15.351
G1 X-93.846 Y5.992 Z-18.395
G1 X-93.846 Y5.799 Z-15.805
G1 X-93.870 Y5.078 Z-13.215
G1 X-93.880 Y4.669 Z-10.625
G1 X-94.149 Y5.310 Z1.589
G1 X-94.238 Y2.296 Z0.385
G1 X-94.409 Y2.192 Z1.667
G1 X-94.173 Y5.156 Z1.508
G1 X-93.806 Y4.462 Z2.519
G1 X-93.694 Y4.581 Z4.947
G1 X-93.619 Y5.700 Z7.501
G1 X-97.427 Y8.684 Z14.455
G1 X-97.809 Y8.223 Z17.240
G1 X-94.307 Y7.070 Z15.377
G1 X-94.426 Y6.272 Z17.980
G1 X-94.333 Y4.810 Z20.548
G1 X-93.095 Y4.553 Z32.577
G1 X-89.297 Y3.549 Z28.963
G1 X-93.401 Y5.381 Z37.980
G1 X-93.954 Y7.999 Z40.372
G1 X-93.997 Y7.290 Z43.209
G1 X-93.771 Y6.687 Z45.930
G1 X-93.720 Y6.338 Z48.557
G1 X-97.731 Y8.049 Z48.251
G1 X-95.912 Y8.339 Z49.482
G1 X-95.910 Y7.203 Z47.626
G1 X-95.765 Y7.256 Z50.168
G1 X-95.701 Y7.576 Z52.959
G1 X-95.899 Y8.124 Z56.746
G1 X-95.995 Y9.245 Z60.769
G1 X-96.192 Y9.058 Z65.512
G1 X-96.374 Y7.952 Z69.426
F200.0
G0 X-90.979 Y9.052 Z69.598 ; Rapid move
F50.0
G1 X-90.979 Y9.052 Z69.598
G1 X-91.033 Y9.747 Z65.401
G1 X-91.459 Y9.855 Z61.601
G1 X-91.407 Y9.370 Z57.328
G1 X-91.631 Y8.369 Z53.349
G1 X-91.545 Y7.491 Z50.140
G1 X-91.742 Y6.409 Z47.072
G1 X-91.695 Y6.892 Z44.395
G1 X-92.509 Y9.438 Z47.450
G1 X-89.751 Y7.141 Z48.556
G1 X-89.784 Y7.654 Z45.903
G1 X-90.011 Y8.073 Z43.211
G1 X-90.642 Y10.036 Z39.480
G1 X-90.773 Y8.085 Z37.363
G1 X-89.489 Y1.401 Z30.393
G1 X-88.646 Y4.445 Z31.596
G1 X-90.552 Y3.689 Z20.525
G1 X-90.713 Y6.982 Z18.021
G1 X-90.753 Y6.588 Z15.393
G1 X-91.480 Y10.065 Z18.613
G1 X-85.660 Y7.010 Z12.568
G1 X-89.594 Y6.946 Z7.504
G1 X-89.846 Y5.294 Z4.940
G1 X-90.539 Y5.529 Z2.657
G1 X-90.613 Y3.333 Z3.311
G1 X-90.761 Y2.760 Z1.953
G1 X-90.036 Y2.461 Z0.220
G1 X-90.273 Y2.252 Z-1.543
G1 X-89.753 Y4.932 Z-10.633
G1 X-89.753 Y5.050 Z-13.222
G1 X-89.753 Y5.050 Z-15.812
G1 X-89.753 Y5.050 Z-18.402
G1 X-90.578 Y10.916 Z-15.529
G1 X-89.051 Y7.198 Z-23.541
G1 X-89.051 Y7.195 Z-26.131
G1 X-90.322 Y6.313 Z-18.802
G1 X-89.329 Y5.361 Z-30.855
G1 X-89.128 Y3.782 Z-30.415
G1 X-89.586 Y2.947 Z-31.816
G1 X-89.555 Y2.660 Z-33.175
G1 X-88.723 Y6.100 Z-32.814
G1 X-89.617 Y4.944 Z-34.372
G1 X-89.606 Y6.547 Z-46.887
G1 X-89.858 Y8.286 Z-49.446
G1 X-89.765 Y7.946 Z-52.063
G1 X-89.765 Y7.946 Z-54.653
G1 X-89.765 Y7.946 Z-57.242
G1 X-89.669 Y7.943 Z-59.833
G1 X-89.683 Y7.818 Z-62.426
G1 X-89.692 Y9.265 Z-65.009
G1 X-89.653 Y10.465 Z-67.596
G1 X-89.631 Y10.305 Z-70.193
G1 X-89.631 Y10.456 Z-72.782
G1 X-89.631 Y10.456 Z-75.372
G1 X-89.613 Y10.321 Z-77.964
G1 X-89.613 Y10.321 Z-80.553
G1 X-89.782 Y10.421 Z-73.146
G1 X-89.782 Y10.421 Z-75.736
G1 X-89.806 Y7.978 Z-78.330
G1 X-92.410 Y8.700 Z-89.453
F200.0
G0 X-90.646 Y1.220 Z-86.421 ; Rapid move
F50.0
G1 X-90.646 Y1.220 Z-86.421
G1 X-90.664 Y1.328 Z-83.313
G1 X-88.467 Y7.542 Z-84.127
G1 X-85.777 Y10.408 Z-73.146
G1 X-85.646 Y10.331 Z-80.554
G1 X-85.646 Y10.331 Z-77.964
G1 X-85.646 Y10.331 Z-75.374
G1 X-85.646 Y9.829 Z-72.785
G1 X-85.646 Y9.829 Z-70.195
G1 X-85.646 Y9.829 Z-67.605
G1 X-85.646 Y9.153 Z-65.016
G1 X-85.646 Y9.153 Z-62.426
G1 X-85.728 Y9.220 Z-59.836
G1 X-85.728 Y9.096 Z-57.246
G1 X-85.728 Y9.096 Z-54.656
G1 X-85.794 Y6.974 Z-42.072
G1 X-85.794 Y6.974 Z-39.483
G1 X-85.847 Y6.011 Z-36.901
G1 X-85.915 Y5.623 Z-34.327
G1 X-86.913 Y6.048 Z-32.315
G1 X-85.957 Y3.684 Z-33.356
G1 X-85.944 Y2.949 Z-31.521
G1 X-85.801 Y4.631 Z-30.474
G1 X-84.462 Y5.504 Z-30.628
G1 X-85.072 Y6.437 Z-28.722
G1 X-85.044 Y6.880 Z-26.129
G1 X-85.044 Y6.880 Z-23.540
G1 X-87.883 Y9.383 Z-15.149
G1 X-85.806 Y7.515 Z-18.400
G1 X-85.781 Y5.014 Z-15.812
G1 X-85.781 Y5.014 Z-13.222
G1 X-85.590 Y4.416 Z-0.638
G1 X-86.173 Y4.975 Z-1.143
G1 X-85.861 Y2.368 Z0.754
G1 X-85.962 Y3.134 Z1.793
G1 X-86.233 Y5.205 Z2.387
G1 X-86.038 Y6.428 Z2.631
G1 X-86.066 Y5.658 Z5.009
G1 X-85.885 Y7.105 Z7.532
G1 X-90.400 Y4.903 Z16.728
G1 X-86.098 Y10.423 Z18.413
G1 X-86.751 Y7.335 Z15.395
G1 X-86.726 Y5.855 Z17.976
G1 X-86.455 Y8.021 Z21.196
G1 X-88.193 Y5.705 Z30.946
G1 X-85.772 Y5.136 Z28.000
G1 X-85.604 Y6.047 Z37.969
G1 X-86.271 Y7.985 Z40.539
G1 X-85.652 Y7.501 Z43.339
G1 X-85.652 Y8.115 Z45.929
G1 X-85.652 Y8.115 Z48.518
G1 X-83.151 Y9.779 Z45.850
G1 X-87.193 Y6.927 Z44.041
G1 X-87.481 Y7.309 Z46.812
G1 X-87.996 Y9.462 Z50.950
G1 X-87.799 Y9.122 Z53.784
G1 X-87.425 Y10.031 Z57.876
G1 X-87.441 Y11.711 Z62.467
G1 X-86.819 Y10.863 Z66.142
G1 X-86.060 Y8.178 Z70.596
F200.0
G0 X-81.428 Y8.595 Z70.626 ; Rapid move
F50.0
G1 X-81.428 Y8.595 Z70.626
G1 X-82.212 Y9.494 Z66.953
G1 X-82.471 Y6.993 Z64.521
G1 X-83.169 Y2.892 Z62.667
G1 X-83.289 Y9.586 Z54.163
G1 X-82.959 Y9.897 Z50.839
G1 X-83.087 Y9.200 Z47.191
G1 X-82.557 Y7.629 Z43.899
G1 X-80.849 Y10.404 Z46.365
G1 X-81.519 Y8.250 Z48.517
G1 X-81.592 Y7.044 Z45.949
G1 X-81.599 Y5.983 Z43.372
G1 X-81.612 Y6.048 Z40.777
G1 X-81.555 Y5.405 Z38.129
G1 X-83.078 Y4.489 Z29.002
G1 X-78.037 Y5.458 Z28.478
G1 X-80.686 Y4.906 Z30.133
G1 X-82.635 Y5.166 Z17.946
G1 X-80.879 Y5.464 Z25.195
G1 X-79.451 Y6.649 Z21.938
G1 X-76.711 Y4.629 Z14.781
G1 X-82.037 Y7.190 Z7.547
G1 X-82.037 Y6.702 Z4.957
G1 X-81.382 Y4.584 Z2.752
G1 X-81.532 Y6.535 Z1.696
G1 X-81.550 Y3.428 Z1.480
G1 X-81.534 Y2.366 Z-0.060
G1 X-81.297 Y6.348 Z0.686
G1 X-81.627 Y5.018 Z-0.639
G1 X-81.627 Y5.194 Z-3.228
G1 X-81.823 Y7.234 Z-15.811
G1 X-81.823 Y7.234 Z-18.400
G1 X-79.133 Y10.188 Z-15.699
G1 X-81.002 Y6.992 Z-23.531
G1 X-80.999 Y6.294 Z-26.120
G1 X-80.954 Y5.430 Z-28.698
G1 X-81.312 Y6.199 Z-30.884
G1 X-81.885 Y4.998 Z-30.456
G1 X-82.001 Y3.776 Z-31.763
G1 X-82.143 Y4.426 Z-33.061
G1 X-82.076 Y5.072 Z-33.054
G1 X-81.931 Y6.345 Z-34.347
G1 X-82.060 Y6.105 Z-36.919
G1 X-82.148 Y6.823 Z-39.500
G1 X-81.269 Y6.823 Z-52.051
G1 X-81.304 Y7.687 Z-54.643
G1 X-81.365 Y9.529 Z-57.220
G1 X-81.263 Y9.415 Z-59.810
G1 X-81.263 Y9.415 Z-62.400
G1 X-82.079 Y9.146 Z-55.032
G1 X-82.079 Y9.146 Z-57.622
G1 X-82.079 Y9.822 Z-60.211
G1 X-82.024 Y9.909 Z-62.798
G1 X-82.024 Y9.909 Z-65.387
G1 X-81.292 Y11.039 Z-77.949
G1 X-82.158 Y13.803 Z-77.245
G1 X-85.377 Y1.503 Z-81.459
G1 X-86.656 Y0.965 Z-80.230
G1 X-86.664 Y1.328 Z-83.313
G1 X-86.646 Y1.220 Z-86.421
F200.0
G0 X-82.646 Y1.220 Z-86.421 ; Rapid move
F50.0
G1 X-82.646 Y1.220 Z-86.421
G1 X-82.664 Y1.328 Z-83.313
G1 X-82.656 Y0.965 Z-80.230
G1 X-72.816 Y0.914 Z-79.293
G1 X-82.511 Y0.932 Z-74.257
G1 X-78.243 Y10.368 Z-74.665
G1 X-78.086 Y9.127 Z-65.391
G1 X-78.086 Y9.127 Z-62.801
G1 X-77.249 Y9.140 Z-70.176
G1 X-78.099 Y7.878 Z-57.629
G1 X-78.138 Y7.772 Z-55.039
G1 X-78.135 Y7.801 Z-52.450
G1 X-78.135 Y7.801 Z-49.860
G1 X-78.135 Y7.801 Z-47.270
G1 X-78.100 Y7.804 Z-44.678
G1 X-78.133 Y7.823 Z-42.092
G1 X-78.133 Y7.823 Z-39.502
G1 X-78.133 Y7.823 Z-36.912
G1 X-78.094 Y6.557 Z-34.321
G1 X-78.191 Y5.566 Z-32.632
G1 X-77.689 Y6.282 Z-32.156
G1 X-77.411 Y3.931 Z-32.112
G1 X-77.479 Y3.738 Z-29.639
G1 X-76.396 Y6.875 Z-30.322
G1 X-76.894 Y7.061 Z-28.559
G1 X-77.021 Y6.153 Z-26.121
G1 X-77.023 Y6.163 Z-23.531
G1 X-75.644 Y10.366 Z-16.927
G1 X-78.501 Y11.541 Z-16.072
G1 X-77.521 Y7.477 Z-5.816
G1 X-77.433 Y4.754 Z-3.252
G1 X-77.433 Y4.754 Z-0.663
G1 X-77.096 Y2.599 Z-1.243
G1 X-77.096 Y2.930 Z-0.194
G1 X-77.148 Y2.869 Z1.530
G1 X-77.408 Y4.960 Z2.437
G1 X-78.102 Y5.274 Z2.573
G1 X-77.901 Y4.864 Z5.036
G1 X-76.157 Y7.024 Z7.991
G1 X-75.320 Y8.578 Z15.404
G1 X-76.773 Y5.514 Z22.585
G1 X-78.430 Y5.305 Z15.319
G1 X-76.956 Y4.571 Z27.784
G1 X-77.225 Y5.281 Z28.061
G1 X-77.993 Y2.755 Z28.076
G1 X-77.832 Y3.196 Z29.025
G1 X-78.284 Y4.107 Z28.359
G1 X-77.431 Y6.890 Z40.763
G1 X-77.343 Y6.662 Z43.377
G1 X-77.343 Y6.662 Z45.966
G1 X-81.012 Y8.912 Z46.436
G1 X-78.184 Y11.211 Z46.692
G1 X-78.720 Y7.521 Z44.022
G1 X-78.725 Y8.186 Z46.841
G1 X-78.559 Y8.289 Z49.698
G1 X-79.028 Y9.881 Z54.008
G1 X-77.061 Y7.544 Z57.026
G1 X-77.842 Y6.585 Z65.481
G1 X-77.894 Y9.941 Z67.994
G1 X-77.026 Y9.419 Z70.948
F200.0
G0 X-73.088 Y8.583 Z71.195 ; Rapid move
F50.0
G1 X-73.088 Y8.583 Z71.195
G1 X-73.155 Y6.696 Z68.843
G1 X-73.810 Y7.974 Z65.344
G1 X-72.292 Y5.363 Z58.705
G1 X-74.042 Y6.747 Z52.496
G1 X-74.900 Y5.142 Z49.269
G1 X-75.087 Y5.824 Z46.707
G1 X-75.075 Y7.727 Z44.175
G1 X-74.692 Y11.107 Z45.430
G1 X-73.740 Y10.920 Z44.103
G1 X-73.122 Y6.539 Z45.948
G1 X-73.024 Y6.500 Z43.344
G1 X-72.885 Y6.679 Z40.725
G1 X-74.092 Y5.382 Z28.307
G1 X-74.034 Y5.963 Z26.928
G1 X-73.664 Y2.700 Z27.811
G1 X-73.591 Y5.318 Z27.053
G1 X-73.013 Y5.021 Z27.703
G1 X-72.937 Y5.413 Z25.204
G1 X-74.514 Y6.454 Z12.745
G1 X-74.933 Y9.973 Z16.131
G1 X-69.975 Y6.814 Z9.418
G1 X-73.755 Y6.215 Z4.960
G1 X-73.671 Y6.216 Z2.565
G1 X-75.058 Y5.023 Z1.096
G1 X-73.038 Y3.410 Z1.035
G1 X-72.857 Y1.777 Z-0.322
G1 X-73.021 Y1.607 Z-1.664
G1 X-73.433 Y4.450 Z-0.643
G1 X-73.433 Y4.450 Z-3.232
G1 X-73.405 Y7.141 Z-5.823
G1 X-73.405 Y7.141 Z-8.412
G1 X-77.287 Y9.454 Z-15.670
G1 X-72.944 Y6.315 Z-23.517
G1 X-72.972 Y6.494 Z-26.096
G1 X-73.046 Y5.880 Z-28.697
G1 X-72.917 Y6.201 Z-30.221
G1 X-73.144 Y3.724 Z-29.555
G1 X-73.257 Y3.571 Z-31.386
G1 X-73.939 Y6.528 Z-30.893
G1 X-74.607 Y5.559 Z-32.233
G1 X-74.023 Y6.620 Z-34.319
G1 X-74.023 Y6.620 Z-36.909
G1 X-74.034 Y7.214 Z-39.499
G1 X-73.909 Y7.824 Z-42.076
G1 X-73.591 Y9.520 Z-54.655
G1 X-73.945 Y9.485 Z-47.254
G1 X-73.348 Y9.429 Z-59.826
G1 X-73.348 Y9.403 Z-62.415
G1 X-73.348 Y9.403 Z-65.005
G1 X-74.106 Y9.438 Z-57.624
G1 X-74.106 Y10.337 Z-60.213
G1 X-74.106 Y10.337 Z-62.803
G1 X-76.528 Y4.966 Z-72.850
G1 X-78.459 Y1.218 Z-71.521
G1 X-78.511 Y0.932 Z-74.257
G1 X-68.816 Y0.914 Z-79.293
G1 X-78.656 Y0.965 Z-80.230
G1 X-78.664 Y1.328 Z-83.313
G1 X-78.560 Y1.673 Z-86.698
F200.0
G0 X-74.446 Y3.797 Z-86.531 ; Rapid move
F50.0
G1 X-74.446 Y3.797 Z-86.531
G1 X-74.601 Y1.776 Z-83.542
G1 X-74.664 Y1.317 Z-80.607
G1 X-74.511 Y0.932 Z-76.846
G1 X-74.459 Y1.218 Z-74.111
G1 X-74.459 Y1.659 Z-71.521
G1 X-74.335 Y1.862 Z-68.618
G1 X-73.661 Y4.669 Z-70.591
G1 X-69.979 Y9.579 Z-60.206
G1 X-69.979 Y9.579 Z-57.617
G1 X-69.979 Y9.579 Z-55.027
G1 X-69.979 Y9.579 Z-52.438
G1 X-70.120 Y9.214 Z-49.864
G1 X-70.120 Y9.214 Z-47.275
G1 X-70.258 Y9.044 Z-44.692
G1 X-70.139 Y7.220 Z-42.097
G1 X-70.139 Y7.220 Z-39.508
G1 X-70.165 Y7.306 Z-36.926
G1 X-70.203 Y7.309 Z-34.341
G1 X-70.090 Y5.498 Z-32.131
G1 X-69.683 Y6.672 Z-31.060
G1 X-69.492 Y3.563 Z-31.031
G1 X-69.681 Y4.246 Z-29.813
G1 X-68.427 Y5.637 Z-29.713
G1 X-69.167 Y6.042 Z-28.433
G1 X-68.842 Y6.616 Z-26.062
G1 X-68.876 Y7.902 Z-23.513
G1 X-74.674 Y5.661 Z-15.872
G1 X-73.853 Y7.759 Z-13.161
G1 X-69.496 Y5.226 Z-5.821
G1 X-69.503 Y5.236 Z-3.232
G1 X-69.503 Y5.236 Z-0.642
G1 X-68.144 Y4.621 Z0.700
G1 X-69.527 Y2.028 Z-0.153
G1 X-69.672 Y3.390 Z0.751
G1 X-70.175 Y4.971 Z0.128
G1 X-69.720 Y5.694 Z2.424
G1 X-69.720 Y5.694 Z5.014
G1 X-70.360 Y9.607 Z12.506
G1 X-65.928 Y8.801 Z15.295
G1 X-68.981 Y6.543 Z22.623
G1 X-68.976 Y5.659 Z25.210
G1 X-68.789 Y5.320 Z27.594
G1 X-68.798 Y2.562 Z25.925
G1 X-69.050 Y2.387 Z27.882
G1 X-69.507 Y4.664 Z28.468
G1 X-68.990 Y5.594 Z38.135
G1 X-68.890 Y8.817 Z40.440
G1 X-69.087 Y7.638 Z43.350
G1 X-69.122 Y7.820 Z45.932
G1 X-70.716 Y9.751 Z44.174
G1 X-71.373 Y5.937 Z41.570
G1 X-71.332 Y6.104 Z44.186
G1 X-71.305 Y6.753 Z47.110
G1 X-70.092 Y8.162 Z50.409
G1 X-67.102 Y4.888 Z57.608
G1 X-73.574 Y2.883 Z62.216
G1 X-68.893 Y7.660 Z65.617
G1 X-68.893 Y9.137 Z68.206
G1 X-69.000 Y8.245 Z71.357
F200.0
G0 X-65.035 Y8.641 Z71.360 ; Rapid move
F50.0
G1 X-65.035 Y8.641 Z71.360
G1 X-64.964 Y9.371 Z68.335
G1 X-64.964 Y7.504 Z65.745
G1 X-64.786 Y7.655 Z62.218
G1 X-65.122 Y1.997 Z56.543
G1 X-65.689 Y8.605 Z50.801
G1 X-67.256 Y8.162 Z47.895
G1 X-67.299 Y7.775 Z44.721
G1 X-67.542 Y7.716 Z41.804
G1 X-66.922 Y10.888 Z44.377
G1 X-67.156 Y11.832 Z41.822
G1 X-65.431 Y7.618 Z43.360
G1 X-65.431 Y7.356 Z40.770
G1 X-66.282 Y5.157 Z28.248
G1 X-66.147 Y5.284 Z25.869
G1 X-65.131 Y1.644 Z27.528
G1 X-65.078 Y2.275 Z26.176
G1 X-64.923 Y4.685 Z27.665
G1 X-64.989 Y5.221 Z25.213
G1 X-64.993 Y5.822 Z22.623
G1 X-68.395 Y9.270 Z14.690
G1 X-69.347 Y9.319 Z12.700
G1 X-65.629 Y7.696 Z4.933
G1 X-65.595 Y6.715 Z2.378
G1 X-65.572 Y6.107 Z0.068
G1 X-65.307 Y3.354 Z0.679
G1 X-65.173 Y5.833 Z0.190
G1 X-64.839 Y5.853 Z1.498
G1 X-65.044 Y4.706 Z-0.734
G1 X-66.476 Y6.777 Z-13.159
G1 X-64.880 Y6.723 Z-5.878
G1 X-65.468 Y8.923 Z-13.767
G1 X-63.821 Y8.207 Z-17.817
G1 X-64.587 Y5.036 Z-23.399
G1 X-64.855 Y5.570 Z-25.926
G1 X-65.517 Y6.090 Z-28.050
G1 X-65.381 Y6.168 Z-28.867
G1 X-65.470 Y4.176 Z-29.534
G1 X-65.921 Y4.554 Z-30.523
G1 X-66.157 Y5.855 Z-30.871
G1 X-66.115 Y5.936 Z-31.801
G1 X-66.048 Y5.660 Z-34.346
G1 X-66.268 Y7.907 Z-36.923
G1 X-66.268 Y7.907 Z-39.513
G1 X-66.268 Y7.907 Z-42.103
G1 X-66.272 Y9.008 Z-44.693
G1 X-66.247 Y9.630 Z-47.279
G1 X-66.238 Y9.665 Z-49.868
G1 X-65.109 Y9.655 Z-62.393
G1 X-66.267 Y9.641 Z-55.050
G1 X-66.267 Y9.641 Z-57.640
G1 X-62.187 Y5.355 Z-63.752
G1 X-69.698 Y1.679 Z-64.825
G1 X-70.147 Y1.621 Z-68.141
G1 X-70.335 Y1.862 Z-71.207
G1 X-70.459 Y1.659 Z-74.111
G1 X-70.459 Y1.218 Z-76.700
G1 X-70.601 Y1.776 Z-80.952
G1 X-70.446 Y3.797 Z-83.941
G1 X-70.446 Y3.797 Z-86.531
F200.0
G0 X-66.298 Y4.027 Z-86.948 ; Rapid move
F50.0
G1 X-66.298 Y4.027 Z-86.948
G1 X-66.315 Y4.210 Z-83.863
G1 X-66.366 Y4.122 Z-80.379
G1 X-66.469 Y2.165 Z-76.954
G1 X-66.392 Y1.906 Z-73.970
G1 X-66.238 Y1.869 Z-70.971
G1 X-65.783 Y1.712 Z-67.537
G1 X-65.447 Y2.029 Z-64.566
G1 X-65.348 Y2.188 Z-61.901
G1 X-65.674 Y4.221 Z-64.728
G1 X-62.182 Y9.413 Z-55.049
G1 X-62.182 Y9.413 Z-52.459
G1 X-62.133 Y9.338 Z-49.861
G1 X-62.133 Y9.338 Z-47.272
G1 X-62.123 Y9.353 Z-44.682
G1 X-62.053 Y9.140 Z-42.082
G1 X-62.052 Y7.997 Z-39.494
G1 X-61.963 Y5.749 Z-36.910
G1 X-61.963 Y5.749 Z-34.320
G1 X-62.130 Y6.381 Z-31.830
G1 X-62.642 Y6.663 Z-29.733
G1 X-62.372 Y5.683 Z-30.252
G1 X-61.707 Y4.652 Z-28.342
G1 X-60.915 Y3.306 Z-27.374
G1 X-60.216 Y6.579 Z-27.438
G1 X-59.578 Y4.883 Z-25.499
G1 X-59.867 Y5.790 Z-23.231
G1 X-57.093 Y6.138 Z-17.866
G1 X-62.805 Y10.559 Z-14.123
G1 X-59.522 Y5.818 Z-6.304
G1 X-60.350 Y5.904 Z-3.407
G1 X-60.123 Y4.987 Z-0.929
G1 X-60.691 Y4.945 Z-0.277
G1 X-61.555 Y2.181 Z-0.383
G1 X-61.432 Y3.358 Z0.675
G1 X-61.133 Y6.181 Z0.558
G1 X-61.522 Y4.770 Z2.488
G1 X-60.510 Y6.587 Z5.089
G1 X-58.354 Y4.964 Z8.880
G1 X-59.499 Y9.053 Z17.357
G1 X-60.398 Y7.018 Z22.318
G1 X-60.958 Y4.367 Z25.199
G1 X-60.830 Y4.641 Z27.742
G1 X-61.492 Y2.430 Z26.259
G1 X-61.740 Y4.183 Z25.930
G1 X-61.655 Y3.057 Z26.146
G1 X-62.462 Y5.521 Z28.281
G1 X-62.447 Y5.666 Z30.879
G1 X-62.439 Y5.654 Z33.467
G1 X-59.184 Y9.553 Z41.073
G1 X-62.978 Y12.110 Z43.045
G1 X-63.630 Y9.660 Z42.199
G1 X-63.769 Y8.971 Z45.218
G1 X-64.075 Y8.968 Z48.936
G1 X-57.719 Y3.644 Z55.908
G1 X-56.779 Y3.171 Z55.914
G1 X-60.907 Y8.280 Z62.289
G1 X-61.081 Y9.873 Z64.961
G1 X-60.991 Y9.609 Z68.171
G1 X-60.837 Y8.248 Z71.498
F200.0
G0 X-56.747 Y9.073 Z71.395 ; Rapid move
F50.0
G1 X-56.747 Y9.073 Z71.395
G1 X-57.207 Y9.893 Z68.439
G1 X-56.954 Y8.933 Z65.702
G1 X-57.532 Y9.742 Z62.453
G1 X-54.516 Y2.961 Z52.759
G1 X-57.933 Y2.569 Z54.303
G1 X-61.375 Y3.525 Z48.012
G1 X-59.762 Y8.723 Z45.026
G1 X-60.011 Y10.364 Z42.308
G1 X-59.474 Y8.116 Z38.972
G1 X-55.321 Y9.372 Z41.420
G1 X-53.232 Y7.111 Z37.113
G1 X-58.337 Y5.569 Z30.856
G1 X-58.202 Y4.789 Z28.273
G1 X-58.189 Y4.747 Z25.677
G1 X-60.432 Y3.796 Z25.093
G1 X-57.786 Y2.710 Z26.582
G1 X-57.424 Y4.640 Z27.365
G1 X-56.876 Y5.347 Z25.126
G1 X-56.027 Y5.310 Z22.389
G1 X-59.186 Y6.410 Z10.708
G1 X-57.659 Y5.258 Z7.550
G1 X-56.468 Y5.401 Z5.309
G1 X-56.753 Y5.419 Z2.660
G1 X-57.681 Y5.344 Z1.874
G1 X-58.101 Y2.381 Z0.624
G1 X-58.295 Y0.855 Z-0.529
G1 X-58.102 Y1.133 Z-2.038
G1 X-56.321 Y5.252 Z-0.912
G1 X-59.937 Y4.533 Z-12.686
G1 X-59.894 Y5.478 Z-15.279
G1 X-55.947 Y9.207 Z-13.311
G1 X-54.271 Y5.720 Z-19.445
G1 X-54.675 Y5.956 Z-22.549
G1 X-55.404 Y5.719 Z-25.351
G1 X-56.793 Y4.873 Z-24.975
G1 X-57.477 Y3.402 Z-27.155
G1 X-58.084 Y4.636 Z-28.069
G1 X-58.286 Y5.906 Z-29.329
G1 X-57.729 Y6.747 Z-29.671
G1 X-58.358 Y6.859 Z-31.980
G1 X-58.088 Y6.243 Z-34.390
G1 X-57.824 Y6.696 Z-36.895
G1 X-57.824 Y6.696 Z-39.485
G1 X-57.824 Y6.696 Z-42.074
G1 X-57.663 Y9.275 Z-54.641
G1 X-57.583 Y9.239 Z-57.240
G1 X-57.581 Y9.061 Z-59.835
G1 X-57.581 Y9.061 Z-62.425
G1 X-57.788 Y5.470 Z-55.018
G1 X-61.086 Y1.977 Z-58.998
G1 X-61.215 Y2.149 Z-61.749
G1 X-61.325 Y2.249 Z-64.481
G1 X-61.447 Y2.029 Z-67.156
G1 X-61.828 Y2.553 Z-70.444
G1 X-62.230 Y2.813 Z-74.080
G1 X-62.199 Y4.487 Z-77.617
G1 X-62.184 Y4.575 Z-80.534
G1 X-62.173 Y4.574 Z-83.696
G1 X-62.102 Y4.451 Z-87.051
F200.0
G0 X-57.772 Y5.017 Z-87.336 ; Rapid move
F50.0
G1 X-57.772 Y5.017 Z-87.336
G1 X-57.953 Y4.967 Z-84.192
G1 X-57.993 Y4.995 Z-80.210
G1 X-57.672 Y5.443 Z-77.419
G1 X-57.446 Y4.900 Z-73.283
G1 X-57.336 Y3.064 Z-70.014
G1 X-57.325 Y2.249 Z-67.070
G1 X-57.215 Y2.149 Z-64.339
G1 X-56.940 Y2.160 Z-61.490
G1 X-56.663 Y2.172 Z-58.677
G1 X-56.644 Y2.217 Z-56.083
G1 X-53.697 Y8.804 Z-62.424
G1 X-53.697 Y9.040 Z-59.834
G1 X-53.697 Y9.040 Z-57.244
G1 X-53.697 Y9.040 Z-54.655
G1 X-53.697 Y8.804 Z-52.065
G1 X-53.710 Y6.519 Z-49.478
G1 X-53.685 Y6.861 Z-36.903
G1 X-53.685 Y6.861 Z-34.313
G1 X-53.744 Y7.079 Z-32.115
G1 X-54.328 Y6.133 Z-30.458
G1 X-54.064 Y6.298 Z-29.170
G1 X-53.386 Y5.184 Z-27.608
G1 X-53.364 Y3.957 Z-25.602
G1 X-52.674 Y3.328 Z-23.848
G1 X-51.843 Y5.009 Z-21.933
G1 X-51.132 Y6.480 Z-22.410
G1 X-57.440 Y4.826 Z-12.694
G1 X-51.146 Y5.353 Z-9.133
G1 X-55.773 Y4.938 Z-15.352
G1 X-51.336 Y4.546 Z-3.934
G1 X-52.129 Y0.739 Z-4.696
G1 X-51.914 Y0.748 Z-2.765
G1 X-52.819 Y0.996 Z-0.165
G1 X-52.997 Y0.584 Z0.895
G1 X-53.147 Y3.232 Z2.862
G1 X-52.548 Y5.923 Z2.909
G1 X-52.342 Y4.848 Z5.192
G1 X-52.387 Y4.272 Z7.683
G1 X-52.010 Y4.752 Z19.795
G1 X-51.970 Y5.698 Z22.029
G1 X-52.134 Y5.151 Z24.612
G1 X-53.853 Y4.315 Z24.838
G1 X-54.644 Y3.591 Z26.281
G1 X-54.375 Y4.985 Z23.587
G1 X-53.936 Y5.329 Z25.677
G1 X-53.956 Y5.357 Z28.272
G1 X-53.915 Y5.430 Z30.871
G1 X-53.221 Y9.570 Z37.796
G1 X-55.678 Y10.921 Z42.403
G1 X-55.885 Y7.190 Z39.125
G1 X-55.815 Y5.641 Z41.684
G1 X-56.260 Y6.533 Z44.753
G1 X-53.389 Y1.959 Z52.943
G1 X-53.899 Y4.447 Z53.194
G1 X-53.242 Y6.785 Z60.763
G1 X-53.077 Y10.609 Z62.460
G1 X-53.110 Y9.332 Z66.055
G1 X-52.785 Y9.122 Z68.699
G1 X-52.556 Y8.724 Z71.486
F200.0
G0 X-48.330 Y8.762 Z71.600 ; Rapid move
F50.0
G1 X-48.330 Y8.762 Z71.600
G1 X-48.553 Y8.502 Z68.903
G1 X-48.163 Y6.215 Z66.389
G1 X-48.787 Y6.858 Z63.803
G1 X-48.787 Y6.653 Z61.214
G1 X-49.462 Y3.922 Z49.009
G1 X-49.876 Y1.755 Z51.334
G1 X-46.923 Y4.272 Z52.901
G1 X-51.800 Y8.479 Z42.055
G1 X-52.009 Y8.186 Z39.438
G1 X-53.088 Y6.736 Z37.322
G1 X-49.787 Y9.275 Z37.146
G1 X-46.942 Y5.361 Z31.683
G1 X-47.798 Y5.886 Z28.754
G1 X-48.569 Y5.585 Z25.842
G1 X-50.326 Y5.648 Z23.714
G1 X-49.818 Y5.767 Z24.728
G1 X-49.509 Y4.403 Z24.621
G1 X-47.297 Y5.618 Z23.953
G1 X-46.276 Y5.460 Z20.911
G1 X-46.027 Y4.642 Z18.377
G1 X-47.985 Y3.798 Z17.197
G1 X-50.496 Y4.906 Z5.106
G1 X-48.625 Y5.881 Z2.915
G1 X-48.569 Y3.250 Z2.580
G1 X-48.580 Y0.322 Z0.336
G1 X-48.263 Y0.656 Z-0.992
G1 X-47.821 Y0.718 Z-2.908
G1 X-47.480 Y2.074 Z-4.962
G1 X-45.084 Y3.466 Z-7.102
G1 X-52.126 Y7.104 Z-15.119
G1 X-49.213 Y6.809 Z-8.428
G1 X-47.399 Y6.431 Z-20.120
G1 X-45.958 Y6.168 Z-20.353
G1 X-47.736 Y2.061 Z-21.095
G1 X-47.836 Y2.093 Z-23.472
G1 X-48.039 Y3.594 Z-25.162
G1 X-48.158 Y5.155 Z-27.202
G1 X-48.637 Y5.882 Z-28.683
G1 X-49.183 Y6.448 Z-30.257
G1 X-49.680 Y7.573 Z-31.849
G1 X-49.566 Y6.837 Z-34.313
G1 X-49.662 Y8.246 Z-46.885
G1 X-49.662 Y8.365 Z-49.474
G1 X-49.662 Y8.839 Z-52.064
G1 X-49.629 Y8.996 Z-54.644
G1 X-49.629 Y8.996 Z-57.234
G1 X-49.629 Y8.996 Z-59.824
G1 X-49.689 Y6.648 Z-62.424
G1 X-52.440 Y2.392 Z-55.979
G1 X-52.477 Y2.501 Z-58.623
G1 X-52.642 Y2.411 Z-61.309
G1 X-52.852 Y2.332 Z-64.046
G1 X-53.011 Y2.846 Z-66.958
G1 X-53.222 Y3.190 Z-69.952
G1 X-53.278 Y5.182 Z-72.976
G1 X-53.420 Y6.091 Z-77.401
G1 X-53.536 Y5.576 Z-80.399
G1 X-53.469 Y5.673 Z-84.159
G1 X-53.508 Y5.004 Z-87.957
F200.0
G0 X-47.305 Y6.389 Z-88.628 ; Rapid move
F50.0
G1 X-47.305 Y6.389 Z-88.628
G1 X-47.805 Y6.892 Z-84.487
G1 X-49.012 Y6.557 Z-80.295
G1 X-48.658 Y6.594 Z-76.676
G1 X-48.680 Y6.057 Z-73.156
G1 X-48.331 Y5.612 Z-69.744
G1 X-48.334 Y3.898 Z-66.541
G1 X-48.215 Y3.773 Z-63.816
G1 X-48.168 Y3.682 Z-61.160
G1 X-48.147 Y3.064 Z-58.561
G1 X-48.187 Y2.883 Z-55.928
G1 X-44.096 Y8.901 Z-57.911
G1 X-45.631 Y8.980 Z-59.816
G1 X-45.631 Y8.980 Z-57.227
G1 X-45.631 Y8.980 Z-54.637
G1 X-45.631 Y8.980 Z-52.048
G1 X-45.631 Y8.980 Z-49.458
G1 X-45.631 Y8.447 Z-46.868
G1 X-45.640 Y7.422 Z-44.298
G1 X-45.652 Y6.536 Z-31.738
G1 X-45.404 Y6.454 Z-29.673
G1 X-44.482 Y5.400 Z-28.472
G1 X-44.369 Y4.905 Z-26.538
G1 X-44.346 Y3.450 Z-25.148
G1 X-44.686 Y-0.065 Z-22.931
G1 X-44.569 Y-0.124 Z-20.167
G1 X-43.940 Y1.306 Z-18.112
G1 X-43.644 Y1.781 Z-15.550
G1 X-43.587 Y0.977 Z-13.026
G1 X-43.697 Y0.991 Z-10.139
G1 X-43.638 Y0.983 Z-7.681
G1 X-43.903 Y0.748 Z-5.431
G1 X-44.304 Y0.688 Z-3.388
G1 X-44.432 Y-0.199 Z-1.248
G1 X-44.277 Y1.700 Z0.559
G1 X-44.184 Y2.831 Z2.865
G1 X-43.300 Y5.897 Z4.918
G1 X-43.088 Y4.865 Z6.553
G1 X-44.749 Y3.753 Z17.406
G1 X-41.665 Y5.730 Z17.310
G1 X-42.610 Y5.596 Z19.700
G1 X-43.735 Y4.184 Z20.844
G1 X-44.015 Y2.244 Z23.162
G1 X-44.634 Y0.388 Z24.772
G1 X-42.942 Y5.793 Z24.742
G1 X-43.933 Y5.901 Z26.234
G1 X-42.084 Y4.722 Z29.770
G1 X-41.656 Y4.404 Z32.840
G1 X-40.701 Y4.834 Z37.980
G1 X-48.828 Y5.129 Z37.117
G1 X-48.467 Y4.936 Z39.447
G1 X-42.598 Y4.428 Z50.058
G1 X-45.349 Y2.935 Z49.112
G1 X-42.732 Y4.750 Z48.206
G1 X-43.909 Y4.402 Z58.599
G1 X-44.086 Y5.837 Z61.235
G1 X-47.091 Y5.599 Z54.314
G1 X-44.667 Y7.517 Z66.590
G1 X-44.376 Y7.606 Z69.107
G1 X-44.325 Y7.702 Z71.677
F200.0
G0 X-43.234 Y8.559 Z62.143 ; Rapid move
F50.0
G1 X-43.234 Y8.559 Z62.143
G1 X-43.250 Y6.383 Z59.564
G1 X-43.250 Y6.383 Z56.975
G1 X-39.710 Y5.976 Z63.701
G1 X-39.863 Y6.257 Z61.160
G1 X-43.747 Y4.407 Z49.379
G1 X-39.787 Y4.127 Z55.965
G1 X-41.482 Y1.337 Z47.958
G1 X-40.508 Y0.866 Z46.460
G1 X-38.973 Y4.091 Z47.720
G1 X-44.617 Y6.137 Z37.196
G1 X-46.219 Y5.191 Z40.433
G1 X-45.877 Y4.858 Z38.516
G1 X-37.959 Y4.839 Z29.877
G1 X-39.022 Y5.342 Z26.845
G1 X-40.236 Y1.385 Z26.827
G1 X-40.017 Y-0.195 Z24.755
G1 X-40.019 Y0.258 Z22.711
G1 X-39.663 Y2.125 Z20.533
G1 X-39.534 Y0.902 Z18.429
G1 X-39.408 Y1.722 Z15.661
G1 X-39.402 Y1.751 Z12.281
G1 X-39.548 Y1.819 Z9.622
G1 X-39.950 Y1.895 Z6.341
G1 X-40.304 Y0.550 Z3.385
G1 X-40.454 Y-0.153 Z0.965
G1 X-40.393 Y-1.426 Z-1.426
G1 X-40.249 Y-1.536 Z-3.329
G1 X-40.346 Y-1.641 Z-5.625
G1 X-40.321 Y-2.091 Z-8.064
G1 X-40.352 Y-2.631 Z-10.639
G1 X-40.313 Y-3.343 Z-12.911
G1 X-40.394 Y-1.993 Z-15.283
G1 X-40.673 Y-0.358 Z-17.576
G1 X-40.816 Y-1.325 Z-19.941
G1 X-40.900 Y-0.532 Z-22.633
G1 X-41.169 Y1.345 Z-25.252
G1 X-41.156 Y3.487 Z-27.325
G1 X-40.849 Y2.923 Z-29.179
G1 X-40.899 Y4.890 Z-29.650
G1 X-41.850 Y6.663 Z-41.695
G1 X-41.744 Y8.407 Z-44.268
G1 X-41.880 Y8.658 Z-46.844
G1 X-41.880 Y8.658 Z-49.434
G1 X-41.946 Y9.258 Z-52.008
G1 X-41.880 Y9.166 Z-54.613
G1 X-41.880 Y9.166 Z-57.203
G1 X-41.910 Y7.372 Z-59.813
G1 X-43.890 Y3.069 Z-53.237
G1 X-43.924 Y3.851 Z-55.938
G1 X-43.942 Y3.905 Z-58.532
G1 X-43.886 Y4.069 Z-61.167
G1 X-43.853 Y4.302 Z-63.861
G1 X-43.925 Y5.589 Z-66.811
G1 X-43.899 Y6.640 Z-69.845
G1 X-43.808 Y7.044 Z-72.837
G1 X-43.486 Y7.865 Z-76.719
G1 X-42.702 Y8.305 Z-81.103
G1 X-42.016 Y8.151 Z-84.918
G1 X-41.920 Y6.447 Z-88.994
F200.0
G0 X-36.269 Y4.702 Z-89.777 ; Rapid move
F50.0
G1 X-36.269 Y4.702 Z-89.777
G1 X-36.569 Y7.122 Z-86.499
G1 X-37.282 Y8.188 Z-82.197
G1 X-38.053 Y8.644 Z-78.235
G1 X-38.674 Y8.131 Z-73.550
G1 X-39.295 Y7.067 Z-69.947
G1 X-39.472 Y6.067 Z-66.951
G1 X-39.759 Y4.938 Z-63.979
G1 X-39.745 Y4.753 Z-61.267
G1 X-39.863 Y4.004 Z-58.567
G1 X-39.836 Y3.892 Z-55.909
G1 X-39.985 Y3.166 Z-53.328
G1 X-37.800 Y10.975 Z-55.915
G1 X-38.021 Y8.664 Z-57.195
G1 X-38.015 Y8.825 Z-54.582
G1 X-38.015 Y8.825 Z-51.992
G1 X-38.015 Y8.825 Z-49.403
G1 X-37.881 Y8.206 Z-46.849
G1 X-37.911 Y7.315 Z-44.279
G1 X-37.865 Y7.349 Z-41.689
G1 X-36.713 Y4.099 Z-29.654
G1 X-37.001 Y5.875 Z-28.360
G1 X-36.966 Y3.239 Z-27.417
G1 X-36.888 Y-0.099 Z-25.124
G1 X-36.401 Y-0.472 Z-22.133
G1 X-36.407 Y-0.759 Z-19.755
G1 X-36.279 Y-1.436 Z-17.436
G1 X-36.294 Y-2.111 Z-15.178
G1 X-36.348 Y-3.815 Z-12.942
G1 X-36.375 Y-3.251 Z-10.613
G1 X-36.365 Y-3.253 Z-8.025
G1 X-36.268 Y-3.277 Z-5.610
G1 X-36.263 Y-3.806 Z-3.393
G1 X-36.275 Y-1.609 Z-1.376
G1 X-36.180 Y-1.802 Z0.966
G1 X-36.132 Y-1.548 Z3.609
G1 X-35.906 Y-0.227 Z6.675
G1 X-35.630 Y0.480 Z9.548
G1 X-35.667 Y-0.289 Z12.619
G1 X-35.696 Y-1.107 Z15.483
G1 X-35.786 Y-0.270 Z18.232
G1 X-35.804 Y-0.615 Z20.323
G1 X-35.870 Y-0.201 Z22.749
G1 X-36.102 Y-1.170 Z24.661
G1 X-36.091 Y0.030 Z26.711
G1 X-36.044 Y1.240 Z29.480
G1 X-36.035 Y1.269 Z32.208
G1 X-38.953 Y5.614 Z31.052
G1 X-39.008 Y5.450 Z33.628
G1 X-40.485 Y6.125 Z37.092
G1 X-36.435 Y0.840 Z43.983
G1 X-37.155 Y0.973 Z45.773
G1 X-37.937 Y5.160 Z44.938
G1 X-39.348 Y4.097 Z46.624
G1 X-35.769 Y5.080 Z58.546
G1 X-35.830 Y6.024 Z61.160
G1 X-35.661 Y5.969 Z63.680
G1 X-39.513 Y6.322 Z57.064
G1 X-35.854 Y8.461 Z68.928
G1 X-35.879 Y8.812 Z71.536
F200.0
G0 X-35.288 Y6.145 Z62.148 ; Rapid move
F50.0
G1 X-35.288 Y6.145 Z62.148
G1 X-35.234 Y6.152 Z59.541
G1 X-35.077 Y5.326 Z56.909
G1 X-35.145 Y5.569 Z54.327
G1 X-34.606 Y5.595 Z51.605
G1 X-34.606 Y5.082 Z49.015
G1 X-34.288 Y5.187 Z46.380
G1 X-33.123 Y5.573 Z53.679
G1 X-34.723 Y4.778 Z42.181
G1 X-32.335 Y0.197 Z42.969
G1 X-32.045 Y-0.124 Z41.178
G1 X-31.798 Y0.720 Z38.531
G1 X-31.647 Y-0.648 Z35.601
G1 X-31.595 Y-0.705 Z32.630
G1 X-31.933 Y-0.659 Z29.515
G1 X-31.991 Y-0.667 Z26.810
G1 X-32.058 Y-1.390 Z24.299
G1 X-31.915 Y-1.317 Z22.460
G1 X-31.743 Y-1.622 Z20.363
G1 X-31.665 Y-2.258 Z17.923
G1 X-31.619 Y-2.277 Z15.319
G1 X-31.574 Y-1.635 Z12.514
G1 X-31.652 Y-1.606 Z9.660
G1 X-31.711 Y-2.214 Z6.949
G1 X-31.778 Y-2.999 Z4.112
G1 X-32.109 Y-2.923 Z1.226
G1 X-32.220 Y-3.773 Z-1.259
G1 X-32.230 Y-4.668 Z-3.374
G1 X-32.291 Y-5.185 Z-5.701
G1 X-32.365 Y-4.271 Z-8.034
G1 X-32.417 Y-3.780 Z-10.548
G1 X-32.420 Y-3.944 Z-13.122
G1 X-32.339 Y-3.988 Z-15.457
G1 X-32.222 Y-1.648 Z-17.372
G1 X-32.255 Y-1.534 Z-19.704
G1 X-32.170 Y-0.950 Z-22.007
G1 X-32.097 Y-0.981 Z-24.582
G1 X-32.351 Y-0.426 Z-27.296
G1 X-32.775 Y0.553 Z-29.966
G1 X-32.934 Y5.410 Z-29.401
G1 X-33.450 Y4.591 Z-31.758
G1 X-33.450 Y4.591 Z-34.348
G1 X-33.375 Y6.106 Z-36.898
G1 X-34.172 Y7.909 Z-49.445
G1 X-34.226 Y7.864 Z-52.032
G1 X-34.115 Y7.614 Z-54.639
G1 X-33.288 Y7.696 Z-47.263
G1 X-31.772 Y6.161 Z-55.549
G1 X-36.266 Y3.132 Z-53.641
G1 X-36.162 Y3.020 Z-56.106
G1 X-35.914 Y4.502 Z-58.882
G1 X-35.601 Y5.552 Z-61.462
G1 X-35.430 Y6.000 Z-64.247
G1 X-35.382 Y6.203 Z-67.093
G1 X-35.238 Y7.371 Z-69.997
G1 X-34.630 Y8.480 Z-74.625
G1 X-34.509 Y8.634 Z-79.236
G1 X-34.100 Y7.868 Z-83.625
G1 X-33.569 Y6.804 Z-87.326
G1 X-32.694 Y6.199 Z-90.192
F200.0
G0 X-29.383 Y5.786 Z-90.496 ; Rapid move
F50.0
G1 X-29.383 Y5.786 Z-90.496
G1 X-29.680 Y6.447 Z-87.598
G1 X-29.406 Y7.874 Z-83.694
G1 X-30.282 Y8.907 Z-79.114
G1 X-30.588 Y9.006 Z-75.304
G1 X-30.471 Y8.892 Z-71.793
G1 X-31.051 Y8.096 Z-67.792
G1 X-31.415 Y7.064 Z-64.640
G1 X-31.928 Y6.188 Z-61.886
G1 X-32.150 Y5.396 Z-59.178
G1 X-32.402 Y5.187 Z-56.384
G1 X-32.691 Y5.203 Z-54.041
G1 X-33.009 Y5.105 Z-51.698
G1 X-28.891 Y5.617 Z-47.310
G1 X-29.017 Y5.669 Z-44.702
G1 X-28.974 Y5.688 Z-42.119
G1 X-29.138 Y5.851 Z-39.515
G1 X-28.950 Y4.880 Z-36.954
G1 X-29.103 Y5.087 Z-34.362
G1 X-29.216 Y5.149 Z-31.768
G1 X-28.892 Y4.455 Z-29.534
G1 X-28.758 Y0.612 Z-29.842
G1 X-28.610 Y-0.475 Z-27.000
G1 X-28.550 Y-0.554 Z-24.269
G1 X-28.330 Y-0.924 Z-21.944
G1 X-28.198 Y-1.954 Z-19.827
G1 X-28.207 Y-3.589 Z-17.494
G1 X-28.274 Y-5.092 Z-15.498
G1 X-28.364 Y-5.049 Z-13.113
G1 X-28.357 Y-5.052 Z-10.519
G1 X-28.304 Y-5.171 Z-8.031
G1 X-28.325 Y-5.651 Z-5.600
G1 X-28.372 Y-5.159 Z-3.301
G1 X-28.261 Y-4.784 Z-1.040
G1 X-28.139 Y-4.739 Z1.446
G1 X-28.055 Y-4.738 Z4.274
G1 X-27.955 Y-4.970 Z7.009
G1 X-27.724 Y-3.456 Z9.697
G1 X-27.781 Y-2.789 Z12.579
G1 X-27.660 Y-2.510 Z15.316
G1 X-27.674 Y-3.441 Z17.855
G1 X-27.650 Y-4.486 Z20.160
G1 X-27.657 Y-3.749 Z22.271
G1 X-27.705 Y-3.087 Z24.573
G1 X-27.652 Y-3.818 Z27.063
G1 X-27.414 Y-2.230 Z29.885
G1 X-27.372 Y-1.735 Z32.588
G1 X-27.411 Y-1.685 Z35.451
G1 X-27.591 Y-1.587 Z38.219
G1 X-27.704 Y-1.213 Z40.419
G1 X-27.906 Y-1.185 Z42.666
G1 X-28.766 Y4.777 Z51.029
G1 X-30.592 Y4.628 Z43.843
G1 X-28.778 Y5.500 Z56.256
G1 X-30.383 Y5.611 Z48.979
G1 X-30.537 Y5.702 Z51.597
G1 X-30.479 Y5.751 Z54.179
G1 X-29.047 Y7.334 Z66.655
G1 X-29.115 Y7.275 Z69.254
G1 X-30.961 Y7.271 Z62.043
F200.0
G0 X-25.101 Y7.275 Z71.842 ; Rapid move
F50.0
G1 X-25.101 Y7.275 Z71.842
G1 X-25.270 Y6.646 Z69.269
G1 X-25.270 Y6.646 Z66.679
G1 X-25.342 Y6.947 Z64.081
G1 X-25.342 Y6.947 Z61.491
G1 X-26.032 Y4.382 Z48.941
G1 X-25.220 Y4.492 Z56.313
G1 X-25.220 Y4.492 Z53.724
G1 X-24.836 Y4.021 Z51.036
G1 X-25.223 Y3.657 Z39.121
G1 X-23.697 Y-2.501 Z40.301
G1 X-23.512 Y-2.763 Z37.978
G1 X-23.445 Y-1.676 Z35.351
G1 X-23.432 Y-2.262 Z32.524
G1 X-23.541 Y-2.198 Z30.001
G1 X-23.580 Y-3.381 Z27.256
G1 X-23.704 Y-4.397 Z24.666
G1 X-24.002 Y-6.309 Z22.428
G1 X-24.079 Y-4.773 Z20.397
G1 X-24.064 Y-3.609 Z17.984
G1 X-24.117 Y-3.592 Z15.405
G1 X-24.270 Y-5.665 Z12.622
G1 X-24.350 Y-5.786 Z9.931
G1 X-24.514 Y-5.601 Z7.161
G1 X-24.580 Y-5.248 Z4.378
G1 X-24.586 Y-4.595 Z1.601
G1 X-24.575 Y-5.713 Z-1.003
G1 X-24.509 Y-6.378 Z-3.415
G1 X-24.432 Y-6.386 Z-5.791
G1 X-24.350 Y-5.746 Z-8.199
G1 X-24.252 Y-5.784 Z-10.508
G1 X-24.261 Y-5.622 Z-13.097
G1 X-24.274 Y-6.034 Z-15.700
G1 X-24.180 Y-4.670 Z-17.737
G1 X-24.160 Y-2.020 Z-19.656
G1 X-24.562 Y-1.559 Z-21.671
G1 X-24.405 Y-1.440 Z-23.829
G1 X-24.681 Y-0.205 Z-26.611
G1 X-24.908 Y-0.279 Z-28.988
G1 X-24.913 Y5.024 Z-29.801
G1 X-24.336 Y4.746 Z-31.898
G1 X-26.716 Y5.945 Z-44.178
G1 X-26.716 Y5.945 Z-46.768
G1 X-26.887 Y5.806 Z-49.326
G1 X-26.993 Y5.637 Z-51.893
G1 X-26.926 Y5.696 Z-54.499
G1 X-29.728 Y5.100 Z-53.950
G1 X-29.155 Y4.604 Z-51.911
G1 X-29.012 Y5.651 Z-54.457
G1 X-28.931 Y5.532 Z-56.875
G1 X-28.497 Y5.990 Z-59.392
G1 X-28.132 Y6.776 Z-62.447
G1 X-27.448 Y7.950 Z-65.495
G1 X-26.817 Y8.873 Z-68.638
G1 X-26.549 Y8.927 Z-72.017
G1 X-25.686 Y9.069 Z-76.059
G1 X-25.369 Y8.807 Z-79.785
G1 X-25.182 Y7.867 Z-83.674
G1 X-25.016 Y6.906 Z-87.228
G1 X-25.213 Y6.105 Z-90.353
F200.0
G0 X-20.623 Y5.964 Z-90.320 ; Rapid move
F50.0
G1 X-20.623 Y5.964 Z-90.320
G1 X-20.633 Y6.546 Z-87.404
G1 X-20.799 Y7.855 Z-83.902
G1 X-21.013 Y8.321 Z-80.721
G1 X-21.511 Y9.340 Z-76.606
G1 X-22.001 Y9.549 Z-72.977
G1 X-22.516 Y9.438 Z-69.662
G1 X-22.991 Y9.280 Z-66.781
G1 X-23.653 Y8.924 Z-63.957
G1 X-24.181 Y7.710 Z-60.519
G1 X-24.404 Y7.351 Z-57.610
G1 X-25.118 Y4.843 Z-54.642
G1 X-25.018 Y7.020 Z-52.166
G1 X-26.461 Y3.962 Z-52.476
G1 X-19.960 Y7.553 Z-49.579
G1 X-20.321 Y3.496 Z-42.299
G1 X-22.718 Y6.157 Z-49.337
G1 X-22.884 Y6.201 Z-46.704
G1 X-20.522 Y3.490 Z-34.477
G1 X-20.378 Y4.962 Z-32.364
G1 X-19.569 Y1.036 Z-31.089
G1 X-19.360 Y-0.664 Z-28.416
G1 X-19.530 Y-0.657 Z-25.714
G1 X-19.397 Y-0.630 Z-23.244
G1 X-19.692 Y-0.127 Z-21.656
G1 X-19.829 Y-1.993 Z-20.001
G1 X-20.220 Y-6.960 Z-18.490
G1 X-20.217 Y-7.345 Z-15.680
G1 X-20.219 Y-6.851 Z-13.096
G1 X-20.281 Y-6.827 Z-10.598
G1 X-20.359 Y-7.624 Z-8.250
G1 X-20.497 Y-8.204 Z-5.904
G1 X-20.526 Y-8.023 Z-3.545
G1 X-20.582 Y-8.018 Z-1.031
G1 X-20.603 Y-7.884 Z1.557
G1 X-20.628 Y-7.854 Z4.413
G1 X-20.490 Y-6.710 Z7.213
G1 X-20.484 Y-6.934 Z10.044
G1 X-20.520 Y-7.591 Z12.845
G1 X-20.441 Y-6.713 Z15.497
G1 X-20.489 Y-7.598 Z18.023
G1 X-20.353 Y-6.197 Z20.345
G1 X-20.334 Y-6.197 Z22.512
G1 X-20.202 Y-4.178 Z24.900
G1 X-20.165 Y-4.187 Z27.505
G1 X-20.111 Y-5.437 Z30.184
G1 X-20.030 Y-5.770 Z32.701
G1 X-19.933 Y-4.876 Z35.386
G1 X-19.832 Y-3.748 Z37.980
G1 X-20.213 Y2.036 Z39.101
G1 X-21.357 Y4.692 Z48.380
G1 X-20.512 Y7.137 Z50.626
G1 X-21.121 Y7.037 Z53.544
G1 X-21.519 Y6.903 Z56.198
G1 X-21.001 Y8.969 Z58.672
G1 X-20.943 Y9.094 Z61.213
G1 X-21.248 Y8.014 Z64.066
G1 X-21.275 Y8.136 Z66.645
G1 X-21.191 Y7.851 Z69.253
G1 X-21.191 Y7.851 Z71.842
F200.0
G0 X-17.285 Y8.179 Z71.820 ; Rapid move
F50.0
G1 X-17.285 Y8.179 Z71.820
G1 X-17.104 Y8.509 Z69.158
G1 X-17.142 Y8.768 Z66.515
G1 X-16.835 Y8.747 Z63.886
G1 X-16.675 Y8.848 Z61.182
G1 X-16.642 Y9.225 Z58.447
G1 X-16.701 Y9.491 Z55.751
G1 X-16.447 Y7.635 Z53.207
G1 X-16.933 Y7.901 Z50.312
G1 X-16.429 Y4.804 Z48.192
G1 X-16.371 Y6.213 Z44.628
G1 X-16.467 Y-4.961 Z37.928
G1 X-16.383 Y-7.095 Z35.478
G1 X-16.363 Y-8.071 Z32.859
G1 X-16.368 Y-6.571 Z30.208
G1 X-16.397 Y-6.569 Z27.549
G1 X-16.413 Y-7.130 Z25.005
G1 X-16.481 Y-7.094 Z22.715
G1 X-16.439 Y-8.611 Z20.406
G1 X-16.521 Y-7.592 Z18.041
G1 X-16.530 Y-7.597 Z15.537
G1 X-16.522 Y-7.592 Z12.872
G1 X-16.529 Y-6.926 Z10.118
G1 X-16.581 Y-7.855 Z7.267
G1 X-16.588 Y-7.873 Z4.281
G1 X-16.609 Y-7.884 Z1.548
G1 X-16.600 Y-8.017 Z-1.056
G1 X-16.577 Y-8.695 Z-3.607
G1 X-16.520 Y-8.684 Z-5.913
G1 X-16.432 Y-9.009 Z-8.429
G1 X-16.283 Y-9.339 Z-10.719
G1 X-16.258 Y-9.357 Z-13.156
G1 X-16.217 Y-8.438 Z-15.680
G1 X-16.221 Y-9.747 Z-18.447
G1 X-16.218 Y-8.323 Z-21.131
G1 X-14.363 Y-0.298 Z-22.484
G1 X-15.165 Y-0.896 Z-23.164
G1 X-15.282 Y0.725 Z-25.814
G1 X-14.838 Y-0.930 Z-28.597
G1 X-15.724 Y4.280 Z-30.435
G1 X-16.187 Y3.774 Z-32.026
G1 X-16.424 Y2.913 Z-34.460
G1 X-16.267 Y2.856 Z-37.103
G1 X-19.217 Y5.027 Z-49.091
G1 X-20.022 Y6.265 Z-50.773
G1 X-12.941 Y3.083 Z-49.355
G1 X-21.510 Y5.076 Z-50.307
G1 X-21.160 Y7.372 Z-52.784
G1 X-20.128 Y8.285 Z-55.399
G1 X-19.977 Y8.762 Z-58.113
G1 X-19.289 Y9.520 Z-61.475
G1 X-18.567 Y9.808 Z-64.613
G1 X-18.381 Y9.692 Z-67.527
G1 X-17.754 Y9.559 Z-70.417
G1 X-17.137 Y9.326 Z-74.372
G1 X-16.584 Y8.983 Z-77.366
G1 X-15.963 Y7.997 Z-80.747
G1 X-15.853 Y7.071 Z-84.306
G1 X-16.158 Y6.434 Z-87.468
G1 X-16.209 Y6.011 Z-90.208
F200.0
G0 X-11.644 Y5.981 Z-89.986 ; Rapid move
F50.0
G1 X-11.644 Y5.981 Z-89.986
G1 X-11.421 Y6.382 Z-87.119
G1 X-11.400 Y6.321 Z-84.554
G1 X-11.437 Y6.810 Z-81.650
G1 X-11.764 Y7.742 Z-78.328
G1 X-12.696 Y8.927 Z-74.742
G1 X-12.951 Y9.461 Z-71.038
G1 X-13.554 Y9.909 Z-68.118
G1 X-13.799 Y10.331 Z-65.446
G1 X-14.692 Y10.236 Z-62.534
G1 X-15.444 Y9.824 Z-58.682
G1 X-16.069 Y9.406 Z-56.174
G1 X-16.448 Y9.410 Z-53.584
G1 X-17.010 Y8.808 Z-50.644
G1 X-17.428 Y8.722 Z-50.080
G1 X-17.502 Y6.197 Z-49.288
G1 X-16.021 Y5.495 Z-48.582
G1 X-15.546 Y7.919 Z-46.150
G1 X-14.736 Y7.819 Z-43.869
G1 X-14.749 Y7.732 Z-41.308
G1 X-15.386 Y5.150 Z-38.639
G1 X-10.022 Y2.808 Z-28.134
G1 X-10.370 Y-0.063 Z-25.975
G1 X-10.474 Y-0.674 Z-24.147
G1 X-10.121 Y-0.748 Z-23.140
G1 X-12.155 Y-9.206 Z-21.180
G1 X-12.188 Y-9.790 Z-18.312
G1 X-12.204 Y-10.579 Z-15.694
G1 X-12.220 Y-9.751 Z-13.167
G1 X-12.303 Y-9.338 Z-10.765
G1 X-12.509 Y-9.285 Z-8.485
G1 X-12.550 Y-8.892 Z-6.125
G1 X-12.595 Y-9.454 Z-3.662
G1 X-12.597 Y-9.013 Z-1.060
G1 X-12.567 Y-9.928 Z1.613
G1 X-12.519 Y-9.928 Z4.323
G1 X-12.555 Y-9.776 Z7.345
G1 X-12.603 Y-8.117 Z10.045
G1 X-12.588 Y-9.329 Z12.840
G1 X-12.469 Y-8.750 Z15.598
G1 X-12.418 Y-8.633 Z18.096
G1 X-12.440 Y-9.046 Z20.424
G1 X-12.402 Y-9.183 Z22.713
G1 X-12.491 Y-9.282 Z25.112
G1 X-12.440 Y-8.470 Z27.549
G1 X-13.250 Y20.152 Z32.434
G1 X-13.247 Y20.241 Z34.777
G1 X-13.269 Y19.731 Z36.977
G1 X-13.361 Y16.246 Z39.296
G1 X-12.877 Y4.397 Z45.491
G1 X-12.625 Y12.764 Z46.029
G1 X-12.921 Y6.093 Z50.880
G1 X-12.391 Y5.867 Z53.418
G1 X-12.973 Y2.619 Z56.283
G1 X-12.864 Y5.935 Z58.808
G1 X-12.864 Y5.935 Z61.398
G1 X-12.932 Y8.145 Z63.987
G1 X-12.932 Y8.145 Z66.577
G1 X-12.932 Y8.847 Z69.166
G1 X-12.932 Y8.335 Z71.756
F200.0
G0 X-9.071 Y6.848 Z71.833 ; Rapid move
F50.0
G1 X-9.071 Y6.848 Z71.833
G1 X-9.183 Y6.710 Z69.260
G1 X-8.997 Y7.471 Z66.574
G1 X-9.072 Y7.768 Z63.933
G1 X-8.930 Y8.221 Z61.190
G1 X-9.326 Y8.422 Z58.574
G1 X-9.055 Y9.067 Z55.647
G1 X-9.055 Y9.067 Z53.058
G1 X-8.857 Y9.756 Z49.956
G1 X-8.630 Y12.537 Z46.143
G1 X-8.757 Y13.412 Z43.348
G1 X-9.320 Y17.090 Z39.660
G1 X-9.398 Y19.885 Z36.992
G1 X-9.423 Y20.373 Z34.636
G1 X-9.345 Y20.319 Z32.201
G1 X-9.175 Y21.451 Z29.741
G1 X-9.141 Y21.633 Z26.516
G1 X-8.470 Y-9.965 Z22.614
G1 X-8.347 Y-9.657 Z20.448
G1 X-8.421 Y-9.994 Z18.159
G1 X-8.463 Y-9.377 Z15.632
G1 X-8.513 Y-9.814 Z13.015
G1 X-8.575 Y-9.775 Z10.094
G1 X-8.585 Y-9.771 Z7.435
G1 X-8.502 Y-9.795 Z4.471
G1 X-8.536 Y-9.927 Z1.691
G1 X-8.600 Y-9.932 Z-1.073
G1 X-8.595 Y-9.998 Z-3.664
G1 X-8.593 Y-10.313 Z-6.255
G1 X-9.347 Y22.761 Z-9.350
G1 X-9.434 Y22.858 Z-11.420
G1 X-9.389 Y22.464 Z-13.953
G1 X-9.404 Y22.465 Z-15.453
G1 X-8.239 Y-10.027 Z-18.600
G1 X-8.224 Y-10.297 Z-21.422
G1 X-8.112 Y-1.741 Z-23.635
G1 X-6.945 Y0.036 Z-24.709
G1 X-11.975 Y3.388 Z-33.302
G1 X-9.939 Y6.356 Z-35.853
G1 X-9.797 Y11.174 Z-38.094
G1 X-9.934 Y11.161 Z-40.686
G1 X-10.675 Y10.280 Z-43.088
G1 X-10.915 Y11.351 Z-45.519
G1 X-11.703 Y11.082 Z-46.852
G1 X-12.096 Y10.775 Z-49.116
G1 X-12.344 Y11.329 Z-50.380
G1 X-12.146 Y10.846 Z-52.002
G1 X-10.706 Y11.369 Z-55.171
G1 X-10.431 Y11.322 Z-57.724
G1 X-10.097 Y11.097 Z-60.555
G1 X-9.737 Y10.662 Z-63.326
G1 X-9.542 Y10.274 Z-65.990
G1 X-9.135 Y9.804 Z-69.184
G1 X-8.145 Y8.677 Z-72.624
G1 X-7.462 Y7.778 Z-75.663
G1 X-6.952 Y6.725 Z-78.779
G1 X-7.023 Y6.416 Z-81.615
G1 X-7.088 Y6.122 Z-84.439
G1 X-7.051 Y6.081 Z-87.026
G1 X-7.270 Y5.995 Z-89.769
F200.0
G0 X-2.850 Y5.486 Z-89.724 ; Rapid move
F50.0
G1 X-2.850 Y5.486 Z-89.724
G1 X-2.845 Y4.708 Z-87.133
G1 X-2.910 Y4.896 Z-84.510
G1 X-2.865 Y4.918 Z-81.883
G1 X-3.042 Y6.805 Z-78.786
G1 X-3.114 Y6.038 Z-76.150
G1 X-3.069 Y6.149 Z-73.419
G1 X-4.616 Y9.289 Z-69.519
G1 X-4.912 Y10.072 Z-66.453
G1 X-5.443 Y10.608 Z-63.602
G1 X-5.614 Y11.065 Z-60.954
G1 X-6.016 Y11.810 Z-58.194
G1 X-6.094 Y11.878 Z-55.539
G1 X-6.784 Y12.181 Z-53.178
G1 X-7.349 Y12.492 Z-50.384
G1 X-7.380 Y13.131 Z-48.862
G1 X-7.105 Y13.040 Z-46.684
G1 X-6.770 Y13.609 Z-44.960
G1 X-6.048 Y14.526 Z-42.544
G1 X-5.839 Y15.481 Z-40.171
G1 X-5.846 Y16.441 Z-37.038
G1 X-5.751 Y16.849 Z-33.778
G1 X-5.122 Y18.789 Z-29.724
G1 X-5.240 Y17.364 Z-26.369
G1 X-5.354 Y23.895 Z-23.594
G1 X-5.343 Y23.652 Z-20.403
G1 X-5.335 Y23.114 Z-17.821
G1 X-5.445 Y23.043 Z-15.451
G1 X-5.408 Y22.888 Z-13.650
G1 X-5.371 Y23.348 Z-11.704
G1 X-5.313 Y23.290 Z-9.375
G1 X-5.295 Y23.320 Z-6.642
G1 X-4.595 Y-11.465 Z-3.677
G1 X-4.593 Y-10.362 Z-1.089
G1 X-4.588 Y-9.915 Z1.693
G1 X-4.555 Y-9.910 Z4.463
G1 X-4.452 Y-10.274 Z7.429
G1 X-5.361 Y22.978 Z10.502
G1 X-5.316 Y22.952 Z12.681
G1 X-5.382 Y23.103 Z14.826
G1 X-5.295 Y23.095 Z17.379
G1 X-5.316 Y23.544 Z20.233
G1 X-5.225 Y22.806 Z23.677
G1 X-5.251 Y22.460 Z26.490
G1 X-5.186 Y21.630 Z29.580
G1 X-5.248 Y21.520 Z32.149
G1 X-5.313 Y20.385 Z34.568
G1 X-5.156 Y19.388 Z37.084
G1 X-4.963 Y13.726 Z40.163
G1 X-5.052 Y13.314 Z43.607
G1 X-4.679 Y12.051 Z46.434
G1 X-4.621 Y11.224 Z49.531
G1 X-4.745 Y8.748 Z52.797
G1 X-4.885 Y7.896 Z55.738
G1 X-5.513 Y7.230 Z58.671
G1 X-5.305 Y6.991 Z61.322
G1 X-5.305 Y6.991 Z63.911
G1 X-5.305 Y7.942 Z66.501
G1 X-5.140 Y7.507 Z69.175
G1 X-5.275 Y7.335 Z71.806
F200.0
G0 X-1.149 Y5.915 Z71.841 ; Rapid move
F50.0
G1 X-1.149 Y5.915 Z71.841
G1 X-0.953 Y6.216 Z69.201
G1 X-0.901 Y6.759 Z66.511
G1 X-0.901 Y6.759 Z63.921
G1 X-0.757 Y7.250 Z61.166
G1 X-1.212 Y7.900 Z58.372
G1 X-0.857 Y8.559 Z55.326
G1 X-0.701 Y9.517 Z52.131
G1 X-0.713 Y9.966 Z49.523
G1 X-0.791 Y11.756 Z46.710
G1 X-0.971 Y12.743 Z43.707
G1 X-0.820 Y15.916 Z40.025
G1 X-0.918 Y18.040 Z37.333
G1 X-1.090 Y19.658 Z34.690
G1 X-1.183 Y20.876 Z32.207
G1 X-1.141 Y21.868 Z29.571
G1 X-1.101 Y22.726 Z26.598
G1 X-1.235 Y23.145 Z23.698
G1 X-1.358 Y23.410 Z20.502
G1 X-1.301 Y23.214 Z17.374
G1 X-1.300 Y23.096 Z14.797
G1 X-1.266 Y23.034 Z12.486
G1 X-1.203 Y22.966 Z10.492
G1 X-1.225 Y22.947 Z8.062
G1 X-1.175 Y22.930 Z5.473
G1 X-1.222 Y23.871 Z2.404
G1 X-1.233 Y23.876 Z-0.637
G1 X-1.142 Y23.704 Z-3.521
G1 X-1.240 Y23.644 Z-6.588
G1 X-1.269 Y23.617 Z-9.319
G1 X-1.281 Y23.268 Z-11.799
G1 X-1.171 Y22.724 Z-13.606
G1 X-1.339 Y23.158 Z-15.611
G1 X-1.284 Y23.564 Z-17.868
G1 X-1.292 Y23.642 Z-20.362
G1 X-1.270 Y23.697 Z-23.457
G1 X-1.213 Y23.609 Z-26.363
G1 X-1.280 Y20.766 Z-29.716
G1 X-1.328 Y19.633 Z-33.278
G1 X-1.337 Y16.494 Z-36.946
G1 X-1.491 Y16.207 Z-39.926
G1 X-1.727 Y15.875 Z-42.426
G1 X-2.257 Y15.563 Z-44.467
G1 X-2.324 Y15.211 Z-46.651
G1 X-2.499 Y14.582 Z-48.977
G1 X-2.726 Y13.900 Z-51.133
G1 X-1.982 Y12.668 Z-53.488
G1 X-1.672 Y12.190 Z-55.787
G1 X-1.473 Y11.812 Z-58.552
G1 X-1.173 Y10.961 Z-61.296
G1 X-0.977 Y10.013 Z-64.234
G1 X-0.149 Y9.327 Z-67.376
G1 X-0.218 Y8.032 Z-70.930
G1 X0.599 Y6.836 Z-74.007
G1 X1.212 Y5.462 Z-76.508
G1 X1.231 Y4.699 Z-79.316
G1 X1.165 Y4.611 Z-81.991
G1 X1.210 Y4.661 Z-84.527
G1 X1.270 Y4.296 Z-87.196
G1 X1.225 Y4.346 Z-89.800
F200.0
G0 X5.295 Y4.274 Z-89.773 ; Rapid move
F50.0
G1 X5.295 Y4.274 Z-89.773
G1 X5.302 Y4.236 Z-87.189
G1 X5.290 Y4.215 Z-84.614
G1 X5.290 Y4.142 Z-82.044
G1 X5.137 Y4.890 Z-79.423
G1 X4.854 Y5.500 Z-76.759
G1 X4.745 Y6.336 Z-74.279
G1 X4.567 Y6.915 Z-71.454
G1 X4.135 Y7.501 Z-68.644
G1 X3.109 Y10.181 Z-64.436
G1 X3.003 Y10.629 Z-61.538
G1 X2.803 Y11.134 Z-58.973
G1 X2.622 Y12.096 Z-56.151
G1 X2.724 Y12.531 Z-53.913
G1 X2.502 Y14.341 Z-51.547
G1 X2.319 Y15.249 Z-49.259
G1 X2.291 Y15.364 Z-46.568
G1 X2.595 Y16.319 Z-44.346
G1 X2.808 Y16.502 Z-42.009
G1 X3.138 Y17.789 Z-39.492
G1 X3.055 Y17.994 Z-36.601
G1 X3.077 Y19.711 Z-33.601
G1 X2.919 Y20.067 Z-30.027
G1 X2.895 Y22.457 Z-26.389
G1 X2.929 Y23.459 Z-23.439
G1 X2.846 Y23.432 Z-20.483
G1 X2.814 Y22.413 Z-17.854
G1 X2.748 Y22.462 Z-15.677
G1 X2.677 Y22.734 Z-13.682
G1 X2.872 Y22.912 Z-11.557
G1 X2.751 Y23.509 Z-9.327
G1 X2.792 Y23.534 Z-6.598
G1 X2.712 Y24.124 Z-3.546
G1 X2.801 Y24.135 Z-0.590
G1 X2.793 Y23.985 Z2.500
G1 X2.787 Y23.710 Z5.445
G1 X2.789 Y22.943 Z7.996
G1 X2.686 Y22.979 Z10.354
G1 X2.668 Y23.000 Z12.485
G1 X2.678 Y22.951 Z14.809
G1 X2.733 Y23.091 Z17.461
G1 X2.767 Y23.069 Z20.743
G1 X2.605 Y22.773 Z23.667
G1 X2.758 Y22.030 Z26.649
G1 X2.848 Y21.186 Z29.579
G1 X2.860 Y20.278 Z32.195
G1 X2.895 Y19.284 Z34.841
G1 X3.033 Y16.872 Z37.492
G1 X3.022 Y16.233 Z40.320
G1 X3.154 Y13.464 Z43.731
G1 X3.250 Y11.135 Z46.780
G1 X3.299 Y9.905 Z49.551
G1 X3.380 Y9.879 Z52.143
G1 X3.272 Y8.922 Z55.091
G1 X3.543 Y8.062 Z58.016
G1 X3.577 Y7.991 Z60.641
G1 X3.296 Y6.905 Z63.617
G1 X3.078 Y6.034 Z66.525
G1 X3.078 Y6.034 Z69.115
G1 X2.930 Y5.575 Z71.803
F200.0
G0 X7.239 Y6.175 Z71.643 ; Rapid move
F50.0
G1 X7.239 Y6.175 Z71.643
G1 X7.353 Y6.701 Z68.865
G1 X7.289 Y6.898 Z66.211
G1 X7.205 Y6.998 Z63.595
G1 X7.481 Y7.729 Z60.637
G1 X7.463 Y8.094 Z57.800
G1 X7.551 Y8.129 Z55.156
G1 X7.299 Y9.176 Z52.375
G1 X7.263 Y9.292 Z49.686
G1 X7.285 Y11.079 Z46.832
G1 X7.254 Y11.341 Z43.970
G1 X7.205 Y15.612 Z40.371
G1 X7.059 Y16.840 Z37.558
G1 X6.943 Y18.263 Z34.954
G1 X6.861 Y19.548 Z32.266
G1 X6.831 Y20.395 Z29.588
G1 X6.720 Y21.581 Z26.789
G1 X6.669 Y22.246 Z23.854
G1 X6.654 Y22.807 Z20.597
G1 X6.681 Y22.641 Z17.405
G1 X6.690 Y22.823 Z14.745
G1 X6.584 Y22.666 Z12.613
G1 X6.619 Y22.798 Z10.168
G1 X6.776 Y22.815 Z7.952
G1 X6.789 Y23.118 Z5.487
G1 X6.885 Y23.801 Z2.561
G1 X6.893 Y23.818 Z-0.461
G1 X6.939 Y23.793 Z-3.480
G1 X6.808 Y23.106 Z-6.661
G1 X6.795 Y23.044 Z-9.300
G1 X6.742 Y22.351 Z-11.606
G1 X6.646 Y21.969 Z-13.581
G1 X6.922 Y22.126 Z-15.619
G1 X6.873 Y22.433 Z-18.069
G1 X6.991 Y22.420 Z-20.599
G1 X7.114 Y22.431 Z-23.557
G1 X7.045 Y22.444 Z-26.461
G1 X6.942 Y21.772 Z-29.716
G1 X7.152 Y20.147 Z-33.488
G1 X7.314 Y18.876 Z-36.494
G1 X7.373 Y17.702 Z-39.539
G1 X7.445 Y16.529 Z-42.079
G1 X7.245 Y15.624 Z-43.958
G1 X6.986 Y15.345 Z-46.346
G1 X6.890 Y14.739 Z-49.002
G1 X6.958 Y13.171 Z-51.498
G1 X6.858 Y12.187 Z-53.846
G1 X7.045 Y10.992 Z-56.399
G1 X7.589 Y10.393 Z-59.998
G1 X7.742 Y9.297 Z-62.424
G1 X8.649 Y7.636 Z-66.074
G1 X9.001 Y6.200 Z-69.106
G1 X8.963 Y6.071 Z-71.770
G1 X8.781 Y6.117 Z-74.421
G1 X9.164 Y4.605 Z-76.912
G1 X9.213 Y4.601 Z-79.467
G1 X9.289 Y4.325 Z-82.067
G1 X9.299 Y4.085 Z-84.640
G1 X9.290 Y4.142 Z-87.223
G1 X9.290 Y4.215 Z-89.793
F200.0
G0 X13.315 Y2.607 Z-89.810 ; Rapid move
F50.0
G1 X13.315 Y2.607 Z-89.810
G1 X13.289 Y4.325 Z-87.246
G1 X13.234 Y4.339 Z-84.698
G1 X13.100 Y4.656 Z-82.122
G1 X13.036 Y4.650 Z-79.578
G1 X12.986 Y5.787 Z-76.998
G1 X13.067 Y5.928 Z-74.339
G1 X13.109 Y6.046 Z-71.679
G1 X13.190 Y6.275 Z-68.937
G1 X13.249 Y7.369 Z-65.996
G1 X13.361 Y7.374 Z-63.341
G1 X13.253 Y8.659 Z-60.200
G1 X11.757 Y10.472 Z-56.773
G1 X11.574 Y11.103 Z-54.017
G1 X11.005 Y12.612 Z-51.366
G1 X11.084 Y12.748 Z-48.746
G1 X11.133 Y13.785 Z-46.104
G1 X11.361 Y14.983 Z-43.627
G1 X11.347 Y15.370 Z-41.864
G1 X11.279 Y16.307 Z-39.913
G1 X10.871 Y18.273 Z-36.617
G1 X11.139 Y19.425 Z-33.091
G1 X11.103 Y20.902 Z-29.617
G1 X10.968 Y21.809 Z-26.565
G1 X10.943 Y22.237 Z-23.565
G1 X10.955 Y22.109 Z-20.653
G1 X10.951 Y22.103 Z-18.006
G1 X10.877 Y21.946 Z-15.748
G1 X10.721 Y21.820 Z-13.598
G1 X10.683 Y21.778 Z-11.503
G1 X10.747 Y22.586 Z-9.236
G1 X10.757 Y23.133 Z-6.553
G1 X10.794 Y23.188 Z-3.557
G1 X10.711 Y23.218 Z-0.260
G1 X10.743 Y23.195 Z2.626
G1 X10.789 Y23.126 Z5.438
G1 X10.768 Y22.824 Z7.885
G1 X10.785 Y22.525 Z10.290
G1 X10.673 Y22.282 Z12.557
G1 X10.571 Y22.408 Z14.815
G1 X10.598 Y22.457 Z17.423
G1 X10.535 Y22.416 Z20.295
G1 X10.686 Y22.158 Z23.963
G1 X10.787 Y20.572 Z26.945
G1 X10.781 Y20.546 Z29.616
G1 X10.869 Y19.134 Z32.426
G1 X10.928 Y17.744 Z35.066
G1 X11.028 Y16.780 Z37.646
G1 X10.992 Y14.383 Z40.465
G1 X10.962 Y11.452 Z43.900
G1 X11.098 Y9.326 Z47.011
G1 X11.240 Y9.076 Z49.808
G1 X10.956 Y7.678 Z52.790
G1 X11.213 Y7.574 Z55.403
G1 X11.407 Y6.430 Z58.193
G1 X11.407 Y6.430 Z60.782
G1 X11.470 Y5.316 Z63.807
G1 X11.470 Y5.316 Z66.397
G1 X11.366 Y4.387 Z69.123
G1 X11.366 Y4.387 Z71.713
F200.0
G0 X13.261 Y3.207 Z61.989 ; Rapid move
F50.0
G1 X13.261 Y3.207 Z61.989
G1 X13.261 Y4.087 Z59.400
G1 X15.496 Y4.566 Z66.529
G1 X15.351 Y4.875 Z63.931
G1 X15.417 Y4.930 Z61.317
G1 X15.392 Y6.296 Z58.578
G1 X15.620 Y6.726 Z55.767
G1 X15.561 Y7.152 Z52.984
G1 X15.347 Y7.824 Z50.008
G1 X15.096 Y10.407 Z46.942
G1 X15.074 Y13.747 Z43.313
G1 X15.125 Y14.313 Z40.508
G1 X14.990 Y16.430 Z37.707
G1 X14.881 Y16.709 Z35.271
G1 X14.781 Y17.742 Z32.523
G1 X14.683 Y19.228 Z29.628
G1 X14.772 Y20.651 Z26.887
G1 X14.836 Y22.034 Z23.697
G1 X14.833 Y22.334 Z20.606
G1 X14.660 Y22.330 Z17.441
G1 X14.641 Y22.190 Z14.848
G1 X14.652 Y22.069 Z12.441
G1 X14.655 Y22.375 Z10.130
G1 X14.712 Y22.475 Z7.883
G1 X14.767 Y22.809 Z5.413
G1 X14.811 Y22.834 Z2.557
G1 X14.839 Y23.210 Z-0.428
G1 X14.806 Y22.869 Z-3.587
G1 X14.793 Y22.830 Z-6.469
G1 X14.796 Y22.264 Z-9.205
G1 X14.667 Y21.781 Z-11.495
G1 X14.795 Y21.492 Z-13.690
G1 X14.867 Y21.573 Z-15.654
G1 X14.877 Y21.164 Z-18.123
G1 X14.896 Y21.566 Z-20.784
G1 X14.994 Y21.438 Z-23.517
G1 X15.062 Y21.173 Z-26.721
G1 X15.180 Y19.578 Z-29.895
G1 X15.179 Y18.614 Z-33.190
G1 X14.941 Y17.176 Z-37.045
G1 X15.096 Y16.287 Z-39.824
G1 X15.003 Y14.840 Z-42.022
G1 X15.340 Y14.211 Z-43.690
G1 X15.305 Y13.031 Z-45.891
G1 X15.532 Y11.944 Z-48.899
G1 X15.888 Y10.740 Z-51.977
G1 X16.349 Y10.662 Z-54.334
G1 X17.413 Y9.252 Z-57.222
G1 X17.572 Y8.126 Z-60.098
G1 X17.715 Y7.645 Z-62.940
G1 X17.361 Y7.374 Z-65.931
G1 X17.332 Y6.263 Z-68.829
G1 X17.153 Y6.155 Z-71.605
G1 X17.113 Y6.098 Z-74.247
G1 X17.145 Y5.141 Z-76.965
G1 X17.115 Y4.478 Z-79.571
G1 X17.139 Y4.459 Z-82.148
G1 X17.149 Y4.424 Z-84.740
G1 X17.178 Y4.398 Z-87.315
G1 X17.234 Y4.326 Z-89.877
F200.0
G0 X21.159 Y4.434 Z-89.909 ; Rapid move
F50.0
G1 X21.159 Y4.434 Z-89.909
G1 X21.129 Y4.388 Z-87.352
G1 X21.118 Y4.428 Z-84.761
G1 X21.139 Y4.708 Z-82.152
G1 X21.147 Y5.598 Z-79.558
G1 X21.259 Y5.311 Z-76.835
G1 X21.317 Y5.995 Z-74.130
G1 X21.559 Y5.802 Z-71.288
G1 X21.698 Y6.978 Z-68.427
G1 X21.859 Y5.944 Z-65.735
G1 X21.744 Y7.598 Z-62.840
G1 X21.072 Y8.100 Z-60.519
G1 X21.071 Y7.174 Z-58.566
G1 X20.809 Y8.449 Z-55.783
G1 X20.538 Y8.958 Z-52.969
G1 X19.664 Y10.589 Z-49.461
G1 X19.579 Y11.753 Z-46.219
G1 X19.461 Y13.031 Z-43.179
G1 X19.221 Y12.669 Z-41.628
G1 X19.293 Y14.494 Z-39.820
G1 X19.533 Y16.167 Z-36.872
G1 X19.490 Y18.139 Z-33.149
G1 X19.081 Y19.998 Z-29.886
G1 X19.051 Y20.519 Z-26.684
G1 X19.052 Y21.114 Z-23.736
G1 X18.821 Y21.176 Z-20.787
G1 X18.823 Y20.910 Z-18.241
G1 X18.726 Y20.906 Z-15.733
G1 X18.710 Y20.675 Z-13.820
G1 X18.726 Y21.324 Z-11.530
G1 X18.729 Y21.770 Z-9.076
G1 X18.803 Y22.275 Z-6.407
G1 X18.787 Y22.472 Z-3.430
G1 X18.853 Y22.479 Z-0.590
G1 X18.494 Y22.516 Z2.346
G1 X18.564 Y22.504 Z5.095
G1 X18.530 Y22.354 Z7.699
G1 X18.552 Y22.111 Z10.186
G1 X18.555 Y21.808 Z12.562
G1 X18.673 Y22.117 Z14.880
G1 X18.658 Y22.122 Z17.639
G1 X18.909 Y22.076 Z20.730
G1 X18.995 Y21.647 Z23.960
G1 X18.817 Y20.693 Z26.721
G1 X18.668 Y19.088 Z29.844
G1 X18.788 Y17.578 Z32.601
G1 X18.896 Y16.349 Z35.331
G1 X18.979 Y15.042 Z37.923
G1 X19.028 Y12.974 Z40.608
G1 X19.100 Y12.306 Z43.780
G1 X19.079 Y10.852 Z46.823
G1 X19.388 Y8.807 Z49.941
G1 X19.560 Y5.315 Z53.198
G1 X19.562 Y4.453 Z56.065
G1 X19.586 Y4.471 Z58.645
G1 X19.531 Y3.709 Z61.358
G1 X19.579 Y3.711 Z63.936
G1 X17.084 Y3.580 Z56.855
G1 X19.508 Y3.519 Z69.141
G1 X19.508 Y3.519 Z71.731
F200.0
G0 X21.028 Y3.597 Z62.049 ; Rapid move
F50.0
G1 X21.028 Y3.597 Z62.049
G1 X21.028 Y3.597 Z59.460
G1 X21.003 Y3.507 Z56.874
G1 X21.025 Y3.490 Z54.278
G1 X23.616 Y3.491 Z61.345
G1 X23.540 Y4.159 Z58.716
G1 X23.463 Y4.863 Z55.980
G1 X23.280 Y8.268 Z52.940
G1 X23.436 Y5.781 Z50.412
G1 X23.347 Y8.747 Z47.411
G1 X23.192 Y10.836 Z44.222
G1 X23.008 Y12.878 Z40.795
G1 X22.893 Y13.986 Z38.026
G1 X22.738 Y16.296 Z35.474
G1 X22.610 Y18.072 Z32.661
G1 X22.656 Y19.048 Z29.546
G1 X22.726 Y19.653 Z26.773
G1 X22.721 Y20.097 Z23.926
G1 X22.810 Y21.430 Z20.806
G1 X22.618 Y21.803 Z17.931
G1 X22.616 Y21.626 Z14.940
G1 X22.589 Y21.500 Z12.395
G1 X22.658 Y21.804 Z10.075
G1 X22.667 Y21.984 Z7.670
G1 X22.681 Y22.342 Z5.151
G1 X22.827 Y22.347 Z2.203
G1 X22.756 Y22.173 Z-0.623
G1 X22.801 Y22.129 Z-3.690
G1 X22.786 Y21.391 Z-6.407
G1 X22.770 Y21.160 Z-8.970
G1 X22.697 Y20.885 Z-11.505
G1 X22.688 Y20.291 Z-14.008
G1 X22.718 Y20.319 Z-16.252
G1 X22.773 Y20.543 Z-18.381
G1 X22.991 Y20.508 Z-20.793
G1 X23.020 Y20.534 Z-23.854
G1 X23.067 Y20.032 Z-26.839
G1 X23.210 Y19.018 Z-30.116
G1 X23.402 Y16.693 Z-33.396
G1 X23.440 Y15.019 Z-36.999
G1 X23.314 Y12.351 Z-39.515
G1 X23.472 Y12.206 Z-41.575
G1 X23.654 Y11.802 Z-43.433
G1 X23.751 Y10.375 Z-46.382
G1 X24.522 Y9.230 Z-50.560
G1 X24.481 Y9.036 Z-53.322
G1 X25.362 Y7.120 Z-56.034
G1 X25.327 Y7.207 Z-58.624
G1 X25.502 Y4.682 Z-61.194
G1 X25.787 Y3.875 Z-63.472
G1 X25.874 Y5.469 Z-65.924
G1 X25.948 Y5.692 Z-68.344
G1 X25.841 Y5.798 Z-71.006
G1 X25.696 Y5.574 Z-73.837
G1 X25.458 Y5.253 Z-76.693
G1 X25.241 Y5.242 Z-79.458
G1 X25.140 Y5.124 Z-82.153
G1 X25.140 Y5.124 Z-84.742
G1 X25.172 Y4.629 Z-87.327
G1 X25.149 Y4.083 Z-89.931
F200.0
G0 X29.163 Y5.085 Z-89.915 ; Rapid move
F50.0
G1 X29.163 Y5.085 Z-89.915
G1 X29.196 Y4.653 Z-87.304
G1 X29.362 Y5.047 Z-84.595
G1 X29.362 Y4.629 Z-82.005
G1 X29.594 Y5.216 Z-79.175
G1 X29.807 Y5.483 Z-76.348
G1 X29.967 Y5.568 Z-73.553
G1 X29.973 Y5.571 Z-70.955
G1 X29.846 Y2.993 Z-68.568
G1 X29.749 Y3.037 Z-66.062
G1 X29.419 Y4.706 Z-63.847
G1 X29.349 Y5.490 Z-61.318
G1 X29.224 Y6.605 Z-58.786
G1 X29.326 Y7.028 Z-55.987
G1 X29.042 Y7.568 Z-53.373
G1 X28.982 Y8.743 Z-50.272
G1 X28.596 Y10.025 Z-46.932
G1 X28.031 Y10.691 Z-43.806
G1 X27.940 Y10.913 Z-41.612
G1 X27.775 Y12.042 Z-39.507
G1 X27.393 Y13.087 Z-37.452
G1 X27.019 Y13.633 Z-34.282
G1 X26.901 Y16.706 Z-30.499
G1 X27.203 Y19.438 Z-26.977
G1 X27.240 Y20.006 Z-23.901
G1 X26.940 Y20.184 Z-21.117
G1 X26.877 Y20.191 Z-18.566
G1 X26.761 Y20.147 Z-16.448
G1 X26.657 Y20.139 Z-14.008
G1 X26.664 Y20.650 Z-11.476
G1 X26.657 Y20.923 Z-8.954
G1 X26.683 Y21.272 Z-6.397
G1 X26.641 Y21.310 Z-3.530
G1 X26.719 Y21.967 Z-0.721
G1 X26.727 Y21.972 Z2.257
G1 X26.720 Y21.963 Z5.067
G1 X26.716 Y21.834 Z7.640
G1 X26.606 Y21.251 Z9.995
G1 X26.592 Y21.294 Z12.449
G1 X26.615 Y21.459 Z14.996
G1 X26.737 Y21.438 Z18.041
G1 X26.844 Y21.378 Z21.056
G1 X26.662 Y20.031 Z23.892
G1 X26.678 Y19.383 Z26.729
G1 X26.818 Y18.750 Z29.661
G1 X26.669 Y16.613 Z32.673
G1 X26.682 Y15.170 Z35.530
G1 X26.873 Y13.872 Z38.245
G1 X27.141 Y11.500 Z41.047
G1 X27.089 Y9.461 Z44.575
G1 X27.182 Y8.982 Z47.543
G1 X27.361 Y6.949 Z50.569
G1 X27.611 Y6.545 Z53.266
G1 X27.685 Y5.240 Z55.889
G1 X27.718 Y4.637 Z58.566
G1 X27.581 Y4.348 Z61.262
G1 X27.733 Y3.434 Z63.903
G1 X24.965 Y3.709 Z56.893
G1 X25.004 Y3.487 Z59.463
G1 X25.004 Y3.487 Z62.052
F200.0
G0 X31.860 Y3.908 Z71.605 ; Rapid move
F50.0
G1 X31.860 Y3.908 Z71.605
G1 X31.860 Y4.191 Z69.015
G1 X31.727 Y4.631 Z66.400
G1 X31.727 Y4.631 Z63.810
G1 X31.777 Y6.119 Z61.125
G1 X31.612 Y6.354 Z58.513
G1 X31.680 Y6.444 Z55.873
G1 X31.673 Y6.776 Z53.153
G1 X31.541 Y8.189 Z50.373
G1 X31.257 Y8.716 Z47.515
G1 X31.196 Y8.983 Z44.727
G1 X31.062 Y11.232 Z41.447
G1 X30.921 Y12.828 Z38.307
G1 X30.819 Y13.581 Z35.794
G1 X30.817 Y16.642 Z32.576
G1 X30.829 Y17.919 Z29.753
G1 X30.801 Y19.421 Z26.900
G1 X30.659 Y20.031 Z23.800
G1 X30.811 Y20.930 Z21.086
G1 X30.663 Y20.992 Z18.106
G1 X30.616 Y21.014 Z15.052
G1 X30.590 Y21.008 Z12.527
G1 X30.559 Y21.009 Z9.993
G1 X30.607 Y21.002 Z7.533
G1 X30.626 Y21.243 Z4.984
G1 X30.664 Y21.289 Z2.279
G1 X30.723 Y21.326 Z-0.564
G1 X30.747 Y21.307 Z-3.466
G1 X30.674 Y21.194 Z-6.391
G1 X30.683 Y20.783 Z-8.943
G1 X30.660 Y20.148 Z-11.473
G1 X30.655 Y20.138 Z-14.011
G1 X30.652 Y19.975 Z-16.464
G1 X30.791 Y19.910 Z-18.804
G1 X31.012 Y19.888 Z-21.267
G1 X31.061 Y19.128 Z-24.140
G1 X31.160 Y17.824 Z-27.157
G1 X31.174 Y13.584 Z-31.228
G1 X31.229 Y12.918 Z-34.770
G1 X31.384 Y11.046 Z-37.603
G1 X31.848 Y9.039 Z-40.101
G1 X32.485 Y9.043 Z-42.317
G1 X32.895 Y8.593 Z-45.047
G1 X32.875 Y5.752 Z-48.564
G1 X33.059 Y7.843 Z-50.811
G1 X32.962 Y7.130 Z-53.742
G1 X33.251 Y5.173 Z-56.231
G1 X33.281 Y5.101 Z-58.811
G1 X33.360 Y5.429 Z-61.322
G1 X33.203 Y5.491 Z-64.017
G1 X33.419 Y4.732 Z-66.431
G1 X33.707 Y2.789 Z-68.726
G1 X33.822 Y2.911 Z-71.208
G1 X33.977 Y3.037 Z-73.589
G1 X33.887 Y2.955 Z-76.308
G1 X33.845 Y4.746 Z-78.947
G1 X33.730 Y4.707 Z-81.663
G1 X33.529 Y4.614 Z-84.461
G1 X33.447 Y4.549 Z-87.134
G1 X33.297 Y4.571 Z-89.838
F200.0
G0 X37.439 Y4.454 Z-89.749 ; Rapid move
F50.0
G1 X37.439 Y4.454 Z-89.749
G1 X37.730 Y4.707 Z-86.843
G1 X37.845 Y4.746 Z-84.127
G1 X37.892 Y2.951 Z-81.483
G1 X37.888 Y2.921 Z-78.907
G1 X37.845 Y2.547 Z-76.388
G1 X37.867 Y0.977 Z-73.802
G1 X37.781 Y2.629 Z-71.287
G1 X37.669 Y2.480 Z-68.838
G1 X37.306 Y5.174 Z-66.549
G1 X37.275 Y5.066 Z-64.000
G1 X37.184 Y5.130 Z-61.466
G1 X36.998 Y4.939 Z-59.026
G1 X36.863 Y4.879 Z-56.526
G1 X36.941 Y4.977 Z-53.878
G1 X36.978 Y5.042 Z-51.258
G1 X37.081 Y5.049 Z-48.600
G1 X36.879 Y6.183 Z-45.813
G1 X37.018 Y6.406 Z-43.019
G1 X35.851 Y8.490 Z-40.615
G1 X35.421 Y10.720 Z-37.718
G1 X35.191 Y11.213 Z-35.042
G1 X35.698 Y11.839 Z-31.485
G1 X35.761 Y12.387 Z-28.158
G1 X35.027 Y18.508 Z-24.405
G1 X34.799 Y19.144 Z-21.605
G1 X34.684 Y19.634 Z-19.036
G1 X34.626 Y19.650 Z-16.480
G1 X34.643 Y20.155 Z-14.021
G1 X34.631 Y20.364 Z-11.474
G1 X34.646 Y20.787 Z-8.935
G1 X34.673 Y20.999 Z-6.248
G1 X34.726 Y21.275 Z-3.377
G1 X34.644 Y21.291 Z-0.560
G1 X34.614 Y21.293 Z2.271
G1 X34.594 Y20.961 Z4.957
G1 X34.595 Y20.948 Z7.505
G1 X34.589 Y20.890 Z10.023
G1 X34.594 Y20.787 Z12.489
G1 X34.602 Y20.895 Z15.022
G1 X34.529 Y21.009 Z17.989
G1 X34.613 Y20.562 Z20.859
G1 X34.663 Y19.557 Z23.816
G1 X34.711 Y18.795 Z26.946
G1 X34.785 Y17.009 Z29.992
G1 X34.816 Y15.429 Z33.262
G1 X34.812 Y13.565 Z35.823
G1 X35.047 Y12.245 Z38.610
G1 X35.788 Y8.991 Z41.895
G1 X35.938 Y8.645 Z44.715
G1 X35.814 Y8.378 Z47.546
G1 X35.722 Y8.220 Z50.269
G1 X35.583 Y7.205 Z53.133
G1 X35.735 Y5.180 Z55.894
G1 X35.662 Y5.394 Z58.430
G1 X35.665 Y5.175 Z61.096
G1 X35.639 Y4.938 Z63.764
G1 X35.612 Y4.735 Z66.411
G1 X35.612 Y4.735 Z69.000
G1 X35.690 Y4.646 Z71.587
F200.0
G0 X39.728 Y4.683 Z71.568 ; Rapid move
F50.0
G1 X39.728 Y4.683 Z71.568
G1 X39.737 Y4.956 Z68.909
G1 X39.778 Y4.723 Z66.365
G1 X39.755 Y4.822 Z63.759
G1 X39.657 Y4.864 Z61.188
G1 X39.564 Y5.975 Z58.618
G1 X39.595 Y6.212 Z55.952
G1 X39.567 Y7.029 Z53.215
G1 X39.480 Y7.033 Z50.647
G1 X39.395 Y7.161 Z47.826
G1 X39.305 Y7.417 Z45.105
G1 X39.189 Y8.052 Z42.125
G1 X39.008 Y10.244 Z38.946
G1 X38.819 Y12.676 Z35.986
G1 X38.800 Y14.755 Z33.018
G1 X38.605 Y17.006 Z30.032
G1 X38.452 Y18.866 Z26.839
G1 X38.503 Y19.169 Z23.851
G1 X38.385 Y20.517 Z21.043
G1 X38.535 Y20.582 Z18.119
G1 X38.509 Y20.603 Z15.047
G1 X38.525 Y20.621 Z12.482
G1 X38.539 Y20.714 Z9.965
G1 X38.526 Y20.741 Z7.506
G1 X38.517 Y20.797 Z4.968
G1 X38.572 Y20.954 Z2.240
G1 X38.634 Y20.994 Z-0.543
G1 X38.565 Y20.980 Z-3.478
G1 X38.584 Y20.626 Z-6.248
G1 X38.571 Y20.193 Z-8.887
G1 X38.547 Y19.892 Z-11.449
G1 X38.527 Y19.755 Z-14.006
G1 X38.545 Y19.271 Z-16.540
G1 X38.618 Y18.990 Z-19.071
G1 X38.631 Y18.650 Z-21.681
G1 X38.730 Y17.953 Z-24.590
G1 X38.868 Y12.417 Z-28.536
G1 X38.860 Y12.014 Z-31.807
G1 X39.192 Y10.093 Z-35.477
G1 X39.440 Y9.506 Z-38.047
G1 X39.690 Y8.736 Z-40.904
G1 X40.512 Y7.719 Z-43.348
G1 X40.854 Y7.230 Z-45.943
G1 X41.072 Y5.290 Z-48.564
G1 X41.091 Y4.925 Z-51.200
G1 X41.081 Y5.049 Z-53.780
G1 X41.001 Y4.922 Z-56.439
G1 X40.893 Y4.708 Z-59.114
G1 X40.912 Y4.692 Z-61.692
G1 X41.091 Y4.971 Z-64.140
G1 X41.208 Y4.892 Z-66.658
G1 X41.229 Y5.083 Z-69.206
G1 X41.484 Y2.456 Z-71.593
G1 X41.801 Y2.632 Z-73.857
G1 X41.884 Y0.957 Z-76.379
G1 X41.867 Y0.977 Z-78.981
G1 X41.854 Y2.562 Z-81.554
G1 X41.858 Y2.925 Z-84.116
G1 X41.845 Y4.746 Z-86.716
G1 X41.694 Y2.680 Z-89.520
F200.0
G0 X45.858 Y2.925 Z-89.295 ; Rapid move
F50.0
G1 X45.858 Y2.925 Z-89.295
G1 X45.834 Y2.506 Z-86.769
G1 X45.865 Y0.989 Z-84.159
G1 X45.867 Y0.977 Z-81.570
G1 X45.873 Y1.188 Z-78.980
G1 X45.710 Y2.434 Z-76.577
G1 X45.261 Y4.921 Z-74.374
G1 X45.223 Y4.909 Z-71.825
G1 X45.162 Y4.824 Z-69.288
G1 X44.966 Y4.539 Z-66.845
G1 X44.962 Y4.571 Z-64.258
G1 X45.016 Y4.447 Z-61.636
G1 X45.033 Y4.734 Z-59.025
G1 X44.619 Y4.618 Z-56.683
G1 X44.686 Y5.070 Z-54.016
G1 X44.425 Y5.420 Z-51.495
G1 X44.276 Y5.707 Z-48.901
G1 X44.077 Y5.866 Z-46.346
G1 X43.774 Y8.381 Z-43.747
G1 X43.658 Y8.448 Z-41.167
G1 X43.654 Y8.820 Z-38.407
G1 X43.399 Y8.859 Z-35.869
G1 X43.404 Y10.926 Z-32.575
G1 X42.540 Y12.294 Z-28.498
G1 X42.647 Y13.647 Z-25.044
G1 X42.568 Y18.235 Z-21.813
G1 X42.433 Y18.889 Z-19.158
G1 X42.413 Y19.096 Z-16.561
G1 X42.415 Y19.094 Z-13.989
G1 X42.444 Y19.640 Z-11.434
G1 X42.466 Y20.204 Z-8.884
G1 X42.455 Y20.476 Z-6.315
G1 X42.363 Y20.623 Z-3.401
G1 X42.392 Y20.634 Z-0.559
G1 X42.444 Y20.670 Z2.193
G1 X42.417 Y20.630 Z4.931
G1 X42.401 Y20.526 Z7.514
G1 X42.425 Y20.434 Z10.004
G1 X42.434 Y20.334 Z12.491
G1 X42.443 Y20.350 Z15.064
G1 X42.472 Y20.334 Z18.061
G1 X42.381 Y20.161 Z21.241
G1 X42.361 Y19.364 Z23.943
G1 X42.459 Y18.777 Z26.797
G1 X42.523 Y15.522 Z30.115
G1 X42.737 Y14.522 Z33.050
G1 X42.987 Y12.914 Z36.054
G1 X42.944 Y9.934 Z39.379
G1 X42.793 Y9.785 Z42.128
G1 X43.047 Y7.850 Z45.151
G1 X43.505 Y6.703 Z48.056
G1 X43.720 Y4.351 Z50.826
G1 X43.676 Y4.237 Z53.454
G1 X43.646 Y3.922 Z56.109
G1 X43.572 Y3.775 Z58.738
G1 X43.466 Y3.747 Z61.356
G1 X43.466 Y3.747 Z63.946
G1 X43.579 Y3.803 Z66.501
G1 X43.579 Y3.803 Z69.091
G1 X43.682 Y3.759 Z71.657
F200.0
G0 X47.442 Y1.979 Z71.747 ; Rapid move
F50.0
G1 X47.442 Y1.979 Z71.747
G1 X47.442 Y2.443 Z69.158
G1 X47.522 Y2.804 Z66.529
G1 X47.522 Y2.804 Z63.939
G1 X47.585 Y3.066 Z61.301
G1 X47.657 Y3.123 Z58.683
G1 X47.528 Y6.168 Z56.011
G1 X47.470 Y6.385 Z53.466
G1 X47.138 Y6.845 Z50.806
G1 X47.155 Y7.002 Z48.155
G1 X46.916 Y9.234 Z45.313
G1 X46.978 Y9.752 Z42.380
G1 X46.887 Y11.503 Z39.165
G1 X46.811 Y11.734 Z36.319
G1 X46.660 Y14.243 Z33.240
G1 X46.507 Y15.579 Z29.987
G1 X46.454 Y18.337 Z26.894
G1 X46.430 Y19.349 Z24.003
G1 X46.465 Y20.141 Z20.998
G1 X46.516 Y20.245 Z17.983
G1 X46.435 Y20.257 Z15.080
G1 X46.431 Y20.242 Z12.502
G1 X46.383 Y20.364 Z10.057
G1 X46.398 Y20.407 Z7.498
G1 X46.392 Y20.432 Z4.894
G1 X46.424 Y20.634 Z2.182
G1 X46.473 Y20.631 Z-0.594
G1 X46.386 Y20.497 Z-3.432
G1 X46.417 Y20.378 Z-6.327
G1 X46.411 Y20.173 Z-8.892
G1 X46.384 Y19.701 Z-11.416
G1 X46.385 Y19.201 Z-13.984
G1 X46.372 Y19.088 Z-16.564
G1 X46.370 Y18.713 Z-19.222
G1 X46.387 Y18.068 Z-21.892
G1 X46.009 Y10.806 Z-25.334
G1 X47.290 Y9.942 Z-29.360
G1 X46.745 Y9.250 Z-32.775
G1 X46.948 Y8.365 Z-35.927
G1 X47.119 Y7.641 Z-38.798
G1 X47.148 Y7.653 Z-41.379
G1 X47.134 Y7.388 Z-44.052
G1 X47.224 Y7.324 Z-46.643
G1 X47.926 Y4.656 Z-49.158
G1 X47.990 Y4.761 Z-51.708
G1 X48.104 Y5.131 Z-54.276
G1 X48.333 Y4.763 Z-56.812
G1 X44.274 Y5.039 Z-50.313
G1 X44.169 Y4.675 Z-52.918
G1 X44.101 Y4.483 Z-55.535
G1 X43.876 Y4.665 Z-58.248
G1 X48.962 Y4.571 Z-69.437
G1 X49.012 Y4.507 Z-71.994
G1 X49.113 Y4.671 Z-74.507
G1 X49.276 Y4.034 Z-76.977
G1 X49.667 Y1.154 Z-79.189
G1 X49.902 Y1.123 Z-81.554
G1 X49.884 Y0.957 Z-84.147
G1 X49.867 Y0.977 Z-86.750
G1 X49.865 Y2.459 Z-89.338
F200.0
G0 X53.884 Y0.957 Z-89.327 ; Rapid move
F50.0
G1 X53.884 Y0.957 Z-89.327
G1 X53.922 Y0.886 Z-86.712
G1 X53.824 Y1.060 Z-84.236
G1 X53.296 Y1.423 Z-82.027
G1 X53.140 Y4.551 Z-79.676
G1 X52.962 Y4.571 Z-77.206
G1 X47.879 Y4.475 Z-66.010
G1 X52.385 Y4.641 Z-72.333
G1 X48.269 Y4.715 Z-60.642
G1 X48.274 Y4.949 Z-58.071
G1 X48.313 Y5.157 Z-55.492
G1 X48.406 Y5.118 Z-52.856
G1 X51.999 Y4.029 Z-59.545
G1 X51.659 Y6.703 Z-57.022
G1 X51.424 Y6.777 Z-54.482
G1 X51.392 Y6.556 Z-51.927
G1 X51.419 Y6.779 Z-49.303
G1 X51.326 Y6.940 Z-46.708
G1 X51.437 Y7.062 Z-44.070
G1 X51.437 Y7.062 Z-41.480
G1 X51.519 Y7.766 Z-38.667
G1 X51.368 Y7.759 Z-36.117
G1 X51.636 Y9.122 Z-32.774
G1 X51.106 Y10.617 Z-29.343
G1 X50.457 Y11.412 Z-25.398
G1 X50.388 Y17.516 Z-22.016
G1 X50.373 Y18.292 Z-19.285
G1 X50.365 Y18.719 Z-16.583
G1 X50.360 Y19.202 Z-13.981
G1 X50.396 Y19.776 Z-11.431
G1 X50.414 Y20.231 Z-8.888
G1 X50.426 Y20.382 Z-6.294
G1 X50.408 Y20.406 Z-3.492
G1 X50.407 Y20.422 Z-0.652
G1 X50.412 Y20.426 Z2.129
G1 X50.403 Y20.408 Z4.870
G1 X50.401 Y20.352 Z7.494
G1 X50.401 Y20.266 Z10.038
G1 X50.393 Y20.161 Z12.554
G1 X50.441 Y20.104 Z15.168
G1 X50.393 Y20.094 Z18.020
G1 X50.435 Y20.030 Z21.127
G1 X50.471 Y19.285 Z24.095
G1 X50.605 Y16.980 Z27.010
G1 X50.578 Y14.113 Z30.626
G1 X50.678 Y13.220 Z33.618
G1 X50.977 Y10.723 Z36.501
G1 X50.959 Y10.442 Z39.385
G1 X51.162 Y8.648 Z42.529
G1 X51.124 Y8.144 Z45.411
G1 X51.112 Y5.810 Z48.195
G1 X51.051 Y5.642 Z50.854
G1 X50.979 Y5.489 Z53.502
G1 X50.922 Y5.310 Z56.149
G1 X50.997 Y5.064 Z58.784
G1 X51.069 Y5.022 Z61.371
G1 X51.182 Y5.065 Z63.934
G1 X51.333 Y2.907 Z66.561
G1 X51.391 Y2.873 Z69.142
G1 X49.284 Y2.451 Z61.985
F200.0
G0 X55.136 Y3.879 Z71.779 ; Rapid move
F50.0
G1 X55.136 Y3.879 Z71.779
G1 X55.136 Y3.879 Z69.190
G1 X55.165 Y3.924 Z66.590
G1 X55.202 Y4.912 Z63.959
G1 X55.202 Y4.912 Z61.369
G1 X55.202 Y4.912 Z58.779
G1 X55.123 Y5.384 Z56.099
G1 X55.123 Y5.384 Z53.510
G1 X55.119 Y5.579 Z50.863
G1 X55.101 Y7.929 Z48.103
G1 X54.940 Y8.213 Z45.406
G1 X55.059 Y5.789 Z43.014
G1 X55.226 Y9.948 Z39.451
G1 X55.085 Y10.654 Z36.662
G1 X54.927 Y10.971 Z33.750
G1 X54.758 Y14.053 Z30.697
G1 X54.440 Y16.429 Z27.096
G1 X54.460 Y19.037 Z23.990
G1 X54.424 Y19.873 Z21.059
G1 X54.404 Y20.015 Z18.006
G1 X54.420 Y20.032 Z15.148
G1 X54.399 Y20.086 Z12.585
G1 X54.385 Y20.177 Z10.053
G1 X54.392 Y20.296 Z7.485
G1 X54.410 Y20.397 Z4.867
G1 X54.382 Y20.399 Z2.175
G1 X54.415 Y20.394 Z-0.668
G1 X54.466 Y20.371 Z-3.559
G1 X54.411 Y20.324 Z-6.263
G1 X54.399 Y20.131 Z-8.887
G1 X54.390 Y19.705 Z-11.380
G1 X54.373 Y19.240 Z-13.964
G1 X54.376 Y18.686 Z-16.605
G1 X54.405 Y18.312 Z-19.336
G1 X54.612 Y10.810 Z-22.188
G1 X54.884 Y10.179 Z-26.324
G1 X55.031 Y10.044 Z-29.462
G1 X55.440 Y8.999 Z-32.925
G1 X55.460 Y7.783 Z-36.132
G1 X55.575 Y7.111 Z-38.872
G1 X55.514 Y7.580 Z-41.482
G1 X55.618 Y6.890 Z-44.077
G1 X55.580 Y6.956 Z-46.666
G1 X55.580 Y6.956 Z-49.256
G1 X55.593 Y6.609 Z-51.872
G1 X55.593 Y6.609 Z-54.462
G1 X55.507 Y6.434 Z-57.090
G1 X55.507 Y6.434 Z-59.679
G1 X55.584 Y6.467 Z-62.247
G1 X55.825 Y6.109 Z-64.783
G1 X52.650 Y6.380 Z-57.902
G1 X52.532 Y6.374 Z-60.535
G1 X52.378 Y4.838 Z-63.194
G1 X52.275 Y4.792 Z-65.824
G1 X56.364 Y4.581 Z-77.524
G1 X56.385 Y4.641 Z-80.102
G1 X52.117 Y4.577 Z-73.656
G1 X57.213 Y4.421 Z-84.792
G1 X57.438 Y1.130 Z-87.121
G1 X57.949 Y1.034 Z-89.290
F200.0
G0 X60.624 Y4.792 Z-90.260 ; Rapid move
F50.0
G1 X60.624 Y4.792 Z-90.260
G1 X60.386 Y4.133 Z-87.874
G1 X60.383 Y4.511 Z-85.286
G1 X56.338 Y4.917 Z-73.577
G1 X56.500 Y6.257 Z-70.900
G1 X56.566 Y6.355 Z-68.290
G1 X56.701 Y6.478 Z-65.652
G1 X56.780 Y6.286 Z-63.032
G1 X56.970 Y6.279 Z-60.381
G1 X56.970 Y6.279 Z-57.792
G1 X57.056 Y6.253 Z-55.178
G1 X59.642 Y6.419 Z-62.243
G1 X59.563 Y6.473 Z-59.671
G1 X59.599 Y6.519 Z-57.069
G1 X59.586 Y6.509 Z-54.484
G1 X59.448 Y6.665 Z-51.916
G1 X59.448 Y6.665 Z-49.326
G1 X59.437 Y6.676 Z-46.738
G1 X59.441 Y6.759 Z-44.138
G1 X59.342 Y6.618 Z-41.554
G1 X59.416 Y7.123 Z-38.848
G1 X59.457 Y7.350 Z-36.185
G1 X59.385 Y8.084 Z-33.321
G1 X58.992 Y8.879 Z-30.327
G1 X59.003 Y9.703 Z-26.945
G1 X58.283 Y10.554 Z-23.022
G1 X58.420 Y18.079 Z-19.339
G1 X58.399 Y18.683 Z-16.625
G1 X58.370 Y19.448 Z-13.956
G1 X58.385 Y19.588 Z-11.367
G1 X58.399 Y19.844 Z-8.820
G1 X58.427 Y20.332 Z-6.195
G1 X58.440 Y20.339 Z-3.534
G1 X58.361 Y20.393 Z-0.713
G1 X58.351 Y20.399 Z2.183
G1 X58.387 Y20.232 Z4.889
G1 X58.386 Y20.177 Z7.483
G1 X58.395 Y20.118 Z10.053
G1 X58.414 Y20.055 Z12.609
G1 X58.434 Y19.950 Z15.149
G1 X58.475 Y19.906 Z18.012
G1 X58.440 Y19.761 Z21.128
G1 X58.460 Y18.713 Z24.119
G1 X58.614 Y15.448 Z27.540
G1 X58.735 Y13.866 Z30.883
G1 X58.781 Y11.915 Z33.788
G1 X58.812 Y10.478 Z36.680
G1 X58.994 Y9.763 Z39.473
G1 X59.153 Y9.135 Z42.517
G1 X58.996 Y8.591 Z45.441
G1 X59.134 Y5.577 Z48.256
G1 X59.083 Y5.297 Z50.937
G1 X59.163 Y5.271 Z53.532
G1 X59.181 Y5.253 Z56.123
G1 X59.217 Y5.150 Z58.730
G1 X59.091 Y4.850 Z61.398
G1 X59.091 Y4.850 Z63.988
G1 X59.091 Y4.801 Z66.577
G1 X59.170 Y4.828 Z69.157
G1 X59.266 Y4.653 Z71.747
F200.0
G0 X63.162 Y4.385 Z71.752 ; Rapid move
F50.0
G1 X63.162 Y4.385 Z71.752
G1 X63.162 Y4.385 Z69.163
G1 X63.101 Y4.368 Z66.586
G1 X63.101 Y4.368 Z63.996
G1 X63.128 Y4.491 Z61.383
G1 X63.128 Y4.491 Z58.793
G1 X63.197 Y4.730 Z56.145
G1 X63.197 Y4.730 Z53.555
G1 X63.145 Y4.970 Z50.916
G1 X63.145 Y4.970 Z48.327
G1 X63.167 Y8.093 Z45.352
G1 X63.112 Y8.094 Z42.772
G1 X63.136 Y9.582 Z39.689
G1 X62.959 Y9.777 Z36.973
G1 X62.661 Y11.854 Z33.876
G1 X62.454 Y13.042 Z30.861
G1 X62.639 Y15.329 Z27.512
G1 X62.432 Y17.880 Z24.138
G1 X62.454 Y19.582 Z21.027
G1 X62.444 Y19.759 Z18.167
G1 X62.410 Y19.933 Z15.246
G1 X62.389 Y19.980 Z12.615
G1 X62.386 Y20.055 Z10.068
G1 X62.388 Y20.177 Z7.485
G1 X62.386 Y20.232 Z4.888
G1 X62.381 Y20.233 Z2.258
G1 X62.418 Y20.227 Z-0.715
G1 X62.414 Y20.210 Z-3.536
G1 X62.376 Y20.206 Z-6.168
G1 X62.382 Y19.568 Z-8.818
G1 X62.383 Y19.450 Z-11.350
G1 X62.375 Y19.041 Z-13.931
G1 X62.380 Y18.685 Z-16.612
G1 X62.383 Y10.795 Z-19.385
G1 X63.214 Y9.592 Z-24.376
G1 X63.520 Y9.264 Z-27.220
G1 X63.225 Y8.002 Z-30.800
G1 X63.364 Y7.745 Z-33.472
G1 X63.402 Y7.610 Z-36.105
G1 X63.246 Y7.218 Z-38.855
G1 X63.438 Y7.131 Z-41.430
G1 X63.432 Y6.668 Z-44.116
G1 X63.384 Y6.451 Z-46.745
G1 X63.409 Y6.478 Z-49.326
G1 X63.391 Y6.381 Z-51.930
G1 X63.391 Y6.381 Z-54.519
G1 X63.458 Y6.074 Z-57.113
G1 X63.422 Y6.020 Z-59.712
G1 X63.414 Y6.360 Z-62.302
G1 X63.414 Y6.360 Z-64.892
G1 X63.505 Y6.474 Z-67.455
G1 X63.485 Y6.356 Z-70.054
G1 X63.482 Y6.312 Z-72.646
G1 X63.491 Y6.198 Z-75.235
G1 X63.491 Y6.198 Z-77.825
G1 X63.491 Y6.198 Z-80.414
G1 X61.102 Y6.215 Z-73.294
G1 X60.815 Y6.292 Z-75.965
G1 X60.485 Y6.244 Z-78.674
G1 X60.432 Y5.605 Z-81.288
F200.0
G0 X67.482 Y6.312 Z-90.773 ; Rapid move
F50.0
G1 X67.482 Y6.312 Z-90.773
G1 X67.482 Y6.312 Z-88.184
G1 X67.482 Y6.312 Z-85.594
G1 X67.479 Y6.349 Z-83.004
G1 X67.479 Y6.349 Z-80.415
G1 X67.415 Y6.469 Z-77.835
G1 X67.434 Y6.410 Z-75.244
G1 X67.465 Y6.193 Z-72.644
G1 X67.484 Y6.183 Z-70.051
G1 X67.498 Y6.303 Z-67.450
G1 X67.438 Y6.253 Z-64.878
G1 X67.438 Y6.253 Z-62.288
G1 X67.418 Y6.148 Z-59.709
G1 X67.499 Y6.336 Z-57.088
G1 X67.512 Y6.199 Z-54.504
G1 X67.301 Y6.369 Z-51.949
G1 X67.301 Y6.369 Z-49.359
G1 X67.327 Y6.497 Z-46.750
G1 X67.427 Y6.953 Z-44.061
G1 X67.480 Y7.192 Z-41.400
G1 X67.480 Y7.192 Z-38.810
G1 X67.480 Y7.143 Z-36.221
G1 X67.461 Y7.153 Z-33.633
G1 X67.461 Y7.153 Z-31.043
G1 X67.238 Y9.123 Z-27.436
G1 X67.031 Y10.449 Z-24.537
G1 X66.488 Y11.650 Z-19.868
G1 X66.376 Y18.435 Z-16.630
G1 X66.378 Y19.089 Z-13.931
G1 X66.381 Y19.446 Z-11.343
G1 X66.378 Y19.582 Z-8.793
G1 X66.408 Y20.132 Z-6.192
G1 X66.393 Y20.168 Z-3.508
G1 X66.464 Y20.230 Z-0.615
G1 X66.462 Y20.203 Z2.164
G1 X66.390 Y20.187 Z4.892
G1 X66.388 Y20.113 Z7.480
G1 X66.387 Y20.002 Z10.068
G1 X66.382 Y19.979 Z12.651
G1 X66.437 Y19.828 Z15.301
G1 X66.422 Y19.763 Z18.132
G1 X66.539 Y19.487 Z21.062
G1 X66.613 Y17.667 Z24.213
G1 X66.574 Y14.565 Z27.617
G1 X66.621 Y12.512 Z31.234
G1 X66.745 Y9.938 Z34.364
G1 X67.032 Y9.514 Z37.247
G1 X67.045 Y8.891 Z40.001
G1 X67.065 Y7.740 Z42.946
G1 X67.202 Y7.342 Z45.660
G1 X67.149 Y7.289 Z48.276
G1 X67.170 Y6.818 Z50.897
G1 X67.220 Y6.685 Z53.513
G1 X67.194 Y4.684 Z56.156
G1 X67.251 Y4.727 Z58.725
G1 X67.251 Y4.727 Z61.315
G1 X67.231 Y4.520 Z63.949
G1 X67.222 Y4.450 Z66.552
G1 X67.222 Y4.450 Z69.142
G1 X67.222 Y4.206 Z71.732
F200.0
G0 X71.229 Y4.517 Z71.719 ; Rapid move
F50.0
G1 X71.229 Y4.517 Z71.719
G1 X71.196 Y4.603 Z69.120
G1 X71.203 Y5.325 Z66.530
G1 X71.203 Y5.325 Z63.940
G1 X71.197 Y5.331 Z61.351
G1 X71.197 Y5.331 Z58.761
G1 X71.185 Y5.308 Z56.178
G1 X71.127 Y5.514 Z53.555
G1 X71.127 Y5.514 Z50.966
G1 X71.125 Y5.745 Z48.317
G1 X71.176 Y5.816 Z45.697
G1 X71.263 Y6.200 Z42.958
G1 X71.058 Y6.479 Z40.287
G1 X70.922 Y6.498 Z37.709
G1 X70.683 Y10.437 Z34.533
G1 X70.494 Y12.496 Z31.263
G1 X70.632 Y13.918 Z28.039
G1 X70.351 Y15.633 Z24.448
G1 X70.497 Y18.783 Z21.237
G1 X70.388 Y19.670 Z18.193
G1 X70.413 Y19.828 Z15.312
G1 X70.381 Y19.946 Z12.654
G1 X70.379 Y20.040 Z10.065
G1 X70.377 Y20.040 Z7.473
G1 X70.384 Y20.161 Z4.891
G1 X70.395 Y20.164 Z2.159
G1 X70.371 Y20.161 Z-0.619
G1 X70.352 Y20.143 Z-3.500
G1 X70.386 Y19.819 Z-6.228
G1 X70.378 Y19.583 Z-8.783
G1 X70.376 Y19.090 Z-11.330
G1 X70.374 Y18.889 Z-13.914
G1 X70.359 Y18.114 Z-16.723
G1 X70.837 Y11.270 Z-20.216
G1 X71.239 Y10.152 Z-24.539
G1 X71.187 Y9.704 Z-27.562
G1 X71.482 Y9.268 Z-30.398
G1 X71.544 Y8.476 Z-33.398
G1 X71.541 Y6.921 Z-36.258
G1 X71.479 Y7.048 Z-38.833
G1 X71.593 Y6.528 Z-41.456
G1 X71.593 Y6.528 Z-44.046
G1 X71.593 Y6.528 Z-46.636
G1 X71.614 Y6.814 Z-49.212
G1 X71.557 Y6.572 Z-51.859
G1 X71.480 Y6.356 Z-54.500
G1 X71.480 Y6.356 Z-57.090
G1 X71.480 Y6.356 Z-59.679
G1 X71.423 Y6.217 Z-62.293
G1 X71.423 Y6.217 Z-64.883
G1 X71.495 Y6.321 Z-67.448
G1 X71.447 Y6.130 Z-70.061
G1 X71.457 Y6.151 Z-72.648
G1 X71.459 Y6.267 Z-75.231
G1 X71.470 Y6.448 Z-77.801
G1 X71.534 Y6.469 Z-80.373
G1 X71.503 Y6.202 Z-82.993
G1 X71.487 Y6.057 Z-85.593
G1 X71.460 Y6.459 Z-88.183
G1 X71.429 Y6.108 Z-90.784
F200.0
G0 X75.551 Y6.158 Z-90.752 ; Rapid move
F50.0
G1 X75.551 Y6.158 Z-90.752
G1 X75.496 Y6.039 Z-88.181
G1 X75.447 Y6.144 Z-85.599
G1 X75.447 Y6.130 Z-83.009
G1 X75.423 Y6.217 Z-80.420
G1 X75.423 Y6.217 Z-77.831
G1 X75.553 Y6.122 Z-75.215
G1 X75.534 Y6.269 Z-72.621
G1 X75.534 Y6.269 Z-70.032
G1 X75.374 Y6.537 Z-67.446
G1 X75.453 Y6.475 Z-64.808
G1 X75.453 Y6.210 Z-62.218
G1 X75.453 Y6.210 Z-59.629
G1 X75.453 Y6.210 Z-57.039
G1 X75.453 Y6.210 Z-54.450
G1 X75.390 Y6.350 Z-51.847
G1 X75.266 Y6.388 Z-49.276
G1 X75.266 Y6.892 Z-46.686
G1 X75.311 Y6.915 Z-44.082
G1 X75.303 Y6.962 Z-41.484
G1 X75.265 Y7.787 Z-38.877
G1 X75.265 Y7.787 Z-36.287
G1 X75.265 Y7.787 Z-33.697
G1 X75.141 Y8.872 Z-30.714
G1 X75.088 Y8.226 Z-28.093
G1 X74.881 Y6.617 Z-25.571
G1 X74.752 Y12.566 Z-20.273
G1 X74.346 Y12.788 Z-16.949
G1 X74.345 Y18.776 Z-13.908
G1 X74.345 Y19.178 Z-11.331
G1 X74.345 Y19.532 Z-8.778
G1 X74.340 Y19.907 Z-6.199
G1 X74.339 Y20.053 Z-3.495
G1 X74.370 Y20.161 Z-0.643
G1 X74.341 Y20.074 Z2.142
G1 X74.347 Y20.036 Z4.845
G1 X74.350 Y20.012 Z7.463
G1 X74.356 Y19.920 Z10.077
G1 X74.360 Y19.882 Z12.680
G1 X74.366 Y19.766 Z15.393
G1 X74.422 Y19.489 Z18.487
G1 X74.481 Y18.674 Z21.314
G1 X74.433 Y14.818 Z24.538
G1 X74.847 Y12.053 Z28.363
G1 X74.804 Y11.724 Z31.365
G1 X74.477 Y9.764 Z34.661
G1 X74.513 Y9.235 Z37.454
G1 X74.579 Y7.644 Z40.302
G1 X74.736 Y7.329 Z43.018
G1 X74.731 Y6.849 Z45.711
G1 X74.905 Y5.660 Z48.372
G1 X75.076 Y5.410 Z50.997
G1 X75.106 Y5.442 Z53.575
G1 X75.145 Y5.226 Z56.200
G1 X75.145 Y5.226 Z58.789
G1 X75.149 Y5.223 Z61.379
G1 X75.175 Y5.211 Z63.966
G1 X75.175 Y5.211 Z66.555
G1 X75.175 Y5.211 Z69.145
G1 X75.262 Y4.204 Z71.725
F200.0
G0 X78.973 Y3.870 Z71.754 ; Rapid move
F50.0
G1 X78.973 Y3.870 Z71.754
G1 X78.832 Y4.017 Z69.153
G1 X78.820 Y4.043 Z66.559
G1 X78.905 Y3.904 Z63.988
G1 X78.884 Y5.177 Z61.397
G1 X78.864 Y5.346 Z58.804
G1 X78.752 Y5.419 Z56.211
G1 X78.634 Y5.992 Z53.641
G1 X78.634 Y6.265 Z51.052
G1 X78.614 Y6.630 Z48.427
G1 X78.352 Y7.251 Z45.733
G1 X78.343 Y7.477 Z43.064
G1 X78.286 Y7.528 Z40.455
G1 X78.350 Y9.168 Z37.626
G1 X78.358 Y9.356 Z34.932
G1 X78.351 Y11.533 Z31.438
G1 X78.289 Y11.953 Z28.540
G1 X78.359 Y14.564 Z24.500
G1 X78.331 Y18.153 Z21.152
G1 X78.422 Y19.460 Z18.381
G1 X78.396 Y19.552 Z15.315
G1 X78.365 Y19.840 Z12.720
G1 X78.284 Y19.917 Z10.146
G1 X78.293 Y19.970 Z7.492
G1 X78.289 Y20.072 Z4.856
G1 X78.321 Y20.074 Z2.083
G1 X78.412 Y20.070 Z-0.637
G1 X78.314 Y20.058 Z-3.436
G1 X78.280 Y19.911 Z-6.169
G1 X78.286 Y19.532 Z-8.775
G1 X78.279 Y19.321 Z-11.353
G1 X78.293 Y18.814 Z-13.914
G1 X78.360 Y13.032 Z-16.899
G1 X78.121 Y12.120 Z-21.000
G1 X78.014 Y9.684 Z-24.883
G1 X78.003 Y8.343 Z-28.335
G1 X78.409 Y7.735 Z-31.154
G1 X78.409 Y7.735 Z-33.743
G1 X78.660 Y7.731 Z-36.323
G1 X78.670 Y7.413 Z-38.992
G1 X78.646 Y5.146 Z-41.628
G1 X78.646 Y5.146 Z-44.217
G1 X78.570 Y4.885 Z-46.849
G1 X78.649 Y4.665 Z-49.454
G1 X78.820 Y4.808 Z-52.017
G1 X78.659 Y4.633 Z-54.635
G1 X78.726 Y4.631 Z-57.220
G1 X79.125 Y5.003 Z-59.722
G1 X79.200 Y5.028 Z-62.295
G1 X79.200 Y5.389 Z-64.885
G1 X79.205 Y5.541 Z-67.448
G1 X79.176 Y5.210 Z-70.091
G1 X79.142 Y5.111 Z-72.697
G1 X79.142 Y5.603 Z-75.286
G1 X79.134 Y5.676 Z-77.870
G1 X79.134 Y5.862 Z-80.460
G1 X79.132 Y6.041 Z-83.027
G1 X79.135 Y5.676 Z-85.639
G1 X79.119 Y5.991 Z-88.216
G1 X79.119 Y5.991 Z-90.805
F200.0
G0 X82.870 Y3.939 Z-90.881 ; Rapid move
F50.0
G1 X82.870 Y3.939 Z-90.881
G1 X82.856 Y4.005 Z-88.291
G1 X81.865 Y4.267 Z-75.773
G1 X81.953 Y3.971 Z-73.159
G1 X81.953 Y3.971 Z-70.569
G1 X82.043 Y4.352 Z-67.972
G1 X82.306 Y5.338 Z-75.371
G1 X82.306 Y5.338 Z-72.781
G1 X82.309 Y5.559 Z-70.179
G1 X82.309 Y5.559 Z-67.589
G1 X82.391 Y5.679 Z-64.988
G1 X82.233 Y5.732 Z-62.392
G1 X82.215 Y5.813 Z-59.792
G1 X82.264 Y5.900 Z-57.191
G1 X82.264 Y5.900 Z-54.601
G1 X82.264 Y5.900 Z-52.011
G1 X82.264 Y5.900 Z-49.422
G1 X82.264 Y5.900 Z-46.832
G1 X82.168 Y7.415 Z-44.177
G1 X82.106 Y7.501 Z-41.566
G1 X82.057 Y7.650 Z-38.935
G1 X82.035 Y7.792 Z-36.303
G1 X82.067 Y7.850 Z-33.697
G1 X82.087 Y8.136 Z-31.007
G1 X82.006 Y8.382 Z-28.310
G1 X82.191 Y9.622 Z-24.932
G1 X81.557 Y10.597 Z-21.105
G1 X82.274 Y12.603 Z-17.186
G1 X82.260 Y18.922 Z-14.053
G1 X82.261 Y19.321 Z-11.351
G1 X82.260 Y19.526 Z-8.774
G1 X82.259 Y19.808 Z-6.188
G1 X82.362 Y20.061 Z-3.399
G1 X82.301 Y20.068 Z-0.696
G1 X82.320 Y20.074 Z2.113
G1 X82.275 Y20.070 Z4.910
G1 X82.305 Y20.001 Z7.578
G1 X82.322 Y19.863 Z10.174
G1 X82.350 Y19.863 Z12.765
G1 X82.433 Y19.546 Z15.403
G1 X82.502 Y19.440 Z18.162
G1 X82.414 Y19.049 Z21.129
G1 X82.275 Y14.517 Z24.629
G1 X82.163 Y13.568 Z27.746
G1 X82.214 Y11.451 Z31.611
G1 X82.333 Y11.042 Z34.560
G1 X82.310 Y8.000 Z37.651
G1 X82.345 Y7.700 Z40.383
G1 X82.438 Y7.234 Z43.148
G1 X82.388 Y7.100 Z45.779
G1 X82.344 Y6.134 Z48.442
G1 X82.295 Y6.011 Z51.058
G1 X82.295 Y6.011 Z53.648
G1 X82.325 Y6.018 Z56.236
G1 X82.319 Y6.011 Z58.827
G1 X82.319 Y6.011 Z61.417
G1 X82.293 Y5.702 Z64.022
G1 X82.332 Y5.623 Z66.626
G1 X82.332 Y5.623 Z69.216
G1 X82.300 Y5.108 Z71.806
F200.0
G0 X86.188 Y5.033 Z71.817 ; Rapid move
F50.0
G1 X86.188 Y5.033 Z71.817
G1 X86.223 Y5.137 Z69.211
G1 X86.216 Y5.147 Z66.619
G1 X86.216 Y5.658 Z64.029
G1 X86.198 Y5.702 Z61.431
G1 X86.250 Y5.797 Z58.824
G1 X86.270 Y5.821 Z56.230
G1 X86.269 Y6.610 Z53.607
G1 X86.323 Y6.700 Z50.994
G1 X86.340 Y6.938 Z48.335
G1 X86.353 Y6.945 Z45.744
G1 X86.286 Y8.346 Z42.876
G1 X86.344 Y8.383 Z40.268
G1 X86.381 Y9.768 Z37.271
G1 X86.334 Y10.738 Z34.463
G1 X86.288 Y10.993 Z31.645
G1 X86.206 Y13.894 Z27.966
G1 X86.376 Y16.718 Z24.312
G1 X86.379 Y18.689 Z21.203
G1 X86.379 Y19.401 Z18.204
G1 X86.358 Y19.572 Z15.414
G1 X86.358 Y19.862 Z12.785
G1 X86.317 Y20.000 Z10.185
G1 X86.309 Y20.115 Z7.583
G1 X86.312 Y20.119 Z4.894
G1 X86.218 Y20.178 Z2.040
G1 X86.209 Y20.171 Z-0.732
G1 X86.253 Y20.110 Z-3.384
G1 X86.274 Y19.811 Z-6.158
G1 X86.270 Y19.809 Z-8.771
G1 X86.262 Y19.526 Z-11.348
G1 X86.200 Y19.053 Z-14.064
G1 X86.175 Y13.019 Z-16.930
G1 X86.305 Y12.771 Z-20.390
G1 X86.306 Y9.684 Z-25.037
G1 X86.275 Y8.759 Z-28.228
G1 X86.226 Y8.198 Z-31.057
G1 X86.200 Y8.047 Z-33.698
G1 X86.133 Y8.049 Z-36.284
G1 X86.142 Y7.033 Z-38.994
G1 X86.214 Y6.914 Z-41.611
G1 X86.214 Y6.914 Z-44.201
G1 X86.213 Y6.120 Z-46.793
G1 X86.213 Y6.120 Z-49.383
G1 X86.184 Y5.998 Z-51.994
G1 X86.192 Y5.893 Z-54.601
G1 X86.192 Y5.893 Z-57.190
G1 X86.165 Y5.816 Z-59.790
G1 X86.165 Y5.816 Z-62.380
G1 X86.165 Y5.816 Z-64.970
G1 X86.165 Y5.816 Z-67.559
G1 X86.199 Y5.739 Z-70.159
G1 X86.199 Y5.672 Z-72.749
G1 X86.212 Y5.527 Z-75.354
G1 X86.174 Y5.516 Z-77.944
G1 X86.174 Y5.516 Z-80.533
G1 X86.174 Y5.516 Z-83.123
G1 X86.191 Y5.340 Z-85.725
G1 X86.191 Y5.340 Z-88.315
G1 X86.191 Y3.953 Z-90.904
F200.0
G0 X90.071 Y5.158 Z-90.895 ; Rapid move
F50.0
G1 X90.071 Y5.158 Z-90.895
G1 X90.067 Y5.557 Z-88.294
G1 X90.067 Y5.557 Z-85.704
G1 X90.094 Y5.515 Z-83.120
G1 X90.094 Y5.515 Z-80.530
G1 X90.094 Y5.515 Z-77.941
G1 X90.109 Y5.689 Z-75.334
G1 X90.109 Y5.689 Z-72.744
G1 X90.109 Y5.689 Z-70.154
G1 X90.123 Y5.740 Z-67.559
G1 X90.123 Y5.740 Z-64.969
G1 X90.181 Y5.934 Z-62.352
G1 X90.181 Y5.934 Z-59.762
G1 X90.181 Y5.934 Z-57.173
G1 X90.209 Y5.985 Z-54.575
G1 X90.209 Y5.985 Z-51.985
G1 X90.209 Y5.985 Z-49.395
G1 X90.100 Y5.997 Z-46.800
G1 X90.100 Y6.845 Z-44.210
G1 X90.100 Y7.156 Z-41.553
G1 X90.100 Y7.970 Z-38.963
G1 X90.111 Y8.258 Z-36.292
G1 X90.139 Y8.415 Z-33.651
G1 X90.198 Y8.747 Z-30.932
G1 X90.339 Y9.067 Z-28.190
G1 X90.634 Y10.668 Z-24.613
G1 X90.074 Y11.400 Z-21.043
G1 X90.104 Y12.315 Z-17.089
G1 X90.215 Y18.777 Z-14.082
G1 X90.270 Y19.424 Z-11.347
G1 X90.266 Y19.809 Z-8.768
G1 X90.274 Y20.154 Z-6.140
G1 X90.186 Y20.174 Z-3.408
G1 X90.175 Y20.179 Z-0.741
G1 X90.200 Y20.187 Z2.087
G1 X90.248 Y20.187 Z4.845
G1 X90.250 Y20.175 Z7.530
G1 X90.263 Y19.996 Z10.255
G1 X90.336 Y19.976 Z12.852
G1 X90.379 Y19.690 Z15.388
G1 X90.270 Y19.280 Z18.317
G1 X90.422 Y18.081 Z21.287
G1 X90.397 Y15.277 Z24.608
G1 X90.266 Y13.396 Z27.939
G1 X90.333 Y10.835 Z31.790
G1 X90.344 Y9.768 Z34.682
G1 X90.270 Y9.239 Z37.300
G1 X90.315 Y9.217 Z39.906
G1 X90.176 Y7.105 Z43.098
G1 X90.133 Y7.000 Z45.722
G1 X90.174 Y6.856 Z48.359
G1 X90.090 Y5.480 Z50.989
G1 X90.130 Y5.311 Z53.621
G1 X90.142 Y5.134 Z56.248
G1 X90.142 Y5.134 Z58.838
G1 X90.090 Y5.151 Z61.422
G1 X90.090 Y5.151 Z64.012
G1 X90.090 Y5.151 Z66.601
G1 X90.202 Y4.192 Z69.240
G1 X90.225 Y4.115 Z71.840
F200.0
G0 X94.118 Y4.361 Z71.801 ; Rapid move
F50.0
G1 X94.118 Y4.361 Z71.801
G1 X94.118 Y4.361 Z69.212
G1 X94.118 Y4.361 Z66.622
G1 X94.118 Y5.043 Z64.033
G1 X94.053 Y5.110 Z61.428
G1 X94.053 Y5.110 Z58.838
G1 X94.005 Y5.213 Z56.226
G1 X94.089 Y5.440 Z53.588
G1 X94.026 Y5.995 Z50.981
G1 X94.173 Y6.211 Z48.336
G1 X94.173 Y6.211 Z45.746
G1 X94.178 Y6.905 Z43.137
G1 X94.373 Y8.287 Z40.249
G1 X94.373 Y8.671 Z37.440
G1 X94.352 Y10.151 Z34.542
G1 X94.514 Y10.493 Z31.650
G1 X94.594 Y13.322 Z28.255
G1 X94.394 Y16.391 Z24.250
G1 X94.434 Y18.970 Z21.246
G1 X94.381 Y19.174 Z18.417
G1 X94.385 Y19.679 Z15.533
G1 X94.344 Y20.027 Z12.923
G1 X94.279 Y20.076 Z10.299
G1 X94.244 Y20.181 Z7.589
G1 X94.255 Y20.189 Z4.851
G1 X94.276 Y20.191 Z2.114
G1 X94.254 Y20.226 Z-0.611
G1 X94.270 Y20.173 Z-3.458
G1 X94.256 Y20.168 Z-6.106
G1 X94.245 Y19.820 Z-8.751
G1 X94.240 Y19.420 Z-11.382
G1 X94.239 Y18.842 Z-14.045
G1 X94.343 Y12.624 Z-16.924
G1 X94.295 Y11.825 Z-20.080
G1 X94.424 Y10.841 Z-24.435
G1 X94.260 Y9.471 Z-28.138
G1 X94.202 Y6.127 Z-31.176
G1 X94.138 Y5.968 Z-33.804
G1 X94.165 Y5.912 Z-36.407
G1 X94.132 Y5.766 Z-39.026
G1 X94.110 Y5.769 Z-41.614
G1 X94.110 Y5.769 Z-44.204
G1 X94.110 Y5.769 Z-46.794
G1 X94.110 Y5.769 Z-49.383
G1 X94.186 Y5.649 Z-51.997
G1 X94.112 Y5.581 Z-54.595
G1 X94.102 Y5.332 Z-57.216
G1 X94.102 Y5.332 Z-59.806
G1 X94.102 Y5.332 Z-62.396
G1 X94.102 Y5.332 Z-64.985
G1 X94.102 Y5.332 Z-67.575
G1 X94.102 Y5.332 Z-70.164
G1 X94.129 Y5.079 Z-72.775
G1 X94.143 Y4.868 Z-75.371
G1 X94.143 Y4.868 Z-77.961
G1 X94.143 Y4.868 Z-80.551
G1 X94.143 Y4.868 Z-83.140
G1 X94.143 Y4.868 Z-85.730
G1 X94.143 Y4.910 Z-88.319
G1 X94.143 Y4.910 Z-90.909
F200.0
G0 X98.122 Y4.858 Z-90.908 ; Rapid move
F50.0
G1 X98.122 Y4.858 Z-90.908
G1 X98.122 Y4.858 Z-88.319
G1 X98.122 Y4.858 Z-85.729
G1 X98.122 Y4.858 Z-83.139
G1 X98.144 Y4.828 Z-80.551
G1 X98.189 Y4.982 Z-77.960
G1 X98.189 Y4.982 Z-75.370
G1 X98.189 Y4.982 Z-72.781
G1 X98.189 Y4.982 Z-70.191
G1 X98.189 Y4.982 Z-67.601
G1 X98.189 Y4.982 Z-65.012
G1 X98.189 Y4.982 Z-62.422
G1 X98.189 Y4.982 Z-59.833
G1 X98.176 Y5.219 Z-57.229
G1 X98.176 Y5.219 Z-54.640
G1 X98.176 Y5.219 Z-52.050
G1 X98.176 Y5.219 Z-49.460
G1 X98.176 Y5.219 Z-46.871
G1 X98.176 Y5.219 Z-44.281
G1 X98.153 Y5.512 Z-41.659
G1 X98.108 Y5.538 Z-39.063
G1 X98.242 Y6.061 Z-36.373
G1 X98.242 Y6.061 Z-33.784
G1 X98.346 Y6.300 Z-31.127
G1 X98.271 Y10.700 Z-27.770
G1 X97.984 Y11.587 Z-24.314
G1 X98.230 Y12.419 Z-20.266
G1 X98.251 Y12.606 Z-17.017
G1 X98.246 Y19.130 Z-14.082
G1 X98.251 Y19.422 Z-11.365
G1 X98.256 Y19.868 Z-8.764
G1 X98.260 Y20.169 Z-6.099
G1 X98.297 Y20.215 Z-3.425
G1 X98.326 Y20.228 Z-0.578
G1 X98.340 Y20.229 Z2.121
G1 X98.276 Y20.228 Z4.818
G1 X98.243 Y20.182 Z7.571
G1 X98.239 Y20.112 Z10.323
G1 X98.236 Y20.068 Z12.968
G1 X98.353 Y20.018 Z15.607
G1 X98.477 Y19.174 Z18.402
G1 X98.424 Y19.009 Z21.162
G1 X98.345 Y14.769 Z24.350
G1 X98.452 Y14.273 Z28.034
G1 X98.290 Y11.825 Z31.391
G1 X98.291 Y10.126 Z34.562
G1 X98.212 Y7.948 Z37.611
G1 X98.268 Y7.498 Z40.416
G1 X98.310 Y7.380 Z43.053
G1 X98.151 Y6.201 Z45.748
G1 X98.198 Y5.921 Z48.418
G1 X98.196 Y5.365 Z51.021
G1 X98.196 Y5.365 Z53.611
G1 X98.188 Y5.256 Z56.225
G1 X98.188 Y4.870 Z58.815
G1 X98.147 Y4.458 Z61.427
G1 X98.160 Y4.410 Z64.025
G1 X98.160 Y3.788 Z66.615
G1 X98.160 Y3.788 Z69.205
G1 X98.162 Y3.785 Z71.795
F200.0
G0 X102.141 Y3.713 Z71.806 ; Rapid move
F50.0
G1 X102.141 Y3.713 Z71.806
G1 X102.178 Y3.771 Z69.208
G1 X102.178 Y3.771 Z66.618
G1 X102.197 Y4.892 Z63.989
G1 X102.216 Y4.939 Z61.390
G1 X102.216 Y4.939 Z58.800
G1 X102.207 Y4.948 Z56.208
G1 X102.215 Y4.952 Z53.618
G1 X102.178 Y5.830 Z51.001
G1 X102.170 Y6.011 Z48.361
G1 X102.201 Y5.992 Z45.778
G1 X102.250 Y6.038 Z43.175
G1 X102.295 Y6.560 Z40.396
G1 X102.355 Y8.760 Z37.481
G1 X102.409 Y8.998 Z34.736
G1 X102.183 Y11.733 Z31.486
G1 X102.420 Y13.178 Z28.341
G1 X102.327 Y15.479 Z24.673
G1 X102.398 Y19.017 Z21.116
G1 X102.385 Y19.152 Z18.443
G1 X102.323 Y20.046 Z15.760
G1 X102.244 Y20.130 Z13.052
G1 X102.240 Y20.147 Z10.280
G1 X102.279 Y20.159 Z7.477
G1 X102.266 Y20.228 Z4.818
G1 X102.254 Y20.313 Z2.095
G1 X102.277 Y20.311 Z-0.623
G1 X102.263 Y20.298 Z-3.440
G1 X102.258 Y20.208 Z-6.095
G1 X102.218 Y19.947 Z-8.742
G1 X102.218 Y19.642 Z-11.365
G1 X102.254 Y19.128 Z-14.098
G1 X102.217 Y17.939 Z-16.902
G1 X102.312 Y11.548 Z-20.285
G1 X102.437 Y10.831 Z-24.190
G1 X102.156 Y8.542 Z-28.104
G1 X102.142 Y7.948 Z-30.981
G1 X102.169 Y7.736 Z-33.652
G1 X102.149 Y7.491 Z-36.321
G1 X102.204 Y7.279 Z-38.970
G1 X102.204 Y7.279 Z-41.560
G1 X102.059 Y6.813 Z-44.237
G1 X102.043 Y6.651 Z-46.847
G1 X102.127 Y6.546 Z-49.452
G1 X102.086 Y6.542 Z-52.040
G1 X102.086 Y6.542 Z-54.630
G1 X102.086 Y6.542 Z-57.219
G1 X102.086 Y6.542 Z-59.809
G1 X102.033 Y5.143 Z-62.406
G1 X102.033 Y5.143 Z-64.996
G1 X102.033 Y5.143 Z-67.585
G1 X102.033 Y5.143 Z-70.175
G1 X102.097 Y5.116 Z-72.770
G1 X102.097 Y5.116 Z-75.359
G1 X102.097 Y5.116 Z-77.949
G1 X102.043 Y4.973 Z-80.543
G1 X102.043 Y4.973 Z-83.133
G1 X102.584 Y4.841 Z-75.740
G1 X102.584 Y4.841 Z-78.330
G1 X102.584 Y4.841 Z-80.920
F200.0
G0 X106.082 Y5.225 Z-90.888 ; Rapid move
F50.0
G1 X106.082 Y5.225 Z-90.888
G1 X106.072 Y5.365 Z-88.284
G1 X106.072 Y5.365 Z-85.694
G1 X106.072 Y5.506 Z-83.105
G1 X106.072 Y5.506 Z-80.515
G1 X106.072 Y5.506 Z-77.925
G1 X106.072 Y5.506 Z-75.336
G1 X106.102 Y5.717 Z-72.719
G1 X106.102 Y5.717 Z-70.129
G1 X106.009 Y5.611 Z-67.550
G1 X106.151 Y6.130 Z-64.935
G1 X106.151 Y6.130 Z-62.345
G1 X106.040 Y5.702 Z-59.770
G1 X106.040 Y5.702 Z-57.180
G1 X106.067 Y6.046 Z-54.587
G1 X106.067 Y6.046 Z-51.997
G1 X106.089 Y7.066 Z-49.341
G1 X106.129 Y7.126 Z-46.739
G1 X106.062 Y7.254 Z-44.113
G1 X106.150 Y7.463 Z-41.464
G1 X106.205 Y7.510 Z-38.861
G1 X106.175 Y7.603 Z-36.238
G1 X106.122 Y7.841 Z-33.612
G1 X106.032 Y8.991 Z-30.859
G1 X106.505 Y9.634 Z-27.909
G1 X106.164 Y10.321 Z-24.765
G1 X106.175 Y11.241 Z-20.964
G1 X106.254 Y11.707 Z-17.166
G1 X106.199 Y19.026 Z-14.017
G1 X106.206 Y19.645 Z-11.375
G1 X106.213 Y19.951 Z-8.698
G1 X106.235 Y20.186 Z-6.065
G1 X106.245 Y20.318 Z-3.494
G1 X106.173 Y20.335 Z-0.590
G1 X106.226 Y20.338 Z2.107
G1 X106.268 Y20.313 Z4.805
G1 X106.273 Y20.203 Z7.514
G1 X106.261 Y20.188 Z10.338
G1 X106.244 Y20.174 Z13.064
G1 X106.265 Y20.116 Z15.759
G1 X106.294 Y18.971 Z18.497
G1 X106.342 Y18.776 Z21.388
G1 X106.342 Y16.297 Z24.149
G1 X106.363 Y13.793 Z27.861
G1 X106.367 Y12.571 Z31.228
G1 X106.334 Y9.217 Z34.576
G1 X106.364 Y8.885 Z37.402
G1 X106.287 Y6.748 Z40.280
G1 X106.326 Y6.460 Z43.001
G1 X106.224 Y5.898 Z45.787
G1 X106.260 Y5.893 Z48.379
G1 X106.250 Y5.225 Z51.010
G1 X106.250 Y5.225 Z53.599
G1 X106.210 Y5.153 Z56.205
G1 X106.202 Y3.968 Z58.811
G1 X106.128 Y2.526 Z61.436
G1 X106.128 Y2.526 Z64.026
G1 X106.121 Y2.454 Z66.627
G1 X106.121 Y2.454 Z69.217
G1 X106.122 Y2.444 Z71.808
F200.0
G0 X110.103 Y0.682 Z71.827 ; Rapid move
F50.0
G1 X110.103 Y0.682 Z71.827
G1 X110.103 Y1.760 Z69.238
G1 X110.104 Y1.758 Z66.648
G1 X110.104 Y1.758 Z64.059
G1 X110.169 Y2.048 Z61.424
G1 X110.171 Y2.051 Z58.834
G1 X110.188 Y2.687 Z56.227
G1 X110.207 Y5.086 Z53.608
G1 X110.207 Y5.086 Z51.018
G1 X110.243 Y5.185 Z48.405
G1 X110.262 Y5.280 Z45.816
G1 X110.357 Y6.843 Z42.975
G1 X110.341 Y7.142 Z40.243
G1 X110.396 Y7.331 Z37.549
G1 X110.348 Y10.855 Z34.315
G1 X110.658 Y13.220 Z30.961
G1 X110.432 Y15.248 Z27.675
G1 X110.292 Y17.021 Z24.368
G1 X110.322 Y18.587 Z21.300
G1 X110.383 Y18.965 Z18.533
G1 X110.328 Y19.989 Z15.780
G1 X110.315 Y20.165 Z13.144
G1 X110.370 Y20.208 Z10.295
G1 X110.301 Y20.284 Z7.470
G1 X110.263 Y20.338 Z4.802
G1 X110.266 Y20.339 Z2.156
G1 X110.350 Y20.335 Z-0.638
G1 X110.305 Y20.324 Z-3.430
G1 X110.228 Y20.205 Z-6.039
G1 X110.228 Y19.726 Z-8.614
G1 X110.201 Y19.712 Z-11.347
G1 X110.214 Y19.465 Z-14.055
G1 X110.317 Y11.874 Z-17.093
G1 X110.439 Y11.383 Z-20.979
G1 X110.575 Y8.881 Z-25.197
G1 X110.278 Y7.976 Z-28.321
G1 X110.244 Y6.840 Z-31.090
G1 X110.269 Y6.844 Z-33.678
G1 X110.257 Y6.731 Z-36.304
G1 X110.312 Y6.617 Z-38.928
G1 X110.312 Y6.617 Z-41.518
G1 X110.226 Y6.492 Z-44.140
G1 X110.226 Y6.492 Z-46.730
G1 X110.226 Y6.492 Z-49.320
G1 X110.204 Y6.452 Z-51.919
G1 X110.204 Y6.452 Z-54.509
G1 X110.224 Y6.399 Z-57.112
G1 X110.224 Y6.399 Z-59.701
G1 X110.166 Y6.363 Z-62.298
G1 X110.124 Y5.906 Z-64.969
G1 X110.124 Y5.906 Z-67.558
G1 X110.124 Y5.906 Z-70.148
G1 X110.100 Y5.485 Z-72.750
G1 X110.100 Y5.485 Z-75.339
G1 X110.069 Y5.704 Z-77.898
G1 X110.069 Y5.704 Z-80.488
G1 X110.046 Y4.023 Z-83.126
G1 X110.046 Y4.023 Z-85.716
G1 X110.046 Y4.023 Z-88.305
G1 X110.046 Y4.023 Z-90.895
F200.0
G0 X114.531 Y3.769 Z-80.917 ; Rapid move
F50.0
G1 X114.531 Y3.769 Z-80.917
G1 X114.531 Y3.769 Z-78.328
G1 X114.531 Y3.769 Z-75.738
G1 X114.531 Y3.769 Z-73.148
G1 X114.531 Y3.769 Z-70.559
G1 X114.531 Y3.769 Z-67.969
G1 X114.531 Y3.769 Z-65.380
G1 X114.106 Y3.847 Z-72.778
G1 X114.106 Y3.847 Z-70.189
G1 X114.106 Y3.847 Z-67.599
G1 X114.115 Y5.680 Z-64.951
G1 X114.064 Y5.626 Z-62.367
G1 X114.054 Y5.811 Z-59.752
G1 X114.054 Y5.811 Z-57.163
G1 X114.045 Y6.090 Z-54.514
G1 X114.071 Y6.142 Z-51.914
G1 X114.088 Y6.162 Z-49.320
G1 X114.088 Y6.162 Z-46.730
G1 X114.173 Y6.153 Z-44.146
G1 X114.135 Y6.229 Z-41.535
G1 X114.182 Y6.261 Z-38.939
G1 X114.135 Y6.636 Z-36.330
G1 X114.135 Y6.636 Z-33.740
G1 X114.135 Y6.636 Z-31.150
G1 X114.090 Y9.104 Z-27.952
G1 X114.091 Y10.385 Z-24.752
G1 X114.146 Y11.317 Z-21.092
G1 X114.387 Y11.862 Z-17.143
G1 X114.240 Y19.567 Z-14.080
G1 X114.266 Y19.714 Z-11.333
G1 X114.266 Y19.901 Z-8.642
G1 X114.251 Y20.208 Z-6.004
G1 X114.277 Y20.324 Z-3.402
G1 X114.288 Y20.368 Z-0.659
G1 X114.273 Y20.371 Z2.042
G1 X114.320 Y20.371 Z4.840
G1 X114.312 Y20.330 Z7.582
G1 X114.399 Y20.211 Z10.255
G1 X114.337 Y20.164 Z13.151
G1 X114.333 Y19.874 Z15.811
G1 X114.375 Y19.335 Z18.479
G1 X114.364 Y18.594 Z21.217
G1 X114.393 Y17.158 Z24.591
G1 X114.487 Y14.528 Z27.879
G1 X114.650 Y13.061 Z30.701
G1 X114.190 Y7.803 Z34.796
G1 X114.022 Y7.000 Z37.601
G1 X114.013 Y6.408 Z40.348
G1 X114.156 Y6.141 Z43.052
G1 X114.233 Y5.826 Z45.754
G1 X114.163 Y5.310 Z48.368
G1 X114.114 Y2.826 Z51.013
G1 X114.125 Y2.704 Z53.632
G1 X114.125 Y2.704 Z56.221
G1 X114.246 Y2.454 Z58.862
G1 X114.246 Y2.454 Z61.451
G1 X114.246 Y2.454 Z64.041
G1 X114.246 Y2.454 Z66.631
G1 X114.246 Y2.454 Z69.220
G1 X114.246 Y2.454 Z71.810
F200.0
G0 X118.227 Y2.415 Z71.816 ; Rapid move
F50.0
G1 X118.227 Y2.415 Z71.816
G1 X118.227 Y2.415 Z69.226
G1 X118.241 Y2.447 Z66.632
G1 X118.241 Y2.447 Z64.042
G1 X118.241 Y2.447 Z61.452
G1 X118.199 Y2.518 Z58.850
G1 X118.164 Y3.926 Z56.204
G1 X118.158 Y4.118 Z53.565
G1 X118.119 Y4.227 Z50.943
G1 X118.213 Y5.786 Z48.358
G1 X118.150 Y6.280 Z45.695
G1 X118.166 Y6.956 Z43.012
G1 X118.150 Y3.302 Z40.515
G1 X118.190 Y7.502 Z37.569
G1 X118.666 Y10.659 Z34.310
G1 X118.428 Y12.870 Z31.042
G1 X118.367 Y13.658 Z27.925
G1 X118.454 Y17.281 Z24.210
G1 X118.396 Y18.618 Z21.209
G1 X118.373 Y18.920 Z18.485
G1 X118.335 Y19.848 Z15.968
G1 X118.307 Y20.063 Z13.464
G1 X118.132 Y20.367 Z10.443
G1 X118.185 Y20.398 Z7.617
G1 X118.248 Y20.414 Z4.768
G1 X118.235 Y20.440 Z1.994
G1 X118.247 Y20.430 Z-0.811
G1 X118.230 Y20.400 Z-3.407
G1 X118.240 Y20.317 Z-5.983
G1 X118.235 Y19.905 Z-8.594
G1 X118.201 Y19.855 Z-11.320
G1 X118.224 Y19.406 Z-14.049
G1 X118.125 Y11.763 Z-17.147
G1 X118.376 Y11.087 Z-21.317
G1 X118.710 Y10.331 Z-24.790
G1 X118.377 Y9.711 Z-27.700
G1 X118.310 Y8.966 Z-30.773
G1 X118.119 Y7.337 Z-33.608
G1 X118.062 Y6.835 Z-36.357
G1 X118.086 Y6.791 Z-38.959
G1 X118.132 Y6.627 Z-41.590
G1 X118.046 Y6.516 Z-44.198
G1 X118.032 Y6.525 Z-46.786
G1 X118.032 Y6.525 Z-49.375
G1 X118.043 Y5.653 Z-52.004
G1 X118.074 Y5.534 Z-54.611
G1 X118.145 Y5.319 Z-57.227
G1 X118.145 Y5.319 Z-59.816
G1 X118.106 Y5.335 Z-62.403
G1 X118.106 Y5.335 Z-64.993
G1 X118.144 Y2.618 Z-67.599
G1 X118.144 Y2.618 Z-70.188
G1 X118.476 Y2.509 Z-62.788
G1 X118.476 Y2.509 Z-65.378
G1 X118.144 Y3.770 Z-77.957
G1 X118.144 Y3.770 Z-80.547
G1 X118.490 Y3.610 Z-73.147
G1 X118.490 Y3.610 Z-75.736
G1 X118.442 Y4.081 Z-78.351
G1 X118.442 Y4.081 Z-80.940
F200.0
G0 X122.162 Y3.787 Z-90.905 ; Rapid move
F50.0
G1 X122.162 Y3.787 Z-90.905
G1 X122.162 Y3.787 Z-88.316
G1 X122.162 Y3.787 Z-85.726
G1 X122.162 Y3.787 Z-83.136
G1 X122.155 Y3.677 Z-80.550
G1 X122.155 Y3.677 Z-77.960
G1 X122.155 Y3.677 Z-75.371
G1 X122.155 Y3.677 Z-72.781
G1 X122.129 Y4.844 Z-70.176
G1 X122.128 Y5.317 Z-67.574
G1 X122.128 Y5.317 Z-64.985
G1 X122.128 Y5.317 Z-62.395
G1 X122.128 Y5.317 Z-59.805
G1 X122.181 Y5.511 Z-57.193
G1 X122.181 Y5.511 Z-54.603
G1 X122.181 Y5.511 Z-52.014
G1 X122.181 Y5.511 Z-49.424
G1 X122.170 Y5.693 Z-46.804
G1 X122.170 Y5.806 Z-44.214
G1 X122.088 Y6.108 Z-41.556
G1 X122.164 Y6.333 Z-38.908
G1 X122.164 Y6.333 Z-36.319
G1 X122.169 Y7.197 Z-33.661
G1 X122.142 Y7.276 Z-31.043
G1 X122.220 Y9.659 Z-27.757
G1 X122.282 Y10.433 Z-24.446
G1 X122.553 Y11.276 Z-20.476
G1 X122.068 Y17.087 Z-16.985
G1 X122.212 Y19.718 Z-14.225
G1 X122.270 Y19.849 Z-11.380
G1 X122.230 Y20.059 Z-8.606
G1 X122.249 Y20.333 Z-5.960
G1 X122.291 Y20.430 Z-3.404
G1 X122.352 Y20.437 Z-0.695
G1 X122.345 Y20.441 Z2.013
G1 X122.293 Y20.443 Z4.726
G1 X122.154 Y20.418 Z7.471
G1 X122.118 Y20.398 Z10.366
G1 X122.279 Y20.073 Z13.481
G1 X122.255 Y19.751 Z16.166
G1 X122.304 Y18.822 Z18.438
G1 X122.397 Y18.578 Z21.137
G1 X122.296 Y17.510 Z24.221
G1 X122.339 Y15.884 Z27.604
G1 X122.212 Y13.421 Z30.887
G1 X122.123 Y11.605 Z33.917
G1 X122.230 Y8.508 Z37.151
G1 X122.228 Y7.219 Z40.307
G1 X122.113 Y7.121 Z42.939
G1 X122.234 Y6.371 Z45.664
G1 X122.273 Y4.705 Z48.336
G1 X122.205 Y4.193 Z50.956
G1 X122.247 Y4.070 Z53.580
G1 X122.229 Y3.906 Z56.210
G1 X122.283 Y3.614 Z58.859
G1 X122.283 Y3.614 Z61.448
G1 X122.155 Y3.507 Z64.052
G1 X122.137 Y3.502 Z66.642
G1 X122.137 Y3.502 Z69.232
G1 X122.129 Y3.504 Z71.821
F200.0
G0 X126.164 Y3.175 Z71.796 ; Rapid move
F50.0
G1 X126.164 Y3.175 Z71.796
G1 X126.158 Y3.246 Z69.193
G1 X126.158 Y3.246 Z66.603
G1 X126.154 Y3.770 Z64.007
G1 X126.163 Y3.757 Z61.420
G1 X126.186 Y4.268 Z58.810
G1 X126.186 Y4.268 Z56.220
G1 X126.200 Y4.513 Z53.571
G1 X126.253 Y4.673 Z50.936
G1 X126.316 Y4.790 Z48.308
G1 X126.287 Y4.828 Z45.706
G1 X126.290 Y7.742 Z42.824
G1 X126.234 Y8.019 Z40.078
G1 X126.281 Y11.166 Z36.953
G1 X126.199 Y11.478 Z34.059
G1 X126.248 Y13.911 Z30.794
G1 X126.444 Y16.164 Z27.322
G1 X126.429 Y17.759 Z24.377
G1 X126.217 Y18.481 Z21.167
G1 X126.241 Y18.859 Z18.543
G1 X126.231 Y19.671 Z16.207
G1 X126.224 Y20.314 Z13.493
G1 X126.184 Y20.447 Z10.398
G1 X126.243 Y20.473 Z7.326
G1 X126.260 Y20.467 Z4.709
G1 X126.283 Y20.457 Z2.048
G1 X126.285 Y20.439 Z-0.638
G1 X126.272 Y20.434 Z-3.335
G1 X126.255 Y20.305 Z-5.921
G1 X126.249 Y20.181 Z-8.585
G1 X126.251 Y19.979 Z-11.420
G1 X126.233 Y19.627 Z-14.240
G1 X126.206 Y13.337 Z-17.214
G1 X126.368 Y11.688 Z-20.940
G1 X125.663 Y10.238 Z-24.597
G1 X125.686 Y9.479 Z-27.838
G1 X126.193 Y6.581 Z-31.017
G1 X126.246 Y6.146 Z-33.752
G1 X126.246 Y6.146 Z-36.342
G1 X126.246 Y6.146 Z-38.932
G1 X126.272 Y6.050 Z-41.548
G1 X126.245 Y5.989 Z-44.152
G1 X126.321 Y5.475 Z-46.782
G1 X126.321 Y5.475 Z-49.371
G1 X126.321 Y5.475 Z-51.961
G1 X126.219 Y5.234 Z-54.594
G1 X126.219 Y5.234 Z-57.184
G1 X126.201 Y5.017 Z-59.803
G1 X126.201 Y5.017 Z-62.392
G1 X126.187 Y4.724 Z-65.007
G1 X126.187 Y4.724 Z-67.596
G1 X126.187 Y4.724 Z-70.186
G1 X126.210 Y4.864 Z-72.766
G1 X126.210 Y4.864 Z-75.356
G1 X126.210 Y4.864 Z-77.946
G1 X126.210 Y4.864 Z-80.535
G1 X126.210 Y3.986 Z-83.125
G1 X126.197 Y3.677 Z-85.730
G1 X126.237 Y3.797 Z-88.317
G1 X126.237 Y3.797 Z-90.906
F200.0
G0 X130.468 Y3.466 Z-80.917 ; Rapid move
F50.0
G1 X130.468 Y3.466 Z-80.917
G1 X130.468 Y3.466 Z-78.328
G1 X130.468 Y3.466 Z-75.738
G1 X130.475 Y3.563 Z-73.153
G1 X130.475 Y3.831 Z-70.563
G1 X130.475 Y3.831 Z-67.974
G1 X130.234 Y3.578 Z-75.374
G1 X130.234 Y3.578 Z-72.784
G1 X130.234 Y3.578 Z-70.195
G1 X130.234 Y3.578 Z-67.605
G1 X130.279 Y3.737 Z-65.013
G1 X130.279 Y3.737 Z-62.423
G1 X130.279 Y3.737 Z-59.834
G1 X130.279 Y3.737 Z-57.244
G1 X130.286 Y3.943 Z-54.643
G1 X130.286 Y3.943 Z-52.054
G1 X130.286 Y4.821 Z-49.464
G1 X130.228 Y5.428 Z-46.790
G1 X130.228 Y5.428 Z-44.201
G1 X130.203 Y5.499 Z-41.596
G1 X130.240 Y5.653 Z-38.971
G1 X130.141 Y7.497 Z-36.285
G1 X130.244 Y7.900 Z-33.548
G1 X130.244 Y7.900 Z-30.958
G1 X130.378 Y10.866 Z-27.605
G1 X130.146 Y11.722 Z-24.095
G1 X130.422 Y12.301 Z-20.464
G1 X130.334 Y18.607 Z-16.978
G1 X130.255 Y19.642 Z-14.153
G1 X130.264 Y20.074 Z-11.377
G1 X130.245 Y20.277 Z-8.593
G1 X130.247 Y20.412 Z-5.880
G1 X130.232 Y20.539 Z-3.321
G1 X130.201 Y20.543 Z-0.645
G1 X130.240 Y20.546 Z2.032
G1 X130.257 Y20.520 Z4.701
G1 X130.290 Y20.503 Z7.400
G1 X130.315 Y20.467 Z10.505
G1 X130.302 Y20.404 Z13.447
G1 X130.287 Y19.698 Z16.087
G1 X130.323 Y19.268 Z18.641
G1 X130.418 Y18.426 Z21.424
G1 X130.395 Y16.277 Z24.514
G1 X130.362 Y16.076 Z27.592
G1 X130.243 Y13.758 Z31.013
G1 X130.480 Y10.844 Z34.185
G1 X130.309 Y10.789 Z36.832
G1 X130.524 Y8.053 Z40.053
G1 X130.474 Y7.739 Z42.785
G1 X130.065 Y4.803 Z45.708
G1 X129.868 Y4.780 Z48.291
G1 X130.023 Y4.620 Z50.943
G1 X130.117 Y4.296 Z53.622
G1 X130.117 Y3.398 Z56.212
G1 X130.117 Y3.398 Z58.801
G1 X130.117 Y3.398 Z61.391
G1 X130.183 Y3.219 Z64.020
G1 X130.183 Y3.219 Z66.609
G1 X130.183 Y3.219 Z69.199
G1 X130.183 Y3.219 Z71.789
F200.0
G0 X134.173 Y1.071 Z71.811 ; Rapid move
F50.0
G1 X134.173 Y1.071 Z71.811
G1 X134.186 Y2.659 Z69.211
G1 X134.186 Y2.659 Z66.622
G1 X134.161 Y3.094 Z64.018
G1 X134.161 Y3.094 Z61.429
G1 X134.185 Y3.329 Z58.819
G1 X134.185 Y3.329 Z56.229
G1 X134.236 Y3.356 Z53.635
G1 X134.115 Y3.410 Z51.030
G1 X134.115 Y3.410 Z48.440
G1 X134.115 Y3.410 Z45.850
G1 X133.974 Y3.905 Z43.112
G1 X134.069 Y4.174 Z40.429
G1 X134.346 Y9.440 Z37.151
G1 X134.240 Y10.548 Z34.231
G1 X134.321 Y11.330 Z31.132
G1 X134.416 Y15.198 Z27.436
G1 X134.416 Y16.765 Z24.653
G1 X134.272 Y18.326 Z21.467
G1 X134.304 Y19.244 Z18.757
G1 X134.225 Y19.965 Z16.203
G1 X134.222 Y20.505 Z13.507
G1 X134.187 Y20.579 Z10.439
G1 X134.261 Y20.607 Z7.475
G1 X134.242 Y20.570 Z4.693
G1 X134.208 Y20.559 Z2.027
G1 X134.214 Y20.555 Z-0.676
G1 X134.230 Y20.551 Z-3.355
G1 X134.225 Y20.459 Z-5.871
G1 X134.150 Y20.282 Z-8.561
G1 X134.184 Y20.171 Z-11.287
G1 X134.202 Y19.953 Z-14.243
G1 X134.211 Y17.696 Z-17.134
G1 X134.218 Y12.307 Z-20.449
G1 X134.081 Y11.869 Z-23.876
G1 X134.157 Y11.141 Z-27.357
G1 X134.155 Y10.216 Z-30.419
G1 X134.283 Y9.694 Z-33.337
G1 X134.261 Y7.409 Z-36.315
G1 X134.304 Y7.202 Z-38.963
G1 X134.329 Y7.156 Z-41.564
G1 X134.260 Y7.161 Z-44.152
G1 X134.200 Y6.960 Z-46.786
G1 X134.197 Y6.769 Z-49.411
G1 X134.197 Y6.769 Z-52.000
G1 X134.165 Y5.012 Z-54.638
G1 X134.177 Y4.979 Z-57.231
G1 X134.177 Y4.979 Z-59.820
G1 X134.177 Y4.979 Z-62.410
G1 X134.177 Y4.979 Z-65.000
G1 X134.177 Y4.979 Z-67.589
G1 X134.177 Y4.979 Z-70.179
G1 X134.177 Y4.979 Z-72.769
G1 X134.118 Y4.776 Z-75.368
G1 X134.097 Y4.774 Z-77.956
G1 X134.097 Y4.774 Z-80.546
G1 X134.097 Y4.774 Z-83.136
G1 X134.097 Y4.774 Z-85.725
G1 X134.097 Y4.774 Z-88.315
G1 X134.527 Y4.699 Z-80.918
F200.0
G0 X138.176 Y5.198 Z-90.889 ; Rapid move
F50.0
G1 X138.176 Y5.198 Z-90.889
G1 X138.176 Y5.198 Z-88.299
G1 X138.176 Y5.198 Z-85.709
G1 X138.176 Y5.198 Z-83.120
G1 X138.176 Y5.198 Z-80.530
G1 X138.176 Y5.468 Z-77.940
G1 X138.176 Y5.468 Z-75.351
G1 X138.176 Y5.468 Z-72.761
G1 X138.176 Y5.468 Z-70.171
G1 X138.176 Y5.468 Z-67.582
G1 X138.187 Y5.648 Z-64.972
G1 X138.182 Y5.720 Z-62.373
G1 X138.182 Y5.720 Z-59.783
G1 X138.142 Y5.829 Z-57.175
G1 X138.114 Y5.869 Z-54.578
G1 X138.114 Y5.869 Z-51.988
G1 X138.114 Y5.869 Z-49.398
G1 X138.082 Y5.914 Z-46.799
G1 X138.191 Y6.002 Z-44.196
G1 X138.191 Y6.002 Z-41.607
G1 X138.193 Y6.093 Z-38.998
G1 X138.141 Y9.161 Z-36.173
G1 X138.146 Y9.829 Z-33.258
G1 X138.316 Y10.289 Z-30.369
G1 X138.215 Y10.701 Z-27.438
G1 X138.388 Y13.230 Z-23.682
G1 X138.197 Y15.896 Z-20.073
G1 X138.198 Y18.571 Z-17.184
G1 X138.163 Y19.963 Z-14.176
G1 X138.123 Y20.189 Z-11.386
G1 X138.238 Y20.371 Z-8.517
G1 X138.226 Y20.460 Z-5.846
G1 X138.269 Y20.554 Z-3.308
G1 X138.280 Y20.584 Z-0.626
G1 X138.279 Y20.586 Z2.000
G1 X138.247 Y20.663 Z4.745
G1 X138.231 Y20.672 Z7.483
G1 X138.195 Y20.591 Z10.525
G1 X138.213 Y20.516 Z13.451
G1 X138.272 Y19.614 Z16.181
G1 X138.250 Y18.990 Z18.847
G1 X138.231 Y18.308 Z21.536
G1 X138.399 Y17.456 Z24.474
G1 X138.455 Y15.009 Z27.599
G1 X138.430 Y11.390 Z31.053
G1 X138.487 Y11.031 Z34.062
G1 X138.219 Y8.771 Z37.293
G1 X138.251 Y7.444 Z40.111
G1 X138.254 Y5.062 Z42.969
G1 X138.351 Y4.749 Z45.684
G1 X138.294 Y4.617 Z48.319
G1 X138.222 Y3.653 Z50.975
G1 X138.247 Y3.539 Z53.595
G1 X138.220 Y3.454 Z56.205
G1 X138.188 Y3.207 Z58.808
G1 X138.196 Y2.637 Z61.399
G1 X138.178 Y2.590 Z63.999
G1 X138.181 Y2.595 Z66.587
G1 X138.173 Y2.452 Z69.204
G1 X138.129 Y1.121 Z71.801
F200.0
G0 X142.141 Y2.472 Z71.790 ; Rapid move
F50.0
G1 X142.141 Y2.472 Z71.790
G1 X142.176 Y2.586 Z69.179
G1 X142.176 Y2.586 Z66.589
G1 X142.176 Y2.586 Z63.999
G1 X142.178 Y3.190 Z61.401
G1 X142.182 Y3.264 Z58.795
G1 X142.196 Y3.526 Z56.187
G1 X142.187 Y3.578 Z53.584
G1 X142.251 Y4.121 Z50.950
G1 X142.222 Y5.131 Z48.116
G1 X142.229 Y5.240 Z45.475
G1 X142.371 Y6.438 Z42.688
G1 X142.243 Y7.762 Z39.908
G1 X142.332 Y8.125 Z37.190
G1 X142.154 Y9.206 Z34.355
G1 X142.180 Y12.647 Z31.167
G1 X142.475 Y14.902 Z27.500
G1 X142.401 Y16.634 Z24.521
G1 X142.326 Y18.289 Z21.621
G1 X142.324 Y18.900 Z18.897
G1 X142.206 Y19.513 Z16.245
G1 X142.302 Y20.557 Z13.354
G1 X142.243 Y20.684 Z10.420
G1 X142.247 Y20.740 Z7.529
G1 X142.245 Y20.744 Z4.733
G1 X142.270 Y20.720 Z2.020
G1 X142.276 Y20.673 Z-0.602
G1 X142.233 Y20.582 Z-3.262
G1 X142.236 Y20.490 Z-5.867
G1 X142.266 Y20.370 Z-8.533
G1 X142.247 Y20.152 Z-11.379
G1 X142.215 Y19.928 Z-14.354
G1 X142.219 Y18.511 Z-17.154
G1 X142.206 Y13.253 Z-20.202
G1 X142.545 Y11.412 Z-24.203
G1 X142.682 Y10.956 Z-27.299
G1 X142.246 Y8.635 Z-30.603
G1 X142.169 Y7.967 Z-33.537
G1 X142.123 Y7.639 Z-36.252
G1 X142.123 Y7.639 Z-38.841
G1 X142.066 Y6.328 Z-41.566
G1 X142.171 Y6.357 Z-44.153
G1 X142.144 Y6.226 Z-46.772
G1 X142.191 Y6.036 Z-49.401
G1 X142.191 Y6.036 Z-51.990
G1 X142.191 Y6.036 Z-54.580
G1 X142.241 Y5.956 Z-57.184
G1 X142.241 Y5.956 Z-59.774
G1 X142.241 Y5.956 Z-62.363
G1 X142.241 Y5.956 Z-64.953
G1 X142.241 Y5.956 Z-67.542
G1 X142.241 Y5.956 Z-70.132
G1 X142.241 Y5.956 Z-72.722
G1 X142.201 Y5.851 Z-75.326
G1 X142.201 Y5.851 Z-77.916
G1 X142.201 Y5.851 Z-80.506
G1 X142.225 Y5.522 Z-83.116
G1 X142.225 Y5.522 Z-85.705
G1 X142.269 Y5.474 Z-88.300
G1 X142.269 Y5.474 Z-90.890
F200.0
G0 X146.303 Y6.381 Z-90.869 ; Rapid move
F50.0
G1 X146.303 Y6.381 Z-90.869
G1 X146.303 Y6.381 Z-88.280
G1 X146.303 Y6.381 Z-85.690
G1 X146.303 Y6.381 Z-83.100
G1 X146.303 Y6.381 Z-80.511
G1 X146.303 Y6.381 Z-77.921
G1 X146.245 Y6.759 Z-75.317
G1 X146.245 Y6.759 Z-72.727
G1 X146.245 Y6.759 Z-70.138
G1 X146.245 Y6.759 Z-67.548
G1 X146.245 Y6.759 Z-64.958
G1 X146.245 Y6.759 Z-62.369
G1 X146.293 Y6.926 Z-59.751
G1 X146.293 Y6.926 Z-57.161
G1 X146.293 Y6.926 Z-54.572
G1 X146.293 Y6.926 Z-51.982
G1 X146.293 Y6.926 Z-49.393
G1 X146.298 Y7.080 Z-46.772
G1 X146.298 Y7.080 Z-44.182
G1 X146.333 Y7.195 Z-41.566
G1 X146.241 Y7.169 Z-38.982
G1 X146.658 Y9.409 Z-36.114
G1 X146.658 Y7.971 Z-33.525
G1 X147.496 Y10.403 Z-30.204
G1 X147.214 Y10.764 Z-27.389
G1 X146.883 Y11.252 Z-24.360
G1 X146.268 Y13.183 Z-20.396
G1 X146.398 Y18.777 Z-17.256
G1 X146.356 Y20.091 Z-14.364
G1 X146.270 Y20.302 Z-11.402
G1 X146.210 Y20.543 Z-8.664
G1 X146.204 Y20.553 Z-5.939
G1 X146.248 Y20.718 Z-3.191
G1 X146.251 Y20.743 Z-0.585
G1 X146.246 Y20.766 Z2.036
G1 X146.257 Y20.767 Z4.733
G1 X146.300 Y20.754 Z7.676
G1 X146.359 Y20.723 Z10.572
G1 X146.247 Y20.709 Z13.253
G1 X146.296 Y20.586 Z16.193
G1 X146.409 Y19.466 Z19.020
G1 X146.438 Y18.064 Z21.659
G1 X146.510 Y16.602 Z24.600
G1 X146.343 Y14.434 Z27.677
G1 X146.125 Y12.202 Z31.302
G1 X146.436 Y10.309 Z34.296
G1 X146.474 Y10.056 Z37.102
G1 X146.590 Y7.819 Z39.986
G1 X146.556 Y6.794 Z42.605
G1 X146.556 Y6.794 Z45.194
G1 X146.527 Y6.276 Z48.073
G1 X146.511 Y5.811 Z50.768
G1 X146.364 Y4.878 Z53.498
G1 X146.288 Y4.737 Z56.132
G1 X146.278 Y4.666 Z58.742
G1 X146.290 Y3.901 Z61.369
G1 X146.306 Y3.863 Z63.968
G1 X146.306 Y3.482 Z66.558
G1 X146.256 Y2.530 Z69.192
G1 X146.244 Y2.475 Z71.792

M30 ; Program end