X,Y,Z,Normal_X,Normal_Y,Normal_Z,Feed_Rate,Is_Rapid
-142.621414,58.743109,-84.729747,-0.198031,0.942806,0.268141,50.00,False
-142.620191,57.787285,-81.789430,-0.197786,0.920387,0.337297,50.00,False
-142.582318,56.601980,-78.865913,-0.190212,0.895174,0.403093,50.00,False
-142.506718,55.189742,-75.966033,-0.175092,0.868273,0.464161,50.00,False
-142.393305,53.557310,-73.095527,-0.152409,0.840858,0.519354,50.00,False
-142.242754,51.716187,-70.259108,-0.122299,0.814079,0.567730,50.00,False
-142.056421,49.683440,-67.460709,-0.085032,0.788983,0.608502,50.00,False
-141.836351,47.482677,-64.703918,-0.041018,0.766484,0.640953,50.00,False
-141.585633,45.144907,-61.992186,0.009125,0.747329,0.664391,50.00,False
-141.309014,42.708967,-59.328864,0.064449,0.732094,0.678148,50.00,False
-141.013834,40.220858,-56.716645,0.123485,0.721151,0.681684,50.00,False
-140.711091,37.731178,-54.156141,0.184034,0.714614,0.674877,50.00,False
-140.415816,35.289778,-51.643417,0.243089,0.712227,0.658514,50.00,False
-140.145539,32.937285,-49.167142,0.297144,0.713202,0.634861,50.00,False
-139.914569,30.694894,-46.707973,0.343338,0.716041,0.607787,50.00,False
-139.723660,28.558866,-44.245748,0.381520,0.718683,0.581324,50.00,False
-139.552983,26.512848,-41.777477,0.415655,0.719734,0.556070,50.00,False
-139.379216,24.563808,-39.328655,0.450409,0.720750,0.526927,50.00,False
-139.215399,22.763485,-36.922711,0.483172,0.726099,0.489208,50.00,False
-139.102224,21.158464,-34.536256,0.505807,0.737442,0.447591,50.00,False
-139.037965,19.736491,-32.138814,0.518659,0.751258,0.408172,50.00,False
-138.999250,18.486251,-29.748059,0.526402,0.766751,0.367415,50.00,False
-139.012384,17.429160,-27.358639,0.523775,0.786847,0.326391,50.00,False
-139.099757,16.525534,-24.893196,0.506300,0.808280,0.300572,50.00,False
-139.203254,15.633221,-22.284767,0.485601,0.819860,0.303350,50.00,False
-139.207421,14.593965,-19.572654,0.484768,0.811270,0.326865,50.00,False
-139.026393,13.345633,-16.892606,0.520973,0.781200,0.343967,50.00,False
-138.656639,11.950760,-14.386576,0.594924,0.734586,0.326265,50.00,False
-138.167872,10.550640,-12.132985,0.692677,0.673495,0.258075,50.00,False
-137.660373,9.311825,-10.137675,0.794177,0.591756,0.138229,50.00,False
-137.263379,8.517899,-8.421790,0.873576,0.485241,-0.037502,50.00,False
-137.701646,7.925980,-3.397274,0.785923,0.425651,0.448494,50.00,False
-138.190344,2.332691,0.320912,0.688183,0.270508,0.673223,50.00,False
-145.160741,7.261523,-3.340119,-0.705896,0.409576,-0.577891,50.00,False
-141.306623,4.870918,-1.953067,0.064927,0.569550,-0.819388,50.00,False
-139.160165,2.306758,8.505876,0.494219,0.433586,0.753493,50.00,False
-138.834193,3.414802,3.431069,0.559413,0.279409,-0.780377,50.00,False
-138.530735,9.550057,6.813517,0.620105,0.477071,-0.622795,50.00,False
-139.066810,13.202291,9.306402,0.512890,0.568624,-0.643126,50.00,False
-139.191799,16.254669,12.274569,0.487892,0.662482,-0.568400,50.00,False
-139.026795,18.459142,15.424439,0.520893,0.720775,-0.457334,50.00,False
-138.808801,19.999860,18.488088,0.564492,0.741086,-0.363512,50.00,False
-138.636296,21.154225,21.393027,0.598993,0.741854,-0.301432,50.00,False
-138.539786,22.132221,24.192278,0.618295,0.741523,-0.260489,50.00,False
-138.510637,23.015399,27.004970,0.624124,0.750627,-0.216859,50.00,False
-138.512323,23.735102,29.961470,0.623787,0.768127,-0.144467,50.00,False
-138.495639,24.095061,33.111491,0.627124,0.778204,-0.033370,50.00,False
-138.425706,23.916971,36.317724,0.641111,0.762274,0.088969,50.00,False
-138.295346,23.244476,39.342730,0.667183,0.724031,0.175062,50.00,False
-138.125651,22.324587,42.070698,0.701122,0.683905,0.201748,50.00,False
-137.957618,21.429699,44.534719,0.734728,0.655228,0.175644,50.00,False
-137.830508,20.759968,46.818813,0.760150,0.639748,0.113555,50.00,False
-137.767394,20.429831,49.001081,0.772773,0.633920,0.031101,50.00,False
-137.773990,20.484810,51.140676,0.771454,0.633461,-0.059888,50.00,False
-137.843572,20.925710,53.278510,0.757537,0.635033,-0.151229,50.00,False
-137.962887,21.729737,55.440300,0.733674,0.636540,-0.237779,50.00,False
-138.117042,22.864860,57.639799,0.702843,0.636912,-0.316787,50.00,False
-138.292668,24.297891,59.882266,0.667718,0.635789,-0.387201,50.00,False
-138.479326,25.998126,62.167562,0.630387,0.633220,-0.449050,50.00,False
-138.669629,27.938482,64.492702,0.592326,0.629454,-0.502930,50.00,False
-134.860184,24.229821,64.245878,0.554215,0.622749,-0.552294,200.00,True
-134.860184,24.229821,64.245878,0.554215,0.622749,-0.552294,50.00,False
-134.651743,22.058879,61.903463,0.595903,0.626918,-0.501870,50.00,False
-134.437018,20.116657,59.605573,0.638848,0.629310,-0.442540,50.00,False
-134.221075,18.431495,57.360396,0.682037,0.629242,-0.372667,50.00,False
-134.013570,17.039591,55.175393,0.723538,0.626060,-0.290760,50.00,False
-133.830232,15.987071,53.054251,0.760205,0.619387,-0.196081,50.00,False
-133.693031,15.330492,50.991756,0.787646,0.609568,-0.089672,50.00,False
-133.627063,15.132592,48.967345,0.800839,0.598384,0.024354,50.00,False
-133.652987,15.447595,46.938246,0.795655,0.589952,0.137442,50.00,False
-133.774921,16.287666,44.831193,0.771268,0.591566,0.234939,50.00,False
-133.964123,17.564042,42.528127,0.733427,0.613269,0.293233,50.00,False
-134.146688,19.012750,39.853992,0.696914,0.661368,0.277314,50.00,False
-134.240821,20.155582,36.653706,0.678088,0.718199,0.156165,50.00,False
-134.246113,20.463213,33.110434,0.677029,0.735190,-0.033582,50.00,False
-134.196610,19.905880,29.819141,0.686930,0.705848,-0.172932,50.00,False
-134.147561,19.042217,27.020142,0.696740,0.684714,-0.213824,50.00,False
-134.195095,18.301461,24.463941,0.687233,0.696571,-0.206157,50.00,False
-134.398517,17.755354,21.872844,0.646548,0.734682,-0.205468,50.00,False
-134.803018,17.235735,19.018314,0.565648,0.783424,-0.257467,50.00,False
-135.409445,16.328582,15.760213,0.444363,0.806413,-0.390179,50.00,False
-136.156962,14.556789,12.257818,0.294859,0.765611,-0.571750,50.00,False
-137.286124,11.602045,8.759076,0.069027,0.654861,-0.752591,50.00,False
-138.859336,7.083026,5.806683,-0.245615,0.510324,-0.824162,50.00,False
-133.426846,7.257189,5.510332,0.840883,0.400048,-0.364524,50.00,False
-140.842383,1.753118,2.221295,-0.642225,0.578024,-0.503424,50.00,False
-139.769795,0.164085,-2.056389,-0.427707,0.333734,-0.840053,50.00,False
-136.065142,0.334194,4.188859,0.313223,0.202198,0.927905,50.00,False
-137.949719,-0.812350,-7.588166,-0.063692,0.412799,-0.908592,50.00,False
-133.653572,1.917637,-4.330579,0.795537,0.546410,0.261833,50.00,False
-137.685130,4.655557,-5.537245,-0.010774,0.841976,0.539407,50.00,False
-135.504548,5.786632,-8.353049,0.425342,0.757566,0.495155,50.00,False
-135.760400,7.567184,-10.645472,0.374172,0.742515,0.555578,50.00,False
-136.235266,9.693193,-13.233133,0.279199,0.782209,0.556953,50.00,False
-136.541736,11.699409,-16.163965,0.217905,0.844226,0.489695,50.00,False
-136.503242,13.272881,-19.370406,0.225603,0.902321,0.367314,50.00,False
-136.061114,14.202040,-22.589819,0.314029,0.917964,0.242339,50.00,False
-135.428601,14.588786,-25.407272,0.440532,0.875685,0.197757,50.00,False
-134.996520,14.935652,-27.715408,0.526948,0.810729,0.255037,50.00,False
-134.913400,15.705943,-29.862519,0.543572,0.765398,0.344523,50.00,False
-134.952864,16.902603,-32.211849,0.535679,0.747098,0.393565,50.00,False
-134.888704,18.197223,-34.640462,0.548511,0.719041,0.426750,50.00,False
-135.004363,19.746162,-36.858685,0.525379,0.686993,0.502013,50.00,False
-135.302449,21.769623,-39.149942,0.465762,0.682985,0.562670,50.00,False
-135.502535,23.981895,-41.632028,0.425745,0.690166,0.585160,50.00,False
-135.642709,26.207084,-44.121001,0.397710,0.688665,0.606273,50.00,False
-135.852559,28.522406,-46.540099,0.355740,0.679783,0.641362,50.00,False
-136.157843,31.019037,-48.938070,0.294683,0.670703,0.680675,50.00,False
-136.524052,33.705871,-51.372525,0.221441,0.665608,0.712692,50.00,False
-136.910148,36.531360,-53.871876,0.144222,0.666162,0.731730,50.00,False
-137.286348,39.418443,-56.442112,0.068982,0.672812,0.736590,50.00,False
-137.635010,42.287297,-59.078847,-0.000750,0.685416,0.728151,50.00,False
-137.947058,45.067082,-61.774790,-0.063160,0.703513,0.707870,50.00,False
-138.218396,47.700475,-64.523115,-0.117427,0.726449,0.677113,50.00,False
-138.447339,50.144054,-67.318382,-0.163216,0.753414,0.636968,50.00,False
-138.633091,52.366701,-70.156335,-0.200366,0.783438,0.588285,50.00,False
-138.775125,54.347348,-73.033259,-0.228773,0.815379,0.531808,50.00,False
-138.873013,56.072712,-75.945134,-0.248351,0.847926,0.468341,50.00,False
-138.926644,57.535545,-78.886969,-0.259077,0.879644,0.398881,50.00,False
-138.936663,58.733356,-81.852231,-0.261081,0.909056,0.324737,50.00,False
-138.904922,59.667776,-84.832805,-0.254733,0.934794,0.247530,50.00,False
-135.178381,60.843306,-85.013364,-0.309424,0.927124,0.211418,200.00,True
-135.178381,60.843306,-85.013364,-0.309424,0.927124,0.211418,50.00,False
-135.253737,59.976205,-81.992865,-0.324496,0.898179,0.296610,50.00,False
-135.282590,58.811135,-78.985145,-0.330266,0.864348,0.379246,50.00,False
-135.262284,57.340919,-76.000076,-0.326205,0.827296,0.457352,50.00,False
-135.191889,55.561792,-73.045125,-0.312126,0.788845,0.529435,50.00,False
-135.071393,53.473870,-70.125435,-0.288027,0.750768,0.594465,50.00,False
-134.900824,51.082354,-67.244375,-0.253913,0.714651,0.651769,50.00,False
-134.679497,48.399984,-64.404656,-0.209648,0.681851,0.700805,50.00,False
-134.405503,45.450565,-61.609627,-0.154849,0.653517,0.740903,50.00,False
-134.075744,42.273620,-58.864820,-0.088897,0.630653,0.770956,50.00,False
-133.686790,38.929754,-56.179611,-0.011106,0.614177,0.789090,50.00,False
-133.237378,35.505624,-53.568707,0.078776,0.604942,0.792363,50.00,False
-132.733869,32.115926,-51.052085,0.179478,0.603656,0.776780,50.00,False
-132.200393,28.897715,-48.649634,0.286173,0.610677,0.738362,50.00,False
-131.694865,25.989743,-46.361539,0.387279,0.625769,0.677074,50.00,False
-131.331860,23.481871,-44.114207,0.459880,0.647529,0.607632,50.00,False
-131.288195,21.263379,-41.651779,0.468613,0.665280,0.581210,50.00,False
-131.437462,18.707961,-38.771236,0.438759,0.632394,0.638411,50.00,False
-130.662334,15.701887,-36.583371,0.593785,0.580591,0.557076,50.00,False
-130.163814,14.621963,-35.704874,0.693489,0.687993,0.213868,50.00,False
-130.960747,14.033876,-32.211332,0.534103,0.748171,0.393668,50.00,False
-130.567700,12.426821,-29.959280,0.612712,0.720311,0.325171,50.00,False
-130.708353,12.233091,-28.832253,0.584581,0.810717,0.031668,50.00,False
-132.067229,13.149000,-27.393158,0.312806,0.928646,-0.199420,50.00,False
-133.898152,13.957746,-24.174971,-0.053379,0.995777,-0.074691,50.00,False
-134.858044,13.445652,-19.984070,-0.245357,0.938072,0.244581,50.00,False
-135.064622,11.758807,-16.175779,-0.286673,0.824819,0.487332,50.00,False
-134.961419,9.473055,-12.947618,-0.266032,0.743076,0.614056,50.00,False
-134.800530,7.199807,-10.272746,-0.233854,0.740444,0.630123,50.00,False
-135.045839,5.991945,-8.797772,-0.282916,0.868880,0.406210,50.00,False
-136.511606,4.988956,-10.164217,-0.576069,0.720526,-0.385987,50.00,False
-137.607214,8.287397,-7.896366,-0.795191,0.404941,-0.451325,50.00,False
-130.510368,3.215107,-1.156693,0.624178,0.683917,0.377702,50.00,False
-129.081328,7.570520,-2.305093,0.909986,0.185389,-0.370886,50.00,False
-130.635512,0.220912,6.062585,0.599149,0.163609,0.783742,50.00,False
-136.770261,9.330568,1.300985,-0.627800,0.365007,-0.687486,50.00,False
-137.380255,-1.760168,9.357033,-0.749799,0.523379,0.404816,50.00,False
-134.891291,6.513197,5.669320,-0.252006,0.459578,-0.851634,50.00,False
-132.559238,10.618522,8.945637,0.214404,0.665137,-0.715279,50.00,False
-133.238524,13.793207,12.455946,0.078547,0.843015,-0.532125,50.00,False
-132.391235,15.341173,16.954262,0.248005,0.956860,-0.151369,50.00,False
-131.000753,14.832272,20.597876,0.526101,0.848411,0.058446,50.00,False
-130.173253,14.001851,23.052117,0.691601,0.721640,0.030386,50.00,False
-129.800525,13.642642,25.217354,0.766147,0.640267,-0.055474,50.00,False
-129.617374,13.759367,27.330821,0.802777,0.576662,-0.151689,50.00,False
-129.668720,14.633740,29.556508,0.792508,0.566657,-0.225459,50.00,False
-129.744399,15.717677,32.870852,0.777372,0.623739,-0.081498,50.00,False
-129.855338,15.494084,36.851963,0.755184,0.625582,0.195816,50.00,False
-129.938342,13.845420,40.328433,0.738583,0.562103,0.372203,50.00,False
-129.759090,11.792274,42.855525,0.774434,0.521131,0.358713,50.00,False
-129.566871,10.278332,44.898129,0.812878,0.526843,0.248326,50.00,False
-129.498803,9.544294,46.785734,0.826491,0.552699,0.106939,50.00,False
-129.566905,9.528896,48.661683,0.812871,0.581282,-0.036779,50.00,False
-129.739453,10.101838,50.599277,0.778361,0.604875,-0.168168,50.00,False
-129.971851,11.139695,52.631622,0.731882,0.620975,-0.280607,50.00,False
-130.225806,12.547219,54.762107,0.681091,0.629821,-0.373417,50.00,False
-130.477387,14.257572,56.978062,0.630774,0.632773,-0.449134,50.00,False
-130.715564,16.225679,59.262364,0.583139,0.631381,-0.511182,50.00,False
-130.937398,18.421111,61.599503,0.538772,0.627006,-0.562662,50.00,False
-131.143798,20.822474,63.977526,0.497492,0.620732,-0.605965,50.00,False
-127.516990,17.870589,63.722728,0.422854,0.624215,-0.656924,200.00,True
-127.516990,17.870589,63.722728,0.422854,0.624215,-0.656924,50.00,False
-127.344908,15.285332,61.299164,0.457270,0.634911,-0.622729,50.00,False
-127.157974,12.885384,58.902741,0.494657,0.644439,-0.583106,50.00,False
-126.948145,10.678451,56.543448,0.536623,0.651674,-0.536057,50.00,False
-126.705712,8.677472,54.238704,0.585109,0.655034,-0.478098,50.00,False
-126.423184,6.907407,52.016777,0.641615,0.652271,-0.403576,50.00,False
-126.105521,5.416351,49.917015,0.705148,0.640292,-0.304620,50.00,False
-125.787383,4.291943,47.977111,0.768775,0.615480,-0.173693,50.00,False
-125.542494,3.679010,46.193839,0.817753,0.575456,-0.011440,50.00,False
-125.444247,3.771809,44.479017,0.837402,0.521244,0.164504,50.00,False
-125.503900,4.773696,42.731732,0.825472,0.455050,0.333954,50.00,False
-125.697077,7.136813,40.635921,0.786837,0.439082,0.433700,50.00,False
-125.255829,8.824585,35.584924,0.875086,0.480529,-0.057591,50.00,False
-124.900671,6.923728,33.028864,0.946118,0.319956,-0.049896,50.00,False
-124.890642,5.073798,30.020854,0.948123,0.288933,-0.132590,50.00,False
-125.994908,8.092176,29.334370,0.727270,0.639583,0.249021,50.00,False
-125.952708,8.918128,26.281973,0.735710,0.658741,0.157450,50.00,False
-126.294897,9.684570,24.729680,0.667272,0.648741,0.365899,50.00,False
-128.296366,12.056494,23.590537,0.266979,0.705055,0.656978,50.00,False
-131.238075,14.765596,20.227836,-0.321363,0.802103,0.503346,50.00,False
-133.117652,14.770589,14.120337,-0.697279,0.688552,-0.199246,50.00,False
-132.690466,11.377393,9.303891,-0.611841,0.459775,-0.643628,50.00,False
-129.621712,9.158837,7.030413,0.001909,0.815030,-0.579416,50.00,False
-127.066257,9.577195,11.152416,0.513000,0.391533,0.763893,50.00,False
-133.373536,11.886200,1.758881,-0.748455,0.291050,-0.595906,50.00,False
-131.966061,-6.363149,-2.215049,-0.466960,0.148120,-0.871785,50.00,False
-128.201506,-3.787129,4.302695,0.285951,0.120229,0.950672,50.00,False
-126.961707,4.125794,-7.081007,0.533910,0.251856,-0.807161,50.00,False
-132.273035,9.679235,-2.194231,-0.528355,0.495962,0.689102,50.00,False
-128.679695,6.129991,-12.121638,0.190313,0.599433,-0.777471,50.00,False
-132.184493,6.904730,-8.012826,-0.510647,0.649651,0.563199,50.00,False
-132.651889,9.079768,-10.630084,-0.604126,0.568275,0.558655,50.00,False
-132.730897,11.670875,-13.656606,-0.619928,0.626627,0.472259,50.00,False
-132.608193,13.782053,-17.065436,-0.595387,0.741476,0.309400,50.00,False
-132.193300,14.957189,-21.104529,-0.512408,0.858498,0.020490,50.00,False
-131.451761,14.320744,-25.816973,-0.364100,0.839612,-0.403091,50.00,False
-130.494520,10.970789,-30.273826,-0.172652,0.607213,-0.775554,50.00,False
-125.841426,7.665679,-30.520789,0.757967,0.576044,-0.306039,50.00,False
-131.459708,10.262184,-28.592231,-0.365690,0.712722,0.598580,50.00,False
-125.101922,5.698632,-32.880911,0.905867,0.334564,0.259752,50.00,False
-130.621694,8.924268,-40.743462,-0.198087,0.574947,-0.793850,50.00,False
-127.822371,11.205433,-35.166610,0.361778,0.403482,0.840428,50.00,False
-126.323562,15.639887,-39.719233,0.661539,0.600778,0.448811,50.00,False
-126.136214,17.115172,-42.337615,0.699009,0.560546,0.444043,50.00,False
-126.917938,19.623007,-43.990755,0.542664,0.552887,0.632323,50.00,False
-127.741621,22.873255,-45.987962,0.377928,0.540355,0.751789,50.00,False
-128.528608,26.658054,-48.245608,0.220530,0.529463,0.819168,50.00,False
-129.219922,30.760895,-50.705099,0.082267,0.526513,0.846177,50.00,False
-129.796768,34.955527,-53.303254,-0.033102,0.533021,0.845454,50.00,False
-130.268582,39.058193,-55.992691,-0.127465,0.548355,0.826474,50.00,False
-130.652222,42.941176,-58.745257,-0.204193,0.571392,0.794869,50.00,False
-130.962650,46.524726,-61.546383,-0.266278,0.601046,0.753552,50.00,False
-131.210443,49.764049,-64.389570,-0.315837,0.636303,0.703822,50.00,False
-131.401820,52.637758,-67.272602,-0.354112,0.676113,0.646123,50.00,False
-131.539468,55.139170,-70.194958,-0.381642,0.719235,0.580560,50.00,False
-131.623636,57.270218,-73.155908,-0.398475,0.764125,0.507278,50.00,False
-131.653342,59.037540,-76.152912,-0.404417,0.808889,0.426785,50.00,False
-131.627837,60.450323,-79.180394,-0.399316,0.851360,0.340196,50.00,False
-131.548035,61.519643,-82.229140,-0.383355,0.889304,0.249355,50.00,False
-131.417631,62.258938,-85.286646,-0.357274,0.920750,0.156762,50.00,False
-127.589988,63.875783,-85.664152,-0.391746,0.916478,0.081260,200.00,True
-127.589988,63.875783,-85.664152,-0.391746,0.916478,0.081260,50.00,False
-127.786795,63.338226,-82.575843,-0.431107,0.884161,0.180014,50.00,False
-127.930065,62.444811,-79.489544,-0.459761,0.843286,0.278366,50.00,False
-128.014129,61.176102,-76.421798,-0.476574,0.796079,0.373008,50.00,False
-128.037921,59.514280,-73.385104,-0.481332,0.745247,0.461439,50.00,False
-128.003666,57.441230,-70.386831,-0.474481,0.693471,0.542185,50.00,False
-127.914882,54.937742,-67.429543,-0.456724,0.643042,0.614735,50.00,False
-127.774342,51.984289,-64.512325,-0.428617,0.595717,0.679271,50.00,False
-127.582241,48.563812,-61.632438,-0.390196,0.552765,0.736341,50.00,False
-127.334504,44.666741,-58.787059,-0.340649,0.515133,0.786509,50.00,False
-127.020784,40.299591,-55.975310,-0.277905,0.483685,0.829951,50.00,False
-126.622019,35.499419,-53.201523,-0.198152,0.459484,0.865800,50.00,False
-126.107422,30.358187,-50.481630,-0.095233,0.444162,0.890871,50.00,False
-125.435100,25.061139,-47.856493,0.039232,0.440305,0.896991,50.00,False
-124.577886,19.933553,-45.411730,0.210675,0.451515,0.867036,50.00,False
-123.666354,15.433111,-43.232488,0.392981,0.480570,0.783976,50.00,False
-123.388611,11.763121,-40.910774,0.448530,0.516508,0.729411,50.00,False
-122.192687,7.929994,-38.962799,0.687714,0.408572,0.600098,50.00,False
-130.392618,5.668919,-39.672246,-0.952272,0.299156,-0.060699,50.00,False
-130.121176,1.659787,-38.636011,-0.897983,0.234465,-0.372360,50.00,False
-127.898335,12.523426,-30.536445,-0.453415,0.513313,0.728646,50.00,False
-121.417921,1.068938,-29.864396,0.842668,0.414094,0.344147,50.00,False
-121.961479,8.496443,-28.201966,0.733956,0.660629,0.157726,50.00,False
-123.332795,7.452211,-30.562820,0.459693,0.306929,-0.833353,50.00,False
-124.505450,13.840732,-27.418638,0.225162,0.652656,-0.723424,50.00,False
-126.787250,16.866520,-23.522738,-0.231198,0.855592,-0.463152,50.00,False
-128.788550,17.307756,-19.072294,-0.631458,0.769936,-0.091971,50.00,False
-129.415288,16.241462,-14.922780,-0.756806,0.615852,0.219024,50.00,False
-129.344574,14.203774,-11.296750,-0.742663,0.517255,0.425322,50.00,False
-128.867195,11.463638,-7.933135,-0.647187,0.495731,0.579137,50.00,False
-125.881103,7.068224,-3.554789,-0.049969,0.348707,0.935899,50.00,False
-129.496112,1.867652,-2.805878,-0.772971,0.285105,0.566773,50.00,False
-127.762017,0.220944,-7.518529,-0.426151,0.134050,-0.894665,50.00,False
-127.829240,5.222876,3.998074,-0.439596,0.122898,0.889748,50.00,False
-124.700563,-3.277073,-2.664387,0.186139,0.201438,-0.961652,50.00,False
-123.108590,13.662766,2.148108,0.504534,0.690694,-0.518061,50.00,False
-126.247665,-1.577863,12.173720,-0.123281,0.217900,0.968154,50.00,False
-126.019758,3.694368,5.011421,-0.077700,0.165084,-0.983214,50.00,False
-127.245511,15.962707,8.202966,-0.322850,0.386775,-0.863813,50.00,False
-129.619575,19.367464,15.596994,-0.797663,0.595400,0.096085,50.00,False
-128.100752,15.977758,21.458630,-0.493899,0.440803,0.749504,50.00,False
-126.397946,10.060093,24.866799,-0.153337,0.379899,0.912230,50.00,False
-123.627687,5.014930,26.690399,0.400714,0.514587,0.758042,50.00,False
-124.160786,5.798432,21.340026,0.294095,0.472279,-0.830940,50.00,False
-122.109619,4.852920,31.329644,0.704328,0.289689,0.648076,50.00,False
-122.930251,2.913484,34.734940,0.540202,0.227407,0.810227,50.00,False
-126.657370,0.393819,28.475868,-0.205222,0.187972,-0.960495,50.00,False
-127.792113,4.122849,40.149981,-0.432171,0.285456,0.855420,50.00,False
-129.748025,0.104762,37.994724,-0.823353,0.559600,-0.094539,50.00,False
-123.832368,0.995869,43.435534,0.359778,0.803247,0.474715,50.00,False
-122.250089,-0.508537,44.266314,0.676234,0.726521,0.121963,50.00,False
-122.398711,-0.270570,45.291465,0.646510,0.738373,-0.191915,50.00,False
-122.825363,0.764418,46.982138,0.561179,0.739041,-0.372688,50.00,False
-123.169000,2.236750,49.082649,0.492452,0.731563,-0.471493,50.00,False
-123.394247,3.978238,51.379466,0.447402,0.719604,-0.531038,50.00,False
-123.541423,5.918802,53.761677,0.417967,0.704555,-0.573503,50.00,False
-123.650207,8.038184,56.180588,0.396210,0.687450,-0.608629,50.00,False
-123.745978,10.336664,58.617261,0.377056,0.669305,-0.640202,50.00,False
-123.842265,12.819941,61.065536,0.357799,0.651007,-0.669455,50.00,False
-123.945058,15.492462,63.524321,0.337240,0.633253,-0.696606,50.00,False
-120.356780,13.715558,63.413531,0.254896,0.646844,-0.718764,200.00,True
-120.356780,13.715558,63.413531,0.254896,0.646844,-0.718764,50.00,False
-120.338380,11.080297,60.954287,0.258576,0.674302,-0.691705,50.00,False
-120.368288,8.682277,58.503740,0.252594,0.704806,-0.662907,50.00,False
-120.461019,6.516070,56.058829,0.234048,0.737941,-0.632981,50.00,False
-120.632797,4.567420,53.616713,0.199692,0.772736,-0.602496,50.00,False
-120.895096,2.812822,51.177865,0.147233,0.807386,-0.571358,50.00,False
-121.235405,1.230093,48.757923,0.079171,0.840218,-0.536439,50.00,False
-121.580903,-0.148555,46.429924,0.010071,0.875490,-0.483131,50.00,False
-121.755102,-1.094467,44.492201,-0.024768,0.935760,-0.351767,50.00,False
-121.441166,-1.295908,44.045632,0.038019,0.996242,0.077827,50.00,False
-120.712147,-1.751542,44.797208,0.183822,0.638848,0.747050,50.00,False
-121.802130,3.760697,43.322212,-0.034174,0.236796,0.970958,50.00,False
-122.880227,13.263280,37.079477,-0.249794,0.937746,0.241319,50.00,False
-119.958288,5.244776,28.716364,0.334594,0.235756,-0.912396,50.00,False
-117.108763,2.004286,32.606450,0.904499,0.184440,0.384529,50.00,False
-119.589959,-2.743503,23.789285,0.408260,0.306155,-0.859996,50.00,False
-116.896392,1.019549,26.402355,0.946973,0.265122,0.181526,50.00,False
-123.622812,5.185687,27.327065,-0.398311,0.239705,0.885376,50.00,False
-124.131034,14.378201,24.425680,-0.499955,0.266568,0.824006,50.00,False
-124.713690,21.494539,21.150219,-0.616486,0.383204,0.687822,50.00,False
-125.493727,24.885202,14.334728,-0.772494,0.615469,-0.156368,50.00,False
-123.169330,18.984795,7.978174,-0.307614,0.281972,-0.908771,50.00,False
-123.531173,5.217269,5.357768,-0.379983,0.142542,-0.913945,50.00,False
-122.984943,-3.114580,11.595462,-0.270737,0.447149,0.852502,50.00,False
-119.478320,11.173465,9.112941,0.430588,0.221662,0.874906,50.00,False
-119.464175,16.093373,2.264659,0.433417,0.900870,0.024157,50.00,False
-123.973042,7.490454,-4.795797,-0.468357,0.159484,-0.869026,50.00,False
-122.498907,10.973403,1.741587,-0.173530,0.230982,0.957358,50.00,False
-122.508185,7.454105,-10.351484,-0.175385,0.284991,-0.942348,50.00,False
-120.323085,7.939098,-3.712667,0.261635,0.337264,0.904323,50.00,False
-123.519201,15.081273,-6.640436,-0.377588,0.394619,0.837677,50.00,False
-125.021405,19.681572,-10.946058,-0.678029,0.542951,0.495460,50.00,False
-125.475779,21.216722,-16.223270,-0.768904,0.638044,-0.041074,50.00,False
-124.328072,19.741517,-21.515445,-0.539363,0.609910,-0.580601,50.00,False
-122.226303,15.637353,-25.505561,-0.119009,0.496713,-0.859717,50.00,False
-120.074991,10.217105,-28.039383,0.311254,0.429815,-0.847573,50.00,False
-123.926135,5.368332,-30.403654,-0.458975,0.383286,-0.801520,50.00,False
-126.307095,7.781309,-29.134157,-0.935167,0.353041,-0.028713,50.00,False
-126.407077,3.341534,-30.331479,-0.955164,0.157469,0.250731,50.00,False
-125.535338,5.681903,-37.164641,-0.780816,0.184189,-0.596994,50.00,False
-120.238001,9.893878,-32.054353,0.278652,0.176835,0.943972,50.00,False
-118.664394,8.083452,-40.969768,0.593373,0.738497,-0.320203,50.00,False
-120.809597,10.102779,-46.234754,0.164332,0.493131,-0.854293,50.00,False
-118.646296,8.628001,-41.678872,0.596993,0.558627,0.575791,50.00,False
-121.097879,12.548033,-42.593271,0.106676,0.396491,0.911820,50.00,False
-122.198436,18.872995,-45.107502,-0.113435,0.355203,0.927881,50.00,False
-122.831963,25.627910,-47.823015,-0.240141,0.354519,0.903686,50.00,False
-123.261784,32.078956,-50.589060,-0.326105,0.371248,0.869385,50.00,False
-123.580642,37.963587,-53.378326,-0.389877,0.397953,0.830440,50.00,False
-123.830062,43.205111,-56.187614,-0.439761,0.431822,0.787490,50.00,False
-124.030132,47.801490,-59.020581,-0.479774,0.471706,0.739804,50.00,False
-124.189546,51.780063,-61.883127,-0.511657,0.517042,0.686203,50.00,False
-124.309961,55.178521,-64.781719,-0.535740,0.567333,0.625392,50.00,False
-124.388262,58.036434,-67.722306,-0.551401,0.621786,0.556183,50.00,False
-124.418173,60.391079,-70.709045,-0.557383,0.679033,0.477743,50.00,False
-124.391965,62.275215,-73.742565,-0.552141,0.736941,0.389946,50.00,False
-124.302720,63.716453,-76.818043,-0.534292,0.792614,0.293759,50.00,False
-124.147095,64.738362,-79.923812,-0.503167,0.842701,0.191513,50.00,False
-123.927842,65.363294,-83.041735,-0.459317,0.884018,0.086836,50.00,False
-123.654758,65.616024,-86.149844,-0.404700,0.914312,-0.015878,50.00,False
-119.565937,67.354580,-86.734541,-0.386936,0.912491,-0.132818,200.00,True
-119.565937,67.354580,-86.734541,-0.386936,0.912491,-0.132818,50.00,False
-119.920332,67.471264,-83.625546,-0.457814,0.888544,-0.029926,50.00,False
-120.226800,67.211504,-80.486897,-0.519108,0.851059,0.078896,50.00,False
-120.467930,66.544442,-77.345869,-0.567334,0.801695,0.188194,50.00,False
-120.635510,65.444915,-74.228637,-0.600850,0.743833,0.292732,50.00,False
-120.731317,63.888718,-71.154759,-0.620011,0.681598,0.388600,50.00,False
-120.764556,61.847609,-68.134884,-0.626659,0.618819,0.473667,50.00,False
-120.748093,59.286257,-65.171739,-0.623367,0.558373,0.547388,50.00,False
-120.695268,56.161562,-62.262707,-0.612802,0.502020,0.610287,50.00,False
-120.617981,52.423388,-59.402398,-0.597344,0.450584,0.663441,50.00,False
-120.525811,48.015731,-56.584440,-0.578910,0.404255,0.708125,50.00,False
-120.425536,42.878126,-53.802375,-0.558855,0.362928,0.745630,50.00,False
-120.320676,36.949719,-51.050047,-0.537883,0.326590,0.777188,50.00,False
-120.211611,30.184908,-48.322393,-0.516070,0.295905,0.803811,50.00,False
-120.101518,22.611166,-45.620497,-0.494052,0.273537,0.825282,50.00,False
-120.040952,14.536078,-42.982374,-0.481939,0.268666,0.833999,50.00,False
-120.481060,7.306573,-40.775501,-0.569960,0.320789,0.756466,50.00,False
-122.383241,4.289917,-41.421708,-0.950396,0.291572,0.108316,50.00,False
-119.397659,4.226289,-43.911453,-0.353280,0.223041,-0.908541,50.00,False
-122.158266,13.566924,-35.245006,-0.905401,0.294465,0.305841,50.00,False
-114.733135,0.699229,-30.469344,0.579625,0.336710,0.742066,50.00,False
-115.494707,9.277125,-35.500916,0.427310,0.451743,-0.783156,50.00,False
-113.322334,8.198939,-27.645914,0.861785,0.430116,0.268936,50.00,False
-119.019577,6.898729,-25.774979,-0.277664,0.952614,0.124215,50.00,False
-119.818683,10.434709,-28.097578,-0.437485,0.265257,-0.859212,50.00,False
-120.055369,18.181440,-25.211718,-0.484822,0.351325,-0.800948,50.00,False
-120.591913,23.507718,-21.735858,-0.592131,0.509069,-0.624684,50.00,False
-121.318948,26.106478,-16.453164,-0.737538,0.669671,-0.087053,50.00,False
-120.339542,24.277873,-10.264858,-0.541657,0.554583,0.631700,50.00,False
-118.602969,18.479700,-6.251317,-0.194342,0.352263,0.915501,50.00,False
-117.328652,7.930154,-3.334735,0.060522,0.190038,0.979909,50.00,False
-121.427383,-0.417175,-8.589354,-0.759225,0.274899,-0.589922,50.00,False
-121.938343,13.349714,-4.507573,-0.861417,0.415235,-0.292474,50.00,False
-112.908966,11.915205,0.949491,0.944459,0.171990,0.280031,50.00,False
-112.970719,-1.186984,1.930807,0.932108,0.359665,-0.042613,50.00,False
-117.772602,6.828170,9.665457,-0.028269,0.167841,0.985409,50.00,False
-118.971926,1.700903,2.596717,-0.268133,0.175577,-0.947247,50.00,False
-120.885914,3.092938,7.212060,-0.650931,0.530421,-0.543086,50.00,False
-117.235139,18.383628,7.634631,0.079224,0.195593,-0.977480,50.00,False
-118.962508,28.026736,11.318054,-0.266250,0.593264,-0.759703,50.00,False
-119.956282,27.490533,21.216545,-0.465005,0.540599,0.701087,50.00,False
-118.579735,20.465845,24.973848,-0.189695,0.303862,0.933640,50.00,False
-117.342692,9.519351,27.818744,0.057713,0.170237,0.983712,50.00,False
-112.938166,-2.079933,24.586778,0.938619,0.293292,-0.181589,50.00,False
-119.798085,0.774588,23.718634,-0.433365,0.219313,-0.874126,50.00,False
-118.201713,6.501010,35.383956,-0.114091,0.321443,0.940031,50.00,False
-118.794510,7.881776,29.214209,-0.232650,0.534029,-0.812827,50.00,False
-115.716860,-0.954989,39.794496,0.382880,0.488099,0.784323,50.00,False
-116.144608,4.751001,42.831647,0.297330,0.386957,0.872845,50.00,False
-120.531498,0.156461,42.074073,-0.580048,0.789031,0.202423,50.00,False
-121.507788,-0.760506,43.510966,-0.775306,0.630915,-0.029107,50.00,False
-121.095183,-0.081121,45.713084,-0.692785,0.713073,-0.107591,50.00,False
-120.240135,1.006081,47.820881,-0.521775,0.828101,-0.204939,50.00,False
-119.160239,2.127537,49.815820,-0.305796,0.894961,-0.324859,50.00,False
-118.190487,3.219721,51.849617,-0.111846,0.892477,-0.437008,50.00,False
-117.503407,4.446951,54.002611,0.025570,0.850523,-0.525317,50.00,False
-117.073454,5.949311,56.261836,0.111561,0.797898,-0.592379,50.00,False
-116.825458,7.779260,58.593707,0.161160,0.747071,-0.644913,50.00,False
-116.701127,9.944870,60.973875,0.186026,0.701671,-0.687787,50.00,False
-116.662624,12.438805,63.388847,0.193727,0.662365,-0.723701,50.00,False
-112.796746,11.444981,63.413899,0.166903,0.675002,-0.718690,200.00,True
-112.796746,11.444981,63.413899,0.166903,0.675002,-0.718690,50.00,False
-112.827876,9.125060,61.071806,0.160677,0.726423,-0.668201,50.00,False
-112.946638,7.233453,58.804781,0.136924,0.786134,-0.602698,50.00,False
-113.176062,5.784967,56.651127,0.091039,0.852631,-0.514521,50.00,False
-113.550891,4.789673,54.683798,0.016074,0.921064,-0.389079,50.00,False
-114.134715,4.219064,53.005783,-0.100691,0.973405,-0.205774,50.00,False
-114.970625,3.929972,51.621463,-0.267873,0.962771,0.036269,50.00,False
-115.921838,3.810067,50.172733,-0.458116,0.848337,0.265431,50.00,False
-116.749493,4.133049,48.156613,-0.623647,0.682507,0.381115,50.00,False
-117.351262,5.153485,45.484244,-0.744001,0.559318,0.365549,50.00,False
-117.459677,6.964946,41.829220,-0.765684,0.624645,0.153452,50.00,False
-110.832855,4.903288,36.413403,0.559681,0.719721,-0.410804,50.00,False
-118.455512,4.892328,35.425939,-0.964851,0.247130,-0.089389,50.00,False
-118.131613,7.158171,31.281094,-0.900071,0.174104,-0.399450,50.00,False
-117.657232,-4.139116,28.171611,-0.805195,0.314988,-0.502438,50.00,False
-109.997435,4.553302,31.431867,0.726765,0.157776,0.668521,50.00,False
-112.404589,11.726091,27.965460,0.245334,0.834044,0.494147,50.00,False
-113.723314,11.887709,27.589392,-0.018411,0.346576,0.937841,50.00,False
-114.047691,21.465327,25.118744,-0.083286,0.257735,0.962619,50.00,False
-114.727925,29.971007,21.689778,-0.219333,0.564536,0.795734,50.00,False
-114.873340,29.401307,10.922465,-0.248416,0.484427,-0.838821,50.00,False
-114.421845,17.939137,7.647271,-0.158117,0.156422,-0.974952,50.00,False
-112.040562,-0.972009,5.350482,0.318139,0.246631,-0.915402,50.00,False
-110.523877,5.699838,11.119925,0.621476,0.200301,0.757395,50.00,False
-111.130765,0.502039,0.508977,0.500099,0.185408,-0.845887,50.00,False
-117.369517,-3.077240,5.305928,-0.747652,0.202666,0.632411,50.00,False
-118.051329,4.127856,-2.587442,-0.884014,0.189437,-0.427355,50.00,False
-110.569546,0.913024,-6.894449,0.612343,0.179915,-0.769849,50.00,False
-109.430603,0.913540,-3.058834,0.840131,0.166541,0.516182,50.00,False
-113.357470,9.182354,-3.352391,0.054758,0.209014,0.976378,50.00,False
-114.809688,20.682229,-6.190752,-0.235686,0.289801,0.927614,50.00,False
-115.517250,27.771355,-9.822874,-0.377198,0.582393,0.720097,50.00,False
-115.515394,30.638657,-16.828726,-0.376827,0.911978,-0.162165,50.00,False
-114.403782,27.494507,-22.346837,-0.154505,0.646760,-0.746880,50.00,False
-113.508829,22.534052,-25.644888,0.024486,0.459998,-0.887582,50.00,False
-112.111082,15.534111,-28.347982,0.304035,0.284163,-0.909293,50.00,False
-112.847998,1.733949,-31.161418,0.156652,0.259061,-0.953073,50.00,False
-110.432639,10.445259,-25.232993,0.639724,0.161153,0.751520,50.00,False
-118.294126,13.257789,-31.019735,-0.932573,0.342811,0.113080,50.00,False
-115.850428,9.565524,-38.510096,-0.443834,0.230019,-0.866085,50.00,False
-117.220925,5.089790,-39.716797,-0.717933,0.371779,-0.588517,50.00,False
-108.905013,5.155305,-38.521187,0.945249,0.278872,0.169513,50.00,False
-112.875209,5.043597,-37.267342,0.151210,0.308315,0.939190,50.00,False
-116.399923,16.376282,-40.559148,-0.553733,0.231953,0.799736,50.00,False
-116.987932,24.524717,-43.642630,-0.671335,0.237864,0.701948,50.00,False
-117.001864,31.911731,-46.290096,-0.674121,0.259960,0.691362,50.00,False
-116.957137,38.585908,-48.902306,-0.665176,0.290575,0.687828,50.00,False
-116.930865,44.526691,-51.551010,-0.659921,0.325855,0.676995,50.00,False
-116.934064,49.745894,-54.251016,-0.660561,0.365311,0.655902,50.00,False
-116.959787,54.269077,-57.005958,-0.665705,0.409492,0.623821,50.00,False
-116.994850,58.129074,-59.818317,-0.672718,0.459077,0.580257,50.00,False
-117.023393,61.363663,-62.691627,-0.678427,0.514426,0.524503,50.00,False
-117.027790,64.013046,-65.630120,-0.679306,0.575213,0.455712,50.00,False
-116.989051,66.116335,-68.636734,-0.671558,0.640046,0.373297,50.00,False
-116.888262,67.708025,-71.709827,-0.651400,0.706133,0.277586,50.00,False
-116.709987,68.816098,-74.839145,-0.615746,0.769248,0.170631,50.00,False
-116.447454,69.463579,-78.003236,-0.563239,0.824345,0.056720,50.00,False
-116.107086,69.674034,-81.170998,-0.495165,0.866866,-0.057925,50.00,False
-115.708724,69.478224,-84.308433,-0.415493,0.894227,-0.166504,50.00,False
-115.280228,68.917316,-87.387620,-0.329794,0.906553,-0.263433,50.00,False
-110.774950,70.091493,-88.048877,-0.228738,0.889445,-0.395685,200.00,True
-110.774950,70.091493,-88.048877,-0.228738,0.889445,-0.395685,50.00,False
-111.247191,71.145488,-85.041162,-0.323186,0.893057,-0.313049,50.00,False
-111.722312,71.867402,-81.945014,-0.418211,0.883089,-0.212728,50.00,False
-112.165684,72.199943,-78.776872,-0.506885,0.856424,-0.098007,50.00,False
-112.541474,72.096353,-75.569736,-0.582043,0.812788,0.024512,50.00,False
-112.824409,71.524398,-72.365272,-0.638630,0.755440,0.146497,50.00,False
-113.007346,70.462210,-69.201127,-0.675217,0.690119,0.260418,50.00,False
-113.100023,68.889671,-66.101680,-0.693753,0.622974,0.361400,50.00,False
-113.121858,66.782638,-63.076602,-0.698120,0.558897,0.447508,50.00,False
-113.094511,64.113556,-60.124804,-0.692650,0.500916,0.518960,50.00,False
-113.037198,60.856924,-57.239342,-0.681188,0.450431,0.577144,50.00,False
-112.963907,56.995421,-54.409884,-0.666530,0.407679,0.624128,50.00,False
-112.879050,52.520316,-51.620712,-0.649558,0.372065,0.663055,50.00,False
-112.764815,47.410972,-48.840497,-0.626711,0.342005,0.700190,50.00,False
-112.545937,41.550744,-45.998806,-0.582936,0.313458,0.749620,50.00,False
-112.021719,34.453822,-42.980519,-0.478092,0.274326,0.834370,50.00,False
-110.968248,24.498588,-39.845467,-0.267398,0.200610,0.942472,50.00,False
-109.711673,7.039707,-37.005574,-0.016083,0.128777,0.991543,50.00,False
-109.053308,1.896727,-44.260957,0.115590,0.171148,-0.978441,50.00,False
-114.173466,9.430732,-34.821430,-0.908441,0.148997,0.390556,50.00,False
-113.825288,14.594930,-36.782819,-0.838806,0.159217,-0.520629,50.00,False
-114.216689,12.025087,-29.748406,-0.917086,0.154953,0.367346,50.00,False
-113.496805,15.008989,-30.680374,-0.773109,0.536738,-0.337956,50.00,False
-109.604388,7.833406,-22.156338,0.005374,0.530059,0.847944,50.00,False
-111.550426,12.927197,-28.206677,-0.383833,0.276504,-0.881032,50.00,False
-107.874696,20.026134,-25.425729,0.351313,0.405789,-0.843750,50.00,False
-106.997542,25.004216,-22.069233,0.526744,0.494534,-0.691359,50.00,False
-106.412888,28.469018,-17.909411,0.643674,0.665260,-0.378302,50.00,False
-106.958361,28.866087,-11.248700,0.534580,0.724609,0.434932,50.00,False
-109.442802,23.097737,-6.133714,0.037691,0.341787,0.939021,50.00,False
-110.787345,8.693780,-3.409592,-0.231217,0.124231,0.964938,50.00,False
-107.824965,-0.523260,-9.810551,0.361259,0.416733,-0.834162,50.00,False
-104.868456,7.475234,-3.461128,0.952561,0.292760,-0.083185,50.00,False
-109.191429,15.526427,-5.276863,0.087966,0.246119,-0.965240,50.00,False
-109.491328,9.419406,7.057955,0.027986,0.182453,0.982816,50.00,False
-113.947845,7.615341,2.319188,-0.863317,0.143449,-0.483845,50.00,False
-110.920985,2.938852,12.087666,-0.257945,0.170799,0.950943,50.00,False
-105.351905,1.184735,7.939259,0.855871,0.330700,-0.397646,50.00,False
-108.232515,16.901207,7.780241,0.279749,0.149526,-0.948358,50.00,False
-107.143059,28.150074,11.346275,0.497640,0.428660,-0.754059,50.00,False
-107.058007,29.330376,20.952580,0.514651,0.561114,0.648294,50.00,False
-108.334022,21.759091,24.948230,0.259447,0.265601,0.928517,50.00,False
-108.576504,7.245268,27.748111,0.210951,0.124116,0.969585,50.00,False
-111.692830,2.811737,21.124229,-0.412314,0.256802,-0.874099,50.00,False
-112.128281,-0.371589,32.312145,-0.499404,0.193097,0.844576,50.00,False
-104.727298,-2.166954,30.847124,0.980792,0.192301,0.032664,50.00,False
-104.970639,-3.751461,32.099665,0.932124,0.274906,-0.235736,50.00,False
-112.180700,7.710493,31.936850,-0.509888,0.346872,-0.787206,50.00,False
-112.996957,4.649420,36.088036,-0.673140,0.566060,-0.475877,50.00,False
-110.276254,10.912872,40.636182,-0.128999,0.987982,-0.085156,50.00,False
-108.302864,8.052306,46.897130,0.265679,0.713685,0.648126,50.00,False
-108.194571,5.606894,49.405807,0.287338,0.720648,0.630954,50.00,False
-108.235332,4.400987,51.086164,0.279185,0.849262,0.448117,50.00,False
-108.437244,4.055025,52.244742,0.238803,0.957641,0.160925,50.00,False
-108.703945,4.105645,53.444252,0.185463,0.975531,-0.118081,50.00,False
-108.851690,4.517798,55.037023,0.155914,0.935035,-0.318434,50.00,False
-108.841489,5.344261,56.939906,0.157954,0.875452,-0.456765,50.00,False
-108.762997,6.587761,59.006616,0.173652,0.808473,-0.562331,50.00,False
-108.720668,8.282612,61.178228,0.182118,0.740494,-0.646917,50.00,False
-108.752947,10.472325,63.443195,0.175662,0.678981,-0.712831,50.00,False
-104.573823,9.295345,63.451013,0.211487,0.670352,-0.711267,200.00,True
-104.573823,9.295345,63.451013,0.211487,0.670352,-0.711267,50.00,False
-104.448815,7.179210,61.278355,0.236489,0.742348,-0.626891,50.00,False
-104.483474,5.659035,59.201402,0.229557,0.820599,-0.523374,50.00,False
-104.613631,4.487861,57.041514,0.203526,0.876410,-0.436444,50.00,False
-104.468867,3.401669,54.737374,0.232478,0.895988,-0.378364,50.00,False
-103.803583,2.328749,52.541920,0.365535,0.881620,-0.298547,50.00,False
-102.795055,1.278239,50.720556,0.567241,0.810880,-0.143912,50.00,False
-101.943487,0.437144,49.103123,0.737554,0.673320,0.051509,50.00,False
-101.483326,0.269191,47.232415,0.829587,0.522745,0.196275,50.00,False
-101.259240,1.032328,44.969998,0.874404,0.407930,0.262700,50.00,False
-101.277249,2.776656,42.770325,0.870802,0.353502,0.341673,50.00,False
-101.083758,5.793905,38.606325,0.909500,0.414774,0.027781,50.00,False
-102.272776,11.305170,38.847228,0.671697,0.441536,0.594869,50.00,False
-100.933375,-1.448778,32.378804,0.939577,0.291254,-0.179908,50.00,False
-108.715557,14.376436,34.469947,-0.616860,0.214683,0.757229,50.00,False
-101.568389,10.136650,25.476788,0.812574,0.258307,-0.522495,50.00,False
-100.904437,8.883795,24.345293,0.945364,0.231167,-0.229887,50.00,False
-105.316337,6.936048,27.575873,0.062984,0.348642,0.935137,50.00,False
-104.659545,16.975319,25.007936,0.194343,0.278873,0.940458,50.00,False
-102.463101,24.203997,20.429515,0.633632,0.550383,0.543681,50.00,False
-103.121556,22.272955,11.278339,0.501941,0.398466,-0.767646,50.00,False
-104.265235,12.969436,7.852129,0.273205,0.230304,-0.933980,50.00,False
-110.515944,9.140378,10.531208,-0.976937,0.176111,0.120743,50.00,False
-108.897440,16.915819,10.787329,-0.653236,0.309796,0.690875,50.00,False
-102.880208,2.920335,0.582989,0.550210,0.081036,-0.831085,50.00,False
-103.962276,-4.392111,6.821611,0.333797,0.115459,0.935547,50.00,False
-102.261687,17.468570,-0.392652,0.673914,0.738718,0.011603,50.00,False
-109.742356,3.144599,-5.755094,-0.822219,0.173825,-0.541978,50.00,False
-101.628204,10.035068,-3.940937,0.800611,0.493543,0.339761,50.00,False
-109.084074,6.623773,-4.891573,-0.690563,0.275997,0.668542,50.00,False
-102.682144,16.425426,-7.087942,0.589823,0.303878,0.748176,50.00,False
-101.157535,20.421638,-12.266897,0.894745,0.382015,0.231293,50.00,False
-101.188458,20.794252,-16.868681,0.888560,0.426037,-0.170156,50.00,False
-102.044948,18.721773,-21.326531,0.717262,0.436902,-0.542818,50.00,False
-103.246394,14.111516,-25.165326,0.476973,0.381780,-0.791670,50.00,False
-104.013844,9.494570,-27.563619,0.323483,0.573779,-0.752421,50.00,False
-104.910567,1.789486,-31.173666,0.144138,0.257297,-0.955522,50.00,False
-103.919043,-1.265568,-26.003458,0.342443,0.725130,0.597427,50.00,False
-103.926120,10.924715,-26.970500,0.341028,0.178623,0.922927,50.00,False
-107.946276,8.301296,-37.793468,-0.463003,0.513076,-0.722759,50.00,False
-107.868924,4.016074,-37.214516,-0.447533,0.889921,-0.088061,50.00,False
-102.203404,11.174300,-36.160422,0.685571,0.343886,0.641666,50.00,False
-105.677314,9.432414,-37.143043,-0.009211,0.265564,0.964049,50.00,False
-105.351528,25.930088,-39.647570,0.055946,0.180123,0.982052,50.00,False
-105.863470,37.932616,-42.330466,-0.046442,0.260411,0.964380,50.00,False
-106.674602,46.522911,-45.148545,-0.208669,0.332656,0.919673,50.00,False
-107.451910,53.168871,-48.098572,-0.364130,0.383836,0.848575,50.00,False
-108.034833,58.559772,-51.099721,-0.480715,0.424542,0.767253,50.00,False
-108.440576,63.002448,-54.114029,-0.561863,0.466275,0.683299,50.00,False
-108.715902,66.638622,-57.148313,-0.616929,0.514740,0.595350,50.00,False
-108.886867,69.549608,-60.223177,-0.651122,0.571625,0.499285,50.00,False
-108.957209,71.795388,-63.357721,-0.665190,0.635940,0.391284,50.00,False
-108.916072,73.423739,-66.561550,-0.656963,0.704138,0.269426,50.00,False
-108.748634,74.470395,-69.827172,-0.623475,0.770063,0.135209,50.00,False
-108.449815,74.962320,-73.124725,-0.563711,0.825954,-0.005393,50.00,False
-108.036285,74.928733,-76.405936,-0.481005,0.865022,-0.142728,50.00,False
-107.547357,74.414108,-79.620216,-0.383220,0.884323,-0.266676,50.00,False
-107.031922,73.481704,-82.733159,-0.280133,0.885642,-0.370357,50.00,False
-106.531846,72.204739,-85.734331,-0.180117,0.873808,-0.451683,50.00,False
-106.073174,70.653926,-88.632229,-0.088383,0.854214,-0.512355,50.00,False
-101.254815,70.411275,-89.054209,0.075289,0.798887,-0.596751,200.00,True
-101.254815,70.411275,-89.054209,0.075289,0.798887,-0.596751,50.00,False
-101.635448,72.409287,-86.276741,-0.000838,0.828380,-0.560165,50.00,False
-102.078045,74.204804,-83.408412,-0.089357,0.858242,-0.505407,50.00,False
-102.579168,75.731070,-80.418878,-0.189582,0.884440,-0.426408,50.00,False
-103.118247,76.900660,-77.280080,-0.297398,0.900396,-0.317556,50.00,False
-103.649070,77.608165,-73.981773,-0.403562,0.897707,-0.176803,50.00,False
-104.101600,77.745167,-70.550266,-0.494068,0.869372,-0.009409,50.00,False
-104.403419,77.222035,-67.052117,-0.554432,0.814406,0.171313,50.00,False
-104.509327,75.974430,-63.568932,-0.575614,0.739486,0.349042,50.00,False
-104.411392,73.941938,-60.162232,-0.556027,0.655155,0.511474,50.00,False
-104.123845,71.036889,-56.860803,-0.498517,0.570320,0.652852,50.00,False
-103.665543,67.125476,-53.674527,-0.406857,0.489611,0.771200,50.00,False
-103.060786,62.022403,-50.615109,-0.285905,0.414076,0.864175,50.00,False
-102.361826,55.492347,-47.703203,-0.146113,0.343684,0.927649,50.00,False
-101.676285,47.262717,-44.947566,-0.009005,0.280307,0.959868,50.00,False
-101.174600,37.092868,-42.307356,0.091332,0.229549,0.969002,50.00,False
-101.159541,25.037924,-39.679916,0.094344,0.198338,0.975583,50.00,False
-101.893280,9.781092,-37.016153,-0.052404,0.135230,0.989427,50.00,False
-103.837276,6.983575,-43.772783,-0.441203,0.171812,-0.880806,50.00,False
-102.429951,3.626958,-31.990761,-0.159738,0.243367,0.956690,50.00,False
-102.643534,4.398439,-38.999332,-0.202455,0.172764,-0.963932,50.00,False
-105.411650,3.948897,-28.421913,-0.756078,0.167652,0.632644,50.00,False
-97.032475,11.194827,-30.167919,0.919757,0.314012,-0.235465,50.00,False
-97.295280,3.923478,-24.233555,0.867196,0.246810,0.432500,50.00,False
-98.711339,6.218453,-27.526761,0.583984,0.322281,-0.745049,50.00,False
-101.115692,13.124169,-24.863078,0.103113,0.674303,-0.731220,50.00,False
-97.800520,14.000115,-18.276486,0.766148,0.639142,0.067191,50.00,False
-97.196440,11.584028,-14.749628,0.886964,0.385946,0.253654,50.00,False
-96.989875,9.379158,-12.416979,0.928277,0.312714,0.201276,50.00,False
-97.071939,8.427753,-10.005508,0.911864,0.376019,0.164663,50.00,False
-103.805226,3.113618,-3.835882,-0.434793,0.192660,0.879680,50.00,False
-100.861690,-4.174493,-10.407874,0.153914,0.258665,-0.953626,50.00,False
-105.877744,9.345865,-1.097557,-0.849297,0.356316,0.389529,50.00,False
-99.113995,0.705643,3.655927,0.503453,0.268275,0.821319,50.00,False
-105.456754,2.660848,-1.025425,-0.765099,0.113338,-0.633860,50.00,False
-105.257773,5.918065,8.131959,-0.725303,0.115282,0.678709,50.00,False
-106.050920,-0.264329,5.158673,-0.883932,0.171942,-0.434856,50.00,False
-105.560624,1.548230,8.689272,-0.785873,0.566636,-0.247644,50.00,False
-102.346490,11.644073,7.656489,-0.143046,0.180550,-0.973108,50.00,False
-102.966691,21.679383,10.993316,-0.267086,0.498614,-0.824651,50.00,False
-102.683253,22.231522,21.740055,-0.210399,0.553567,0.805789,50.00,False
-101.860278,13.041312,25.156503,-0.045804,0.238055,0.970171,50.00,False
-105.307030,7.568407,19.833900,-0.735154,0.288901,-0.613257,50.00,False
-98.878627,9.381942,29.596033,0.550527,0.155214,0.820262,50.00,False
-99.715721,-2.371447,24.734845,0.383108,0.634936,-0.670884,50.00,False
-99.954038,8.757356,26.116618,0.335444,0.230455,-0.913437,50.00,False
-98.696828,5.381993,37.257515,0.586886,0.149037,0.795835,50.00,False
-97.220828,-4.629775,33.936554,0.882086,0.268234,-0.387266,50.00,False
-100.859368,0.741096,43.289459,0.154378,0.214675,0.964408,50.00,False
-99.599289,-4.510484,44.024947,0.406394,0.695465,0.592598,50.00,False
-97.649013,-5.977847,44.007411,0.796449,0.600619,0.070182,50.00,False
-97.675636,-5.791436,45.368584,0.791125,0.585639,-0.176491,50.00,False
-98.323502,-4.298597,46.887906,0.661551,0.639571,-0.391534,50.00,False
-99.363596,-2.125632,48.720972,0.453533,0.706087,-0.543829,50.00,False
-100.485071,0.262834,51.117787,0.229238,0.779182,-0.583374,50.00,False
-101.233010,2.438962,54.166698,0.079650,0.866661,-0.492499,50.00,False
-101.068235,3.944619,57.430412,0.112605,0.926650,-0.358664,50.00,False
-100.120514,4.634443,59.821096,0.302149,0.865539,-0.399435,50.00,False
-99.966707,5.578927,61.398804,0.332910,0.725121,-0.602801,50.00,False
-100.358592,7.759493,63.415909,0.254533,0.647514,-0.718288,50.00,False
-96.138057,6.364864,63.705390,0.298640,0.688982,-0.660392,200.00,True
-96.138057,6.364864,63.705390,0.298640,0.688982,-0.660392,50.00,False
-95.572325,2.258976,60.754781,0.411787,0.543309,-0.731606,50.00,False
-96.530152,3.053993,64.294959,0.220221,0.840323,0.495337,50.00,False
-98.526795,4.334082,58.193281,-0.179107,0.962002,-0.206090,50.00,False
-98.615736,2.462701,53.865077,-0.196895,0.809703,-0.552823,50.00,False
-97.564225,-1.011295,50.183256,0.013407,0.637565,-0.770280,50.00,False
-96.926016,-4.390928,47.567127,0.141049,0.616525,-0.774598,50.00,False
-96.208727,-7.292173,45.343931,0.284506,0.654672,-0.700329,50.00,False
-95.019652,-8.897193,44.395038,0.522321,0.767718,-0.371200,50.00,False
-94.867268,-9.357811,46.364926,0.552798,0.633238,0.541686,50.00,False
-96.018369,-6.075433,45.598428,0.322578,0.269743,0.907294,50.00,False
-95.737141,7.719027,41.893509,0.378824,0.622069,0.685218,50.00,False
-102.549204,-4.452282,35.345350,-0.983589,0.146359,-0.105506,50.00,False
-96.126955,9.757963,37.867030,0.300861,0.259308,0.917737,50.00,False
-93.056692,10.575290,32.427182,0.914913,0.203368,0.348676,50.00,False
-101.481922,18.901161,31.001935,-0.770133,0.259903,0.582534,50.00,False
-101.185863,15.211209,22.073959,-0.710921,0.162868,-0.684153,50.00,False
-98.210725,5.363110,21.214699,-0.115893,0.934309,-0.337097,50.00,False
-97.462959,16.310971,25.189103,0.033660,0.211994,0.976691,50.00,False
-98.513835,25.418403,21.396765,-0.176515,0.652288,0.737131,50.00,False
-98.175446,23.291033,10.636946,-0.108837,0.430666,-0.895925,50.00,False
-98.036853,10.926375,7.595657,-0.081119,0.150511,-0.985275,50.00,False
-95.308532,8.761913,14.055012,0.464545,0.320531,0.825504,50.00,False
-96.569835,-3.988381,2.550218,0.212285,0.199883,-0.956547,50.00,False
-98.291900,-1.464496,9.642129,-0.132128,0.143822,0.980743,50.00,False
-97.840207,8.897947,-2.767371,-0.041789,0.182868,-0.982249,50.00,False
-99.511517,-4.714348,2.312186,-0.376052,0.743809,0.552570,50.00,False
-94.667912,4.704105,-5.956817,0.592670,0.556456,-0.582323,50.00,False
-99.248290,12.471130,-1.126628,-0.323406,0.284043,0.902623,50.00,False
-99.453645,6.566154,-12.810277,-0.364477,0.171952,-0.915199,50.00,False
-93.756165,-2.445970,-13.127052,0.775019,0.433672,-0.459646,50.00,False
-93.761567,-1.643581,-10.850238,0.773938,0.369027,0.514624,50.00,False
-94.785307,3.145821,-12.314894,0.569190,0.357117,0.740601,50.00,False
-95.476707,8.789422,-14.688968,0.430910,0.445613,0.784694,50.00,False
-96.608404,14.284593,-19.175266,0.204571,0.890526,0.406342,50.00,False
-98.500042,12.630574,-26.915462,-0.173757,0.762852,-0.622789,50.00,False
-102.159553,12.925396,-24.500931,-0.905659,0.190059,0.379025,50.00,False
-101.554290,13.128789,-31.504558,-0.784606,0.362757,-0.502793,50.00,False
-100.233637,6.514481,-35.740822,-0.520476,0.195743,-0.831138,50.00,False
-97.095526,8.276167,-29.319246,0.107147,0.208733,0.972085,50.00,False
-95.699067,2.929839,-41.255325,0.386438,0.217831,-0.896223,50.00,False
-93.220500,1.379782,-37.831132,0.882152,0.356704,0.307524,50.00,False
-98.784110,9.741321,-37.215086,-0.230570,0.212179,0.949641,50.00,False
-97.657057,22.355630,-39.645274,-0.005160,0.186134,0.982511,50.00,False
-97.762974,35.813304,-42.257439,-0.026343,0.202220,0.978986,50.00,False
-98.035849,47.491326,-44.913729,-0.080918,0.243039,0.966636,50.00,False
-98.396930,56.955661,-47.639021,-0.153134,0.303377,0.940485,50.00,False
-98.807807,64.360605,-50.472885,-0.235310,0.384524,0.892620,50.00,False
-99.220979,70.015869,-53.465444,-0.317944,0.487767,0.813016,50.00,False
-99.572156,74.228657,-56.675532,-0.388179,0.611020,0.689906,50.00,False
-99.775127,77.225389,-60.151322,-0.428774,0.743176,0.513656,50.00,False
-99.739702,79.118834,-63.872372,-0.421689,0.859669,0.288354,50.00,False
-99.435211,79.957476,-67.690916,-0.360790,0.931629,0.043553,50.00,False
-98.939139,79.846863,-71.391009,-0.261576,0.948710,-0.177558,50.00,False
-98.381137,78.988150,-74.838096,-0.149976,0.925395,-0.348068,50.00,False
-97.854890,77.595748,-78.024748,-0.044726,0.883395,-0.466490,50.00,False
-97.397924,75.832281,-81.007059,0.046667,0.837758,-0.544045,50.00,False
-97.014135,73.805595,-83.846885,0.123425,0.795611,-0.593102,50.00,False
-96.694852,71.587162,-86.591790,0.187281,0.759328,-0.623175,50.00,False
-96.428870,69.227009,-89.274244,0.240478,0.729109,-0.640758,50.00,False
-91.683487,67.016391,-89.307894,0.389554,0.654986,-0.647488,200.00,True
-91.683487,67.016391,-89.307894,0.389554,0.654986,-0.647488,50.00,False
-91.839181,69.647200,-86.679418,0.358416,0.679000,-0.640701,50.00,False
-92.025554,72.177213,-84.012832,0.321141,0.710372,-0.626291,50.00,False
-92.252028,74.567336,-81.285267,0.275846,0.751189,-0.599686,50.00,False
-92.532685,76.766220,-78.458077,0.219715,0.803582,-0.553156,50.00,False
-92.888045,78.699877,-75.465361,0.148643,0.868150,-0.473520,50.00,False
-93.342517,80.242568,-72.201608,0.057748,0.938767,-0.339678,50.00,False
-93.900810,81.152145,-68.543241,-0.053910,0.990448,-0.126912,50.00,False
-94.482208,81.027895,-64.501463,-0.170190,0.971914,0.162536,50.00,False
-94.904163,79.533943,-60.427575,-0.254581,0.851501,0.458405,50.00,False
-95.068766,76.690179,-56.735834,-0.287501,0.676659,0.677846,50.00,False
-95.051075,72.566712,-53.483105,-0.283963,0.513907,0.809484,50.00,False
-94.957077,66.982535,-50.523144,-0.265164,0.388280,0.882568,50.00,False
-94.848845,59.600898,-47.726917,-0.243517,0.298235,0.922906,50.00,False
-94.750594,50.105780,-45.019748,-0.223867,0.236732,0.945432,50.00,False
-94.654915,38.435039,-42.360735,-0.204731,0.199237,0.958327,50.00,False
-94.510898,25.202037,-39.723859,-0.175928,0.185361,0.966794,50.00,False
-94.552213,10.976961,-37.103498,-0.184191,0.146187,0.971958,50.00,False
-96.579203,12.122478,-42.922561,-0.589589,0.383669,-0.710762,50.00,False
-88.879863,5.699700,-37.422797,0.950279,0.283095,-0.129717,50.00,False
-96.185716,13.077084,-38.396248,-0.510891,0.166763,-0.843315,50.00,False
-95.795138,18.440269,-27.225678,-0.432776,0.229153,0.871891,50.00,False
-88.805342,6.010628,-28.897030,0.965183,0.260904,0.018713,50.00,False
-88.858167,3.882576,-25.175785,0.954618,0.170709,0.244054,50.00,False
-95.295256,8.632788,-27.278337,-0.332799,0.636956,-0.695364,50.00,False
-92.275087,11.303726,-21.588305,0.271234,0.959487,-0.076266,50.00,False
-94.068814,6.710401,-14.349309,-0.087511,0.515142,0.852626,50.00,False
-94.501293,0.659877,-11.507358,-0.174007,0.394870,0.902108,50.00,False
-95.183009,-3.655383,-9.657494,-0.310350,0.580011,0.753173,50.00,False
-94.179703,-4.185496,-15.513182,-0.109689,0.332022,-0.936872,50.00,False
-91.915455,11.145253,-12.228188,0.343161,0.494155,-0.798781,50.00,False
-92.285915,14.332419,-5.803280,0.269069,0.962565,-0.032707,50.00,False
-98.258272,-0.610386,-1.298996,-0.925403,0.147174,0.349242,50.00,False
-97.769699,6.184869,-3.204292,-0.827688,0.107861,-0.550725,50.00,False
-89.480807,12.086627,4.621023,0.830090,0.255928,0.495430,50.00,False
-90.137100,12.774070,1.263156,0.698832,0.168930,-0.695051,50.00,False
-96.828720,14.984816,10.714838,-0.639492,0.365464,0.676377,50.00,False
-97.209731,4.450344,13.314319,-0.715694,0.170169,0.677366,50.00,False
-92.737280,9.760241,7.702934,0.178796,0.197698,-0.963819,50.00,False
-90.645177,19.540484,11.461207,0.597216,0.329948,-0.731073,50.00,False
-89.908526,22.968253,19.422907,0.744547,0.573097,0.342360,50.00,False
-92.801998,15.567252,25.091195,0.165852,0.237559,0.957110,50.00,False
-89.003085,4.488310,24.557243,0.925635,0.182666,0.331411,50.00,False
-88.686032,-1.069887,25.719095,0.989045,0.140626,0.044874,50.00,False
-88.835188,0.400689,29.324413,0.959214,0.137421,0.247030,50.00,False
-94.319091,3.033833,25.797520,-0.137566,0.161384,-0.977257,50.00,False
-89.595570,8.231047,36.157344,0.807138,0.130317,0.575800,50.00,False
-89.494700,9.001672,33.215086,0.827312,0.181659,-0.531559,50.00,False
-93.809489,3.228589,43.405267,-0.035646,0.153089,0.987569,50.00,False
-93.181337,-9.967922,45.797444,0.089985,0.308075,0.947097,50.00,False
-93.614865,-10.048804,44.412541,0.003279,0.988496,0.151208,50.00,False
-95.163665,-10.214226,42.847340,-0.306481,0.665329,-0.680739,50.00,False
-95.558031,-7.532756,45.161873,-0.385354,0.555621,-0.736741,50.00,False
-95.519265,-3.974085,47.949128,-0.377601,0.608225,-0.698198,50.00,False
-94.058984,-0.697191,50.729364,-0.085545,0.745442,-0.661058,50.00,False
-91.070040,0.323757,52.916318,0.512244,0.431496,-0.742575,50.00,False
-96.182333,2.701925,61.211336,-0.510215,0.762665,0.397521,50.00,False
-90.117818,4.381341,63.172843,0.702688,0.657902,0.270914,50.00,False
-98.285891,3.905905,63.444264,-0.930926,0.309601,-0.193709,50.00,False
-89.491681,-1.608270,69.055341,0.827916,0.383125,0.409598,50.00,False
-93.637761,-2.422223,64.825045,-0.801300,0.409169,-0.436461,200.00,True
-93.637761,-2.422223,64.825045,-0.801300,0.409169,-0.436461,50.00,False
-92.910010,7.447218,63.825467,-0.655750,0.745783,-0.117469,50.00,False
-91.846132,-2.753853,66.162960,-0.442975,0.220729,0.868937,50.00,False
-93.880896,7.870325,59.175035,-0.849927,0.526810,-0.009740,50.00,False
-88.356336,1.714170,52.913990,0.254985,0.618768,-0.743041,50.00,False
-93.689896,2.134942,53.924674,-0.811727,0.583622,-0.021996,50.00,False
-93.756209,0.466148,49.710967,-0.824990,0.446982,-0.345830,50.00,False
-93.554263,-2.703279,46.380417,-0.784601,0.375927,-0.493032,50.00,False
-93.593501,-6.402495,43.798506,-0.792448,0.362531,-0.490506,50.00,False
-94.021909,-8.943958,42.452550,-0.878130,0.413410,-0.240790,50.00,False
-93.388592,-8.491081,43.841123,-0.751467,0.355454,0.555833,50.00,False
-91.637997,0.933006,43.004950,-0.401348,0.123909,0.907506,50.00,False
-91.944473,13.947199,32.397470,-0.462643,0.550293,-0.695082,50.00,False
-91.948972,-1.062570,28.920924,-0.463543,0.160139,-0.871484,50.00,False
-88.509377,4.611474,35.515543,0.224377,0.125805,0.966348,50.00,False
-92.268075,1.794523,23.880706,-0.527363,0.115799,-0.841712,50.00,False
-92.472483,0.143485,29.565567,-0.568245,0.119280,0.814168,50.00,False
-91.530839,11.369323,18.501850,-0.379916,0.286093,-0.879667,50.00,False
-87.870206,6.787742,24.879397,0.352211,0.197940,0.914750,50.00,False
-87.497055,16.524200,21.429487,0.426841,0.514542,0.743676,50.00,False
-90.341463,15.251536,10.699985,-0.142041,0.446739,-0.883317,50.00,False
-92.098130,5.836590,8.316676,-0.493374,0.221770,-0.841071,50.00,False
-85.210995,4.830792,11.940005,0.884053,0.237576,0.402503,50.00,False
-85.479827,2.406389,4.912812,0.830286,0.276299,-0.484028,50.00,False
-93.940328,0.603461,2.622005,-0.861814,0.279481,-0.423282,50.00,False
-93.830136,-2.844054,4.716700,-0.839775,0.173205,0.514565,50.00,False
-85.026586,7.897071,1.433678,0.920935,0.099244,0.376869,50.00,False
-85.267156,7.522435,-5.438629,0.872821,0.095106,-0.478685,50.00,False
-84.819907,6.489552,-4.589120,0.962270,0.172868,0.210125,50.00,False
-86.794906,6.759703,-11.996894,0.567271,0.334535,-0.752522,50.00,False
-93.438753,1.216360,-13.213060,-0.761499,0.439017,-0.476848,50.00,False
-93.634678,1.554346,-10.975808,-0.800684,0.345376,0.489511,50.00,False
-93.286233,6.348229,-12.960875,-0.730995,0.303036,0.611405,50.00,False
-93.805839,11.059645,-16.721205,-0.834916,0.399806,0.378247,50.00,False
-92.448778,11.913930,-24.052617,-0.563504,0.598796,-0.569128,50.00,False
-88.792353,13.523532,-22.853070,0.167781,0.967402,0.189689,50.00,False
-94.302517,9.796363,-27.923150,-0.934252,0.184101,-0.305419,50.00,False
-86.816869,1.259173,-33.027152,0.562878,0.177246,-0.807312,50.00,False
-87.431733,-2.349748,-27.134263,0.439905,0.118631,0.890174,50.00,False
-87.715407,16.651662,-38.697394,0.383170,0.191802,-0.903544,50.00,False
-85.550233,1.362147,-33.987622,0.816205,0.152334,0.557318,50.00,False
-94.468168,12.482987,-39.931257,-0.967382,0.226972,-0.112501,50.00,False
-90.255058,11.056607,-37.088114,-0.124760,0.183688,0.975035,50.00,False
-90.692922,28.714410,-39.732505,-0.212333,0.153508,0.965065,50.00,False
-90.970188,43.262760,-42.434672,-0.267786,0.194999,0.943539,50.00,False
-91.056262,54.539427,-45.120914,-0.285001,0.250563,0.925199,50.00,False
-91.011962,63.236630,-47.825933,-0.276141,0.328865,0.903103,50.00,False
-90.867509,69.856545,-50.623758,-0.247250,0.441651,0.862445,50.00,False
-90.589345,74.825674,-53.648279,-0.191617,0.600341,0.776449,50.00,False
-90.094722,78.424958,-57.131700,-0.092693,0.795612,0.598673,50.00,False
-89.368036,80.567536,-61.222463,0.052645,0.952665,0.299428,50.00,False
-88.637162,81.038856,-65.493886,0.198819,0.979377,-0.035949,50.00,False
-88.122241,80.214161,-69.340199,0.301804,0.909365,-0.286304,50.00,False
-87.802328,78.659905,-72.690765,0.365786,0.821454,-0.437509,50.00,False
-87.592355,76.679025,-75.717593,0.407781,0.747779,-0.523967,50.00,False
-87.439548,74.407648,-78.558806,0.438342,0.692229,-0.573302,50.00,False
-87.318729,71.924637,-81.293214,0.462506,0.651580,-0.601275,50.00,False
-87.218354,69.287884,-83.964034,0.482581,0.622097,-0.616532,50.00,False
-87.132974,66.543444,-86.595835,0.499657,0.600822,-0.623984,50.00,False
-87.059730,63.727968,-89.203287,0.514306,0.585580,-0.626567,50.00,False
-82.560206,59.339221,-89.010961,0.614211,0.526196,-0.588101,200.00,True
-82.560206,59.339221,-89.010961,0.614211,0.526196,-0.588101,50.00,False
-82.581044,62.253575,-86.406891,0.610043,0.533125,-0.586195,50.00,False
-82.604535,65.124729,-83.785294,0.605345,0.544287,-0.580784,50.00,False
-82.629385,67.916741,-81.135575,0.600375,0.561193,-0.569748,50.00,False
-82.654477,70.582493,-78.441377,0.595356,0.585878,-0.549816,50.00,False
-82.680398,73.062843,-75.676263,0.590172,0.621087,-0.515701,50.00,False
-82.713266,75.285014,-72.795029,0.583599,0.670311,-0.458362,50.00,False
-82.774725,77.155262,-69.717422,0.571307,0.736714,-0.361748,50.00,False
-82.926655,78.527230,-66.307553,0.540921,0.817270,-0.198682,50.00,False
-83.309125,79.102378,-62.409895,0.464427,0.883443,0.061942,50.00,False
-84.070640,78.335191,-58.138404,0.312124,0.862964,0.397332,50.00,False
-85.039274,75.842491,-54.125961,0.118397,0.722731,0.680913,50.00,False
-85.830116,71.778423,-50.750410,-0.039771,0.545579,0.837115,50.00,False
-86.327480,66.162992,-47.811395,-0.139244,0.399695,0.906010,50.00,False
-86.584082,58.615089,-45.062986,-0.190565,0.293463,0.936784,50.00,False
-86.643574,48.465192,-42.376692,-0.202463,0.216161,0.955135,50.00,False
-86.505069,34.535212,-39.695078,-0.174762,0.153637,0.972550,50.00,False
-86.311526,13.233820,-37.034591,-0.136053,0.099028,0.985740,50.00,False
-81.328546,-4.152936,-37.179864,0.860543,0.260418,0.437777,50.00,False
-85.519683,-3.942428,-41.581828,0.022315,0.273816,-0.961523,50.00,False
-83.810942,15.215922,-38.315147,0.364063,0.428219,-0.827095,50.00,False
-81.397045,2.213990,-30.269981,0.846843,0.462247,0.263031,50.00,False
-90.515365,6.480020,-28.348847,-0.976821,0.171309,0.128350,50.00,False
-81.604065,2.609355,-28.235096,0.805439,0.464742,-0.367808,50.00,False
-80.986805,8.389741,-22.895607,0.928891,0.323009,0.181182,50.00,False
-86.457134,12.769492,-26.036636,-0.165175,0.199232,-0.965932,50.00,False
-90.213521,20.395750,-19.530433,-0.916452,0.355537,-0.183599,50.00,False
-89.662810,17.450845,-13.377535,-0.806310,0.266464,0.528073,50.00,False
-89.182097,11.231158,-10.179703,-0.710168,0.273513,0.648732,50.00,False
-90.045605,7.369852,-9.529860,-0.882869,0.391216,0.259792,50.00,False
-90.264257,8.338209,-9.891739,-0.926600,0.177558,-0.331491,50.00,False
-90.560017,9.036113,-5.246777,-0.985752,0.148718,0.078593,50.00,False
-89.295453,13.628247,0.275417,-0.732839,0.147940,0.664124,50.00,False
-88.494671,6.473610,-4.504885,-0.572682,0.120694,-0.810844,50.00,False
-86.236619,6.812509,7.054341,-0.121072,0.144340,0.982093,50.00,False
-88.456705,8.898971,0.657499,-0.565089,0.120498,-0.816183,50.00,False
-88.643604,-1.159276,11.157432,-0.602469,0.227958,0.764896,50.00,False
-89.558950,0.375191,7.196766,-0.785538,0.290956,-0.546145,50.00,False
-85.358471,11.027941,7.628155,0.054558,0.197542,-0.978775,50.00,False
-88.700686,20.281154,12.653545,-0.613885,0.616835,-0.492605,50.00,False
-86.258306,17.101238,22.231842,-0.125409,0.408401,0.904147,50.00,False
-84.226610,9.186389,24.902802,0.280930,0.275182,0.919431,50.00,False
-89.077092,-2.404322,25.983873,-0.689167,0.380374,0.616737,50.00,False
-81.506320,5.346948,22.888433,0.824988,0.218369,-0.521258,50.00,False
-86.613707,0.366596,23.433446,-0.196490,0.307125,-0.931164,50.00,False
-84.361792,3.330730,35.453273,0.253893,0.160076,0.953894,50.00,False
-89.815166,-4.866664,35.888293,-0.836781,0.165297,0.521990,50.00,False
-83.774450,-4.435518,31.333916,0.371362,0.194941,-0.907793,50.00,False
-90.027099,5.736185,39.606544,-0.879168,0.418520,0.227825,50.00,False
-90.026479,1.565184,42.309270,-0.879044,0.406264,0.249462,50.00,False
-90.216566,1.540787,42.440076,-0.917061,0.315929,-0.243285,50.00,False
-90.111878,4.207562,44.588671,-0.896124,0.293979,-0.332473,50.00,False
-90.219797,6.864878,47.906697,-0.917708,0.350075,-0.187776,50.00,False
-89.537810,8.050439,52.711188,-0.781310,0.570026,0.254215,50.00,False
-85.467568,4.705484,58.760062,0.032738,0.325192,0.945081,50.00,False
-89.828049,4.894823,54.319703,-0.839358,0.286580,-0.461898,50.00,False
-86.845696,-4.585072,63.902366,-0.242887,0.255776,0.935727,50.00,False
-81.154015,-2.530975,59.750137,0.895449,0.164572,-0.413627,50.00,False
-88.803813,9.523180,61.326808,-0.634511,0.465252,-0.617201,50.00,False
-88.738510,0.878382,70.611827,-0.621450,0.306773,0.720895,50.00,False
-84.325249,-0.773464,63.302606,-0.538798,0.400864,-0.740949,200.00,True
-84.325249,-0.773464,63.302606,-0.538798,0.400864,-0.740949,50.00,False
-82.257816,4.922219,69.165201,-0.125311,0.284409,0.950478,50.00,False
-85.125832,-1.239744,58.342977,-0.698915,0.168557,-0.695059,50.00,False
-85.659348,1.460874,61.735802,-0.805618,0.313943,0.502414,50.00,False
-76.877753,0.151533,56.927484,0.950701,0.304316,0.059658,50.00,False
-80.980172,6.860135,58.766636,0.130217,0.295597,0.946396,50.00,False
-84.154878,13.718153,55.427571,-0.504724,0.330548,0.797491,50.00,False
-86.209829,17.777104,49.655357,-0.915714,0.367748,0.161956,50.00,False
-86.086187,16.468779,44.603461,-0.890986,0.312353,-0.329515,50.00,False
-85.584324,12.414299,40.959852,-0.790613,0.289922,-0.539329,50.00,False
-84.558805,7.727212,37.509985,-0.585509,0.390535,-0.710395,50.00,False
-79.954080,6.942002,42.171467,0.335436,0.581966,0.740809,50.00,False
-86.159443,5.832119,33.908085,-0.905637,0.159390,-0.392959,50.00,False
-76.718955,-0.804364,32.835529,0.982461,0.164096,-0.088563,50.00,False
-83.290098,9.492020,35.267348,-0.331768,0.222654,0.916709,50.00,False
-86.493333,5.140596,28.970382,-0.972415,0.152822,0.176223,50.00,False
-84.965031,13.290188,28.634641,-0.666754,0.401342,0.627983,50.00,False
-81.771181,2.966513,17.949085,-0.027984,0.136677,-0.990220,50.00,False
-80.372828,-0.068835,25.102525,0.251686,0.127485,0.959376,50.00,False
-82.470607,20.247502,22.440427,-0.167870,0.277780,0.945864,50.00,False
-83.565730,24.099173,11.597059,-0.386894,0.595680,-0.703902,50.00,False
-83.399188,14.316636,7.942339,-0.353586,0.189827,-0.915938,50.00,False
-76.746457,1.522702,10.343267,0.976960,0.196554,0.083155,50.00,False
-77.063068,15.487307,8.455332,0.913638,0.338933,0.224476,50.00,False
-79.714773,-7.152250,0.168316,0.383297,0.132860,-0.914019,50.00,False
-77.567629,-5.637635,4.895482,0.812726,0.191371,0.550322,50.00,False
-85.067654,4.742652,3.144075,-0.687279,0.103738,0.718948,50.00,False
-77.351603,2.516199,-5.552080,0.855931,0.126510,-0.501375,50.00,False
-77.142265,-0.496043,-3.649713,0.897799,0.188543,0.398006,50.00,False
-84.615178,15.374986,-6.941292,-0.596784,0.759590,0.258598,50.00,False
-84.263992,11.539189,-6.729456,-0.526547,0.224848,0.819873,50.00,False
-84.780552,21.719574,-9.675071,-0.629859,0.203202,0.749658,50.00,False
-85.805316,29.523794,-13.700855,-0.834811,0.297224,0.463409,50.00,False
-83.909753,28.927796,-22.773115,-0.455699,0.316053,-0.832135,50.00,False
-80.838138,11.196258,-26.121038,0.158624,0.094439,-0.982812,50.00,False
-78.027763,0.808762,-20.462593,0.720699,0.186162,0.667785,50.00,False
-77.600089,8.552701,-29.230400,0.806234,0.169253,-0.566869,50.00,False
-85.924464,-1.002698,-26.570590,-0.858641,0.168757,0.484001,50.00,False
-85.089106,13.485402,-28.092982,-0.691569,0.184192,0.698430,50.00,False
-77.190747,20.378287,-34.194881,0.888102,0.459636,-0.003042,50.00,False
-85.624430,21.638001,-35.165165,-0.798634,0.508549,0.321809,50.00,False
-81.073659,11.460170,-44.290802,0.111520,0.136014,-0.984410,50.00,False
-81.467487,15.711448,-36.994865,0.032754,0.107319,0.993685,50.00,False
-81.582649,36.373622,-39.619410,0.009722,0.156161,0.987684,50.00,False
-81.455919,50.068370,-42.292891,0.035068,0.232787,0.971895,50.00,False
-81.080877,59.493822,-45.060676,0.110076,0.330837,0.937246,50.00,False
-80.466484,66.162357,-48.036934,0.232955,0.452304,0.860902,50.00,False
-79.628810,70.808263,-51.409012,0.400490,0.584830,0.705395,50.00,False
-78.766808,73.690279,-55.274257,0.572890,0.684227,0.451253,50.00,False
-78.193850,74.930825,-59.335797,0.687482,0.708838,0.157853,50.00,False
-77.972709,74.868755,-63.151169,0.731710,0.676129,-0.086313,50.00,False
-77.948496,73.908855,-66.588873,0.736553,0.626492,-0.254946,50.00,False
-77.992007,72.326027,-69.728885,0.727850,0.581126,-0.364041,50.00,False
-78.045359,70.290540,-72.671766,0.717180,0.545481,-0.433709,50.00,False
-78.089230,67.922899,-75.487798,0.708406,0.519297,-0.478008,50.00,False
-78.119900,65.318533,-78.221109,0.702272,0.501018,-0.505762,50.00,False
-78.139411,62.555559,-80.899750,0.698370,0.489068,-0.522583,50.00,False
-78.151627,59.696701,-83.542479,0.695926,0.482107,-0.532221,50.00,False
-78.160509,56.789810,-86.162464,0.694150,0.479014,-0.537310,50.00,False
-78.169241,53.868673,-88.769097,0.692404,0.478822,-0.539729,50.00,False
-73.867213,47.392714,-88.501894,0.752809,0.443624,-0.486288,200.00,True
-73.867213,47.392714,-88.501894,0.752809,0.443624,-0.486288,50.00,False
-73.843938,50.221876,-85.893837,0.757464,0.438627,-0.483584,50.00,False
-73.821491,53.067617,-83.276513,0.761954,0.435843,-0.479028,50.00,False
-73.795431,55.899713,-80.639479,0.767166,0.435959,-0.470528,50.00,False
-73.760304,58.669491,-77.969468,0.774191,0.439554,-0.455434,50.00,False
-73.710833,61.309742,-75.250170,0.784085,0.447097,-0.430482,50.00,False
-73.643533,63.735788,-72.460999,0.797545,0.458918,-0.391556,50.00,False
-73.559129,65.845981,-69.574461,0.814426,0.475097,-0.333156,50.00,False
-73.467038,67.519076,-66.552293,0.832844,0.495025,-0.247630,50.00,False
-73.394580,68.604990,-63.343178,0.847336,0.516206,-0.124715,50.00,False
-73.403027,68.905085,-59.894003,0.845646,0.531739,0.046212,50.00,False
-73.596788,68.147140,-56.203192,0.806894,0.527683,0.265466,50.00,False
-74.068351,65.993612,-52.416311,0.712582,0.488136,0.503935,50.00,False
-74.767152,62.112561,-48.803850,0.572821,0.413875,0.707519,50.00,False
-75.517756,56.179760,-45.522179,0.422701,0.327706,0.844946,50.00,False
-76.240396,47.743011,-42.517049,0.278173,0.251342,0.927064,50.00,False
-77.028219,36.132597,-39.686702,0.120608,0.190626,0.974225,50.00,False
-77.670961,20.045406,-37.007065,-0.007940,0.131796,0.991245,50.00,False
-80.360487,8.925928,-43.123027,-0.545846,0.371846,-0.750855,50.00,False
-76.697870,2.653273,-31.924999,0.186678,0.156706,0.969843,50.00,False
-77.317557,-1.290233,-33.524572,0.062740,0.989392,0.131020,50.00,False
-74.312537,0.745622,-35.264889,0.663744,0.133490,-0.735951,50.00,False
-72.914890,7.338135,-27.674641,0.943274,0.202399,0.263191,50.00,False
-79.779162,11.459358,-30.838282,-0.429580,0.161635,-0.888445,50.00,False
-79.935286,2.201834,-19.416805,-0.460805,0.136494,0.876942,50.00,False
-77.062876,5.577483,-26.152488,0.113677,0.093567,-0.989102,50.00,False
-77.755276,31.548580,-23.529829,-0.024803,0.179320,-0.983478,50.00,False
-81.852074,39.988652,-16.462830,-0.844163,0.528649,-0.088986,50.00,False
-80.312186,33.885685,-9.365979,-0.536185,0.232403,0.811476,50.00,False
-78.372668,20.168138,-5.937143,-0.148282,0.144472,0.978336,50.00,False
-75.896170,0.142863,-3.666646,0.347018,0.212242,0.913527,50.00,False
-81.236010,3.896794,-9.013797,-0.720950,0.157675,-0.674811,50.00,False
-81.734334,6.543408,-0.294113,-0.820615,0.154437,0.550218,50.00,False
-73.898518,0.268010,-3.734192,0.746548,0.106788,-0.656705,50.00,False
-81.472540,10.638501,5.265024,-0.768256,0.141843,0.624230,50.00,False
-73.400337,7.262572,2.146417,0.846184,0.123427,-0.518399,50.00,False
-74.777150,2.230185,11.334400,0.570822,0.183573,0.800290,50.00,False
-79.406325,12.881160,5.373427,-0.355013,0.210679,-0.910813,50.00,False
-77.106742,15.290201,7.916878,0.104903,0.375098,-0.921030,50.00,False
-75.574499,23.622411,12.718919,0.411352,0.775139,-0.479530,50.00,False
-76.970222,14.674117,22.593246,0.132207,0.170618,0.976428,50.00,False
-79.257021,7.049210,15.656722,-0.325152,0.172556,-0.929785,50.00,False
-81.993024,18.221728,21.537318,-0.872353,0.405837,-0.272574,50.00,False
-74.220305,8.996006,29.085283,0.682191,0.137592,0.718112,50.00,False
-81.833517,5.811886,25.522580,-0.840452,0.173570,-0.513337,50.00,False
-82.446909,13.832720,30.702249,-0.963130,0.269011,0.003689,50.00,False
-76.379286,12.073713,37.976246,0.250395,0.233432,0.939581,50.00,False
-76.646241,1.587660,38.399488,0.197004,0.840143,0.505321,50.00,False
-80.540916,9.571935,34.460913,-0.581931,0.138822,-0.801302,50.00,False
-81.786587,18.769010,38.500396,-0.831066,0.216485,-0.512313,50.00,False
-81.868214,23.938783,41.634248,-0.847391,0.344018,-0.404450,50.00,False
-81.540212,26.861339,46.453024,-0.781791,0.622231,0.040397,50.00,False
-77.515191,23.549038,53.336302,0.023214,0.439086,0.898145,50.00,False
-75.848551,12.676092,56.046914,0.356542,0.154837,0.921360,50.00,False
-82.337297,0.700487,54.881895,-0.941208,0.292259,0.169448,50.00,False
-78.625629,7.629337,51.880183,-0.198874,0.241505,-0.949802,50.00,False
-76.775927,-0.345847,63.984031,0.171066,0.253612,0.952060,50.00,False
-75.126336,-1.598859,58.713098,0.500985,0.602769,-0.621035,50.00,False
-73.559294,5.770869,62.548396,0.814393,0.444660,-0.372883,50.00,False
-79.443103,4.764463,62.868880,-0.362369,0.428499,-0.827694,50.00,False
-76.359790,4.429195,63.432216,-0.545706,0.436969,-0.715027,200.00,True
-76.359790,4.429195,63.432216,-0.545706,0.436969,-0.715027,50.00,False
-72.987458,11.712769,68.668580,0.128760,0.508879,0.851154,50.00,False
-77.301134,-0.521652,58.510251,-0.733975,0.153494,-0.661604,50.00,False
-74.360370,2.273556,63.846163,-0.145822,0.352224,0.924486,50.00,False
-69.096095,1.826150,58.366388,0.907033,0.237861,0.347439,50.00,False
-72.313472,10.360982,49.734495,0.263557,0.436901,-0.860032,50.00,False
-70.602218,6.421412,55.297597,0.605808,0.194397,0.771496,50.00,False
-71.018044,18.340138,52.929803,0.522643,0.244148,0.816845,50.00,False
-70.912982,25.650770,49.915486,0.543655,0.409037,0.732890,50.00,False
-71.804603,30.873525,45.333107,0.365331,0.868385,0.335322,50.00,False
-73.265057,27.092858,36.586487,0.073240,0.439820,-0.895095,50.00,False
-72.927156,14.703024,33.566085,0.140821,0.138730,-0.980267,50.00,False
-70.426803,3.839839,39.558516,0.640891,0.214248,0.737127,50.00,False
-74.971391,7.381213,28.679051,-0.268026,0.286396,-0.919858,50.00,False
-68.847892,6.246034,29.373392,0.956673,0.126842,-0.262082,50.00,False
-68.748864,-4.544611,28.526649,0.976479,0.197069,0.087477,50.00,False
-78.578900,0.615202,25.319977,-0.989528,0.140044,-0.034950,50.00,False
-73.824122,3.779502,18.085421,-0.038573,0.266896,-0.962953,50.00,False
-68.737451,-1.469555,20.947693,0.978762,0.159802,0.128409,50.00,False
-73.962398,11.918605,22.650316,-0.066228,0.140652,0.987842,50.00,False
-75.015233,24.872483,15.536211,-0.276795,0.957257,0.083928,50.00,False
-73.801226,15.493070,7.657213,-0.033993,0.228444,-0.972963,50.00,False
-75.298842,3.344278,5.687169,-0.333517,0.411769,-0.848064,50.00,False
-78.521180,10.747016,8.107246,-0.977984,0.139877,0.154859,50.00,False
-77.838710,-3.673313,2.147379,-0.841490,0.152827,-0.518207,50.00,False
-73.257471,5.694698,7.097131,0.074758,0.114110,0.990651,50.00,False
-70.980078,21.604594,2.525190,0.530236,0.603839,0.595171,50.00,False
-72.518183,18.192959,-7.576429,0.222615,0.359392,-0.906245,50.00,False
-73.190388,1.354383,-10.556145,0.088174,0.159327,-0.983280,50.00,False
-74.320141,0.927528,-3.327140,-0.137776,0.133477,0.981428,50.00,False
-73.225133,24.937247,-5.896645,0.081225,0.142646,0.986435,50.00,False
-73.057221,38.680291,-8.697072,0.114808,0.305462,0.945258,50.00,False
-72.254181,42.593557,-19.875992,0.275416,0.573368,-0.771619,50.00,False
-72.878095,30.090534,-23.504342,0.150633,0.141708,-0.978381,50.00,False
-71.883586,7.884629,-25.426158,0.349535,0.407144,-0.843836,50.00,False
-70.183874,12.872831,-27.217736,0.689477,0.240415,-0.683244,50.00,False
-69.222703,10.340655,-24.132261,0.881711,0.132645,0.452759,50.00,False
-78.517972,14.680358,-29.549499,-0.977343,0.179740,-0.111781,50.00,False
-77.682613,16.456609,-28.855024,-0.810271,0.212888,0.546022,50.00,False
-76.601382,17.844527,-38.077787,-0.594025,0.198301,-0.779623,50.00,False
-78.031958,13.403317,-34.509925,-0.880140,0.142387,0.452857,50.00,False
-77.015958,12.759056,-42.816821,-0.676940,0.257265,-0.689614,50.00,False
-71.868588,17.342502,-37.367646,0.352534,0.175847,0.919129,50.00,False
-71.909162,30.677898,-39.968350,0.344419,0.197085,0.917896,50.00,False
-71.455914,41.536602,-42.822486,0.435069,0.246576,0.865976,50.00,False
-70.766668,49.541804,-45.950968,0.572918,0.308867,0.759188,50.00,False
-70.036006,55.047642,-49.392499,0.719051,0.367580,0.589789,50.00,False
-69.487420,58.501465,-53.016815,0.828768,0.407205,0.383834,50.00,False
-69.199939,60.338273,-56.610663,0.886264,0.425077,0.183972,50.00,False
-69.113770,60.935957,-60.046997,0.903498,0.428308,0.015613,50.00,False
-69.141514,60.585491,-63.303725,0.897949,0.424311,-0.116824,50.00,False
-69.220494,59.501655,-66.403050,0.882153,0.417585,-0.217782,50.00,False
-69.313604,57.849904,-69.373287,0.863531,0.410501,-0.292921,50.00,False
-69.400303,55.767925,-72.238264,0.846191,0.404407,-0.347009,50.00,False
-69.470639,53.377644,-75.017442,0.832124,0.400203,-0.383937,50.00,False
-69.522167,50.789128,-77.728147,0.821819,0.398531,-0.407170,50.00,False
-69.557887,48.098542,-80.387292,0.814674,0.399786,-0.420091,50.00,False
-69.584155,45.382830,-83.011959,0.809421,0.404058,-0.426117,50.00,False
-69.608381,42.694309,-85.618763,0.804576,0.411079,-0.428570,50.00,False
-69.636807,40.058459,-88.222127,0.798890,0.420222,-0.430335,50.00,False
-65.464748,32.090771,-87.932371,0.833302,0.408581,-0.372384,200.00,True
-65.464748,32.090771,-87.932371,0.833302,0.408581,-0.372384,50.00,False
-65.436950,34.432695,-85.345577,0.838862,0.395582,-0.373933,50.00,False
-65.419519,36.878720,-82.765713,0.842348,0.385254,-0.376868,50.00,False
-65.402716,39.410467,-80.168452,0.845709,0.378362,-0.376323,50.00,False
-65.375084,41.964673,-77.528430,0.851235,0.374892,-0.367227,50.00,False
-65.327915,44.441596,-74.824465,0.860669,0.374151,-0.345341,50.00,False
-65.259151,46.721026,-72.042362,0.874422,0.375004,-0.307829,50.00,False
-65.175099,48.677947,-69.175428,0.891232,0.376191,-0.253349,50.00,False
-65.089561,50.192027,-66.222902,0.908340,0.376677,-0.181752,50.00,False
-65.021605,51.148744,-63.186025,0.921931,0.375954,-0.093284,50.00,False
-64.994846,51.432078,-60.061575,0.927283,0.374147,0.012698,50.00,False
-65.042188,50.908621,-56.833725,0.917814,0.371747,0.139360,50.00,False
-65.221243,49.401022,-53.468559,0.882003,0.368696,0.293485,50.00,False
-65.643600,46.645535,-49.928863,0.797532,0.362106,0.482517,50.00,False
-66.483845,42.234004,-46.259984,0.629483,0.342646,0.697385,50.00,False
-67.802282,35.606506,-42.745064,0.365795,0.298698,0.881461,50.00,False
-69.193822,26.335863,-39.729282,0.087487,0.244441,0.965709,50.00,False
-69.887179,15.530925,-37.122845,-0.051184,0.245324,0.968089,50.00,False
-70.023972,13.772503,-41.918458,-0.078543,0.856616,-0.509941,50.00,False
-65.500857,0.665287,-34.023694,0.826080,0.122381,0.550104,50.00,False
-65.520643,3.531465,-36.992019,0.822123,0.087988,-0.562469,50.00,False
-65.579411,19.085877,-34.372703,0.810370,0.180220,-0.557514,50.00,False
-67.789796,9.208543,-24.362033,0.368293,0.086124,0.925712,50.00,False
-66.529909,-4.276218,-29.876442,0.620270,0.361582,-0.696077,50.00,False
-66.178945,9.153283,-27.325773,0.690463,0.162622,-0.704851,50.00,False
-73.020940,12.381299,-17.923399,-0.677936,0.330344,0.656716,50.00,False
-69.011390,23.490111,-23.538082,0.123974,0.118962,-0.985129,50.00,False
-66.784963,37.510679,-19.525052,0.569259,0.428881,-0.701431,50.00,False
-68.079541,33.595015,-8.839158,0.310344,0.251178,0.916841,50.00,False
-69.229826,18.978210,-5.900073,0.080287,0.147824,0.985750,50.00,False
-70.334080,12.495836,-6.442261,-0.140564,0.922924,0.358404,50.00,False
-69.928282,0.033170,-10.414516,-0.059405,0.290746,-0.954954,50.00,False
-68.317613,21.059731,-6.612535,0.262729,0.649569,-0.713466,50.00,False
-74.324010,-1.960462,0.795821,-0.938550,0.238693,0.249297,50.00,False
-73.377830,19.222945,-0.892765,-0.749314,0.263972,-0.607328,50.00,False
-66.133677,0.689998,4.996082,0.699516,0.712756,0.051534,50.00,False
-67.721608,8.538034,3.241463,0.381930,0.429556,-0.818298,50.00,False
-72.314079,14.538521,13.560600,-0.536564,0.429092,0.726622,50.00,False
-70.956380,17.027401,7.868218,-0.265024,0.251880,-0.930762,50.00,False
-67.606064,19.290276,19.326410,0.405039,0.356417,0.841968,50.00,False
-67.463860,4.059453,22.175349,0.433480,0.122136,0.892848,50.00,False
-72.896048,-3.157440,16.619428,-0.652958,0.173544,-0.737244,50.00,False
-70.270963,14.717324,18.078869,-0.127941,0.232007,-0.964263,50.00,False
-70.179445,13.469784,30.373835,-0.109637,0.189080,0.975822,50.00,False
-68.569209,7.732554,23.315568,0.212410,0.208218,-0.954739,50.00,False
-68.666873,5.972477,35.517424,0.192877,0.168057,0.966724,50.00,False
-70.956081,1.910388,29.614956,-0.264964,0.626879,-0.732677,50.00,False
-65.996624,1.702820,32.981872,0.726927,0.370486,-0.578202,50.00,False
-69.484436,15.766498,33.558074,0.029365,0.187271,-0.981869,50.00,False
-67.488034,25.550146,37.708642,0.428645,0.605371,-0.670663,50.00,False
-66.424881,23.529049,46.917840,0.641276,0.404118,0.652268,50.00,False
-66.665138,16.315093,50.079436,0.593224,0.248636,0.765680,50.00,False
-66.137520,7.829999,52.226660,0.698748,0.233415,0.676217,50.00,False
-66.506494,3.604057,48.301751,0.624953,0.464177,-0.627673,50.00,False
-68.985389,-0.518468,58.879990,0.129174,0.210293,0.969067,50.00,False
-65.071505,7.490013,55.077936,0.911951,0.268495,-0.310252,50.00,False
-69.782329,10.969304,54.382063,-0.030214,0.247823,-0.968334,50.00,False
-66.230444,5.018619,65.378435,0.680163,0.174321,0.712033,50.00,False
-71.235918,1.455590,59.992560,-0.320932,0.339791,-0.884050,50.00,False
-72.232703,12.610229,62.877167,-0.520289,0.216710,-0.826037,50.00,False
-65.728354,18.689976,62.174313,-0.019419,0.255525,-0.966607,200.00,True
-65.728354,18.689976,62.174313,-0.019419,0.255525,-0.966607,50.00,False
-66.870761,3.023103,59.636517,-0.247900,0.161326,-0.955259,50.00,False
-61.972296,1.732503,64.942583,0.731793,0.272078,0.624862,50.00,False
-69.432062,4.893352,60.886489,-0.760161,0.558181,0.332551,50.00,False
-70.283203,2.500980,55.012029,-0.930389,0.172533,-0.323433,50.00,False
-70.096978,2.598837,55.743104,-0.893144,0.292476,0.341690,50.00,False
-70.461858,0.740685,51.874333,-0.966120,0.243045,0.086843,50.00,False
-66.193263,7.213977,52.425482,-0.112401,0.689012,0.715981,50.00,False
-64.171343,10.149744,50.766416,0.291983,0.314960,0.903076,50.00,False
-63.573204,17.708001,47.868906,0.411611,0.347565,0.842482,50.00,False
-63.298074,24.111111,43.123087,0.466637,0.782509,0.412225,50.00,False
-66.677134,19.096563,33.834055,-0.209175,0.312286,-0.926673,50.00,False
-66.548448,2.827477,31.006642,-0.183438,0.138344,-0.973248,50.00,False
-62.983766,-1.165938,37.358705,0.529499,0.231639,0.816073,50.00,False
-68.839321,0.005676,30.721161,-0.641612,0.766993,0.007471,50.00,False
-66.837456,17.173935,32.567166,-0.241239,0.373817,0.895580,50.00,False
-61.558798,7.507679,22.684025,0.814492,0.143530,-0.562140,50.00,False
-70.491517,-3.616372,23.653602,-0.972051,0.180029,0.150683,50.00,False
-60.684992,4.754170,20.632553,0.989254,0.130778,0.065381,50.00,False
-67.081603,5.132645,22.318359,-0.290069,0.258437,0.921450,50.00,False
-67.190078,18.552816,19.506543,-0.311764,0.363220,0.877995,50.00,False
-63.663462,16.825684,8.165481,0.393560,0.293138,-0.871310,50.00,False
-69.936828,10.439560,12.301985,-0.861114,0.181533,0.474899,50.00,False
-69.674610,14.226081,4.490504,-0.808670,0.151235,-0.568490,50.00,False
-61.006503,-0.834776,6.057935,0.924951,0.273532,0.263904,50.00,False
-61.970972,13.469701,5.490459,0.732057,0.126912,0.669317,50.00,False
-62.288778,20.458581,-2.741359,0.668496,0.585851,-0.458139,50.00,False
-70.313202,16.225269,-4.194259,-0.936389,0.265261,-0.229811,50.00,False
-67.414081,14.141282,-9.980691,-0.356564,0.345121,-0.868190,50.00,False
-61.201666,8.943715,-9.856988,0.885919,0.331393,-0.324541,50.00,False
-67.026155,19.642196,-6.069110,-0.278979,0.126398,0.951942,50.00,False
-66.223259,33.374381,-9.082784,-0.118400,0.482034,0.868115,50.00,False
-63.115292,30.121753,-20.144340,0.503193,0.256312,-0.825288,50.00,False
-64.461441,16.638536,-23.387931,0.233964,0.181790,-0.955099,50.00,False
-67.346376,2.894985,-25.775959,-0.343023,0.217512,-0.913796,50.00,False
-65.837701,0.270029,-24.168267,-0.041288,0.996451,-0.073350,50.00,False
-70.192557,4.923326,-24.393610,-0.912260,0.085971,0.400489,50.00,False
-70.336793,19.169718,-27.721965,-0.941107,0.223475,0.253726,50.00,False
-70.584225,12.446607,-31.354692,-0.990593,0.128844,0.046088,50.00,False
-66.911706,0.055026,-38.920168,-0.256089,0.188485,-0.948099,50.00,False
-68.239422,12.869899,-32.715898,-0.521633,0.262874,0.811663,50.00,False
-67.773175,6.837649,-35.007721,-0.428383,0.236103,0.872206,50.00,False
-68.134134,21.083955,-37.870240,-0.500575,0.281606,0.818610,50.00,False
-65.134897,27.745988,-40.202126,0.099272,0.480894,0.871141,50.00,False
-62.460386,31.705396,-43.982775,0.634175,0.442685,0.633919,50.00,False
-61.545372,34.723660,-47.574628,0.817177,0.378773,0.434456,50.00,False
-61.200992,37.196105,-50.814826,0.886053,0.348836,0.305324,50.00,False
-61.042517,39.071465,-53.905741,0.917748,0.339532,0.206049,50.00,False
-60.967503,40.309220,-56.946511,0.932751,0.341075,0.116803,50.00,False
-60.945699,40.894863,-59.977012,0.937112,0.347771,0.029610,50.00,False
-60.967286,40.833294,-63.005470,0.932795,0.355845,-0.057174,50.00,False
-61.025337,40.148226,-66.019637,0.921184,0.362644,-0.141099,50.00,False
-61.107796,38.886988,-68.993870,0.904693,0.366641,-0.217038,50.00,False
-61.195571,37.128523,-71.897662,0.887138,0.367707,-0.278888,50.00,False
-61.267353,34.989933,-74.705970,0.872781,0.367150,-0.321642,50.00,False
-61.308860,32.624250,-77.408371,0.864480,0.367258,-0.343215,50.00,False
-61.320300,30.202270,-80.014357,0.862192,0.370476,-0.345504,50.00,False
-61.316314,27.876824,-82.554062,0.862989,0.378596,-0.334537,50.00,False
-61.318024,25.740152,-85.073357,0.862647,0.392131,-0.319489,50.00,False
-61.342353,23.797285,-87.621142,0.857781,0.409910,-0.310138,50.00,False
-57.268996,15.585225,-87.245691,0.872453,0.428461,-0.235047,200.00,True
-57.268996,15.585225,-87.245691,0.872453,0.428461,-0.235047,50.00,False
-57.244615,16.990393,-84.783869,0.877329,0.402324,-0.261591,50.00,False
-57.273021,18.768968,-82.402335,0.871648,0.384315,-0.304192,50.00,False
-57.321482,20.945017,-79.984455,0.861955,0.376506,-0.339524,50.00,False
-57.341371,23.346452,-77.436271,0.857978,0.377116,-0.348795,50.00,False
-57.301911,25.694930,-74.714017,0.865870,0.381809,-0.323252,50.00,False
-57.210587,27.719457,-71.825383,0.884134,0.385203,-0.264433,50.00,False
-57.103255,29.226028,-68.818743,0.905601,0.383091,-0.182013,50.00,False
-57.016142,30.111968,-65.761412,0.923023,0.374200,-0.089454,50.00,False
-56.966578,30.347283,-62.714944,0.932936,0.360041,0.000932,50.00,False
-56.952706,29.951962,-59.722435,0.935711,0.343455,0.080526,50.00,False
-56.962116,28.986696,-56.810077,0.933829,0.327418,0.144089,50.00,False
-56.979451,27.558756,-53.994617,0.930362,0.314611,0.188274,50.00,False
-56.991314,25.835094,-51.289126,0.927989,0.307476,0.210464,50.00,False
-56.992160,24.041591,-48.695849,0.927820,0.308158,0.210212,50.00,False
-56.998050,22.380738,-46.141121,0.926642,0.316907,0.202249,50.00,False
-57.093126,20.653412,-43.218826,0.907627,0.323260,0.267801,50.00,False
-57.717998,17.246122,-39.205144,0.782652,0.288376,0.551629,50.00,False
-60.304865,10.474082,-34.828386,0.265279,0.324084,0.908073,50.00,False
-61.377234,2.595812,-31.926352,0.050805,0.239477,0.969572,50.00,False
-61.868124,-2.290119,-39.095855,-0.047373,0.176074,-0.983236,50.00,False
-60.304737,6.540402,-26.834518,0.265304,0.163950,0.950123,50.00,False
-60.736273,10.683472,-33.863921,0.178997,0.134118,-0.974665,50.00,False
-57.413853,16.711529,-23.880781,0.843481,0.188349,0.503055,50.00,False
-64.203571,21.264080,-26.863299,-0.514462,0.600290,-0.612356,50.00,False
-64.680048,6.547169,-17.289723,-0.609758,0.120000,0.783451,50.00,False
-59.299775,3.262663,-22.939849,0.466297,0.183052,-0.865482,50.00,False
-59.964272,20.498272,-20.647523,0.333397,0.177510,-0.925925,50.00,False
-57.085420,24.888481,-11.655270,0.909168,0.219928,0.353618,50.00,False
-58.766310,10.568923,-6.766836,0.572990,0.108137,0.812397,50.00,False
-65.778471,10.753555,-10.926128,-0.829442,0.148943,-0.538369,50.00,False
-60.058699,2.841882,-0.934792,0.314512,0.124978,0.940990,50.00,False
-64.281553,2.120520,-7.236073,-0.530059,0.128463,-0.838174,50.00,False
-58.269226,1.292720,3.103560,0.672407,0.206322,0.710845,50.00,False
-66.450615,1.232345,2.896718,-0.963871,0.219730,0.150569,50.00,False
-64.341806,-2.606851,0.675324,-0.542109,0.213939,-0.812618,50.00,False
-65.354798,9.483506,10.316211,-0.744708,0.299026,0.596652,50.00,False
-61.524267,15.073718,6.634949,0.021398,0.752269,-0.658508,50.00,False
-62.325808,17.171701,7.722678,-0.138910,0.243624,-0.959870,50.00,False
-60.227952,17.804870,19.674192,0.280661,0.300587,0.911524,50.00,False
-62.505534,5.214177,22.281309,-0.174855,0.366001,0.914040,50.00,False
-63.198601,13.305856,15.669297,-0.313468,0.204714,-0.927270,50.00,False
-56.966443,17.255192,22.125242,0.932963,0.324897,-0.154989,50.00,False
-62.661819,11.000051,30.248259,-0.206112,0.231678,0.950707,50.00,False
-57.048988,7.468175,26.162068,0.916454,0.107463,-0.385439,50.00,False
-64.529922,3.247516,26.859220,-0.579733,0.280736,-0.764917,50.00,False
-63.443593,4.184410,37.882640,-0.362467,0.143651,0.920859,50.00,False
-63.123238,8.587191,31.142937,-0.298396,0.126747,-0.945989,50.00,False
-61.442544,21.760387,34.927818,0.037743,0.705283,-0.707921,50.00,False
-58.742219,17.803851,44.722442,0.577808,0.360795,0.732096,50.00,False
-58.108766,11.599548,46.823020,0.704499,0.320324,0.633304,50.00,False
-60.110478,9.986958,49.847176,0.304156,0.624661,0.719228,50.00,False
-64.973311,2.074010,52.351047,-0.668410,0.248385,0.701094,50.00,False
-65.995542,4.341046,49.227157,-0.872857,0.205509,-0.442592,50.00,False
-59.590047,1.300175,49.651087,0.408242,0.254384,-0.876714,50.00,False
-64.151720,3.876653,60.861956,-0.504092,0.170997,0.846552,50.00,False
-59.615731,8.664686,62.738490,0.403106,0.585974,0.702951,50.00,False
-60.747756,2.519793,65.039831,0.176701,0.744069,0.644312,50.00,False
-61.446890,2.142939,59.575290,0.036874,0.250151,-0.967504,50.00,False
-61.055150,14.735703,62.146104,0.115222,0.203606,-0.972249,50.00,False
-59.951436,18.939908,62.731984,-0.464035,0.231346,-0.855073,200.00,True
-59.951436,18.939908,62.731984,-0.464035,0.231346,-0.855073,50.00,False
-60.636080,10.375136,60.639237,-0.600964,0.263149,-0.754715,50.00,False
-53.224088,5.560953,60.838453,0.881434,0.429735,-0.195964,50.00,False
-54.982047,10.523427,63.060649,0.529842,0.361096,0.767383,50.00,False
-61.989288,12.819719,54.878328,-0.871606,0.343048,-0.350173,50.00,False
-57.385123,-3.806149,49.177271,0.049227,0.231969,-0.971477,50.00,False
-52.759608,-3.459119,52.051183,0.974330,0.189062,0.122213,50.00,False
-54.774216,10.495106,52.842202,0.571409,0.185934,0.799325,50.00,False
-59.126555,6.650895,42.466322,-0.299059,0.581034,-0.756943,50.00,False
-55.516075,4.163734,47.412476,0.423037,0.506700,0.751195,50.00,False
-54.801534,9.544024,44.945361,0.565945,0.276540,0.776680,50.00,False
-53.711505,16.328936,40.833189,0.783951,0.401929,0.473154,50.00,False
-57.029222,11.196141,30.988033,0.120407,0.176159,-0.976970,50.00,False
-57.755279,0.188754,38.087298,-0.024804,0.272659,0.961791,50.00,False
-55.306105,1.071487,26.279613,0.465031,0.088717,-0.880838,50.00,False
-55.430668,-8.988949,29.404065,0.440118,0.858573,0.262960,50.00,False
-58.201808,-4.008708,30.373682,-0.114110,0.186575,0.975791,50.00,False
-53.228265,2.651768,20.661822,0.880599,0.155354,-0.447673,50.00,False
-61.120205,10.999185,23.783716,-0.697789,0.170914,0.695614,50.00,False
-60.207473,3.577896,21.792650,-0.515243,0.261085,0.816308,50.00,False
-57.072913,13.405689,19.178096,0.111669,0.572442,0.812305,50.00,False
-57.204453,8.569461,7.641319,0.085361,0.199649,-0.976142,50.00,False
-54.121175,-0.049664,13.046328,0.702017,0.343637,0.623767,50.00,False
-54.065442,15.178032,10.797762,0.713163,0.105838,0.692962,50.00,False
-54.093142,17.333436,1.263758,0.707623,0.127828,-0.694931,50.00,False
-53.090155,1.193567,0.077579,0.908221,0.065970,-0.413259,50.00,False
-55.400562,13.754671,4.007698,0.446139,0.076678,0.891673,50.00,False
-57.801882,22.146073,-7.649682,-0.034124,0.388313,-0.920896,50.00,False
-61.278385,7.908859,-8.976085,-0.729425,0.150638,-0.667268,50.00,False
-62.383164,1.665124,-6.815487,-0.950381,0.127502,0.283759,50.00,False
-62.306847,18.005739,-12.189829,-0.935118,0.226851,-0.272202,50.00,False
-52.920428,8.300042,-12.254923,0.942166,0.240235,0.233688,50.00,False
-54.552225,3.029758,-19.903445,0.615807,0.129936,-0.777109,50.00,False
-56.475504,4.649784,-13.791218,0.231151,0.129625,0.964244,50.00,False
-52.702875,15.714445,-21.556582,0.985677,0.153468,-0.069921,50.00,False
-60.288185,6.463928,-27.966058,-0.531385,0.154575,-0.832908,50.00,False
-54.660992,5.476091,-22.416600,0.594053,0.116867,0.795891,50.00,False
-57.913887,17.308230,-33.864432,-0.056526,0.215948,-0.974767,50.00,False
-62.543511,10.511192,-31.131142,-0.982450,0.162933,0.090798,50.00,False
-53.029449,3.606104,-36.050525,0.920362,0.113711,-0.374170,50.00,False
-53.056803,1.658364,-35.170255,0.914891,0.245086,0.320791,50.00,False
-58.243453,8.835529,-34.984545,-0.122439,0.464928,0.876841,50.00,False
-53.089716,8.140124,-42.556943,0.908309,0.401096,-0.118731,50.00,False
-52.847846,7.529765,-44.160024,0.956683,0.280051,0.079561,50.00,False
-52.905194,8.792740,-46.236432,0.945213,0.270213,0.183187,50.00,False
-52.992224,10.906706,-48.520888,0.927807,0.281157,0.245204,50.00,False
-53.056729,13.345193,-50.979430,0.914906,0.297898,0.272403,50.00,False
-53.083335,15.750832,-53.598017,0.909585,0.317882,0.267594,50.00,False
-53.078565,17.867365,-56.360191,0.910539,0.340782,0.234067,50.00,False
-53.060674,19.515134,-59.252869,0.914117,0.366007,0.174439,50.00,False
-53.053968,20.571247,-62.266806,0.915458,0.392091,0.090559,50.00,False
-53.085693,20.948439,-65.391705,0.909113,0.416260,-0.015513,50.00,False
-53.179938,20.576083,-68.601856,0.890264,0.433832,-0.138635,50.00,False
-53.337402,19.401586,-71.825633,0.858771,0.438817,-0.264483,50.00,False
-53.500766,17.446798,-74.925665,0.826099,0.428849,-0.365581,50.00,False
-53.564674,14.914397,-77.750021,0.813317,0.411274,-0.411545,50.00,False
-53.475575,12.244084,-80.220118,0.831137,0.399636,-0.386656,50.00,False
-53.309236,10.011849,-82.373287,0.864405,0.404688,-0.298382,50.00,False
-53.218574,8.636905,-84.408978,0.882537,0.431630,-0.186613,50.00,False
-53.278374,8.035157,-86.668848,0.870577,0.477255,-0.119679,50.00,False
-49.671890,2.175185,-85.408822,0.791874,0.596176,0.132326,200.00,True
-49.671890,2.175185,-85.408822,0.791874,0.596176,0.132326,50.00,False
-49.309571,1.341367,-83.702613,0.864338,0.500864,-0.045340,50.00,False
-49.566671,2.257125,-82.716612,0.812918,0.452152,-0.367047,50.00,False
-50.123955,5.038008,-81.055146,0.701461,0.448789,-0.553662,50.00,False
-50.321294,8.462690,-78.548828,0.661993,0.485154,-0.571306,50.00,False
-50.048581,11.366878,-75.336630,0.716536,0.534860,-0.447774,50.00,False
-49.636482,13.096158,-71.734456,0.798955,0.548664,-0.246247,50.00,False
-49.388131,13.690103,-68.194442,0.848626,0.525897,-0.057152,50.00,False
-49.301880,13.409049,-64.855421,0.865876,0.491774,0.091744,50.00,False
-49.309927,12.397844,-61.674219,0.864266,0.457527,0.209077,50.00,False
-49.364651,10.718210,-58.617033,0.853322,0.425295,0.301606,50.00,False
-49.429829,8.430428,-55.679846,0.840286,0.396130,0.370136,50.00,False
-49.475355,5.634558,-52.867752,0.831181,0.371531,0.413647,50.00,False
-49.476368,2.492419,-50.192007,0.830978,0.353089,0.429888,50.00,False
-49.407406,-0.739106,-47.691866,0.844771,0.342688,0.411008,50.00,False
-49.230332,-3.622168,-45.511618,0.880185,0.342916,0.328150,50.00,False
-48.964441,-5.325410,-44.158188,0.933364,0.349920,0.079928,50.00,False
-49.629415,-4.181502,-44.564386,0.800369,0.297962,-0.520219,50.00,False
-53.270500,6.463622,-44.310696,0.072152,0.133721,-0.988389,50.00,False
-54.942029,1.159279,-31.989213,-0.262154,0.124205,0.957000,50.00,False
-57.041362,-0.677456,-37.683101,-0.682021,0.209494,-0.700686,50.00,False
-48.853642,17.134861,-32.954391,0.955523,0.109455,-0.273851,50.00,False
-52.714174,8.872940,-24.141079,0.183417,0.160144,0.969903,50.00,False
-56.012343,5.028132,-30.689040,-0.476217,0.189814,-0.858597,50.00,False
-49.201351,3.253809,-26.015441,0.885982,0.137762,-0.442785,50.00,False
-54.721242,-2.926206,-16.377260,-0.217997,0.139394,0.965943,50.00,False
-51.683870,-1.868605,-23.109232,0.389478,0.198648,-0.899359,50.00,False
-55.645673,5.863999,-20.430574,-0.402883,0.242523,-0.882535,50.00,False
-58.488461,10.207058,-12.972859,-0.971440,0.219512,0.090100,50.00,False
-48.976416,12.456464,-9.115177,0.930969,0.125835,0.342729,50.00,False
-52.970161,14.245580,-3.684839,0.132220,0.393218,0.909889,50.00,False
-48.955443,-4.120857,-6.896599,0.935163,0.249564,-0.251371,50.00,False
-48.693014,14.666767,-3.590361,0.987649,0.112524,-0.109031,50.00,False
-48.896529,6.796911,-2.001898,0.946946,0.083907,-0.310247,50.00,False
-52.852048,0.900041,6.830224,0.155842,0.311830,0.937270,50.00,False
-58.165375,11.715874,2.671193,-0.906823,0.082071,-0.413444,50.00,False
-58.502918,15.061768,8.158964,-0.974332,0.152924,0.165202,50.00,False
-49.189605,12.964313,7.745574,0.888331,0.142962,-0.436383,50.00,False
-57.406448,11.643532,10.682021,-0.755038,0.542672,-0.368002,50.00,False
-49.314456,4.883311,17.505770,0.863361,0.162102,0.477840,50.00,False
-58.472015,17.218597,17.550049,-0.968151,0.248286,-0.032212,50.00,False
-56.344698,-2.746511,24.426561,-0.542688,0.161904,0.824183,50.00,False
-56.537675,-3.802554,18.993268,-0.581283,0.227045,-0.781384,50.00,False
-56.373207,7.287923,21.441930,-0.548390,0.205579,-0.810559,50.00,False
-58.574219,15.718706,27.844937,-0.988592,0.142472,-0.048866,50.00,False
-50.111088,8.406601,34.191416,0.704034,0.110463,0.701522,50.00,False
-53.316582,14.397198,28.500840,0.062935,0.288197,-0.955501,50.00,False
-54.827600,13.078641,39.063160,-0.239268,0.731871,0.638056,50.00,False
-50.872532,7.069624,42.329658,0.551745,0.314487,0.772448,50.00,False
-49.554282,2.492251,42.770686,0.815395,0.467269,0.341745,50.00,False
-53.095478,5.083087,39.126741,0.107156,0.409597,-0.905952,50.00,False
-51.052784,5.887844,49.602304,0.515695,0.533685,0.670253,50.00,False
-58.362014,0.496506,50.043742,-0.946151,0.217657,0.239633,50.00,False
-56.896095,-4.294403,55.018894,-0.652967,0.247645,0.715756,50.00,False
-51.029034,-5.429276,51.928841,0.520445,0.742805,-0.421163,50.00,False
-51.569690,3.830854,52.121389,0.412314,0.131092,-0.901561,50.00,False
-57.762990,3.561847,61.912855,-0.826346,0.167024,0.537824,50.00,False
-55.337153,6.184360,57.196327,-0.341179,0.170593,-0.924389,50.00,False
-55.088988,18.430714,59.808611,-0.291546,0.258949,-0.920840,50.00,False
-55.656152,26.799012,62.661799,-0.404979,0.283971,-0.869110,50.00,False
-50.864458,30.904742,62.359295,-0.246640,0.273847,-0.929611,200.00,True
-50.864458,30.904742,62.359295,-0.246640,0.273847,-0.929611,50.00,False
-50.653299,21.114345,59.660852,-0.204408,0.234463,-0.950392,50.00,False
-51.246628,9.850664,57.214616,-0.323074,0.218809,-0.920731,50.00,False
-45.554150,5.340301,61.153509,0.815422,0.431423,0.385955,50.00,False
-44.926543,10.347100,57.425439,0.940943,0.298773,0.159249,50.00,False
-46.792232,7.544680,58.082062,0.567805,0.149455,0.809482,50.00,False
-53.624771,16.181592,49.174346,-0.798702,0.395887,-0.453154,50.00,False
-44.854120,6.325346,47.510555,0.955428,0.125961,-0.267004,50.00,False
-45.651630,0.004200,43.360340,0.795926,0.179602,-0.578139,50.00,False
-50.971207,9.957239,48.355487,-0.267990,0.212043,0.939798,50.00,False
-52.339969,0.983430,36.977748,-0.541742,0.198202,-0.816842,50.00,False
-49.490094,3.631555,43.321677,0.028233,0.238014,0.970851,50.00,False
-50.013186,16.232413,36.553532,-0.076385,0.987742,0.136130,50.00,False
-48.715435,5.907642,31.988763,0.183165,0.948646,-0.257916,50.00,False
-52.625479,1.646141,26.741334,-0.598844,0.140226,-0.788494,50.00,False
-44.825932,-0.912260,27.163518,0.961065,0.205117,-0.185149,50.00,False
-44.779162,-9.184822,24.870931,0.970419,0.206691,-0.124759,50.00,False
-47.594259,-1.551709,27.436799,0.407400,0.103879,0.907323,50.00,False
-50.926680,21.439730,24.714372,-0.259084,0.394210,0.881745,50.00,False
-50.389862,10.144959,12.798229,-0.151721,0.107358,-0.982576,50.00,False
-48.841910,8.291045,20.019048,0.157870,0.117068,0.980496,50.00,False
-54.526322,19.189520,13.231399,-0.979013,0.146308,0.141874,50.00,False
-51.013686,22.189306,5.194010,-0.276485,0.165294,-0.946696,50.00,False
-50.863272,11.562689,12.128342,-0.246403,0.139482,0.959078,50.00,False
-46.985119,-1.227493,0.921706,0.529228,0.370443,-0.763341,50.00,False
-54.073166,12.343287,4.412036,-0.888381,0.070684,0.453632,50.00,False
-52.855871,18.089066,-4.221628,-0.644922,0.123567,-0.754193,50.00,False
-54.556871,18.389144,-2.364653,-0.985122,0.104918,0.136110,50.00,False
-54.183396,11.377095,-7.648979,-0.910427,0.098188,-0.401847,50.00,False
-53.056437,-1.044827,-4.699031,-0.685036,0.175517,0.707050,50.00,False
-54.525234,11.680065,-9.919431,-0.978795,0.094238,0.181878,50.00,False
-53.766530,22.721621,-11.061808,-0.827054,0.304802,0.472310,50.00,False
-46.050217,13.601191,-19.383786,0.716208,0.184060,-0.673177,50.00,False
-53.134461,16.295292,-15.156253,-0.700640,0.176902,0.691237,50.00,False
-44.825684,22.779715,-21.026189,0.961115,0.273771,0.036158,50.00,False
-44.939551,23.069511,-23.444083,0.938342,0.338238,0.071487,50.00,False
-44.859398,18.651683,-27.816659,0.954372,0.091919,-0.284121,50.00,False
-44.845829,15.765939,-29.951727,0.957086,0.216876,-0.192226,50.00,False
-47.099969,2.598967,-35.627122,0.506258,0.300327,-0.808398,50.00,False
-46.184152,10.637434,-30.589465,0.689421,0.095469,0.718042,50.00,False
-48.386903,21.925966,-39.626573,0.248871,0.782703,-0.570472,50.00,False
-49.009084,5.652750,-44.290235,0.124435,0.125202,-0.984297,50.00,False
-51.521232,-6.840306,-46.295303,-0.377995,0.326292,-0.866403,50.00,False
-50.642513,-7.428967,-46.471788,-0.202251,0.901424,-0.382792,50.00,False
-47.599703,-7.571675,-44.838939,0.406311,0.787930,0.462686,50.00,False
-46.908683,-6.380459,-46.729304,0.544515,0.582466,0.603521,50.00,False
-46.625849,-3.770589,-49.294891,0.601082,0.517146,0.609311,50.00,False
-46.407537,-0.790372,-52.060444,0.644744,0.503543,0.575108,50.00,False
-46.195357,2.062295,-54.963746,0.687180,0.514052,0.513356,50.00,False
-45.985089,4.508790,-57.998117,0.729234,0.535968,0.425389,50.00,False
-45.803441,6.394107,-61.138061,0.765564,0.560233,0.316308,50.00,False
-45.695274,7.682017,-64.317485,0.787197,0.583599,0.199331,50.00,False
-45.710740,8.452926,-67.512048,0.784104,0.615539,0.079326,50.00,False
-45.956099,8.766382,-70.931285,0.735032,0.672606,-0.085613,50.00,False
-46.784255,8.203916,-75.068580,0.569401,0.721400,-0.394164,50.00,False
-48.206764,5.313689,-79.442755,0.284899,0.596821,-0.750091,50.00,False
-47.854173,1.078047,-82.128234,0.355417,0.532377,-0.768279,50.00,False
-49.099648,-2.336425,-84.932932,0.106322,0.576274,-0.810311,50.00,False
-47.690769,-2.094056,-81.848395,0.388098,0.862222,0.325504,50.00,False
-48.240692,-0.779207,-82.863935,0.278113,0.715110,0.641304,50.00,False
-44.496333,-5.229197,-90.442495,0.226985,0.428821,-0.874408,200.00,True
-44.496333,-5.229197,-90.442495,0.226985,0.428821,-0.874408,50.00,False
-47.092285,-2.992157,-88.116844,-0.292205,0.230406,-0.928186,50.00,False
-44.191888,-0.739160,-76.492297,0.287874,0.382842,0.877816,50.00,False
-40.988067,-6.024776,-79.766488,0.928638,0.223732,-0.295930,50.00,False
-41.731356,2.714223,-77.474999,0.779981,0.514305,-0.356540,50.00,False
-41.916900,4.335560,-73.584077,0.742872,0.662330,-0.097264,50.00,False
-41.709662,3.944044,-70.068396,0.784319,0.614231,0.086965,50.00,False
-41.800954,3.679931,-67.450299,0.766061,0.636197,0.091676,50.00,False
-42.119696,3.502818,-64.484801,0.702313,0.692275,0.165868,50.00,False
-42.582703,2.791590,-61.106929,0.609711,0.724033,0.322535,50.00,False
-43.106801,1.300205,-57.720207,0.504892,0.716764,0.480971,50.00,False
-43.636562,-0.758323,-54.580740,0.398939,0.701996,0.589957,50.00,False
-44.227467,-2.997116,-51.725322,0.280758,0.713331,0.642133,50.00,False
-45.051744,-4.939404,-49.243706,0.115903,0.776355,0.619548,50.00,False
-46.424842,-6.035860,-47.702891,-0.158717,0.898715,0.408803,50.00,False
-47.983443,-6.642045,-48.280534,-0.470437,0.853100,-0.225633,50.00,False
-47.619421,-6.260605,-48.425547,-0.397632,0.493476,-0.773544,50.00,False
-46.139645,-0.867680,-46.752050,-0.101677,0.269022,-0.957752,50.00,False
-41.530812,10.815462,-40.138672,0.820089,0.551128,-0.153984,50.00,False
-42.894066,5.142651,-40.699730,0.547439,0.289695,-0.785104,50.00,False
-47.756997,3.429344,-29.694988,-0.425148,0.121465,0.896937,50.00,False
-46.682058,2.878702,-36.456266,-0.210160,0.081950,-0.974226,50.00,False
-49.427760,18.810257,-25.801731,-0.759300,0.129264,0.637773,50.00,False
-49.922190,3.560137,-26.702646,-0.858186,0.509663,-0.061318,50.00,False
-40.923199,16.562216,-22.312977,0.941612,0.157279,0.297708,50.00,False
-43.884396,-5.992835,-16.899362,0.349373,0.368397,0.861523,50.00,False
-49.338041,2.379487,-21.147419,-0.741356,0.439711,-0.506996,50.00,False
-41.560177,4.385371,-18.893755,0.814216,0.078928,-0.575171,50.00,False
-40.703056,13.426478,-12.855507,0.985641,0.124957,0.113571,50.00,False
-43.623845,3.804018,-6.297176,0.401483,0.131830,0.906329,50.00,False
-41.118603,-5.044731,-7.296197,0.902531,0.387604,0.187617,50.00,False
-41.286078,-1.397176,-8.048102,0.869036,0.112997,-0.481672,50.00,False
-50.020551,3.440088,-0.850252,-0.877858,0.191447,0.438990,50.00,False
-44.113440,-4.107051,-5.191936,0.303564,0.093076,-0.948254,50.00,False
-49.219034,15.252493,5.519741,-0.717555,0.171043,0.675173,50.00,False
-50.257990,5.518786,6.418727,-0.925346,0.175489,0.336063,50.00,False
-50.447726,-1.074613,8.557081,-0.963293,0.110119,0.244826,50.00,False
-48.133201,15.470176,14.205828,-0.500388,0.132078,0.855667,50.00,False
-43.393164,0.369706,8.108402,0.447619,0.142943,-0.882726,50.00,False
-50.460868,18.292374,14.039081,-0.965922,0.143374,-0.215498,50.00,False
-41.118028,10.153172,19.794343,0.902646,0.107866,0.416647,50.00,False
-41.215268,-4.384947,22.522656,0.883198,0.152826,0.443402,50.00,False
-44.207297,1.587893,18.299871,0.284792,0.269030,-0.920063,50.00,False
-50.495917,10.048708,24.404498,-0.972932,0.076552,-0.218046,50.00,False
-41.740612,14.467926,31.130299,0.778129,0.156840,0.608207,50.00,False
-49.574096,11.854006,27.680148,-0.788567,0.131467,-0.600731,50.00,False
-50.211623,14.643443,35.176333,-0.916073,0.129290,0.379598,50.00,False
-42.574078,8.245663,32.212516,0.611436,0.300358,-0.732073,50.00,False
-48.825834,4.576168,42.143896,-0.638915,0.226116,0.735295,50.00,False
-49.949180,7.192484,43.246235,-0.863584,0.251754,0.436855,50.00,False
-40.865708,1.582455,42.422896,0.953110,0.175243,-0.246721,50.00,False
-49.759748,8.833786,43.634111,-0.825698,0.210454,-0.523385,50.00,False
-46.666690,17.644832,44.305711,-0.207086,0.364280,-0.907973,50.00,False
-40.767360,16.023237,52.089532,0.972780,0.191911,0.129883,50.00,False
-49.752200,13.941671,56.658671,-0.824188,0.212828,0.524803,50.00,False
-49.975126,-1.223716,58.867809,-0.868773,0.211606,0.447723,50.00,False
-48.634298,7.233701,55.485849,-0.600608,0.283548,-0.747577,50.00,False
-47.609768,16.243477,57.383037,-0.395702,0.237840,-0.887047,50.00,False
-47.240185,25.847205,59.857099,-0.321785,0.257437,-0.911142,50.00,False
-47.025595,34.780209,62.419135,-0.278867,0.283133,-0.917643,50.00,False
-42.833780,38.538985,62.408012,-0.240504,0.309841,-0.919868,200.00,True
-42.833780,38.538985,62.408012,-0.240504,0.309841,-0.919868,50.00,False
-42.995192,30.535208,59.829734,-0.272787,0.292239,-0.916616,50.00,False
-43.184028,22.022236,57.261955,-0.310554,0.270473,-0.911263,50.00,False
-43.253342,12.572132,54.639297,-0.324417,0.232533,-0.916887,50.00,False
-45.593793,4.455935,59.280060,-0.792507,0.301412,0.530173,50.00,False
-42.821159,10.026002,49.259332,-0.237980,0.176683,-0.955065,50.00,False
-44.449868,-8.234318,47.681007,-0.563722,0.342026,-0.751822,50.00,False
-42.271538,0.762175,53.782486,-0.128056,0.093160,0.987382,50.00,False
-43.108220,17.568196,41.601056,-0.295392,0.218747,-0.929996,50.00,False
-41.278183,-2.885527,39.299309,0.070615,0.485396,-0.871438,50.00,False
-41.369095,13.091913,45.913619,0.052433,0.236023,0.970332,50.00,False
-46.322979,12.387511,39.161515,-0.938344,0.316607,0.138819,50.00,False
-42.105659,6.347644,30.966593,-0.094880,0.167723,-0.981258,50.00,False
-44.159371,-1.845981,37.496924,-0.505622,0.180246,0.843716,50.00,False
-43.260823,26.349879,29.821540,-0.325913,0.929538,-0.172453,50.00,False
-46.394402,-2.935296,28.150557,-0.952629,0.303889,0.012259,50.00,False
-45.075149,17.079577,28.974219,-0.688778,0.203248,0.695899,50.00,False
-43.929845,5.918214,18.496973,-0.459717,0.114580,-0.880643,50.00,False
-43.264414,-2.353030,20.068270,-0.326631,0.943959,-0.047475,50.00,False
-45.571297,3.779595,20.638287,-0.788008,0.190549,0.585436,50.00,False
-36.911486,10.670838,16.685539,0.943955,0.102387,0.313794,50.00,False
-36.924464,13.252602,11.580984,0.941359,0.280036,-0.188209,50.00,False
-41.008705,22.017763,14.795408,0.124511,0.191396,0.973583,50.00,False
-44.683384,4.065963,3.389796,-0.610425,0.073770,-0.788631,50.00,False
-41.806526,-5.554831,9.712413,-0.035053,0.095625,0.994800,50.00,False
-38.932295,9.961512,-2.044933,0.539793,0.082339,-0.837761,50.00,False
-38.622473,6.410889,3.505420,0.601757,0.108922,0.791217,50.00,False
-46.308437,0.451001,-4.610873,-0.935436,0.164036,-0.313134,50.00,False
-39.585458,21.839175,-1.138845,0.409160,0.149213,0.900180,50.00,False
-37.954919,3.054528,-11.600177,0.735268,0.078809,-0.673179,50.00,False
-36.684092,2.252577,-10.999577,0.989433,0.140908,-0.034151,50.00,False
-40.966837,9.788207,-18.301035,0.132884,0.175138,-0.975535,50.00,False
-41.076256,8.745094,-11.111378,0.111001,0.157228,0.981304,50.00,False
-39.733599,-1.490163,-23.212047,0.379532,0.098487,-0.919922,50.00,False
-38.888188,-5.427436,-20.885029,0.548614,0.833592,0.064390,50.00,False
-44.488088,-3.055390,-19.774894,-0.571366,0.158093,0.805325,50.00,False
-46.087786,6.747760,-24.206569,-0.891305,0.117561,0.437897,50.00,False
-36.721769,14.459820,-28.151927,0.981898,0.087987,0.167734,50.00,False
-37.238206,21.640905,-30.759301,0.878611,0.448066,0.165166,50.00,False
-37.816833,14.106344,-37.206187,0.762885,0.227188,-0.605303,50.00,False
-36.763519,14.179243,-35.954304,0.973548,0.159105,0.163982,50.00,False
-43.780565,8.813476,-43.794729,-0.429861,0.177899,-0.885196,50.00,False
-43.914346,0.690626,-46.020384,-0.456617,0.364829,-0.811419,50.00,False
-44.222547,-2.948395,-47.947313,-0.518258,0.521407,-0.677897,50.00,False
-44.669668,-4.527399,-49.142227,-0.607682,0.687271,-0.397972,50.00,False
-44.386782,-4.503357,-49.787217,-0.551105,0.834397,-0.008062,50.00,False
-43.354846,-3.753170,-50.713837,-0.344717,0.880458,0.325522,50.00,False
-42.292269,-2.580441,-52.488619,-0.132202,0.861939,0.489473,50.00,False
-41.533633,-1.037979,-54.975205,0.019525,0.859321,0.511064,50.00,False
-40.959487,0.582260,-58.071525,0.134354,0.901814,0.410708,50.00,False
-40.313405,1.674279,-61.917251,0.263571,0.951199,0.160470,50.00,False
-39.460472,1.303778,-66.192199,0.434158,0.883554,-0.175612,50.00,False
-38.434481,-0.570595,-69.534227,0.639356,0.696799,-0.325109,50.00,False
-37.449450,-2.423338,-71.082074,0.836362,0.535813,-0.115771,50.00,False
-37.385922,-3.352903,-72.026899,0.849067,0.482923,0.214172,50.00,False
-45.056012,-1.914592,-78.980256,-0.684951,0.313713,-0.657592,50.00,False
-46.288935,-12.395700,-79.323806,-0.931535,0.298714,-0.207394,50.00,False
-46.440386,-9.014870,-81.398755,-0.961825,0.253347,-0.103476,50.00,False
-39.653258,-9.552859,-79.985266,0.395600,0.596754,0.698130,50.00,False
-37.436034,-2.036189,-87.070478,0.839045,0.505966,-0.200005,50.00,False
-34.239956,-7.017716,-89.558107,0.678261,0.231114,-0.697531,200.00,True
-34.239956,-7.017716,-89.558107,0.678261,0.231114,-0.697531,50.00,False
-33.329710,-6.023644,-85.766659,0.860310,0.223532,-0.458149,50.00,False
-35.432603,5.446505,-85.089724,0.439731,0.313414,-0.841670,50.00,False
-35.105688,6.715695,-74.127862,0.505114,0.230167,0.831795,50.00,False
-33.557896,-7.728489,-72.950633,0.814673,0.188784,0.548333,50.00,False
-38.772505,-0.028517,-77.397112,-0.228249,0.456645,-0.859871,50.00,False
-40.417115,-5.209268,-72.552963,-0.557171,0.722151,-0.409949,50.00,False
-37.576789,-1.240862,-70.783226,0.010894,0.818145,-0.574909,50.00,False
-38.100420,0.821671,-67.388919,-0.093832,0.904990,-0.414956,50.00,False
-38.318243,1.734620,-62.411195,-0.137397,0.988594,0.061681,50.00,False
-38.114422,0.819494,-58.396793,-0.096633,0.933373,0.345654,50.00,False
-38.233268,-0.371758,-55.592951,-0.120402,0.913967,0.387515,50.00,False
-38.812424,-1.219627,-53.634434,-0.236233,0.936180,0.260310,50.00,False
-39.719408,-1.736476,-52.388829,-0.417630,0.908568,-0.009477,50.00,False
-40.387949,-1.889680,-51.239257,-0.551338,0.779065,-0.298470,50.00,False
-40.491355,-1.060335,-49.717826,-0.572019,0.639946,-0.513092,50.00,False
-39.902398,1.141284,-48.092484,-0.454228,0.542149,-0.706931,50.00,False
-38.060890,4.836438,-46.474057,-0.085926,0.422772,-0.902153,50.00,False
-36.567944,11.613583,-43.969230,0.212663,0.328935,-0.920096,50.00,False
-40.873714,6.460274,-33.017235,-0.648491,0.121921,0.751395,50.00,False
-42.488609,1.947527,-34.140512,-0.971470,0.237033,0.007832,50.00,False
-32.713143,5.487716,-32.339298,0.983623,0.098666,-0.150833,50.00,False
-42.554403,7.590210,-29.559672,-0.984629,0.132485,-0.113816,50.00,False
-42.451403,15.513448,-27.316489,-0.964029,0.191730,-0.184087,50.00,False
-38.961092,5.255782,-19.197648,-0.265967,0.285372,0.920774,50.00,False
-42.614106,7.058721,-21.278253,-0.996569,0.081525,-0.014255,50.00,False
-42.543027,-2.543825,-19.120636,-0.982354,0.157006,-0.101639,50.00,False
-41.693062,11.785112,-18.852274,-0.812361,0.136833,-0.566875,50.00,False
-35.415263,12.629912,-9.055668,0.443199,0.201258,0.873539,50.00,False
-35.649422,1.439792,-15.128119,0.396367,0.321768,-0.859860,50.00,False
-37.989823,10.110249,-3.270943,-0.071713,0.097302,0.992668,50.00,False
-37.058184,-9.993033,-10.463925,0.114615,0.236547,-0.964836,50.00,False
-41.990258,13.679640,-5.428352,-0.871800,0.113090,-0.476630,50.00,False
-39.461063,1.583984,4.183049,-0.365961,0.084973,0.926743,50.00,False
-37.326360,-9.967321,-0.338748,0.060980,0.865878,-0.496524,50.00,False
-40.438314,-1.689608,0.660805,-0.561411,0.140507,-0.815522,50.00,False
-42.565648,4.384640,7.782650,-0.986878,0.134101,0.089940,50.00,False
-41.794883,14.772989,7.250242,-0.832725,0.140936,-0.535450,50.00,False
-41.290886,-8.855661,15.895219,-0.731925,0.095651,0.674638,50.00,False
-41.941851,3.946227,12.600909,-0.862118,0.060084,-0.503132,50.00,False
-40.198123,1.061082,21.989149,-0.513373,0.066204,0.855608,50.00,False
-36.744219,-8.625863,15.531021,0.177408,0.238000,-0.954925,50.00,False
-36.933323,13.877514,17.974962,0.139587,0.101004,-0.985045,50.00,False
-37.813703,27.306635,21.259962,-0.036489,0.530415,-0.846953,50.00,False
-36.122537,27.339460,32.673805,0.301744,0.261208,0.916908,50.00,False
-34.892296,-4.925206,34.847300,0.547793,0.080841,0.832699,50.00,False
-35.704847,3.944153,28.730300,0.385283,0.155466,-0.909609,50.00,False
-42.259206,3.389980,37.676710,-0.925589,0.114596,0.360766,50.00,False
-41.301322,-3.998312,35.431027,-0.734013,0.304037,-0.607279,50.00,False
-41.387203,9.400594,37.834589,-0.751189,0.138124,-0.645474,50.00,False
-32.708433,17.080355,43.942591,0.984565,0.165400,0.057219,50.00,False
-32.778419,14.065533,45.487783,0.970568,0.186267,-0.152651,50.00,False
-40.728980,20.172671,49.359478,-0.619544,0.778204,0.102780,50.00,False
-37.357093,4.430191,56.401135,0.054833,0.111915,0.992204,50.00,False
-40.833927,-3.084188,50.532040,-0.640534,0.314618,-0.700523,50.00,False
-39.072574,7.100132,51.962494,-0.288263,0.213965,-0.933340,50.00,False
-38.495542,17.201512,54.519974,-0.172857,0.291731,-0.940752,50.00,False
-38.351451,25.435200,57.108597,-0.144038,0.303334,-0.941935,50.00,False
-38.357058,33.401472,59.720988,-0.145160,0.313689,-0.938365,50.00,False
-38.374268,41.062321,62.338993,-0.148602,0.325846,-0.933671,50.00,False
-34.130675,42.502969,62.308117,-0.099883,0.326668,-0.939847,200.00,True
-34.130675,42.502969,62.308117,-0.099883,0.326668,-0.939847,50.00,False
-34.109518,34.758215,59.685468,-0.095652,0.311352,-0.945469,50.00,False
-34.084389,26.596884,57.066123,-0.090626,0.297439,-0.950430,50.00,False
-34.056586,18.188015,54.467384,-0.085065,0.296394,-0.951270,50.00,False
-33.353065,10.854838,51.987272,0.055639,0.367432,-0.928384,50.00,False
-38.409910,6.212018,54.571471,-0.955730,0.273958,0.107363,50.00,False
-37.444286,10.678841,54.194884,-0.762605,0.338944,0.550954,50.00,False
-30.479772,1.034696,45.017651,0.630297,0.128858,-0.765585,50.00,False
-33.598556,-2.269434,51.163673,0.006541,0.186005,0.982527,50.00,False
-36.433042,-8.152035,39.578676,-0.560357,0.144413,-0.815564,50.00,False
-32.788594,9.161764,45.972800,0.168533,0.083323,0.982168,50.00,False
-36.258803,20.858232,34.676769,-0.525509,0.386107,-0.758130,50.00,False
-30.386557,13.656880,32.162165,0.648940,0.167630,-0.742143,50.00,False
-29.710339,5.263945,36.342430,0.784184,0.097519,0.612817,50.00,False
-36.726068,-5.522041,26.946638,-0.618962,0.241309,-0.747433,50.00,False
-36.559467,20.269013,31.044060,-0.585641,0.554790,0.590959,50.00,False
-29.022648,-6.968629,23.863412,0.921722,0.209716,-0.326263,50.00,False
-37.055336,10.834765,19.313035,-0.684815,0.127757,-0.717430,50.00,False
-34.156913,-5.801012,25.203873,-0.105131,0.171006,0.979645,50.00,False
-28.665971,8.428018,17.976025,0.993058,0.105021,0.052983,50.00,False
-34.667653,20.707359,10.403043,-0.207279,0.261424,-0.942705,50.00,False
-28.709211,-4.976646,12.870482,0.984410,0.161497,0.069690,50.00,False
-33.693052,0.401362,4.988183,-0.012359,0.154844,-0.987862,50.00,False
-30.365042,5.081196,11.099404,0.653243,0.076333,0.753290,50.00,False
-36.243054,22.505637,0.651962,-0.522359,0.243265,-0.817290,50.00,False
-36.516963,-4.069965,-1.878418,-0.577141,0.140553,-0.804458,50.00,False
-34.786187,13.183332,4.391994,-0.230986,0.092692,0.968532,50.00,False
-29.124525,18.384068,-5.175327,0.901347,0.077954,-0.426025,50.00,False
-28.669432,4.515528,-5.422649,0.992365,0.115437,0.043419,50.00,False
-38.136370,-7.394455,-10.348266,-0.901022,0.096964,-0.422797,50.00,False
-37.004492,4.386606,-7.161810,-0.674647,0.083505,0.733402,50.00,False
-33.602083,18.958800,-18.335880,0.005835,0.186150,-0.982504,50.00,False
-30.220463,6.637737,-12.390222,0.682159,0.090868,0.725535,50.00,False
-32.121677,-11.399294,-23.340178,0.301916,0.121596,-0.945548,50.00,False
-28.845758,3.452503,-20.834693,0.957100,0.280028,0.074457,50.00,False
-37.288328,-5.337062,-20.422387,-0.731414,0.091068,0.675826,50.00,False
-38.459821,12.065872,-26.878137,-0.965712,0.241047,-0.096416,50.00,False
-29.795228,-3.237973,-31.825002,0.767206,0.300067,-0.566881,50.00,False
-29.103077,2.267673,-33.640270,0.905636,0.104305,-0.411027,50.00,False
-32.225251,8.076801,-29.404520,0.281202,0.094034,0.955031,50.00,False
-31.708353,20.203785,-40.874184,0.384581,0.423918,-0.819994,50.00,False
-31.609988,7.609667,-43.798922,0.404254,0.226984,-0.886034,50.00,False
-35.842962,7.429910,-44.456724,-0.442341,0.745417,-0.498687,50.00,False
-36.186450,4.714075,-47.507099,-0.511038,0.625230,-0.589854,50.00,False
-35.781839,2.104215,-50.380131,-0.430116,0.631080,-0.645553,50.00,False
-35.032237,0.274970,-52.731895,-0.280196,0.751721,-0.596998,50.00,False
-34.027598,-0.375040,-54.111169,-0.079268,0.931901,-0.353945,50.00,False
-33.148426,-0.473468,-54.685381,0.096567,0.994064,0.050121,50.00,False
-32.853609,-0.208755,-55.900575,0.155530,0.932492,0.325990,50.00,False
-32.850018,0.750839,-58.208394,0.156248,0.910298,0.383334,50.00,False
-32.838015,1.930064,-61.563391,0.158649,0.959874,0.231242,50.00,False
-33.762199,1.645038,-67.445127,-0.026188,0.904251,-0.426197,50.00,False
-32.802359,-4.964065,-72.420797,0.165780,0.397680,-0.902423,50.00,False
-32.003977,-5.631394,-65.981172,0.325456,0.275902,0.904409,50.00,False
-29.006416,5.490570,-72.958050,0.924969,0.379015,0.027942,50.00,False
-36.402392,2.443385,-79.723731,-0.554227,0.206723,-0.806287,50.00,False
-38.223673,-10.011027,-80.027605,-0.918483,0.187559,-0.348154,50.00,False
-35.308108,-5.277365,-76.236165,-0.335370,0.156230,0.929042,50.00,False
-31.283869,-7.326214,-87.756099,0.469478,0.216313,-0.856037,50.00,False
-31.052592,-17.018437,-90.184745,0.515733,0.238586,-0.822858,50.00,False
-28.452424,-23.697988,-90.784260,0.235767,0.235829,-0.942761,200.00,True
-28.452424,-23.697988,-90.784260,0.235767,0.235829,-0.942761,50.00,False
-29.530137,-9.690891,-88.425154,0.020224,0.140685,-0.989848,50.00,False
-33.732424,2.652375,-78.842652,-0.820233,0.401201,0.407745,50.00,False
-34.340437,-7.658885,-76.758907,-0.941836,0.139868,0.305586,50.00,False
-34.097302,-11.693830,-73.551996,-0.893208,0.137633,0.428060,50.00,False
-31.228023,-8.626873,-77.783869,-0.319353,0.140103,-0.937222,50.00,False
-34.540588,2.833888,-70.338522,-0.981866,0.186694,0.032939,50.00,False
-32.390322,-0.346379,-63.918777,-0.551812,0.242342,0.797981,50.00,False
-26.124844,-2.818981,-66.602892,0.701283,0.664656,-0.257750,50.00,False
-27.922916,-0.087279,-63.621262,0.341669,0.922357,-0.180332,50.00,False
-27.699881,-1.007895,-58.260006,0.386276,0.843596,0.373012,50.00,False
-27.173553,-2.403695,-55.936861,0.491541,0.810430,0.318733,50.00,False
-26.826846,-2.849322,-55.151343,0.560883,0.826774,-0.043072,50.00,False
-27.372172,-2.384265,-54.912464,0.451817,0.729010,-0.514204,50.00,False
-28.513162,-0.419071,-53.649776,0.223619,0.583694,-0.780574,50.00,False
-29.754270,3.262877,-51.439033,-0.024602,0.514174,-0.857333,50.00,False
-31.472400,7.624670,-48.260137,-0.368228,0.562250,-0.740462,50.00,False
-33.517808,9.917055,-42.876074,-0.777310,0.602049,-0.182557,50.00,False
-31.555343,10.766373,-43.596594,-0.384817,0.370040,-0.845569,50.00,False
-29.182700,12.931630,-31.870519,0.089712,0.173504,0.980739,50.00,False
-30.094938,-1.825314,-39.042762,-0.092736,0.213107,-0.972618,50.00,False
-33.635375,10.422546,-28.613466,-0.800823,0.073823,0.594334,50.00,False
-26.155928,-2.525456,-32.534567,0.695066,0.120388,-0.708794,50.00,False
-30.209703,0.404174,-21.603791,-0.115689,0.260737,0.958453,50.00,False
-29.615209,18.878573,-28.784899,0.003210,0.081397,-0.996677,50.00,False
-29.802327,27.496928,-16.349235,-0.034214,0.234356,0.971549,50.00,False
-25.471128,22.388062,-20.827720,0.832026,0.333816,-0.443056,50.00,False
-28.134149,13.690850,-11.265449,0.299422,0.083156,0.950490,50.00,False
-25.043521,-11.363563,-11.579893,0.917548,0.148901,0.368693,50.00,False
-25.049113,-13.553525,-12.253473,0.916429,0.281020,-0.284930,50.00,False
-25.835176,-4.920653,-11.472945,0.759217,0.063503,-0.647733,50.00,False
-25.408035,22.996422,-6.839383,0.844645,0.478550,-0.239928,50.00,False
-34.609801,1.018652,-3.225001,-0.995708,0.085274,-0.035959,50.00,False
-24.717122,18.367324,0.341455,0.982827,0.094616,0.158424,50.00,False
-25.034558,2.442440,0.363645,0.919340,0.167467,-0.356046,50.00,False
-33.760928,18.033735,2.013826,-0.825934,0.144563,-0.544917,50.00,False
-34.133032,9.744130,9.484442,-0.900355,0.064847,0.430298,50.00,False
-25.099898,0.049524,12.002069,0.906272,0.080721,0.414916,50.00,False
-32.609778,-6.294452,13.135543,-0.595704,0.793776,0.122702,50.00,False
-27.984154,3.254496,16.555487,0.329421,0.899257,0.287784,50.00,False
-27.166883,-6.865277,13.807499,0.492875,0.384119,-0.780722,50.00,False
-33.921465,-3.800163,22.813298,-0.858041,0.110602,0.501530,50.00,False
-29.528950,-7.475188,17.929022,0.020462,0.105273,-0.994233,50.00,False
-24.672630,19.393758,26.027303,0.991726,0.071655,0.106516,50.00,False
-25.243023,13.808018,30.387462,0.877647,0.135893,0.459639,50.00,False
-25.723278,9.057745,33.243742,0.781596,0.356337,0.511988,50.00,False
-26.923933,-6.635799,37.067284,0.541465,0.364105,0.757788,50.00,False
-26.676272,3.643666,31.923517,0.590997,0.163777,-0.789873,50.00,False
-26.543962,-9.777487,42.376860,0.617459,0.085996,0.781888,50.00,False
-26.009626,-10.291586,37.957130,0.724327,0.299587,-0.620966,50.00,False
-30.790974,-6.345926,38.887149,-0.231943,0.190616,-0.953870,50.00,False
-27.341545,14.503328,42.073956,0.457943,0.303921,-0.835416,50.00,False
-33.957312,9.973542,51.208352,-0.865211,0.167638,0.472555,50.00,False
-33.211064,-1.002832,54.519955,-0.715961,0.328609,0.615968,50.00,False
-29.224340,6.176350,49.203534,0.081384,0.244515,-0.966224,50.00,False
-31.319855,14.107515,52.264091,-0.337719,0.351825,-0.873021,50.00,False
-30.930937,20.915642,54.666046,-0.259936,0.318643,-0.911537,50.00,False
-30.510434,28.523231,57.153793,-0.175835,0.314305,-0.932896,50.00,False
-30.257268,36.221360,59.719715,-0.125202,0.321432,-0.938619,50.00,False
-30.127230,43.731627,62.317921,-0.099194,0.332462,-0.937886,50.00,False
-26.035223,44.884751,62.327637,-0.080793,0.342759,-0.935943,200.00,True
-26.035223,44.884751,62.327637,-0.080793,0.342759,-0.935943,50.00,False
-26.114995,37.743022,59.735374,-0.096747,0.339858,-0.935487,50.00,False
-26.248701,30.627861,57.158950,-0.123488,0.341144,-0.931864,50.00,False
-26.377160,23.525708,54.575263,-0.149180,0.336770,-0.929694,50.00,False
-26.317971,15.858554,51.913553,-0.137342,0.302731,-0.943128,50.00,False
-26.317765,7.749381,49.453861,-0.137301,0.376565,-0.916159,50.00,False
-20.907903,7.624320,52.830303,0.944671,0.174045,0.278037,50.00,False
-29.332137,-2.075160,45.534888,-0.740176,0.117105,-0.662138,50.00,False
-30.609226,-5.476952,46.170964,-0.995593,0.092397,-0.016015,50.00,False
-26.986618,14.091522,48.231201,-0.271072,0.299005,0.914940,50.00,False
-30.503648,3.920246,40.027917,-0.974478,0.087312,-0.206808,50.00,False
-26.761482,-7.986444,42.133609,-0.226045,0.641301,0.733238,50.00,False
-21.577554,-12.836927,33.008434,0.810741,0.120402,-0.572889,50.00,False
-23.852058,-10.543732,37.850086,0.355840,0.193247,0.914349,50.00,False
-23.202360,15.488654,35.025131,0.485780,0.100663,0.868265,50.00,False
-20.743213,7.085969,27.131172,0.977609,0.086964,-0.191618,50.00,False
-25.148921,-1.903839,20.535790,0.096468,0.083978,-0.991787,50.00,False
-22.063689,-11.763834,26.193527,0.713514,0.238860,0.658668,50.00,False
-25.302607,15.770803,25.258549,0.065731,0.120125,0.990580,50.00,False
-29.296040,-5.870724,14.324413,-0.732956,0.063142,-0.677339,50.00,False
-29.958029,-2.117289,17.597325,-0.865354,0.070686,0.496151,50.00,False
-29.688574,15.226746,15.356225,-0.811463,0.142202,0.566839,50.00,False
-23.047172,22.564457,6.823187,0.516817,0.589433,-0.620861,50.00,False
-20.671400,13.418354,6.808689,0.991972,0.070696,-0.104853,50.00,False
-21.006249,15.437626,6.558214,0.925002,0.109106,0.363960,50.00,False
-27.045819,3.997658,-2.624891,-0.282912,0.101568,-0.953753,50.00,False
-27.809918,3.964195,4.030049,-0.435732,0.084060,0.896143,50.00,False
-21.388891,23.385586,-5.613765,0.848474,0.127250,-0.513712,50.00,False
-21.688988,1.632023,-8.006176,0.788454,0.392861,-0.473286,50.00,False
-26.366369,-22.611891,-13.155497,-0.147022,0.098237,-0.984243,50.00,False
-23.967582,-29.076870,-6.378261,0.332735,0.311429,0.890112,50.00,False
-26.060338,-7.024926,-8.453612,-0.085816,0.068555,0.993950,50.00,False
-29.913274,16.146137,-18.534217,-0.856403,0.115324,-0.503264,50.00,False
-24.722322,-11.123317,-23.363568,0.181787,0.253030,-0.950226,50.00,False
-20.659974,-2.421891,-21.007449,0.994257,0.099300,0.039906,50.00,False
-30.066291,-2.023171,-26.000699,-0.887006,0.140583,-0.439837,50.00,False
-30.142637,-6.661816,-24.334343,-0.902276,0.125986,0.412342,50.00,False
-30.112046,-0.320662,-27.130216,-0.896157,0.241788,0.372076,50.00,False
-30.233540,6.678075,-29.701739,-0.920456,0.104276,0.376679,50.00,False
-21.127799,15.059485,-32.162376,0.900692,0.161166,0.403459,50.00,False
-30.481915,15.327540,-37.831718,-0.970131,0.118798,-0.211501,50.00,False
-29.983485,6.642190,-41.708241,-0.870445,0.152959,-0.467898,50.00,False
-21.830164,10.205820,-40.057166,0.760219,0.526056,0.381225,50.00,False
-23.204137,6.000108,-48.506296,0.485424,0.375163,-0.789693,50.00,False
-23.251990,0.057303,-51.155958,0.475854,0.363887,-0.800718,50.00,False
-22.824689,-4.588929,-53.247735,0.561314,0.441242,-0.700166,50.00,False
-22.229721,-6.835654,-54.474944,0.680308,0.595910,-0.426700,50.00,False
-22.241947,-6.869528,-54.308323,0.677862,0.724392,0.125533,50.00,False
-23.511866,-5.414683,-55.026488,0.423879,0.754665,0.500807,50.00,False
-22.952210,-4.137011,-57.776452,0.535810,0.701619,0.469722,50.00,False
-24.689011,-0.541379,-59.823583,0.188450,0.793101,0.579204,50.00,False
-30.379897,-1.390384,-64.923929,-0.949728,0.303194,0.078042,50.00,False
-30.024952,-6.481366,-69.358809,-0.878739,0.379083,-0.290026,50.00,False
-23.445901,-5.613247,-72.140613,0.437072,0.837691,-0.327479,50.00,False
-29.732734,-14.065640,-75.759293,-0.820295,0.209202,-0.532307,50.00,False
-23.375695,-4.762125,-71.253288,0.451113,0.091131,0.887802,50.00,False
-20.846695,6.497333,-79.214061,0.956913,0.223446,-0.185445,50.00,False
-24.748137,1.510605,-85.709181,0.176624,0.191038,-0.965561,50.00,False
-23.608168,-15.189814,-87.983566,0.404618,0.153386,-0.901530,50.00,False
-24.968402,-26.781322,-90.841834,0.132571,0.267922,-0.954276,50.00,False
-23.724107,-24.408802,-90.409877,-0.418570,0.267537,-0.867885,200.00,True
-23.724107,-24.408802,-90.409877,-0.418570,0.267537,-0.867885,50.00,False
-24.005980,-15.018806,-87.773401,-0.474944,0.188925,-0.859497,50.00,False
-25.712276,0.956592,-80.888594,-0.816203,0.577763,-0.001444,50.00,False
-21.747249,1.646468,-83.223434,-0.023198,0.157041,-0.987320,50.00,False
-23.539032,5.714740,-71.185724,-0.381555,0.205055,0.901315,50.00,False
-16.748614,-13.336634,-73.220628,0.976529,0.213979,-0.024574,50.00,False
-25.751385,-1.963828,-67.758393,-0.824025,0.140069,0.548965,50.00,False
-21.974850,-3.163161,-72.833531,-0.068718,0.158467,-0.984970,50.00,False
-18.361344,-1.916209,-61.627383,0.653983,0.169170,0.737352,50.00,False
-25.812534,0.452274,-65.173059,-0.836255,0.244744,-0.490691,50.00,False
-17.532983,-7.798422,-57.655708,0.819655,0.290270,0.493871,50.00,False
-25.679608,-7.149927,-55.560735,-0.809670,0.435008,0.393958,50.00,False
-23.181666,-8.708212,-52.171039,-0.310081,0.773338,0.552989,50.00,False
-21.277062,-8.209213,-52.547902,0.070839,0.996633,-0.041291,50.00,False
-18.586620,-9.203662,-52.499516,0.608928,0.571080,-0.550522,50.00,False
-18.746338,-6.297121,-50.778622,0.576984,0.375633,-0.725251,50.00,False
-19.159894,-0.791179,-48.548821,0.494273,0.344345,-0.798198,50.00,False
-20.307399,6.139149,-46.567967,0.264772,0.285961,-0.920935,50.00,False
-17.700131,14.353957,-41.893863,0.786226,0.356092,-0.505023,50.00,False
-17.497624,7.746281,-34.019695,0.826727,0.114140,0.550903,50.00,False
-26.565209,-2.610115,-34.756480,-0.986790,0.113743,-0.115361,50.00,False
-25.019995,-10.992142,-27.959986,-0.677747,0.122438,0.725029,50.00,False
-23.720225,9.002586,-33.514325,-0.417793,0.082965,-0.904746,50.00,False
-18.220469,23.197111,-23.327869,0.682158,0.397630,0.613637,50.00,False
-16.653685,13.281368,-23.949231,0.995515,0.089876,-0.029543,50.00,False
-20.847844,3.084171,-16.284749,0.156683,0.079480,0.984446,50.00,False
-26.559280,-18.046046,-18.797946,-0.985604,0.164948,-0.037101,50.00,False
-17.401513,-8.647962,-18.594210,0.845949,0.137386,-0.515262,50.00,False
-26.434734,-1.491230,-14.729471,-0.960695,0.093959,-0.261222,50.00,False
-25.910016,-3.456983,-8.268565,-0.855751,0.074115,0.512051,50.00,False
-20.333562,2.763377,-13.053569,0.259539,0.060153,-0.963857,50.00,False
-22.988259,8.468104,-0.840823,-0.271400,0.071810,0.959784,50.00,False
-26.552307,-10.286700,-3.051435,-0.984210,0.177002,-0.001246,50.00,False
-26.467502,-8.512673,-0.072892,-0.967249,0.242325,0.075555,50.00,False
-26.575597,-9.435440,2.450371,-0.988868,0.135585,0.061299,50.00,False
-22.536771,-11.696479,8.159444,-0.181102,0.706444,0.684206,50.00,False
-19.899208,-10.651500,2.685038,0.346410,0.126000,-0.929583,50.00,False
-17.218571,6.129628,12.163109,0.882538,0.145629,0.447124,50.00,False
-18.729670,14.634358,8.478152,0.580318,0.095463,-0.808776,50.00,False
-26.336223,18.667252,16.758944,-0.940993,0.081467,0.328475,50.00,False
-24.881410,-1.721814,21.495134,-0.650030,0.068605,0.756805,50.00,False
-23.417362,-15.941463,15.765798,-0.357221,0.219053,-0.907970,50.00,False
-24.491141,-13.476961,26.927439,-0.571976,0.155217,0.805451,50.00,False
-21.655120,-12.884727,20.509771,-0.004772,0.077371,-0.996991,50.00,False
-18.618364,3.322725,32.060289,0.602579,0.078339,0.794205,50.00,False
-16.714688,-9.484147,31.249206,0.983314,0.142498,0.113081,50.00,False
-16.824425,14.872378,33.102723,0.961367,0.273020,-0.035124,50.00,False
-24.146149,1.584551,31.578554,-0.502978,0.096764,-0.858865,50.00,False
-26.247695,19.531012,39.987750,-0.923287,0.234701,0.304066,50.00,False
-20.515287,11.753490,45.888301,0.223194,0.135799,0.965268,50.00,False
-18.392081,-11.405544,47.313363,0.647836,0.213079,0.731373,50.00,False
-24.348397,-3.650939,42.093314,-0.543428,0.114977,-0.831545,50.00,False
-25.895404,6.107031,51.402843,-0.852829,0.105349,0.511453,50.00,False
-20.110219,-0.956422,47.522357,0.304208,0.541760,-0.783552,50.00,False
-23.524148,10.846105,49.578350,-0.378578,0.249666,-0.891261,50.00,False
-21.703279,18.180453,52.013052,-0.014404,0.383981,-0.923228,50.00,False
-21.432887,24.520061,54.563046,0.039675,0.359925,-0.932137,50.00,False
-21.616495,31.362461,57.125417,0.002953,0.345074,-0.938571,50.00,False
-21.781702,38.470397,59.713876,-0.030089,0.340433,-0.939787,50.00,False
-21.881875,45.628255,62.317091,-0.050123,0.342851,-0.938052,50.00,False
-17.952310,46.186664,62.304494,-0.064210,0.333471,-0.940571,200.00,True
-17.952310,46.186664,62.304494,-0.064210,0.333471,-0.940571,50.00,False
-17.826712,38.661798,59.683592,-0.039091,0.322260,-0.945844,50.00,False
-17.592296,30.858770,57.068808,0.007793,0.312479,-0.949893,50.00,False
-17.184604,22.797066,54.479194,0.089331,0.302645,-0.948908,50.00,False
-16.514489,14.477187,51.975570,0.223354,0.289594,-0.930725,50.00,False
-15.092188,6.961230,50.145611,0.507814,0.370322,-0.777809,50.00,False
-13.775279,8.077389,48.803646,0.771196,0.356676,-0.527294,50.00,False
-14.414724,3.970437,52.641374,0.643307,0.099161,0.759159,50.00,False
-12.737528,14.681000,46.192893,0.978746,0.204745,-0.011629,50.00,False
-17.242055,0.065516,38.688296,0.077841,0.081358,-0.993641,50.00,False
-14.009625,-13.070417,44.482075,0.724327,0.086388,0.684023,50.00,False
-15.827578,12.276521,43.049785,0.360736,0.173052,0.916473,50.00,False
-21.045829,19.741275,32.398840,-0.682914,0.225544,-0.694808,50.00,False
-16.581270,-16.182695,28.418352,0.209998,0.105454,-0.971998,50.00,False
-19.053611,-9.652143,35.452483,-0.284470,0.097286,0.953736,50.00,False
-18.593416,19.502744,32.923467,-0.192431,0.167897,0.966841,50.00,False
-14.312222,5.241508,21.768256,0.663807,0.062425,-0.745294,50.00,False
-22.594249,-0.790291,22.976828,-0.992598,0.120476,0.015328,50.00,False
-16.259626,3.981902,25.080855,0.274327,0.112430,0.955042,50.00,False
-12.709899,19.207643,18.209976,0.984272,0.145787,0.099773,50.00,False
-16.169131,8.824970,10.361968,0.292426,0.101183,-0.950920,50.00,False
-14.162514,0.826213,16.070341,0.693749,0.122849,0.709662,50.00,False
-21.656565,11.800355,7.002913,-0.805061,0.098744,-0.584916,50.00,False
-21.251780,16.073412,10.745443,-0.724104,0.099345,0.682498,50.00,False
-22.569310,3.827313,5.429935,-0.987610,0.074148,0.138304,50.00,False
-17.158651,16.378475,-2.794739,0.094522,0.124378,-0.987723,50.00,False
-20.802552,2.203174,3.399346,-0.634259,0.069372,0.770002,50.00,False
-19.345449,-8.530488,-7.708860,-0.342838,0.111690,-0.932731,50.00,False
-13.981770,4.195521,-2.240967,0.729898,0.071985,0.679755,50.00,False
-21.206513,11.734714,-11.693835,-0.715051,0.099810,-0.691911,50.00,False
-12.831010,15.257834,-9.487429,0.960050,0.079569,0.268278,50.00,False
-12.824882,11.650759,-14.744369,0.961275,0.078404,-0.264202,50.00,False
-19.996510,10.231751,-11.641804,-0.473050,0.101069,0.875219,50.00,False
-14.325829,22.749969,-22.250282,0.661086,0.183328,-0.727569,50.00,False
-14.696295,5.826321,-25.148364,0.586993,0.184550,-0.788277,50.00,False
-21.308479,4.920484,-20.561204,-0.735444,0.197831,0.648063,50.00,False
-16.662978,7.203620,-23.381638,0.193656,0.773969,0.602884,50.00,False
-13.698734,6.647862,-25.937754,0.786505,0.092825,0.610568,50.00,False
-14.470327,14.954905,-35.437925,0.632186,0.081120,-0.770558,50.00,False
-12.891770,9.282671,-32.916094,0.947898,0.193970,0.252716,50.00,False
-17.973369,9.018359,-31.863508,-0.068422,0.175266,0.982141,50.00,False
-15.066056,3.181688,-36.143476,0.513041,0.566298,0.645055,50.00,False
-15.435096,1.886046,-46.319541,0.439233,0.219084,-0.871250,50.00,False
-15.996792,-5.476484,-48.895133,0.326893,0.375037,-0.867461,50.00,False
-17.669024,-9.167054,-51.312194,-0.007553,0.554777,-0.831965,50.00,False
-19.825774,-9.746968,-47.182396,-0.438903,0.737764,0.512902,50.00,False
-20.298911,-7.136311,-48.297744,-0.533530,0.247556,0.808740,50.00,False
-21.261250,-0.639798,-58.062901,-0.725998,0.286046,-0.625383,50.00,False
-17.318116,1.138803,-52.646819,0.062629,0.205072,0.976741,50.00,False
-17.761359,-7.649823,-65.092491,-0.026020,0.110948,-0.993486,50.00,False
-15.354182,-15.170895,-58.377796,0.455415,0.196330,0.868361,50.00,False
-20.509713,4.209357,-61.492510,-0.575691,0.290492,0.764326,50.00,False
-21.382094,-6.665932,-71.083849,-0.750167,0.184341,-0.635034,50.00,False
-15.058324,1.469992,-66.289943,0.514587,0.158531,0.842655,50.00,False
-20.620874,-7.643633,-77.007862,-0.597923,0.175875,-0.782021,50.00,False
-13.688826,2.204851,-72.845389,0.788487,0.232580,0.569382,50.00,False
-16.435718,-0.237796,-82.766028,0.239108,0.374568,-0.895838,50.00,False
-19.046265,-4.999892,-84.346176,-0.283001,0.663111,-0.692960,50.00,False
-17.351943,-10.608913,-88.176887,0.055863,0.336026,-0.940195,50.00,False
-18.520207,-19.320869,-90.781023,-0.177790,0.284275,-0.942114,50.00,False
-13.303230,-18.335061,-90.738530,0.065606,0.352219,-0.933615,200.00,True
-13.303230,-18.335061,-90.738530,0.065606,0.352219,-0.933615,50.00,False
-12.465817,-11.611444,-87.938205,0.233088,0.386249,-0.892458,50.00,False
-10.904690,-6.061598,-84.267185,0.545314,0.494049,-0.677162,50.00,False
-10.979810,-2.738488,-80.065529,0.530290,0.769573,-0.355739,50.00,False
-10.502611,-4.624260,-79.099621,0.625730,0.379563,-0.681465,50.00,False
-18.364470,-0.292985,-72.056823,-0.946642,0.246022,0.208187,50.00,False
-15.278526,-10.819860,-65.964948,-0.329453,0.260047,0.907654,50.00,False
-17.972776,-11.378358,-66.951880,-0.868303,0.457636,0.191360,50.00,False
-8.787166,-12.890813,-65.179844,0.968819,0.246311,0.026860,50.00,False
-14.484825,-12.170372,-61.713572,-0.170713,0.964559,0.201206,50.00,False
-15.047899,-3.331539,-64.883488,-0.283328,0.118409,-0.951685,50.00,False
-15.309162,6.234173,-53.169131,-0.335581,0.355690,0.872279,50.00,False
-18.583609,-4.694096,-55.143476,-0.990470,0.131328,-0.041498,50.00,False
-17.121808,3.945022,-54.191916,-0.698110,0.612922,-0.370094,50.00,False
-12.381317,-0.736452,-45.496324,0.249988,0.463473,0.850117,50.00,False
-16.824221,-4.818352,-50.512216,-0.638592,0.375042,-0.671970,50.00,False
-18.353607,-0.619823,-45.893995,-0.944470,0.191216,-0.267233,50.00,False
-8.847738,-7.552805,-41.262794,0.956704,0.255126,0.140099,50.00,False
-12.406302,14.261249,-44.178057,0.244991,0.121665,-0.961861,50.00,False
-9.006230,18.660699,-36.329659,0.925006,0.369404,0.088911,50.00,False
-14.116593,24.403785,-31.790030,-0.097067,0.873019,0.477929,50.00,False
-12.263710,-8.599471,-26.790849,0.273510,0.076065,0.958857,50.00,False
-16.976415,1.680615,-32.696257,-0.669031,0.055855,-0.741133,50.00,False
-8.746345,3.112770,-27.406574,0.976983,0.068254,-0.202104,50.00,False
-11.691529,16.707005,-28.165695,0.387946,0.296067,-0.872836,50.00,False
-10.113227,8.463384,-17.697701,0.703606,0.111072,0.701855,50.00,False
-18.559763,10.306078,-19.347811,-0.985701,0.082237,-0.147075,50.00,False
-9.333023,15.841939,-17.803129,0.859647,0.365411,-0.357046,50.00,False
-16.095424,11.257705,-9.119676,-0.492833,0.127466,0.860737,50.00,False
-18.618004,1.647349,-10.786622,-0.997349,0.072275,0.008440,50.00,False
-14.178208,-6.464836,-5.576442,-0.109390,0.839922,0.531568,50.00,False
-18.571499,9.609606,-5.770007,-0.988048,0.151930,-0.026053,50.00,False
-11.219492,18.421556,-7.391414,0.482353,0.108414,-0.869242,50.00,False
-10.056895,20.628851,2.961811,0.714873,0.152175,0.682495,50.00,False
-8.719634,-2.621307,3.056868,0.982325,0.041174,0.182599,50.00,False
-9.091759,-3.921308,6.817004,0.907900,0.053812,0.415718,50.00,False
-8.829468,-17.935612,8.380549,0.960358,0.183885,0.209519,50.00,False
-9.620633,12.532678,6.963483,0.802125,0.071982,-0.592802,50.00,False
-10.018148,-9.488900,15.941719,0.722622,0.100231,0.683938,50.00,False
-10.834127,15.943418,10.990176,0.559426,0.077183,-0.825279,50.00,False
-15.764646,-2.010845,22.224596,-0.426677,0.055531,0.902698,50.00,False
-15.210020,-12.967116,15.574901,-0.315752,0.071429,-0.946149,50.00,False
-18.225014,21.383946,24.519659,-0.918751,0.225807,0.323895,50.00,False
-18.176921,9.305910,23.496584,-0.909132,0.117370,-0.399628,50.00,False
-14.971299,21.716272,32.448696,-0.268008,0.409861,0.871886,50.00,False
-15.617668,4.407374,35.235487,-0.397282,0.115993,0.910337,50.00,False
-18.075978,-6.950374,31.168282,-0.888944,0.178002,-0.422012,50.00,False
-15.972343,9.481292,31.562549,-0.468217,0.193945,-0.862066,50.00,False
-11.027890,16.665125,42.584508,0.520674,0.225572,0.823417,50.00,False
-13.094391,-15.100142,45.958612,0.107374,0.171413,0.979331,50.00,False
-9.667902,1.288466,40.748360,0.792671,0.182705,-0.581628,50.00,False
-10.805528,-3.865654,42.188723,0.565146,0.143226,-0.812463,50.00,False
-17.856877,2.019131,51.102584,-0.845124,0.286362,0.451401,50.00,False
-9.749386,7.954578,51.025823,0.776375,0.624801,-0.082859,50.00,False
-14.964497,9.835691,49.731095,-0.266648,0.433675,-0.860712,50.00,False
-14.865593,15.547490,52.056331,-0.246867,0.320334,-0.914573,50.00,False
-14.501198,23.422907,54.526770,-0.173988,0.295415,-0.939393,50.00,False
-14.371570,31.686600,57.108119,-0.148062,0.301091,-0.942031,50.00,False
-14.315276,39.692702,59.716736,-0.136803,0.314897,-0.939215,50.00,False
-14.271405,47.306763,62.332480,-0.128029,0.330805,-0.934974,50.00,False
-10.556240,49.271971,62.401687,-0.184996,0.342478,-0.921133,200.00,True
-10.556240,49.271971,62.401687,-0.184996,0.342478,-0.921133,50.00,False
-10.731471,42.052482,59.816922,-0.220042,0.326640,-0.919178,50.00,False
-10.931691,34.520702,57.248842,-0.260086,0.311717,-0.913886,50.00,False
-11.102982,26.711748,54.685057,-0.294345,0.298962,-0.907735,50.00,False
-11.043242,18.650699,52.057457,-0.282397,0.290208,-0.914347,50.00,False
-10.262824,10.486541,49.323914,-0.126313,0.310486,-0.942148,50.00,False
-5.316368,6.765988,51.012324,0.862978,0.497944,-0.085558,50.00,False
-14.039059,-6.569908,46.536758,-0.881560,0.098113,-0.461764,50.00,False
-12.043585,-3.459484,50.555314,-0.482465,0.161727,0.860855,50.00,False
-5.239000,13.260504,41.469760,0.878452,0.192482,-0.437348,50.00,False
-7.648091,-9.930567,36.533168,0.396634,0.149276,-0.905758,50.00,False
-4.778425,-6.250386,37.539288,0.970567,0.153437,-0.185627,50.00,False
-13.005355,-15.017895,34.605910,-0.674819,0.693116,-0.253394,50.00,False
-8.943420,-15.137030,35.446825,0.137568,0.890496,0.433697,50.00,False
-7.134880,-3.203988,34.999124,0.499276,0.076446,0.863064,50.00,False
-5.543443,24.012933,30.592306,0.817563,0.284573,0.500608,50.00,False
-6.948804,4.533350,21.310151,0.536491,0.108402,-0.836915,50.00,False
-12.697008,-12.819788,26.838712,-0.613150,0.059731,0.787705,50.00,False
-13.789640,19.424689,17.592147,-0.831676,0.117437,-0.542700,50.00,False
-11.684594,-7.798300,13.184020,-0.410667,0.107571,-0.905418,50.00,False
-5.937409,-15.002324,12.049849,0.738770,0.279335,-0.613344,50.00,False
-11.147461,-11.497724,17.266084,-0.303240,0.088337,0.948811,50.00,False
-11.435632,3.304520,5.278705,-0.360875,0.072945,-0.929757,50.00,False
-11.537730,2.792594,11.948748,-0.381294,0.048906,0.923159,50.00,False
-12.316055,9.197423,0.526272,-0.536959,0.044604,-0.842428,50.00,False
-14.256439,-10.796183,3.983944,-0.925036,0.094203,0.368014,50.00,False
-10.085867,16.414418,4.490173,-0.090922,0.123523,0.988168,50.00,False
-10.323018,7.136423,-7.970918,-0.138352,0.101747,-0.985143,50.00,False
-7.228392,19.340817,-1.269513,0.480574,0.071364,0.874046,50.00,False
-10.545443,15.321657,-13.135851,-0.182837,0.074537,-0.980314,50.00,False
-13.269149,-3.644312,-7.873930,-0.727578,0.348389,0.590978,50.00,False
-13.203414,-19.250689,-16.615311,-0.714431,0.286438,-0.638390,50.00,False
-12.569255,-12.840729,-11.997082,-0.587599,0.089712,0.804164,50.00,False
-12.920454,-6.521958,-22.354953,-0.657839,0.083613,-0.748503,50.00,False
-14.349437,-15.225367,-22.626705,-0.943636,0.170079,-0.283945,50.00,False
-6.583635,-23.000442,-27.447703,0.609525,0.310954,-0.729237,50.00,False
-12.998843,-25.391970,-23.154857,-0.673517,0.355190,0.648240,50.00,False
-5.040819,13.443632,-27.034217,0.918088,0.063386,0.391276,50.00,False
-12.989194,-9.191359,-27.891750,-0.671587,0.057687,0.738677,50.00,False
-12.142135,-14.821481,-38.433182,-0.502175,0.155327,-0.850702,50.00,False
-7.249964,-10.747034,-32.424921,0.476259,0.128546,0.869858,50.00,False
-13.812719,8.805084,-41.381818,-0.836292,0.372180,-0.402613,50.00,False
-13.856835,8.079183,-39.349775,-0.845115,0.112080,0.522703,50.00,False
-10.268106,-2.769157,-49.436939,-0.127369,0.177618,-0.975822,50.00,False
-6.251285,-3.223539,-43.577125,0.675995,0.178147,0.715049,50.00,False
-9.977886,2.448131,-54.663458,-0.069325,0.168212,-0.983310,50.00,False
-11.248733,5.364677,-47.792838,-0.323495,0.260303,0.909722,50.00,False
-4.979578,-2.610295,-56.707794,0.930336,0.094352,-0.354362,50.00,False
-4.818830,-11.793269,-56.311893,0.962486,0.119241,0.243726,50.00,False
-5.483667,3.141602,-62.801189,0.829518,0.159479,-0.535225,50.00,False
-14.587497,-10.225587,-62.288443,-0.991248,0.099962,0.086232,50.00,False
-13.509695,-0.480006,-62.197307,-0.775687,0.098606,0.623367,50.00,False
-9.704176,8.168922,-63.695015,-0.014583,0.538134,0.842733,50.00,False
-10.914588,6.874386,-75.119505,-0.256666,0.285866,-0.923257,50.00,False
-13.332700,-0.854016,-75.251076,-0.740288,0.516239,-0.430663,50.00,False
-6.236568,-0.689871,-76.799302,0.678938,0.700018,-0.221401,50.00,False
-8.581374,-4.996913,-82.438804,0.209977,0.516097,-0.830394,50.00,False
-8.111245,-9.188295,-84.935426,0.304003,0.500169,-0.810810,50.00,False
-8.148400,-14.048101,-87.712284,0.296572,0.440650,-0.847274,50.00,False
-8.590997,-19.579559,-90.515512,0.208052,0.407888,-0.889012,50.00,False
-4.093689,-21.846032,-90.293963,0.307514,0.438080,-0.844702,200.00,True
-4.093689,-21.846032,-90.293963,0.307514,0.438080,-0.844702,50.00,False
-3.802810,-16.918319,-87.563222,0.365690,0.445003,-0.817462,50.00,False
-3.607450,-12.230566,-84.848803,0.404762,0.454476,-0.793485,50.00,False
-3.363737,-7.773916,-82.107490,0.453504,0.458735,-0.764131,50.00,False
-2.476323,-3.652192,-78.767252,0.630987,0.472907,-0.614991,50.00,False
-1.581618,-1.779289,-72.280270,0.809928,0.563280,0.163498,50.00,False
-5.445186,1.006228,-75.373544,0.037215,0.223188,-0.974065,50.00,False
-1.930076,4.642170,-64.683262,0.740237,0.189517,0.645084,50.00,False
-9.219137,-2.796341,-68.488559,-0.717576,0.286371,-0.634883,50.00,False
-8.621048,-5.622398,-58.763402,-0.597958,0.128006,0.791240,50.00,False
-8.939291,-7.691410,-63.766044,-0.661606,0.178907,-0.728196,50.00,False
-9.749394,-3.199449,-54.770991,-0.823627,0.130528,0.551907,50.00,False
-10.192940,-3.537361,-56.942372,-0.912336,0.081357,-0.401277,50.00,False
-8.893065,-11.022924,-48.582075,-0.652361,0.095448,0.751874,50.00,False
-10.101935,-16.821148,-51.149800,-0.894135,0.348995,-0.280578,50.00,False
-6.257081,0.830446,-52.065290,-0.125164,0.137339,-0.982584,50.00,False
-9.592708,-4.783054,-41.541171,-0.792290,0.090928,0.603332,50.00,False
-0.931707,-12.912023,-43.471942,0.939910,0.159773,-0.301730,50.00,False
-0.877201,-4.801545,-39.242923,0.950812,0.308746,0.025166,50.00,False
-8.406035,-6.445279,-40.880512,-0.554955,0.132501,-0.821260,50.00,False
-8.743807,13.306285,-38.067785,-0.622510,0.088233,-0.777622,50.00,False
-9.352917,17.783873,-28.308497,-0.744332,0.128516,0.655327,50.00,False
-10.127982,11.974212,-31.079761,-0.899345,0.128820,-0.417833,50.00,False
-0.736512,18.525600,-26.395508,0.978949,0.204103,0.000109,50.00,False
-10.444553,14.423059,-22.533287,-0.962659,0.094615,0.253646,50.00,False
-9.792473,17.104199,-23.894007,-0.832243,0.136260,-0.537406,50.00,False
-1.700663,21.753092,-15.636356,0.786119,0.166535,0.595216,50.00,False
-0.709868,-6.272535,-15.257278,0.984278,0.089747,0.152124,50.00,False
-0.683850,18.331187,-13.390770,0.989482,0.144511,0.006518,50.00,False
-7.782528,-17.184953,-6.333297,-0.430254,0.080574,0.899105,50.00,False
-8.200617,-19.309116,-12.449611,-0.513872,0.158670,-0.843066,50.00,False
-4.197970,-19.215025,-0.883905,0.286658,0.114487,0.951168,50.00,False
-1.048611,-23.297011,-4.915741,0.916530,0.141482,-0.374107,50.00,False
-0.653662,-20.164994,-0.796163,0.995519,0.064546,-0.069100,50.00,False
-0.684940,-3.541290,1.574030,0.989264,0.091477,-0.113969,50.00,False
-7.538907,1.269150,0.134887,-0.381530,0.082080,-0.920705,50.00,False
-1.044825,3.327673,9.260899,0.917287,0.099528,0.385589,50.00,False
-7.997933,24.420299,5.550952,-0.473335,0.098946,-0.875308,50.00,False
-8.043575,4.203234,16.894725,-0.482463,0.049100,0.874539,50.00,False
-5.259318,0.445540,10.142256,0.074388,0.068663,-0.994863,50.00,False
-9.301493,-15.457785,20.329087,-0.734047,0.432461,0.523596,50.00,False
-6.875176,-3.996425,25.104726,-0.248783,0.129849,0.959816,50.00,False
-7.666143,-15.830616,27.110367,-0.406977,0.354041,0.842036,50.00,False
-0.972992,-19.273033,24.378957,0.931653,0.286748,-0.223154,50.00,False
-8.691826,-5.617881,24.170841,-0.612113,0.105620,-0.783685,50.00,False
-10.583064,6.639541,30.164044,-0.990361,0.091537,-0.103952,50.00,False
-9.386189,-4.127907,30.022977,-0.750986,0.110108,-0.651073,50.00,False
-8.324436,16.802725,31.742537,-0.538635,0.165777,-0.826069,50.00,False
-8.520363,17.458155,42.439394,-0.577821,0.187244,0.794395,50.00,False
-3.826611,-8.172663,45.704985,0.360930,0.086154,0.928605,50.00,False
-6.724433,-15.174860,38.827078,-0.218635,0.138804,-0.965884,50.00,False
-1.161667,5.083813,44.250046,0.893918,0.201869,-0.400198,50.00,False
-5.756818,-0.723701,53.593773,-0.025112,0.312338,0.949639,50.00,False
-6.651967,3.929530,46.632747,-0.204142,0.184104,-0.961474,50.00,False
-7.375180,15.243308,49.541449,-0.348784,0.266071,-0.898641,50.00,False
-7.339915,23.484508,52.180038,-0.341731,0.302358,-0.889831,50.00,False
-7.154260,30.958086,54.746313,-0.304600,0.324541,-0.895484,50.00,False
-6.944854,38.048634,57.302958,-0.262719,0.339789,-0.903063,50.00,False
-6.742209,44.904507,59.867284,-0.222190,0.352362,-0.909106,50.00,False
-6.562077,51.559898,62.445807,-0.186164,0.364741,-0.912309,50.00,False
-2.253796,53.360025,62.432674,-0.124507,0.383916,-0.914935,200.00,True
-2.253796,53.360025,62.432674,-0.124507,0.383916,-0.914935,50.00,False
-2.295638,47.029374,59.822653,-0.132876,0.373580,-0.918032,50.00,False
-2.288749,40.495216,57.205504,-0.131498,0.362771,-0.922554,50.00,False
-2.193968,33.663702,54.568414,-0.112542,0.347066,-0.931064,50.00,False
-1.976809,26.208016,51.896106,-0.069110,0.314864,-0.946618,50.00,False
-1.797234,17.194727,49.196948,-0.033195,0.250523,-0.967541,50.00,False
-2.194975,4.930679,46.556942,-0.112743,0.182958,-0.976635,50.00,False
1.608200,-6.254781,52.231984,0.647892,0.348606,0.677281,50.00,False
2.936626,2.846995,44.577919,0.913577,0.231093,-0.334624,50.00,False
-1.006947,-5.560846,39.264023,0.124862,0.461146,-0.878495,50.00,False
-6.348956,-2.605587,42.633069,-0.943539,0.104871,0.314222,50.00,False
3.224781,-4.451774,39.537008,0.971208,0.104854,0.213917,50.00,False
3.060573,3.435092,37.532153,0.938366,0.096650,0.331854,50.00,False
0.235015,-10.776648,28.661859,0.373255,0.090577,-0.923297,50.00,False
0.251213,-14.004688,35.279804,0.376494,0.115426,0.919200,50.00,False
2.939009,17.894276,29.934493,0.914054,0.168260,0.369046,50.00,False
-6.214752,18.914516,26.354137,-0.916699,0.360722,0.171882,50.00,False
1.332830,-0.449853,18.881935,0.592818,0.052089,-0.803650,50.00,False
3.108623,-18.083218,21.542634,0.947976,0.200338,0.247397,50.00,False
-4.013980,-1.034664,22.084395,-0.476544,0.088770,0.874657,50.00,False
-6.056548,7.558513,12.866920,-0.885058,0.119314,-0.449930,50.00,False
2.629696,-8.798727,9.948042,0.852191,0.093562,-0.514798,50.00,False
3.025784,-15.173178,8.161179,0.931409,0.087657,-0.353262,50.00,False
-0.843876,-14.252869,12.251160,0.157477,0.087466,0.983642,50.00,False
-5.337342,22.460412,7.469362,-0.741217,0.390224,0.546190,50.00,False
-0.229155,-1.231153,-2.632416,0.280421,0.094055,-0.955258,50.00,False
-6.347291,-13.773633,1.155104,-0.943206,0.084983,0.321154,50.00,False
-6.019728,8.182056,-0.738476,-0.877694,0.129669,0.461346,50.00,False
1.744822,13.625222,-9.160682,0.675216,0.219552,-0.704188,50.00,False
-1.564916,-17.976722,-13.200227,0.013269,0.115756,-0.993189,50.00,False
-0.103970,0.279673,-6.079919,0.305458,0.067916,0.949780,50.00,False
-6.201888,5.142884,-15.425195,-0.914126,0.063878,-0.400367,50.00,False
1.778754,2.219548,-12.381274,0.682003,0.076621,0.727325,50.00,False
-0.000637,6.980029,-23.318421,0.326125,0.088273,-0.941196,50.00,False
-4.159140,1.185183,-16.934701,-0.505576,0.119578,0.854455,50.00,False
0.873347,-20.782812,-28.105629,0.500921,0.089793,-0.860822,50.00,False
1.727030,-19.909466,-22.752505,0.671658,0.133632,0.728710,50.00,False
-4.906290,10.266447,-25.247312,-0.655006,0.102373,0.748657,50.00,False
-6.529252,-1.027219,-30.670811,-0.979599,0.083350,0.182865,50.00,False
-1.903207,-1.683963,-39.163620,-0.054390,0.058759,-0.996789,50.00,False
-2.371539,-20.554874,-31.859182,-0.148056,0.108530,0.983006,50.00,False
-5.543019,9.196467,-36.337084,-0.782352,0.142427,0.606333,50.00,False
-4.749946,7.861269,-45.853008,-0.623737,0.075864,-0.777944,50.00,False
1.361453,-5.962697,-40.575497,0.598542,0.085955,0.796466,50.00,False
-0.760326,14.990893,-49.194799,0.174187,0.895990,-0.408486,50.00,False
2.802267,0.244087,-51.916736,0.886705,0.159460,-0.433966,50.00,False
0.575799,-7.035950,-56.794538,0.441412,0.109338,-0.890618,50.00,False
3.079744,-16.298412,-56.471148,0.942201,0.134123,-0.307033,50.00,False
-1.783948,-15.411397,-52.662559,-0.030538,0.226239,0.973593,50.00,False
-6.325117,-6.745419,-61.594224,-0.938772,0.179918,-0.293832,50.00,False
2.104526,-5.322174,-59.539567,0.747157,0.193007,0.636007,50.00,False
2.264529,-6.380520,-66.942722,0.779158,0.535558,-0.325716,50.00,False
-5.618475,2.121340,-70.415652,-0.797443,0.335690,-0.501394,50.00,False
-0.475613,-4.829268,-74.537337,0.231129,0.543705,-0.806823,50.00,False
1.793975,-7.126640,-75.317607,0.685047,0.577583,-0.443970,50.00,False
1.977699,-9.649309,-78.097690,0.721792,0.497574,-0.481078,50.00,False
1.574750,-12.789674,-81.336470,0.641202,0.465671,-0.609927,50.00,False
1.142762,-16.532712,-84.354576,0.554804,0.457894,-0.694640,50.00,False
0.775752,-20.627638,-87.210555,0.481402,0.458640,-0.746928,50.00,False
0.430565,-24.917747,-89.990598,0.412365,0.463955,-0.784029,50.00,False
4.831244,-28.550340,-89.642978,0.492501,0.496917,-0.714505,200.00,True
4.831244,-28.550340,-89.642978,0.492501,0.496917,-0.714505,50.00,False
5.150035,-24.931413,-86.847770,0.556259,0.485592,-0.674371,50.00,False
5.428873,-21.451546,-84.024683,0.612026,0.479800,-0.628661,50.00,False
5.616809,-18.159755,-81.224048,0.649614,0.482611,-0.587442,50.00,False
5.597206,-15.023836,-78.596593,0.645693,0.495664,-0.580859,50.00,False
5.227694,-11.852267,-76.337540,0.571791,0.503198,-0.647956,50.00,False
4.655694,-8.274930,-74.213922,0.457391,0.489920,-0.742141,50.00,False
2.415052,-4.185845,-72.425186,0.009262,0.428907,-0.903301,50.00,False
-0.990531,2.012864,-65.242417,-0.671854,0.740544,0.014345,50.00,False
-1.199079,-6.546734,-59.357699,-0.713564,0.196802,0.672381,50.00,False
3.972750,-2.352921,-64.720666,0.320802,0.228700,-0.919121,50.00,False
0.774238,-1.316182,-52.906848,-0.318901,0.207767,0.924735,50.00,False
-1.245856,-3.331990,-58.331767,-0.722919,0.127020,-0.679156,50.00,False
7.316788,-12.234040,-52.448414,0.989609,0.142181,-0.021393,50.00,False
6.865665,-5.627609,-47.641838,0.899385,0.117705,0.421014,50.00,False
7.291789,-18.081444,-47.702596,0.984610,0.135772,-0.110046,50.00,False
1.888472,0.295605,-49.410008,-0.096054,0.221423,-0.970436,50.00,False
7.345968,1.396303,-41.987819,0.995445,0.095207,-0.004906,50.00,False
7.324656,6.434111,-39.167504,0.991183,0.126239,0.040249,50.00,False
-1.911984,-11.300978,-34.432288,-0.856145,0.218246,0.468385,50.00,False
6.320156,20.218007,-37.189593,0.790283,0.114315,-0.601984,50.00,False
7.359772,7.559658,-31.490773,0.998206,0.056817,0.018872,50.00,False
6.748826,17.568510,-26.604039,0.876017,0.069053,0.477311,50.00,False
-1.750082,-17.563179,-23.915318,-0.823765,0.274316,0.496148,50.00,False
-2.494081,-5.685729,-24.917067,-0.972564,0.065881,-0.223110,50.00,False
-2.560214,-15.559026,-21.525238,-0.985791,0.155449,-0.063652,50.00,False
-2.446579,11.301044,-17.512704,-0.963064,0.155342,0.219947,50.00,False
-2.484129,8.107288,-14.872025,-0.970574,0.073925,0.229175,50.00,False
-1.527289,-8.148840,-16.487069,-0.779206,0.131855,-0.612742,50.00,False
3.563633,5.256391,-5.990642,0.238978,0.081055,0.967636,50.00,False
4.276242,3.872789,-12.847557,0.381500,0.056264,-0.922655,50.00,False
5.644283,10.518629,-1.882211,0.655108,0.077918,0.751506,50.00,False
3.189009,-10.596312,1.850333,0.164054,0.120146,0.979107,50.00,False
0.525557,-17.703573,-0.202126,-0.368637,0.928244,0.049708,50.00,False
1.712755,-17.528212,-2.755607,-0.131197,0.150303,-0.979896,50.00,False
-2.546848,13.691141,4.110787,-0.983118,0.133127,-0.125525,50.00,False
-2.578090,-9.498317,7.950909,-0.989366,0.076680,0.123591,50.00,False
6.453888,-13.000643,12.767767,0.817029,0.098876,0.568055,50.00,False
6.665752,-18.172574,10.055395,0.859402,0.134374,-0.493327,50.00,False
3.325493,19.567733,10.219812,0.191351,0.065235,-0.979351,50.00,False
1.114893,20.380438,22.542189,-0.250770,0.059506,0.966216,50.00,False
3.154134,-2.041222,15.380596,0.157079,0.071282,-0.985010,50.00,False
4.491241,-11.832751,27.388481,0.424500,0.118356,0.897659,50.00,False
-1.268349,14.262169,22.169692,-0.727418,0.169202,-0.665007,50.00,False
-2.274448,-15.385669,29.910524,-0.928638,0.070372,0.364252,50.00,False
-0.898465,10.229167,26.925928,-0.653441,0.090275,-0.751575,50.00,False
2.039085,14.820579,38.214529,-0.065931,0.144967,0.987237,50.00,False
2.262097,-17.590003,40.824443,-0.021329,0.137211,0.990312,50.00,False
-1.213575,-17.543900,35.047580,-0.716463,0.137361,-0.683968,50.00,False
-0.996780,7.870400,37.393109,-0.673104,0.092261,-0.733770,50.00,False
0.282351,2.408284,48.169609,-0.417278,0.105605,0.902622,50.00,False
5.764954,3.413239,46.790526,0.679243,0.725939,0.107898,50.00,False
-0.888201,-6.264836,45.162598,-0.651388,0.181988,-0.736596,50.00,False
2.794079,6.162235,46.582028,0.085068,0.220733,-0.971618,50.00,False
2.864344,16.714362,49.232472,0.099121,0.260263,-0.960437,50.00,False
2.750861,25.816122,51.868744,0.076424,0.296115,-0.952090,50.00,False
2.544742,33.841016,54.503963,0.035200,0.328195,-0.943954,50.00,False
2.341296,41.109654,57.140070,-0.005489,0.352912,-0.935641,50.00,False
2.198701,47.866503,59.774360,-0.034008,0.371799,-0.927690,50.00,False
2.123820,54.256395,62.404810,-0.048984,0.387641,-0.920508,50.00,False
6.314131,54.497984,62.388953,-0.010922,0.383010,-0.923679,200.00,True
6.314131,54.497984,62.388953,-0.010922,0.383010,-0.923679,50.00,False
6.369250,47.928462,59.751355,0.000102,0.361708,-0.932291,50.00,False
6.447638,40.871552,57.113724,0.015779,0.338290,-0.940910,50.00,False
6.519780,33.221004,54.477975,0.030208,0.313367,-0.949152,50.00,False
6.525278,24.895714,51.846872,0.031307,0.290165,-0.956464,50.00,False
6.365223,16.013677,49.232192,-0.000704,0.278305,-0.960493,50.00,False
6.223580,7.171961,46.636779,-0.029032,0.276180,-0.960667,50.00,False
5.918725,-2.778325,43.984975,-0.090003,0.216521,-0.972120,50.00,False
3.826846,-10.560778,49.962606,-0.508379,0.436488,0.742314,50.00,False
5.103103,8.187604,48.456274,-0.253128,0.120054,0.959955,50.00,False
8.776362,4.415829,36.713167,0.481524,0.107956,-0.869759,50.00,False
11.026722,-6.184857,36.681572,0.931596,0.067516,-0.357170,50.00,False
10.425343,-23.654578,38.669467,0.811320,0.170070,0.559317,50.00,False
9.263276,13.706816,37.332099,0.578907,0.086885,0.810751,50.00,False
1.771994,-10.023853,29.851890,-0.919349,0.356530,-0.166383,50.00,False
1.811596,16.818330,26.807014,-0.911429,0.321762,-0.256450,50.00,False
10.274623,-18.417385,22.424603,0.781176,0.112860,-0.614024,50.00,False
9.382133,-15.935659,19.624900,0.602678,0.455718,-0.655057,50.00,False
2.466727,-15.001511,23.392587,-0.780403,0.099013,0.617388,50.00,False
9.884634,8.623161,21.221757,0.703179,0.112043,0.702130,50.00,False
7.874016,-16.988600,10.378111,0.301055,0.106049,-0.947692,50.00,False
9.852153,11.798351,15.810363,0.696682,0.286546,0.657667,50.00,False
3.021569,6.098708,13.610382,-0.669434,0.096489,0.736578,50.00,False
11.048806,17.590125,8.303884,0.936013,0.293550,0.194186,50.00,False
5.322508,-1.082798,-0.136764,-0.209247,0.074308,-0.975035,50.00,False
1.586945,-23.323853,3.468313,-0.956359,0.123335,0.264888,50.00,False
10.887882,-7.417414,-2.077812,0.903828,0.277832,-0.325429,50.00,False
3.167397,-1.455470,-6.848811,-0.640269,0.106579,-0.760721,50.00,False
5.382470,-1.893180,-10.324586,-0.197254,0.288411,-0.936969,50.00,False
11.139084,-12.050527,-6.781316,0.954069,0.072861,0.290593,50.00,False
8.322853,17.043262,-6.290811,0.390822,0.153350,0.907602,50.00,False
6.943950,-16.467456,-18.372335,0.115042,0.084091,-0.989795,50.00,False
11.346227,-10.372574,-16.327351,0.995497,0.071797,-0.061890,50.00,False
3.389173,-25.857836,-22.299534,-0.595914,0.317963,-0.737419,50.00,False
2.670442,-31.171234,-18.059119,-0.739660,0.237787,0.629572,50.00,False
8.875853,0.554395,-19.484475,0.501423,0.055692,0.863408,50.00,False
4.634423,19.624346,-31.062971,-0.346864,0.092095,-0.933383,50.00,False
1.497277,-11.013868,-30.085085,-0.974293,0.053264,-0.218898,50.00,False
1.910369,-23.503003,-29.347290,-0.891674,0.067816,0.447569,50.00,False
5.771097,-15.430180,-39.080743,-0.119529,0.157776,-0.980214,50.00,False
7.009072,-7.355933,-31.824422,0.128066,0.059853,0.989958,50.00,False
3.938130,8.272545,-43.718541,-0.486122,0.082816,-0.869958,50.00,False
7.345258,-1.088534,-37.335421,0.195303,0.324299,0.925574,50.00,False
11.001357,-6.032732,-46.266052,0.926523,0.157586,-0.341645,50.00,False
1.400301,-1.831018,-46.921768,-0.993688,0.102260,0.046120,50.00,False
4.224655,-13.174870,-45.561063,-0.428817,0.339506,0.837169,50.00,False
8.003541,-0.325726,-57.011935,0.326960,0.143382,-0.934098,50.00,False
2.117965,0.996423,-52.939350,-0.850155,0.343182,0.399327,50.00,False
11.257653,-10.564905,-56.747178,0.977782,0.139270,0.156669,50.00,False
8.757685,-3.608986,-55.932427,0.477789,0.261897,0.838527,50.00,False
5.701225,-2.820150,-67.500620,-0.133503,0.260483,-0.956204,50.00,False
10.728059,-6.151612,-66.972369,0.871864,0.360368,-0.331646,50.00,False
10.088850,-9.673644,-70.753418,0.744022,0.350329,-0.568948,50.00,False
9.707454,-13.783948,-73.661264,0.667743,0.393942,-0.631609,50.00,False
9.703358,-17.423977,-76.110854,0.666923,0.438250,-0.602619,50.00,False
9.749864,-20.605097,-78.535977,0.676225,0.468252,-0.568736,50.00,False
9.715630,-23.552944,-81.089934,0.669378,0.487482,-0.560620,50.00,False
9.577607,-26.443472,-83.773821,0.641773,0.503466,-0.578489,50.00,False
9.353710,-29.369863,-86.529337,0.596994,0.520253,-0.610685,50.00,False
9.069157,-32.357845,-89.302837,0.540083,0.538867,-0.646477,50.00,False
13.152403,-35.979528,-88.967111,0.556732,0.595335,-0.579331,200.00,True
13.152403,-35.979528,-88.967111,0.556732,0.595335,-0.579331,50.00,False
13.442569,-33.603867,-86.202167,0.614766,0.569882,-0.545251,50.00,False
13.685063,-31.270809,-83.456800,0.663264,0.542925,-0.515085,50.00,False
13.877701,-28.947664,-80.756496,0.701792,0.513341,-0.493932,50.00,False
14.030851,-26.570531,-78.108765,0.732422,0.479568,-0.483293,50.00,False
14.168892,-24.056957,-75.483192,0.760030,0.441296,-0.477087,50.00,False
14.313045,-21.346271,-72.824803,0.788861,0.402627,-0.464317,50.00,False
14.414790,-18.429170,-70.180712,0.809210,0.372417,-0.454406,50.00,False
14.292042,-15.154733,-67.877573,0.784660,0.348513,-0.512686,50.00,False
13.848907,-10.839989,-65.979823,0.696033,0.300627,-0.652044,50.00,False
12.201983,-3.061848,-64.614217,0.366648,0.243862,-0.897831,50.00,False
7.634165,0.259785,-53.431105,-0.546915,0.169335,0.819884,50.00,False
5.804205,-10.693485,-55.624157,-0.912907,0.384262,-0.137634,50.00,False
8.923753,6.181743,-57.094267,-0.288998,0.113613,-0.950564,50.00,False
7.753922,2.335777,-45.508471,-0.522964,0.089081,0.847687,50.00,False
13.978730,-15.226369,-50.586167,0.721998,0.084143,-0.686760,50.00,False
12.326930,0.095396,-40.013988,0.391638,0.144084,0.908768,50.00,False
15.244676,1.425523,-42.838652,0.975187,0.135499,-0.175072,50.00,False
14.942023,-5.541200,-37.409619,0.914656,0.099377,0.391826,50.00,False
14.827709,-20.401543,-35.283859,0.891794,0.340379,0.298071,50.00,False
14.721239,4.440750,-36.623077,0.870500,0.058494,-0.488681,50.00,False
15.297120,9.974265,-30.794857,0.985676,0.058837,0.158055,50.00,False
13.752890,-8.540115,-25.336546,0.676830,0.088423,0.730810,50.00,False
15.129716,-25.330745,-25.087561,0.952195,0.157602,0.261699,50.00,False
5.463977,-22.563547,-23.430779,-0.980953,0.179537,0.074148,50.00,False
8.896785,-10.416606,-25.976501,-0.294391,0.058307,-0.953905,50.00,False
5.885295,21.779346,-16.626434,-0.896689,0.195397,0.397201,50.00,False
8.016124,-19.828314,-11.618750,-0.470523,0.067136,0.879830,50.00,False
5.590468,-18.336889,-14.845785,-0.955655,0.076110,-0.284485,50.00,False
9.037538,12.394627,-15.637598,-0.266241,0.064363,-0.961755,50.00,False
8.245668,6.704850,-3.715766,-0.424615,0.054980,0.903703,50.00,False
5.519708,-19.946694,-4.493249,-0.969807,0.083050,0.229299,50.00,False
11.473287,-15.090784,-7.900422,0.220909,0.090959,-0.971044,50.00,False
15.247195,9.145380,-1.495177,0.975691,0.066237,-0.208902,50.00,False
8.618894,23.307977,4.134927,-0.349969,0.847909,0.398211,50.00,False
13.703603,2.506144,8.433082,0.666972,0.095523,0.738934,50.00,False
15.205931,-3.752078,6.404380,0.967438,0.171971,-0.185714,50.00,False
15.096197,-4.116894,11.504666,0.945491,0.080913,0.315435,50.00,False
14.044217,-14.339142,9.173854,0.735095,0.105943,-0.669635,50.00,False
14.509344,13.398911,17.879255,0.828121,0.094440,0.552537,50.00,False
15.352324,4.807893,17.872410,0.996717,0.074264,0.032260,50.00,False
15.156426,-11.841547,18.926667,0.957537,0.084021,-0.275796,50.00,False
9.865257,-11.942482,27.858531,-0.100697,0.080331,0.991669,50.00,False
14.059507,-31.458083,22.263723,0.738153,0.193790,-0.646201,50.00,False
11.900575,3.983353,23.339131,0.306367,0.059905,-0.950027,50.00,False
15.320834,14.301143,30.861359,0.990419,0.133454,0.035511,50.00,False
7.762487,9.469870,37.503491,-0.521251,0.119258,0.845030,50.00,False
5.556768,-7.113052,37.176124,-0.962395,0.076543,0.260649,50.00,False
7.117907,2.387695,34.689147,-0.650167,0.079177,-0.755655,50.00,False
11.611483,1.174790,45.856622,0.248548,0.136647,0.958932,50.00,False
6.996361,3.560496,40.128009,-0.674476,0.216962,-0.705698,50.00,False
15.014534,1.819514,47.830179,0.929159,0.192137,0.315828,50.00,False
8.198733,1.884983,44.549895,-0.434002,0.271159,-0.859136,50.00,False
9.616434,8.239085,46.729110,-0.150461,0.299363,-0.942201,50.00,False
9.877182,16.656723,49.274628,-0.098312,0.289863,-0.952005,50.00,False
10.045343,25.135878,51.868136,-0.064680,0.298513,-0.952212,50.00,False
10.161431,33.270945,54.483825,-0.041462,0.315613,-0.947982,50.00,False
10.230890,40.897287,57.112835,-0.027570,0.337037,-0.941088,50.00,False
10.272246,47.990454,59.748879,-0.019299,0.359913,-0.932786,50.00,False
10.304742,54.591287,62.388323,-0.012800,0.382648,-0.923806,50.00,False
14.211326,54.859257,62.408758,-0.031483,0.391314,-0.919719,200.00,True
14.211326,54.859257,62.408758,-0.031483,0.391314,-0.919719,50.00,False
14.093283,48.446057,59.774586,-0.055092,0.369378,-0.927645,50.00,False
13.955530,41.606168,57.149633,-0.082642,0.348314,-0.933728,50.00,False
13.788709,34.338488,54.538422,-0.116006,0.329328,-0.937062,50.00,False
13.591741,26.689272,51.946092,-0.155400,0.313996,-0.936620,50.00,False
13.399002,18.779929,49.372035,-0.193948,0.304604,-0.932524,50.00,False
13.409348,10.787967,46.769911,-0.191879,0.301247,-0.934041,50.00,False
13.210362,2.460633,44.258814,-0.231676,0.323714,-0.917353,50.00,False
11.616868,-1.498383,42.303424,-0.550375,0.271554,-0.789523,50.00,False
10.952308,0.419428,47.243706,-0.683287,0.135637,0.717441,50.00,False
19.102276,5.223386,41.878878,0.946707,0.277582,0.163384,50.00,False
11.737564,6.899982,34.262500,-0.526235,0.125785,-0.840984,50.00,False
12.572331,10.238246,40.512617,-0.359282,0.099149,0.927947,50.00,False
14.471417,8.814413,28.286568,0.020535,0.053531,-0.998355,50.00,False
18.998422,-20.856771,32.466559,0.925936,0.124553,0.356551,50.00,False
18.035735,-6.238086,31.475666,0.733399,0.058461,0.677280,50.00,False
9.867203,2.807212,23.345726,-0.900308,0.068689,-0.429800,50.00,False
9.722186,-19.144207,21.156290,-0.929311,0.121385,-0.348779,50.00,False
9.420233,-15.965707,20.037837,-0.989702,0.132748,-0.053562,50.00,False
9.508637,-25.516775,16.620118,-0.972021,0.086978,-0.218198,50.00,False
15.167823,-1.807092,20.039907,0.159816,0.069919,0.984667,50.00,False
16.031570,-3.399869,7.815827,0.332566,0.058874,-0.941241,50.00,False
14.381958,-28.445155,14.831734,0.002643,0.194754,0.980849,50.00,False
16.689907,15.922005,11.728442,0.464233,0.108047,0.879098,50.00,False
9.429931,13.753563,5.321623,-0.987762,0.103541,0.116642,50.00,False
14.616076,23.252705,7.050428,0.049467,0.185963,0.981311,50.00,False
9.872787,30.101346,-2.459356,-0.899191,0.173385,-0.401738,50.00,False
14.396429,-9.161004,-8.038617,0.005538,0.051016,-0.998682,50.00,False
14.297564,14.352396,-0.647380,-0.014235,0.053384,0.998473,50.00,False
19.275332,29.620815,-8.913968,0.981318,0.136145,-0.135937,50.00,False
16.039120,23.712463,-15.525738,0.334076,0.077151,-0.939383,50.00,False
10.711391,-14.333996,-10.041764,-0.731470,0.086855,0.676319,50.00,False
10.355970,-9.174747,-18.747557,-0.802554,0.240553,-0.545931,50.00,False
10.463523,10.754010,-21.714793,-0.781044,0.070616,-0.620471,50.00,False
14.079165,-15.026844,-16.227279,-0.057915,0.068919,0.995940,50.00,False
11.539086,15.763242,-27.882052,-0.565931,0.117011,-0.816107,50.00,False
9.789913,-18.932384,-28.202989,-0.915766,0.175423,-0.361387,50.00,False
19.121479,5.774723,-27.459726,0.950548,0.052123,0.306174,50.00,False
19.156845,-7.015678,-32.980055,0.957621,0.071624,-0.278984,50.00,False
10.842944,15.386859,-30.816848,-0.705159,0.224514,0.672565,50.00,False
12.458079,-7.087924,-41.384277,-0.382132,0.062186,-0.922013,50.00,False
13.450120,3.542194,-34.483778,-0.183724,0.108292,0.976994,50.00,False
12.516661,-0.657099,-37.466048,-0.370416,0.231915,0.899448,50.00,False
11.503501,-13.648570,-48.622173,-0.573048,0.104212,-0.812869,50.00,False
14.647999,-0.082428,-42.187805,0.055852,0.104906,0.992913,50.00,False
9.588798,-3.481993,-50.340738,-0.955989,0.268291,-0.118766,50.00,False
12.013271,1.216858,-49.731993,-0.471094,0.711126,0.521891,50.00,False
17.034544,2.011348,-58.974269,0.533161,0.251854,-0.807657,50.00,False
18.197652,-7.070721,-60.542992,0.765782,0.224898,-0.602493,50.00,False
18.031147,-13.906692,-63.301390,0.732481,0.244764,-0.635265,50.00,False
17.981941,-19.678013,-65.810681,0.722640,0.309193,-0.618216,50.00,False
18.245348,-23.634033,-67.857445,0.775321,0.374354,-0.508661,50.00,False
18.386110,-26.396855,-70.017157,0.803474,0.420241,-0.421695,50.00,False
18.368382,-28.557177,-72.434146,0.799928,0.459321,-0.386185,50.00,False
18.254330,-30.426434,-75.012276,0.777118,0.499473,-0.382904,50.00,False
18.084505,-32.157513,-77.666256,0.743153,0.540244,-0.394792,50.00,False
17.875273,-33.836770,-80.365260,0.701306,0.579116,-0.415685,50.00,False
17.629329,-35.523471,-83.100869,0.652118,0.614570,-0.443899,50.00,False
17.345800,-37.258122,-85.862795,0.595412,0.646217,-0.477376,50.00,False
17.026615,-39.062618,-88.634143,0.531575,0.674187,-0.512738,50.00,False
20.568846,-41.281179,-88.317475,0.440021,0.777443,-0.449404,200.00,True
20.568846,-41.281179,-88.317475,0.440021,0.777443,-0.449404,50.00,False
20.911059,-39.931677,-85.541501,0.508464,0.755512,-0.413117,50.00,False
21.230264,-38.688539,-82.767549,0.572305,0.728122,-0.377235,50.00,False
21.520258,-37.539162,-80.014466,0.630303,0.695219,-0.345526,50.00,False
21.775560,-36.453690,-77.303391,0.681364,0.657205,-0.322219,50.00,False
21.989580,-35.379572,-74.661044,0.724168,0.614676,-0.312657,50.00,False
22.154287,-34.231556,-72.122276,0.757109,0.567390,-0.323811,50.00,False
22.263910,-32.875661,-69.713443,0.779034,0.512659,-0.360952,50.00,False
22.329484,-31.110839,-67.393522,0.792149,0.446708,-0.415876,50.00,False
22.401479,-28.686322,-65.010349,0.806548,0.373604,-0.458149,50.00,False
22.513816,-25.450602,-62.454758,0.829015,0.309249,-0.465939,50.00,False
22.512901,-21.381020,-60.000276,0.828832,0.262774,-0.493950,50.00,False
22.321350,-15.801228,-57.804501,0.790522,0.214336,-0.573703,50.00,False
22.262403,-8.102510,-55.326770,0.778732,0.192586,-0.597065,50.00,False
13.899701,-6.326517,-50.814695,-0.893808,0.394336,-0.213558,50.00,False
19.846603,-6.774220,-42.502779,0.295572,0.218838,0.929918,50.00,False
20.713389,4.274822,-48.939062,0.468930,0.110892,-0.876247,50.00,False
18.158350,7.212742,-36.984381,-0.042078,0.081536,0.995782,50.00,False
13.420330,-16.407397,-39.676012,-0.989682,0.129432,-0.061452,50.00,False
19.346788,-2.114538,-40.785633,0.195609,0.563983,-0.802284,50.00,False
23.245626,-2.418310,-34.923671,0.975377,0.162783,-0.148800,50.00,False
23.008807,-12.282790,-33.181683,0.928013,0.191919,-0.319310,50.00,False
15.473913,-11.963750,-24.939440,-0.578966,0.091240,0.810231,50.00,False
21.160265,-2.387914,-30.524719,0.558305,0.080381,-0.825733,50.00,False
14.690993,17.772546,-26.945310,-0.735550,0.252249,-0.628759,50.00,False
13.703081,11.538517,-21.460017,-0.933132,0.355954,-0.050608,50.00,False
21.506410,8.987268,-14.727851,0.627534,0.050997,0.776917,50.00,False
22.620732,-21.611307,-18.629815,0.850398,0.062760,-0.522383,50.00,False
21.710806,13.971095,-17.060487,0.668413,0.155166,-0.727425,50.00,False
23.321573,13.930803,-10.247559,0.990566,0.072549,0.116252,50.00,False
13.725561,-15.264419,-6.499980,-0.928636,0.131617,0.346861,50.00,False
22.493976,13.545644,-2.864353,0.825047,0.105763,0.555078,50.00,False
20.501384,-19.344826,0.992783,0.426529,0.407259,0.807598,50.00,False
20.717110,7.367983,-4.777634,0.469674,0.174643,-0.865394,50.00,False
23.339449,-17.654127,2.247515,0.994142,0.106079,0.020728,50.00,False
23.359599,3.146322,4.863450,0.998172,0.055027,0.025007,50.00,False
13.448521,-16.744003,7.902732,-0.984044,0.136644,0.113956,50.00,False
21.231286,-5.497038,5.869769,0.572509,0.116744,-0.811544,50.00,False
15.600034,-15.774775,16.653257,-0.553741,0.103388,0.826245,50.00,False
20.934176,-20.693480,11.040988,0.513087,0.268937,-0.815116,50.00,False
22.210673,-7.162885,14.538817,0.768386,0.083935,-0.634458,50.00,False
16.138490,-17.884701,24.764467,-0.446050,0.076134,0.891764,50.00,False
19.391755,-18.359465,18.016493,0.204603,0.064181,-0.976739,50.00,False
19.210039,16.878805,30.307732,0.168260,0.212338,0.962601,50.00,False
13.656401,-4.050042,26.469753,-0.942468,0.082712,-0.323902,50.00,False
15.325608,-6.590808,34.630391,-0.608627,0.080942,0.789317,50.00,False
20.669480,-11.573771,28.857754,0.460148,0.081239,-0.884118,50.00,False
13.678292,4.455257,37.522176,-0.938090,0.105739,0.329859,50.00,False
14.758257,10.252607,37.695956,-0.722097,0.674366,-0.154293,50.00,False
13.694668,-4.289582,42.772935,-0.934815,0.094996,0.342195,50.00,False
20.079177,2.002367,39.173629,0.342087,0.281303,-0.896574,50.00,False
17.849692,-4.777879,41.564455,-0.103810,0.332658,-0.937317,50.00,False
16.692725,6.026594,44.318259,-0.335203,0.260335,-0.905464,50.00,False
16.851661,14.285452,46.932029,-0.303416,0.308261,-0.901617,50.00,False
17.123912,21.794344,49.470429,-0.248966,0.323620,-0.912845,50.00,False
17.360048,29.069178,52.029768,-0.201739,0.336322,-0.919885,50.00,False
17.576792,36.108066,54.609371,-0.158390,0.351026,-0.922872,50.00,False
17.778572,42.857058,57.207545,-0.118034,0.368396,-0.922145,50.00,False
17.965795,49.273973,59.821813,-0.080589,0.387833,-0.918200,50.00,False
18.140008,55.342691,62.449156,-0.045746,0.408438,-0.911639,50.00,False
22.146995,55.905876,62.503228,-0.044349,0.431912,-0.900824,200.00,True
22.146995,55.905876,62.503228,-0.044349,0.431912,-0.900824,50.00,False
21.941306,50.246052,59.877090,-0.085487,0.412045,-0.907144,50.00,False
21.740012,44.283747,57.263095,-0.125746,0.392686,-0.911035,50.00,False
21.557300,38.021019,54.659319,-0.162288,0.374577,-0.912883,50.00,False
21.417432,31.469499,52.059378,-0.190262,0.358429,-0.913963,50.00,False
21.364251,24.639002,49.449196,-0.200898,0.344358,-0.917092,50.00,False
21.481468,17.472309,46.801866,-0.177455,0.328596,-0.927650,50.00,False
21.759460,9.556641,44.104789,-0.121856,0.293510,-0.948158,50.00,False
20.212945,0.614138,42.033754,-0.431159,0.320441,-0.843457,50.00,False
18.988020,2.546523,40.144957,-0.676144,0.222692,-0.702308,50.00,False
17.630061,-10.566970,39.695318,-0.947736,0.164584,-0.273328,50.00,False
17.463468,-10.135738,39.182528,-0.981055,0.130678,0.143021,50.00,False
25.976287,-4.395136,39.291004,0.721509,0.109917,0.683625,50.00,False
26.975671,2.030464,31.383409,0.921386,0.086122,-0.378987,50.00,False
18.702553,-13.030696,27.389827,-0.733238,0.168378,-0.658795,50.00,False
26.235847,1.128982,31.228579,0.773421,0.087223,0.627863,50.00,False
27.097409,-5.891068,23.918056,0.945734,0.078437,-0.315334,50.00,False
27.320037,-7.060399,22.267924,0.990259,0.058278,-0.126452,50.00,False
20.289351,-28.681959,15.825238,-0.415878,0.155187,-0.896082,50.00,False
22.430913,-23.987828,22.680661,0.012434,0.109486,0.993911,50.00,False
20.831701,9.977686,19.848647,-0.307408,0.098985,0.946415,50.00,False
25.507976,19.955303,9.388238,0.627847,0.461500,-0.626758,50.00,False
23.297125,-10.436625,5.028646,0.185677,0.074679,-0.979769,50.00,False
24.727432,-9.325651,11.730904,0.471738,0.061512,0.879590,50.00,False
22.101312,2.166602,-0.240213,-0.053486,0.075305,-0.995725,50.00,False
22.607263,-17.518065,7.103676,0.047704,0.117213,0.991960,50.00,False
27.126732,16.070174,1.046004,0.951598,0.069715,0.299334,50.00,False
22.036008,-9.740595,-8.024655,-0.066547,0.061436,-0.995890,50.00,False
17.733450,-8.215864,-3.789902,-0.927058,0.060718,0.369968,50.00,False
19.319166,-13.304813,-12.173844,-0.609915,0.084840,-0.787912,50.00,False
22.893969,-28.540303,-15.019820,0.105046,0.535151,-0.838200,50.00,False
27.068014,-29.350135,-12.042630,0.939855,0.201039,0.276146,50.00,False
26.240068,-25.322527,-18.181756,0.774265,0.461760,-0.432771,50.00,False
18.181442,-25.422015,-15.992235,-0.837460,0.155056,0.524041,50.00,False
21.904754,-23.782365,-26.035763,-0.092797,0.242285,-0.965757,50.00,False
26.554222,-24.510280,-21.088253,0.837096,0.069269,0.542653,50.00,False
27.141309,5.474267,-25.242842,0.954514,0.188964,0.230643,50.00,False
17.778585,-8.363880,-30.910853,-0.918031,0.098605,-0.384052,50.00,False
22.590568,-18.481266,-26.612991,0.044365,0.095623,0.994428,50.00,False
27.327800,9.003422,-33.848245,0.991812,0.109159,0.066285,50.00,False
24.476009,-14.850158,-41.292937,0.421454,0.074978,-0.903745,50.00,False
27.184893,-19.944219,-38.552964,0.963230,0.213464,0.163157,50.00,False
26.763505,-3.434423,-39.616260,0.878953,0.084261,0.469406,50.00,False
19.457891,5.376805,-40.868627,-0.582170,0.341569,0.737840,50.00,False
26.337594,0.672809,-50.141843,0.793771,0.111579,-0.597895,50.00,False
26.716558,-13.333249,-52.115561,0.869563,0.139422,-0.473731,50.00,False
26.280658,-20.937895,-55.289698,0.782383,0.200471,-0.589650,50.00,False
26.048067,-27.075586,-57.983001,0.735865,0.295178,-0.609403,50.00,False
26.160534,-30.838977,-60.120440,0.758359,0.395709,-0.517983,50.00,False
26.167013,-33.184427,-62.296910,0.759654,0.483992,-0.434369,50.00,False
26.020890,-34.773607,-64.623610,0.730430,0.566977,-0.380802,50.00,False
25.793237,-35.909668,-66.996319,0.684899,0.646316,-0.336435,50.00,False
25.541920,-36.770587,-69.385533,0.634636,0.714138,-0.295370,50.00,False
25.290535,-37.487036,-71.838523,0.584359,0.766292,-0.267061,50.00,False
25.039487,-38.152554,-74.388990,0.534149,0.804980,-0.258246,50.00,False
24.781551,-38.834678,-77.032107,0.482562,0.833865,-0.267962,50.00,False
24.511481,-39.582237,-79.743229,0.428548,0.855280,-0.291279,50.00,False
24.228246,-40.427416,-82.494998,0.371901,0.870367,-0.322725,50.00,False
23.934016,-41.387329,-85.263736,0.313055,0.879855,-0.357564,50.00,False
23.633055,-42.466291,-88.030572,0.252863,0.884521,-0.392024,50.00,False
26.256775,-42.724606,-87.790147,-0.022393,0.938725,-0.343939,200.00,True
26.256775,-42.724606,-87.790147,-0.022393,0.938725,-0.343939,50.00,False
26.390804,-41.766876,-85.048505,0.004413,0.949241,-0.314518,50.00,False
26.507914,-40.907540,-82.307090,0.027835,0.958081,-0.285143,50.00,False
26.604959,-40.141757,-79.581687,0.047244,0.964729,-0.258970,50.00,False
26.681848,-39.455018,-76.892280,0.062621,0.968752,-0.239996,50.00,False
26.743687,-38.822121,-74.261737,0.074989,0.969630,-0.232796,50.00,False
26.802662,-38.207679,-71.712408,0.086784,0.966428,-0.241838,50.00,False
26.877106,-37.568707,-69.260897,0.101673,0.957352,-0.270443,50.00,False
26.985444,-36.858366,-66.915270,0.123341,0.939278,-0.320226,50.00,False
27.141127,-36.027858,-64.679418,0.154477,0.906919,-0.391963,50.00,False
27.369550,-35.019948,-62.545637,0.200162,0.851803,-0.484115,50.00,False
27.743621,-33.737949,-60.427509,0.274976,0.767260,-0.579397,50.00,False
28.316027,-32.019525,-58.117987,0.389457,0.665821,-0.636400,50.00,False
28.751839,-29.761138,-55.669569,0.476620,0.574263,-0.665624,50.00,False
28.067740,-26.791456,-53.915435,0.339800,0.435283,-0.833706,50.00,False
27.149368,-20.194019,-51.978381,0.156125,0.209783,-0.965203,50.00,False
28.980356,-5.814059,-48.760274,0.522323,0.144073,-0.840489,50.00,False
23.309152,-1.942466,-38.064839,-0.611918,0.132815,0.779690,50.00,False
26.725185,-11.276066,-43.153526,0.071289,0.649567,-0.756955,50.00,False
28.264708,6.094369,-41.347866,0.379193,0.139571,-0.914731,50.00,False
22.228257,-5.693577,-31.410605,-0.828097,0.086870,0.553813,50.00,False
28.442410,-16.163759,-36.078416,0.414734,0.142872,-0.898656,50.00,False
31.326257,-10.840698,-29.461567,0.991503,0.089716,-0.094195,50.00,False
26.191294,19.491333,-21.823858,-0.035489,0.403163,0.914440,50.00,False
21.407423,-19.515093,-23.555807,-0.992264,0.114010,0.049142,50.00,False
24.780365,13.902015,-25.883684,-0.317675,0.155625,-0.935341,50.00,False
24.100993,-14.359856,-14.175483,-0.453550,0.082642,0.887391,50.00,False
21.742344,-2.772663,-14.141988,-0.925279,0.055644,0.375182,50.00,False
21.595681,-25.306697,-12.071614,-0.954612,0.125009,0.270349,50.00,False
23.155411,-22.477592,-13.689632,-0.642666,0.509520,-0.572162,50.00,False
23.993431,-11.189876,-12.610200,-0.475062,0.091487,-0.875183,50.00,False
29.049314,6.151457,-1.446638,0.536115,0.096416,0.838621,50.00,False
25.732938,-15.139705,-7.972639,-0.127161,0.112454,-0.985487,50.00,False
29.753872,-9.996540,3.185031,0.677026,0.113596,0.727139,50.00,False
21.962976,14.100679,-0.175838,-0.881153,0.091251,-0.463942,50.00,False
28.057224,-3.187160,0.061740,0.337697,0.105405,-0.935335,50.00,False
23.602317,4.984945,11.485383,-0.553285,0.064565,0.830486,50.00,False
22.000614,-10.475469,7.511944,-0.873625,0.058172,-0.483109,50.00,False
30.128900,11.296346,9.289540,0.752032,0.128407,-0.646498,50.00,False
26.857999,22.769160,12.249436,0.097852,0.813392,-0.573427,50.00,False
30.988334,16.455198,19.291091,0.923919,0.215686,0.315997,50.00,False
23.998869,15.107811,24.664688,-0.473974,0.123689,0.871808,50.00,False
27.942683,-19.199543,18.194493,0.314788,0.123151,-0.941139,50.00,False
21.440315,6.606369,26.197287,-0.985685,0.093172,0.140512,50.00,False
30.845865,12.414013,25.913399,0.895425,0.094015,-0.435173,50.00,False
28.975529,20.597465,34.920038,0.521358,0.101779,0.847247,50.00,False
30.864213,-11.541329,31.147449,0.899094,0.100005,-0.426179,50.00,False
26.661396,16.993838,34.660072,0.058531,0.968369,-0.242562,50.00,False
28.263862,-6.460647,43.024063,0.379024,0.160689,0.911329,50.00,False
27.461368,-10.619035,41.224931,0.218525,0.975287,0.032594,50.00,False
23.636195,-6.606360,39.578583,-0.546509,0.190137,-0.815583,50.00,False
25.649748,3.584213,41.521157,-0.143799,0.290605,-0.945976,50.00,False
25.279249,11.752067,44.203398,-0.217898,0.300878,-0.928436,50.00,False
25.303162,19.624854,46.825645,-0.213116,0.320699,-0.922894,50.00,False
25.334429,26.896561,49.462018,-0.206862,0.347631,-0.914527,50.00,False
25.422945,33.578110,52.088704,-0.189159,0.373600,-0.908098,50.00,False
25.579860,39.790984,54.704231,-0.157776,0.397581,-0.903900,50.00,False
25.784814,45.626680,57.318168,-0.116785,0.419909,-0.900021,50.00,False
26.014721,51.141330,59.938787,-0.070804,0.440807,-0.894805,50.00,False
26.251903,56.370491,62.570172,-0.023368,0.460339,-0.887436,50.00,False
30.478416,56.563492,62.658529,0.021935,0.492980,-0.869764,200.00,True
30.478416,56.563492,62.658529,0.021935,0.492980,-0.869764,50.00,False
30.205018,51.794345,60.017837,-0.032745,0.475706,-0.878995,50.00,False
29.917857,46.777775,57.389838,-0.090177,0.455442,-0.885687,50.00,False
29.623169,41.467603,54.775273,-0.149114,0.431524,-0.889692,50.00,False
29.326389,35.798382,52.174711,-0.208470,0.403539,-0.890897,50.00,False
29.027895,29.687410,49.591366,-0.268169,0.371985,-0.888658,50.00,False
28.721991,23.061139,47.034743,-0.329350,0.339465,-0.881075,50.00,False
28.411232,15.951398,44.519984,-0.391502,0.313522,-0.865119,50.00,False
28.328385,8.872975,41.979943,-0.408071,0.322161,-0.854219,50.00,False
31.749963,0.034935,38.944065,0.276244,0.188169,-0.942487,50.00,False
32.091189,-9.022728,45.595910,0.344490,0.243020,0.906790,50.00,False
27.014849,-4.595760,34.800523,-0.670778,0.110504,-0.733379,50.00,False
28.605569,-8.077632,40.519641,-0.352634,0.109334,0.929352,50.00,False
25.476165,5.239286,33.269318,-0.978515,0.206167,-0.001805,50.00,False
27.093664,6.748476,26.978332,-0.655015,0.147425,-0.741094,50.00,False
29.745909,6.017017,23.265498,-0.124566,0.231806,-0.964753,50.00,False
25.423813,-11.937401,26.113708,-0.988986,0.081130,0.123796,50.00,False
33.558868,6.262239,26.739769,0.638025,0.056812,0.767917,50.00,False
34.298879,20.614357,22.966599,0.786028,0.314538,0.532190,50.00,False
35.340429,14.460243,17.443622,0.994338,0.091818,-0.053497,50.00,False
33.925506,5.371765,11.611656,0.711353,0.050992,-0.700983,50.00,False
32.849660,-9.354232,16.838428,0.496184,0.092466,0.863280,50.00,False
29.661822,9.066406,5.013101,-0.141384,0.118159,-0.982878,50.00,False
34.078703,-23.439685,9.781430,0.741992,0.457871,0.489695,50.00,False
25.728575,4.257976,2.985566,-0.928033,0.125919,-0.350569,50.00,False
34.269308,-1.790726,5.260661,0.780113,0.053373,0.623357,50.00,False
35.349245,10.591299,-0.137919,0.996101,0.062214,0.062549,50.00,False
34.334880,19.237062,-0.633727,0.793228,0.371727,0.482295,50.00,False
26.311645,9.546649,-8.516708,-0.811419,0.102575,-0.575393,50.00,False
25.688193,13.458748,-6.569096,-0.936110,0.113071,0.333037,50.00,False
31.666776,-14.228132,-15.638349,0.259607,0.085686,-0.961905,50.00,False
34.938694,-5.254997,-11.507819,0.913991,0.133601,0.383108,50.00,False
33.369861,-21.779884,-19.405484,0.600224,0.425090,-0.677517,50.00,False
28.293665,-1.670786,-14.075413,-0.415015,0.066170,0.907405,50.00,False
34.997499,19.618771,-19.803354,0.925752,0.253333,0.280725,50.00,False
34.849079,18.215924,-25.811951,0.896068,0.188119,-0.402087,50.00,False
34.715792,-3.593134,-28.849353,0.869410,0.058130,-0.490660,50.00,False
28.134442,-2.434377,-24.537077,-0.446860,0.083448,0.890703,50.00,False
27.675699,17.816703,-35.648523,-0.538608,0.222387,-0.812678,50.00,False
31.300985,11.799585,-38.560117,0.186449,0.444640,-0.876089,50.00,False
32.411134,-11.616212,-41.277489,0.408479,0.148206,-0.900655,50.00,False
26.408949,-5.516322,-36.389556,-0.791958,0.133334,0.595839,50.00,False
26.616963,-0.136221,-41.127559,-0.750356,0.639553,0.167146,50.00,False
28.016313,-5.893318,-48.794672,-0.470486,0.246190,-0.847369,50.00,False
27.472606,-15.426899,-51.064786,-0.579227,0.228507,-0.782484,50.00,False
26.975685,-22.886552,-53.149190,-0.678611,0.276524,-0.680457,50.00,False
26.754432,-27.668785,-55.287019,-0.722862,0.361130,-0.589115,50.00,False
26.768364,-30.717971,-57.550218,-0.720075,0.456205,-0.522846,50.00,False
26.887549,-32.839792,-59.867837,-0.696238,0.544730,-0.467463,50.00,False
27.053441,-34.394778,-62.189896,-0.663060,0.624348,-0.412967,50.00,False
27.258920,-35.559702,-64.522939,-0.621964,0.695039,-0.360667,50.00,False
27.495834,-36.462263,-66.889591,-0.574581,0.755364,-0.315090,50.00,False
27.747973,-37.201343,-69.307257,-0.524154,0.804377,-0.279715,50.00,False
27.998064,-37.851229,-71.785233,-0.474135,0.842291,-0.256403,50.00,False
28.231043,-38.468252,-74.325288,-0.427540,0.870021,-0.245506,50.00,False
28.435120,-39.095418,-76.922245,-0.386724,0.888782,-0.245989,50.00,False
28.602643,-39.764453,-79.565558,-0.353220,0.899906,-0.255744,50.00,False
28.730381,-40.496928,-82.241899,-0.327672,0.904760,-0.272105,50.00,False
28.818949,-41.305444,-84.937670,-0.309958,0.904686,-0.292351,50.00,False
28.871715,-42.195027,-87.640774,-0.299405,0.900955,-0.314064,50.00,False
31.888033,-40.740927,-87.619297,-0.496142,0.811102,-0.309769,200.00,True
31.888033,-40.740927,-87.619297,-0.496142,0.811102,-0.309769,50.00,False
31.760573,-39.821524,-84.963522,-0.521634,0.799612,-0.297521,50.00,False
31.608978,-38.948685,-82.321716,-0.551953,0.782538,-0.288068,50.00,False
31.436659,-38.108205,-79.702147,-0.586416,0.758941,-0.283062,50.00,False
31.249956,-37.276124,-77.112650,-0.623757,0.728170,-0.284070,50.00,False
31.057997,-36.416495,-74.559329,-0.662149,0.690008,-0.292314,50.00,False
30.871921,-35.479139,-72.045340,-0.699364,0.644798,-0.308424,50.00,False
30.703559,-34.397268,-69.570263,-0.733036,0.593484,-0.332317,50.00,False
30.563949,-33.084589,-67.130410,-0.760958,0.537577,-0.363254,50.00,False
30.462200,-31.431091,-64.720186,-0.781308,0.479024,-0.400117,50.00,False
30.405396,-29.296156,-62.334466,-0.792669,0.420021,-0.441881,50.00,False
30.400441,-26.496402,-59.971895,-0.793660,0.362894,-0.488274,50.00,False
30.457725,-22.787405,-57.637059,-0.782203,0.310365,-0.540215,50.00,False
30.590981,-17.861999,-55.334092,-0.755552,0.266278,-0.598529,50.00,False
30.799578,-11.460052,-53.043014,-0.713833,0.236369,-0.659221,50.00,False
31.013869,-3.755088,-50.676562,-0.670974,0.230208,-0.704839,50.00,False
30.926543,3.972953,-47.917363,-0.688440,0.273116,-0.671907,50.00,False
29.830779,8.687627,-42.205089,-0.907592,0.417058,-0.048360,50.00,False
30.864953,2.552189,-35.901273,-0.700758,0.167340,0.693496,50.00,False
30.635451,0.049578,-33.969101,-0.746658,0.357430,0.561022,50.00,False
31.376323,-7.984888,-38.100177,-0.598484,0.164326,-0.784101,50.00,False
34.778071,5.694605,-26.872129,0.081866,0.323730,0.942601,50.00,False
32.909317,-15.163638,-24.262906,-0.291885,0.144090,0.945538,50.00,False
30.927303,-23.069772,-29.978828,-0.688288,0.113181,-0.716554,50.00,False
31.323705,10.003873,-27.519535,-0.609007,0.275978,-0.743604,50.00,False
37.536088,-14.207799,-17.473889,0.633469,0.203171,0.746618,50.00,False
31.903840,9.918739,-22.946327,-0.492980,0.075280,-0.866778,50.00,False
32.910747,-6.107280,-11.242845,-0.291599,0.054079,0.955011,50.00,False
30.147758,-6.084965,-16.090108,-0.844197,0.053575,-0.533350,50.00,False
33.432574,-17.164841,-5.940061,-0.187233,0.094576,0.977752,50.00,False
39.329980,-18.651069,-8.745864,0.992248,0.070537,-0.102316,50.00,False
38.607032,-17.124005,-8.179325,0.847658,0.153285,-0.507916,50.00,False
30.110213,-4.989541,-0.477124,-0.851706,0.103904,0.513616,50.00,False
34.513481,-13.257287,-5.422872,0.028948,0.101235,-0.994441,50.00,False
29.470163,17.564963,2.416771,-0.979716,0.192817,0.054579,50.00,False
38.804592,0.024104,7.023312,0.887170,0.064020,0.456980,50.00,False
33.125904,-11.908844,2.580924,-0.248567,0.186932,-0.950406,50.00,False
38.378036,-6.769792,12.886651,0.801859,0.082201,0.591832,50.00,False
30.329292,1.390107,15.336786,-0.807890,0.174356,0.562951,50.00,False
29.932335,-4.649991,12.835316,-0.887281,0.067584,-0.456251,50.00,False
30.791842,-10.741586,21.196946,-0.715380,0.046790,0.697168,50.00,False
38.430992,-36.568666,23.027378,0.812450,0.208835,0.544346,50.00,False
32.686923,-29.656650,18.244675,-0.336364,0.141096,-0.931102,50.00,False
36.229616,4.089762,20.890229,0.372175,0.115889,-0.920899,50.00,False
29.387170,-14.777792,28.188617,-0.996314,0.083445,0.019870,50.00,False
29.464245,-8.144064,31.594026,-0.980899,0.068530,0.182045,50.00,False
32.347817,-2.625899,28.743694,-0.404185,0.118798,-0.906930,50.00,False
31.481815,1.431525,39.828855,-0.577385,0.201587,0.791195,50.00,False
34.439929,-5.636831,43.392311,0.014238,0.172091,0.984978,50.00,False
32.251992,2.940502,36.562892,-0.423350,0.105408,-0.899813,50.00,False
29.937601,9.516546,41.756337,-0.886228,0.264906,-0.380032,50.00,False
31.406270,15.145418,42.544468,-0.592494,0.315284,-0.741314,50.00,False
32.105000,21.419490,44.769437,-0.452748,0.361141,-0.815228,50.00,False
32.594670,27.275341,47.214308,-0.354814,0.399761,-0.845162,50.00,False
33.068269,32.765560,49.718597,-0.260094,0.432686,-0.863212,50.00,False
33.512123,37.942287,52.273946,-0.171324,0.460349,-0.871050,50.00,False
33.912698,42.845497,54.868824,-0.091209,0.482775,-0.870982,50.00,False
34.268603,47.514583,57.490888,-0.020028,0.500548,-0.865477,50.00,False
34.583644,51.984292,60.131074,0.042981,0.514608,-0.856347,50.00,False
34.862608,56.281722,62.783439,0.098773,0.525915,-0.844782,50.00,False
39.393065,55.289422,62.956882,0.204865,0.549344,-0.810094,200.00,True
39.393065,55.289422,62.956882,0.204865,0.549344,-0.810094,50.00,False
39.173568,51.396360,60.298642,0.160965,0.545009,-0.822834,50.00,False
38.923344,47.406857,57.646065,0.110921,0.539819,-0.834441,50.00,False
38.637091,43.315262,55.002423,0.053670,0.533236,-0.844262,50.00,False
38.312110,39.111568,52.372024,-0.011326,0.524339,-0.851434,50.00,False
37.956890,34.774663,49.757894,-0.082370,0.511457,-0.855352,50.00,False
37.612895,30.253152,47.152014,-0.151169,0.491564,-0.857620,50.00,False
37.412966,25.406192,44.506458,-0.191155,0.458630,-0.867824,50.00,False
37.716489,19.742429,41.695937,-0.130450,0.391184,-0.911020,50.00,False
38.539922,11.430909,38.812002,0.034236,0.245075,-0.968899,50.00,False
35.866624,-1.752158,36.905030,-0.500423,0.241607,-0.831386,50.00,False
42.714687,-4.541526,40.838630,0.869189,0.140017,0.474242,50.00,False
36.707145,13.703876,40.067272,-0.332319,0.431100,0.838878,50.00,False
43.246198,8.586924,33.871640,0.975491,0.185301,0.118660,50.00,False
43.084239,19.813344,32.101572,0.943100,0.173667,0.283554,50.00,False
41.687394,2.126497,24.361564,0.663731,0.060261,-0.745540,50.00,False
43.108340,-25.429354,24.002075,0.947920,0.111030,-0.298530,50.00,False
38.293985,-7.791625,27.889507,-0.014951,0.063591,0.997864,50.00,False
34.321492,0.136527,17.377793,-0.809450,0.043563,-0.585571,50.00,False
36.713029,-15.470978,22.411231,-0.331142,0.081844,0.940025,50.00,False
43.155152,19.150884,14.612388,0.957282,0.271003,-0.100836,50.00,False
36.599095,-13.500443,7.885758,-0.353929,0.122203,-0.927254,50.00,False
43.264091,-18.331430,9.054975,0.979070,0.104740,-0.174503,50.00,False
34.477193,11.789019,10.452202,-0.778309,0.071032,0.623850,50.00,False
33.444150,-1.516263,4.197937,-0.984918,0.135098,-0.108095,50.00,False
36.147026,14.573091,-2.236935,-0.444343,0.186815,-0.876162,50.00,False
36.656399,-20.219886,-5.097736,-0.342468,0.137494,-0.929414,50.00,False
34.297268,-14.327029,-0.195554,-0.814295,0.110020,0.569930,50.00,False
34.739700,-19.341148,-9.030850,-0.725808,0.114971,-0.678221,50.00,False
35.677660,-8.721222,-4.033736,-0.538216,0.067377,0.840109,50.00,False
42.992966,14.753596,-12.368443,0.924845,0.223258,-0.307924,50.00,False
41.213532,-8.631961,-17.519116,0.568958,0.072650,-0.819151,50.00,False
37.946623,-9.008592,-11.047534,-0.084424,0.068493,0.994073,50.00,False
41.354970,4.840880,-22.610900,0.597246,0.061559,-0.799692,50.00,False
40.143158,-25.041824,-25.728409,0.354883,0.237327,-0.904286,50.00,False
40.638858,-20.597646,-19.419568,0.454023,0.160635,0.876390,50.00,False
42.829212,1.498451,-24.190173,0.892094,0.097628,0.441177,50.00,False
37.145414,-12.722693,-33.458860,-0.244665,0.376195,-0.893653,50.00,False
41.795319,8.360845,-27.986710,0.685316,0.111339,0.719685,50.00,False
37.225704,-7.225398,-38.842092,-0.228607,0.279665,-0.932484,50.00,False
36.496459,4.156731,-32.227234,-0.374456,0.181058,0.909396,50.00,False
35.411870,13.712113,-35.805745,-0.591374,0.377460,0.712601,50.00,False
34.387989,16.944646,-42.554738,-0.796150,0.593424,-0.118290,50.00,False
35.169439,13.069403,-47.906243,-0.639860,0.376966,-0.669683,50.00,False
35.262637,6.825022,-50.796040,-0.621221,0.288151,-0.728734,50.00,False
35.089923,-0.144725,-53.279478,-0.655763,0.266105,-0.706514,50.00,False
34.881365,-6.784613,-55.656633,-0.697475,0.271864,-0.663037,50.00,False
34.703507,-12.577230,-58.005524,-0.733047,0.292848,-0.613908,50.00,False
34.573841,-17.401732,-60.355797,-0.758980,0.323516,-0.565055,50.00,False
34.493388,-21.333353,-62.719209,-0.775070,0.360669,-0.518829,50.00,False
34.458603,-24.513820,-65.100658,-0.782028,0.402064,-0.476211,50.00,False
34.465245,-27.091483,-67.503314,-0.780699,0.445881,-0.437835,50.00,False
34.508861,-29.200244,-69.930343,-0.771976,0.490478,-0.404333,50.00,False
34.584319,-30.954544,-72.384842,-0.756884,0.534328,-0.376325,50.00,False
34.685467,-32.449689,-74.869139,-0.736655,0.576045,-0.354276,50.00,False
34.805219,-33.763541,-77.384090,-0.712704,0.614464,-0.338358,50.00,False
34.936024,-34.958344,-79.928673,-0.686543,0.648716,-0.328367,50.00,False
35.070521,-36.082480,-82.500004,-0.659644,0.678286,-0.323726,50.00,False
35.202206,-37.172169,-85.093711,-0.633307,0.703016,-0.323559,50.00,False
35.325920,-38.253212,-87.704553,-0.608564,0.723076,-0.326820,50.00,False
39.045645,-34.853845,-87.849717,-0.664619,0.657001,-0.355853,200.00,True
39.045645,-34.853845,-87.849717,-0.664619,0.657001,-0.355853,50.00,False
38.949838,-33.529473,-85.274410,-0.683781,0.634871,-0.359699,50.00,False
38.855853,-32.142962,-82.716821,-0.702578,0.609615,-0.367089,50.00,False
38.768186,-30.662128,-80.180287,-0.720111,0.581407,-0.378690,50.00,False
38.691896,-29.045635,-77.667370,-0.735369,0.550632,-0.395015,50.00,False
38.632315,-27.242056,-75.179565,-0.747285,0.517888,-0.416361,50.00,False
38.594737,-25.189230,-72.717143,-0.754801,0.483960,-0.442785,50.00,False
38.584168,-22.814189,-70.279160,-0.756915,0.449793,-0.474096,50.00,False
38.605181,-20.034226,-67.863565,-0.752712,0.416464,-0.509885,50.00,False
38.661869,-16.760335,-65.467304,-0.741374,0.385188,-0.549540,50.00,False
38.757782,-12.905470,-63.086175,-0.722192,0.357368,-0.592222,50.00,False
38.895511,-8.402037,-60.714085,-0.694646,0.334761,-0.636712,50.00,False
39.075190,-3.235345,-58.341114,-0.658710,0.319851,-0.681026,50.00,False
39.290467,2.500183,-55.949148,-0.615655,0.316778,-0.721540,50.00,False
39.518275,8.524584,-53.500241,-0.570093,0.333906,-0.750667,50.00,False
39.689962,14.313801,-50.890675,-0.535756,0.392388,-0.747661,50.00,False
39.604126,19.195786,-47.652444,-0.552923,0.557862,-0.618923,50.00,False
39.509265,21.719538,-41.090685,-0.571895,0.801547,0.174521,50.00,False
40.984073,17.117013,-35.084104,-0.276934,0.434718,0.856929,50.00,False
41.357517,9.178982,-32.103099,-0.202245,0.293811,0.934223,50.00,False
42.432614,7.982947,-30.099400,0.012775,0.577834,0.816055,50.00,False
45.118207,1.488217,-35.714592,0.549893,0.124581,-0.825892,50.00,False
42.993437,-9.008235,-24.044842,0.124939,0.077275,0.989151,50.00,False
46.496448,-19.585067,-29.049097,0.825541,0.192188,-0.530608,50.00,False
46.468057,12.761620,-26.642936,0.819863,0.069840,-0.568284,50.00,False
46.662158,12.518164,-23.357967,0.858683,0.278555,-0.430198,50.00,False
42.848881,-11.440799,-13.646279,0.096028,0.065338,0.993232,50.00,False
37.772742,-19.837999,-16.807796,-0.919200,0.360714,-0.157979,50.00,False
37.942547,-26.688046,-11.399157,-0.885239,0.229033,0.404841,50.00,False
43.073620,-24.623365,-15.727347,0.140976,0.142490,-0.979705,50.00,False
45.513836,16.504057,-12.101541,0.629019,0.078150,-0.773452,50.00,False
44.098437,2.664661,-0.959172,0.345939,0.063374,0.936114,50.00,False
45.683623,-12.164926,-6.760624,0.662976,0.091042,-0.743084,50.00,False
40.710235,3.570771,4.222852,-0.331701,0.127687,0.934703,50.00,False
46.811216,-17.090909,4.348308,0.888495,0.127261,0.440887,50.00,False
39.551783,-19.976302,0.618458,-0.563392,0.060239,-0.823991,50.00,False
39.659684,11.530680,11.495367,-0.541811,0.115813,0.832483,50.00,False
37.449678,-8.499588,10.800669,-0.983813,0.040191,0.174636,50.00,False
37.437925,-13.305927,11.745943,-0.986163,0.058223,-0.155217,50.00,False
38.107225,-0.650488,12.521890,-0.852303,0.065459,-0.518936,50.00,False
43.441163,-0.209191,22.569646,0.214484,0.098898,0.971708,50.00,False
47.094964,-11.316235,18.786725,0.945245,0.119279,-0.303784,50.00,False
37.396841,-5.848717,23.335984,-0.994380,0.060096,0.087160,50.00,False
40.531054,-18.080498,20.882116,-0.367537,0.117770,-0.922522,50.00,False
37.532257,-2.939818,27.361581,-0.967297,0.207740,-0.145537,50.00,False
41.007234,-5.676827,29.133285,-0.272301,0.910872,-0.310104,50.00,False
37.784159,-1.960376,35.181493,-0.916916,0.119938,0.380630,50.00,False
41.281520,-1.352360,31.067422,-0.217444,0.170354,-0.961092,50.00,False
39.410490,-2.962473,41.961130,-0.591650,0.402132,0.698742,50.00,False
42.467937,3.236036,36.189535,0.019839,0.223575,-0.974485,50.00,False
42.411147,13.083066,38.927651,0.008481,0.324727,-0.945770,50.00,False
42.928840,20.024034,41.721982,0.112020,0.408605,-0.905811,50.00,False
43.196698,25.531893,44.515300,0.165591,0.471728,-0.866055,50.00,False
43.296849,30.201403,47.243574,0.185622,0.510985,-0.839308,50.00,False
43.374627,34.425029,49.920048,0.201177,0.531346,-0.822921,50.00,False
43.471680,38.421095,52.572742,0.220588,0.541432,-0.811290,50.00,False
43.586633,42.289535,55.218395,0.243578,0.546773,-0.801068,50.00,False
43.710556,46.070815,57.864087,0.268363,0.550053,-0.790837,50.00,False
43.836279,49.779724,60.512015,0.293508,0.552454,-0.780159,50.00,False
43.959275,53.420993,63.162352,0.318107,0.554480,-0.769000,50.00,False
48.420916,50.701098,63.349504,0.410435,0.544380,-0.731569,200.00,True
48.420916,50.701098,63.349504,0.410435,0.544380,-0.731569,50.00,False
48.365345,47.155858,60.707919,0.399321,0.539902,-0.740978,50.00,False
48.321196,43.523194,58.067857,0.390491,0.533753,-0.750083,50.00,False
48.294145,39.783911,55.428816,0.385081,0.525030,-0.758983,50.00,False
48.288581,35.905616,52.788596,0.383968,0.512407,-0.768120,50.00,False
48.303077,31.834040,50.141850,0.386867,0.494142,-0.778561,50.00,False
48.322828,27.482033,47.478624,0.390817,0.468535,-0.792298,50.00,False
48.312462,22.719128,44.784647,0.388744,0.435008,-0.812186,50.00,False
48.210731,17.357870,42.041904,0.368398,0.394475,-0.841827,50.00,False
47.853370,11.060481,39.201630,0.296926,0.343513,-0.890974,50.00,False
46.365324,2.801640,36.249057,-0.000683,0.270995,-0.962581,50.00,False
44.141819,0.167348,42.796218,-0.445384,0.228240,0.865759,50.00,False
48.391194,-9.568847,31.338270,0.404491,0.117810,-0.906922,50.00,False
51.304356,-1.734177,33.999943,0.987123,0.068992,0.144320,50.00,False
41.613945,-2.592313,29.414807,-0.950959,0.176812,-0.253799,50.00,False
42.151897,-11.312774,25.436382,-0.843369,0.084959,-0.530576,50.00,False
45.612096,-22.992090,30.258558,-0.151329,0.263317,0.952766,50.00,False
49.320118,8.597724,26.915853,0.590275,0.080944,0.803133,50.00,False
46.347628,9.747774,15.329796,-0.004223,0.098073,-0.995170,50.00,False
42.822260,-4.460152,21.220456,-0.709296,0.065409,0.701869,50.00,False
44.158293,2.759494,10.641563,-0.442090,0.059411,-0.895001,50.00,False
46.835504,8.112106,17.491819,0.093353,0.057732,0.993958,50.00,False
49.871271,21.410767,6.374114,0.700506,0.065053,-0.710675,50.00,False
48.493178,-24.922472,2.964198,0.424887,0.236707,-0.873751,50.00,False
45.163475,-10.231031,9.580490,-0.241053,0.063756,0.968415,50.00,False
50.855546,7.064251,-0.027318,0.897361,0.078614,-0.434238,50.00,False
41.852035,15.821261,1.531513,-0.903341,0.163748,0.396436,50.00,False
42.421114,1.885193,-6.099316,-0.789525,0.059546,-0.610822,50.00,False
49.318054,-7.580698,-1.629095,0.589863,0.093006,0.802130,50.00,False
42.625337,16.177481,-7.505922,-0.748681,0.646728,0.145672,50.00,False
41.803719,8.514009,-9.061952,-0.913004,0.203838,0.353374,50.00,False
47.411952,21.413835,-8.712335,0.208642,0.262142,0.942205,50.00,False
49.465910,10.368252,-19.932148,0.619434,0.058720,-0.782850,50.00,False
50.362225,-8.167444,-15.657505,0.798697,0.113217,0.590987,50.00,False
44.802355,7.619661,-16.508685,-0.313277,0.137475,0.939658,50.00,False
47.888772,10.167801,-28.333109,0.304006,0.293542,-0.906319,50.00,False
46.920152,10.384468,-31.286142,0.110282,0.176975,-0.978017,50.00,False
46.414472,14.286766,-24.067986,0.009146,0.175024,0.984522,50.00,False
47.840974,2.870730,-36.323245,0.294447,0.123746,-0.947622,50.00,False
44.541833,4.135349,-29.589125,-0.365382,0.153529,0.918110,50.00,False
43.918185,15.250356,-32.725543,-0.490111,0.322680,0.809734,50.00,False
44.196166,21.223640,-35.843611,-0.434515,0.560475,0.705028,50.00,False
44.318034,24.737179,-41.215390,-0.410141,0.899672,0.149580,50.00,False
44.509483,23.121914,-47.348193,-0.371852,0.741809,-0.558073,50.00,False
44.390812,19.192828,-50.895534,-0.395586,0.532034,-0.748633,50.00,False
44.099897,14.486125,-53.636781,-0.453769,0.434568,-0.777975,50.00,False
43.791174,9.367118,-56.152746,-0.515513,0.391415,-0.762260,50.00,False
43.512239,4.203050,-58.585205,-0.571300,0.375424,-0.729844,50.00,False
43.276627,-0.731113,-60.983725,-0.618423,0.374926,-0.690640,50.00,False
43.086576,-5.275398,-63.371200,-0.656433,0.384187,-0.649227,50.00,False
42.940183,-9.362533,-65.760246,-0.685711,0.399974,-0.608129,50.00,False
42.834000,-12.987281,-68.158624,-0.706948,0.420216,-0.568896,50.00,False
42.764035,-16.180675,-70.571443,-0.720941,0.443432,-0.532552,50.00,False
42.726107,-18.991910,-73.002154,-0.728527,0.468468,-0.499787,50.00,False
42.715952,-21.476831,-75.452977,-0.730558,0.494371,-0.471044,50.00,False
42.729248,-23.691120,-77.925071,-0.727899,0.520339,-0.446555,50.00,False
42.761672,-25.686531,-80.418604,-0.721414,0.545697,-0.426354,50.00,False
42.808983,-27.508994,-82.932834,-0.711952,0.569900,-0.410292,50.00,False
42.867139,-29.197857,-85.466204,-0.700320,0.592538,-0.398058,50.00,False
42.932440,-30.785801,-88.016534,-0.687260,0.613339,-0.389216,50.00,False
46.917266,-26.305050,-88.180765,-0.690295,0.587670,-0.422062,200.00,True
46.917266,-26.305050,-88.180765,-0.690295,0.587670,-0.422062,50.00,False
46.879196,-24.477435,-85.645817,-0.697909,0.569723,-0.433980,50.00,False
46.851284,-22.528941,-83.126314,-0.703491,0.550917,-0.448988,50.00,False
46.836694,-20.431128,-80.623660,-0.706409,0.531560,-0.467365,50.00,False
46.838886,-18.151940,-78.138722,-0.705971,0.512060,-0.489285,50.00,False
46.861577,-15.656714,-75.671694,-0.701433,0.492936,-0.514787,50.00,False
46.908737,-12.910066,-73.221981,-0.692001,0.474835,-0.543752,50.00,False
46.984603,-9.879028,-70.788057,-0.676827,0.458554,-0.575875,50.00,False
47.093783,-6.537968,-68.367290,-0.654992,0.445104,-0.610630,50.00,False
47.241447,-2.875863,-65.955605,-0.625459,0.435813,-0.647201,50.00,False
47.433729,1.093645,-63.546823,-0.587002,0.432540,-0.684352,50.00,False
47.678543,5.319639,-61.131219,-0.538040,0.438079,-0.720139,50.00,False
47.987427,9.700773,-58.692123,-0.476263,0.456980,-0.751228,50.00,False
48.380104,14.077201,-56.196763,-0.397727,0.497267,-0.771063,50.00,False
48.896603,18.238669,-53.567726,-0.294428,0.573904,-0.764164,50.00,False
49.628004,21.951785,-50.581354,-0.148147,0.712555,-0.685797,50.00,False
50.726071,24.815366,-46.562143,0.071466,0.913346,-0.400863,50.00,False
51.825595,25.233995,-40.923520,0.291371,0.933733,0.207954,50.00,False
51.962884,22.277604,-35.957561,0.318829,0.657951,0.682238,50.00,False
51.393833,16.957271,-32.318990,0.205018,0.404978,0.891044,50.00,False
49.906733,8.782077,-29.387097,-0.092402,0.269649,0.958515,50.00,False
53.284432,-0.300846,-28.029147,0.583138,0.392617,0.711197,50.00,False
50.576857,-11.357902,-24.289239,0.041623,0.337872,0.940271,50.00,False
50.585071,8.197772,-31.370675,0.043266,0.090854,-0.994924,50.00,False
48.384918,3.703572,-19.224751,-0.396765,0.068604,0.915353,50.00,False
54.800220,-18.112006,-23.370685,0.886296,0.164969,-0.432741,50.00,False
55.024204,-6.830296,-20.298094,0.931093,0.139317,-0.337131,50.00,False
45.604411,-1.385824,-14.533543,-0.952866,0.062560,0.296871,50.00,False
45.628386,-6.693448,-14.979523,-0.948071,0.065541,-0.311233,50.00,False
48.769671,6.907239,-6.201549,-0.319814,0.203109,0.925454,50.00,False
49.464228,6.652925,-13.124299,-0.180903,0.103845,-0.978003,50.00,False
51.832906,-15.172044,-0.864706,0.292833,0.047005,0.955008,50.00,False
52.403772,-34.129766,-7.417115,0.407006,0.264200,-0.874382,50.00,False
48.931460,-13.082633,-5.177272,-0.287456,0.154066,-0.945321,50.00,False
45.387925,-12.225061,2.286572,-0.996163,0.082730,0.028540,50.00,False
45.832238,-4.216752,3.122487,-0.907301,0.268992,-0.323185,50.00,False
46.654592,-18.870419,10.586508,-0.742830,0.157413,0.650711,50.00,False
52.347248,-15.278247,5.562280,0.395701,0.284987,-0.873042,50.00,False
49.671451,12.192373,7.594613,-0.139458,0.096819,-0.985483,50.00,False
46.347092,11.968675,17.973594,-0.804330,0.162941,0.571405,50.00,False
46.704806,3.835076,21.042112,-0.732787,0.138562,0.666201,50.00,False
45.798780,-15.321823,22.260631,-0.913992,0.108351,0.390997,50.00,False
49.470897,-22.009750,27.707571,-0.179569,0.208128,0.961477,50.00,False
52.663850,-20.165324,28.419200,0.459022,0.668728,0.584895,50.00,False
51.128057,-20.616891,23.219537,0.151863,0.168428,-0.973945,50.00,False
54.961683,2.206102,32.546326,0.918588,0.132045,0.372504,50.00,False
45.591471,-13.363317,32.718929,-0.955454,0.273112,-0.111883,50.00,False
45.849381,-4.020906,33.907087,-0.903872,0.168646,-0.393159,50.00,False
50.780050,5.443540,41.160123,0.082262,0.838574,0.538541,50.00,False
51.088617,3.118043,36.758745,0.143975,0.488431,-0.860643,50.00,False
51.687379,8.045869,39.288315,0.263728,0.408909,-0.873637,50.00,False
52.155701,13.535619,42.048164,0.357392,0.407069,-0.840575,50.00,False
52.397485,18.781641,44.796753,0.405749,0.423850,-0.809765,50.00,False
52.510615,23.650550,47.510765,0.428375,0.445985,-0.785870,50.00,False
52.563151,28.165096,50.199087,0.438882,0.467888,-0.767114,50.00,False
52.592081,32.383096,52.870667,0.444668,0.487041,-0.751705,50.00,False
52.616457,36.363738,55.531524,0.449543,0.502608,-0.738442,50.00,False
52.644638,40.157475,58.185440,0.455179,0.514697,-0.726566,50.00,False
52.678880,43.803861,60.834706,0.462028,0.523848,-0.715621,50.00,False
52.718449,47.332493,63.480654,0.469942,0.530708,-0.705339,50.00,False
56.877043,43.581220,63.560831,0.501660,0.522682,-0.689304,200.00,True
56.877043,43.581220,63.560831,0.501660,0.522682,-0.689304,50.00,False
56.820571,40.076372,60.902088,0.490366,0.516269,-0.702145,50.00,False
56.755729,36.444044,58.233909,0.477398,0.508119,-0.716873,50.00,False
56.679126,32.655813,55.554880,0.462077,0.498062,-0.733771,50.00,False
56.585238,28.680851,52.864318,0.443299,0.486327,-0.752975,50.00,False
56.465372,24.493514,50.163314,0.419326,0.473998,-0.774268,50.00,False
56.305966,20.092351,47.456640,0.387445,0.463857,-0.796695,50.00,False
56.084834,15.544913,44.757416,0.343219,0.462254,-0.817632,50.00,False
55.762333,11.095316,42.105566,0.278718,0.484684,-0.829094,50.00,False
55.278600,7.449610,39.681010,0.181972,0.578538,-0.795098,50.00,False
55.205852,6.060461,38.406143,0.167422,0.830563,-0.531163,50.00,False
56.431134,0.134443,34.077805,0.412479,0.243131,-0.877923,50.00,False
55.638256,-10.136829,40.656998,0.253903,0.141500,0.956823,50.00,False
52.802983,-4.514007,28.547340,-0.313152,0.081489,-0.946201,50.00,False
50.918687,-19.510274,28.826561,-0.690011,0.621218,-0.371448,50.00,False
54.317771,-12.241787,33.049342,-0.010194,0.125703,0.992016,50.00,False
58.234064,-6.910893,28.570553,0.773065,0.154734,0.615166,50.00,False
51.269724,-3.761995,18.997037,-0.619803,0.080378,-0.780630,50.00,False
59.291816,8.119027,19.528781,0.984615,0.079953,-0.155373,50.00,False
59.199900,-21.780013,16.509171,0.966232,0.092791,-0.240388,50.00,False
49.490840,-22.099440,15.629717,-0.975580,0.194192,0.102630,50.00,False
51.688001,-20.669952,16.696036,-0.536148,0.125110,0.834801,50.00,False
55.627466,-16.893674,5.110386,0.251745,0.091894,-0.963421,50.00,False
56.964084,-12.361128,11.598409,0.519069,0.052942,0.853091,50.00,False
56.751767,-3.379048,0.351377,0.476605,0.054810,-0.877407,50.00,False
55.858810,-5.187396,6.909137,0.298014,0.053652,0.953053,50.00,False
56.650746,11.171672,-4.839770,0.456401,0.145357,-0.877821,50.00,False
50.108383,-5.803701,-5.644998,-0.852072,0.060140,-0.519959,50.00,False
56.497942,-21.420057,-1.255708,0.425840,0.223315,0.876807,50.00,False
53.390546,7.025022,-3.358359,-0.195639,0.103636,0.975185,50.00,False
55.547103,19.851869,-13.988539,0.235672,0.738313,-0.631944,50.00,False
55.577930,0.202533,-18.144059,0.241838,0.223863,-0.944140,50.00,False
54.509527,25.732244,-13.677030,0.028157,0.883188,0.468174,50.00,False
56.768578,1.860941,-22.984369,0.479967,0.071274,-0.874386,50.00,False
50.176940,-17.034242,-18.611457,-0.838360,0.166382,0.519104,50.00,False
50.535525,0.189572,-20.613275,-0.766643,0.075252,0.637648,50.00,False
52.505861,2.091066,-31.004028,-0.372576,0.108862,-0.921594,50.00,False
49.601750,-3.168374,-28.630296,-0.953398,0.292983,0.072060,50.00,False
54.184345,4.117632,-28.048735,-0.036879,0.705971,0.707280,50.00,False
55.759955,6.591417,-29.698119,0.278243,0.345265,0.896311,50.00,False
56.340493,13.163176,-32.615166,0.394351,0.390616,0.831809,50.00,False
56.694107,18.372542,-35.795783,0.465073,0.522554,0.714594,50.00,False
56.803874,22.019285,-39.619143,0.487027,0.736888,0.468829,50.00,False
56.193413,23.795429,-44.510511,0.364934,0.930985,0.009464,50.00,False
54.849857,22.937544,-49.359742,0.096223,0.892099,-0.441475,50.00,False
53.710095,20.390939,-53.014016,-0.131729,0.745444,-0.653422,50.00,False
52.958080,17.177408,-55.948595,-0.282132,0.632408,-0.721430,50.00,False
52.440077,13.631026,-58.594048,-0.385733,0.562097,-0.731613,50.00,False
52.057627,9.926896,-61.119383,-0.462223,0.520724,-0.717772,50.00,False
51.763167,6.203787,-63.591047,-0.521115,0.497913,-0.693197,50.00,False
51.532529,2.567555,-66.039114,-0.567242,0.487309,-0.663902,50.00,False
51.351925,-0.910284,-68.479285,-0.603363,0.485003,-0.633029,50.00,False
51.212420,-4.188642,-70.920711,-0.631264,0.488480,-0.602406,50.00,False
51.107527,-7.250356,-73.369109,-0.652243,0.496031,-0.573178,50.00,False
51.032090,-10.095406,-75.828118,-0.667330,0.506435,-0.546072,50.00,False
50.981751,-12.735055,-78.299975,-0.677398,0.518780,-0.521535,50.00,False
50.952674,-15.187217,-80.785874,-0.683213,0.532365,-0.499807,50.00,False
50.941419,-17.473046,-83.286196,-0.685464,0.546637,-0.480964,50.00,False
50.944875,-19.614548,-85.800672,-0.684773,0.561165,-0.464952,50.00,False
50.960240,-21.632995,-88.328529,-0.681700,0.575612,-0.451615,50.00,False
55.037659,-16.941249,-88.452672,-0.666216,0.573722,-0.476444,200.00,True
55.037659,-16.941249,-88.452672,-0.666216,0.573722,-0.476444,50.00,False
55.040395,-14.790205,-85.924839,-0.665669,0.563023,-0.489785,50.00,False
55.055959,-12.527953,-83.407839,-0.662556,0.552900,-0.505293,50.00,False
55.086877,-10.141420,-80.901847,-0.656373,0.543731,-0.523002,50.00,False
55.135987,-7.619025,-78.406488,-0.646551,0.536003,-0.542838,50.00,False
55.206501,-4.952396,-75.920653,-0.632448,0.530340,-0.564579,50.00,False
55.302114,-2.138699,-73.442241,-0.613325,0.527559,-0.587804,50.00,False
55.427197,0.816418,-70.967744,-0.588309,0.528751,-0.611813,50.00,False
55.587175,3.895278,-68.491561,-0.556313,0.535421,-0.635484,50.00,False
55.789232,7.064326,-66.004642,-0.515902,0.549714,-0.657008,50.00,False
56.043699,10.270508,-63.491736,-0.465008,0.574794,-0.673335,50.00,False
56.366838,13.438817,-60.925208,-0.400381,0.615419,-0.678937,50.00,False
56.786288,16.471202,-58.250290,-0.316491,0.678564,-0.662861,50.00,False
57.349735,19.239815,-55.349273,-0.203801,0.772389,-0.601565,50.00,False
58.121220,21.529306,-51.971707,-0.049504,0.894181,-0.444960,50.00,False
59.060278,22.806309,-47.772526,0.138307,0.982592,-0.124031,50.00,False
59.731983,22.210767,-43.035010,0.272649,0.912636,0.304564,50.00,False
59.755338,19.747709,-38.826214,0.277319,0.727629,0.627415,50.00,False
59.315176,16.034070,-35.382238,0.189287,0.573131,0.797303,50.00,False
58.541995,11.546538,-32.457345,0.034651,0.503374,0.863373,50.00,False
57.327983,7.707508,-30.262697,-0.208151,0.585632,0.783395,50.00,False
59.104458,7.662652,-30.323828,0.147143,0.956406,0.252261,50.00,False
62.271763,-0.321023,-31.899403,0.780605,0.228495,-0.581762,50.00,False
58.473934,-1.564790,-21.420981,0.021039,0.097482,0.995015,50.00,False
62.142458,-3.078407,-27.053204,0.754743,0.086160,-0.650337,50.00,False
62.790002,2.481880,-18.964908,0.884252,0.130471,0.448414,50.00,False
62.862955,4.341655,-20.769098,0.898843,0.077682,-0.431332,50.00,False
63.106328,18.879095,-16.156079,0.947517,0.318508,-0.027636,50.00,False
56.333652,-15.609401,-8.871582,-0.407018,0.074759,0.910356,50.00,False
58.378000,1.762272,-15.808214,0.001852,0.090677,-0.995879,50.00,False
60.854901,-2.841908,-3.935568,0.497232,0.116630,0.859743,50.00,False
54.069218,6.291085,-3.128702,-0.859905,0.091384,0.502208,50.00,False
58.122356,19.469318,-7.235295,-0.049277,0.543413,-0.838018,50.00,False
53.887735,-10.386819,-2.648641,-0.896201,0.059829,-0.439595,50.00,False
53.967343,13.851547,-0.157790,-0.880280,0.114898,-0.460333,50.00,False
55.605957,4.891530,8.879421,-0.552557,0.093611,0.828202,50.00,False
54.476975,-11.958842,10.448286,-0.778353,0.077162,0.623067,50.00,False
55.806712,-25.645766,5.683014,-0.512406,0.129679,-0.848895,50.00,False
63.014768,11.251900,10.781563,0.929205,0.124130,-0.348093,50.00,False
63.288377,-3.983980,14.334211,0.983927,0.086045,-0.156472,50.00,False
53.592595,0.606468,19.165490,-0.955229,0.054113,0.290876,50.00,False
55.467542,-5.319649,16.247732,-0.580240,0.068225,-0.811583,50.00,False
62.453094,17.649190,25.415853,0.816871,0.282098,0.503133,50.00,False
53.656682,-6.079231,27.134060,-0.942412,0.066055,0.327867,50.00,False
53.638836,-11.197349,26.567817,-0.945981,0.111928,-0.304290,50.00,False
54.054694,6.900737,28.217859,-0.862809,0.111017,-0.493189,50.00,False
56.669903,5.234776,37.942853,-0.339768,0.119380,0.932902,50.00,False
55.337093,1.629378,32.008294,-0.606330,0.186984,-0.772918,50.00,False
55.414273,1.289245,37.011294,-0.590893,0.752351,-0.291225,50.00,False
58.671275,3.415276,37.403788,0.060507,0.679007,-0.731634,50.00,False
59.112585,6.112366,39.732913,0.148769,0.601736,-0.784717,50.00,False
59.338500,9.488630,42.179572,0.193952,0.547092,-0.814293,50.00,False
59.651624,13.344667,44.770493,0.256577,0.519534,-0.815017,50.00,False
59.966379,17.380392,47.443993,0.319528,0.509060,-0.799224,50.00,False
60.237745,21.400908,50.152118,0.373801,0.507257,-0.776507,50.00,False
60.457006,25.315208,52.867239,0.417653,0.509386,-0.752391,50.00,False
60.629474,29.093704,55.575409,0.452147,0.512984,-0.729665,50.00,False
60.764071,32.737208,58.270810,0.479066,0.516833,-0.709493,50.00,False
60.869388,36.259294,60.952081,0.500129,0.520389,-0.692146,50.00,False
60.952489,39.677220,63.620078,0.516750,0.523474,-0.677454,50.00,False
64.996577,35.764156,63.688083,0.525567,0.532050,-0.663853,200.00,True
64.996577,35.764156,63.688083,0.525567,0.532050,-0.663853,50.00,False
64.894206,32.511047,61.023600,0.505093,0.534239,-0.677842,50.00,False
64.759780,29.207220,58.346209,0.478208,0.537688,-0.694413,50.00,False
64.582338,25.853043,55.655888,0.442719,0.542972,-0.713569,50.00,False
64.347212,22.456310,52.955319,0.395694,0.550937,-0.734775,50.00,False
64.035301,19.037574,50.252276,0.333312,0.562714,-0.756476,50.00,False
63.623677,15.636250,47.563583,0.250987,0.579573,-0.775307,50.00,False
63.091185,12.316074,44.921117,0.144489,0.602551,-0.784892,50.00,False
62.438009,9.176506,42.381058,0.013854,0.633039,-0.773996,50.00,False
61.747754,6.433523,40.056210,-0.124197,0.682709,-0.720058,50.00,False
61.632782,4.824906,38.332471,-0.147192,0.824821,-0.545898,50.00,False
65.611368,3.624542,38.842720,0.648525,0.757483,0.075060,50.00,False
57.984746,0.254366,37.115158,-0.876799,0.411696,0.248455,50.00,False
66.005224,-3.619633,29.959554,0.727297,0.174543,-0.663758,50.00,False
65.147216,12.013489,34.768806,0.555695,0.153991,0.817001,50.00,False
59.568324,2.378308,23.972497,-0.560083,0.091629,-0.823353,50.00,False
61.982584,0.583018,30.455686,-0.077231,0.097928,0.992192,50.00,False
60.617364,0.368688,18.232871,-0.350275,0.077161,-0.933463,50.00,False
59.206742,13.158646,24.138858,-0.632400,0.111042,0.766642,50.00,False
64.972232,17.650842,21.802745,0.520698,0.243338,0.818327,50.00,False
63.722998,18.526452,10.716310,0.270851,0.390062,-0.880052,50.00,False
64.122720,10.526738,7.881699,0.350796,0.125041,-0.928066,50.00,False
57.392187,-15.676081,10.297312,-0.995311,0.062335,0.073964,50.00,False
58.965935,7.308266,10.569173,-0.680561,0.343382,0.647244,50.00,False
57.503191,-1.929111,5.831929,-0.973110,0.072290,0.218703,50.00,False
63.723639,11.030734,6.711690,0.270980,0.303269,0.913563,50.00,False
57.817958,-2.397068,-2.416186,-0.910157,0.130706,-0.393104,50.00,False
62.368175,-8.534512,-7.962398,-0.000113,0.181241,-0.983439,50.00,False
65.557444,2.093315,-1.812258,0.637741,0.085447,0.765497,50.00,False
61.672219,-25.660563,-13.150537,-0.139304,0.117523,-0.983251,50.00,False
66.811744,-17.736160,-8.551481,0.888601,0.054200,0.455468,50.00,False
60.539191,6.045742,-9.147311,-0.365910,0.367051,0.855210,50.00,False
59.830622,-14.420280,-20.310532,-0.507624,0.072460,-0.858526,50.00,False
58.203941,-21.379184,-15.941880,-0.832960,0.144576,0.534112,50.00,False
60.912569,7.248170,-16.458836,-0.291234,0.115710,0.949628,50.00,False
60.853516,-6.377568,-28.476330,-0.303045,0.184414,-0.934963,50.00,False
62.171230,-9.717495,-30.797043,-0.039502,0.472961,-0.880198,50.00,False
60.038310,-0.794081,-24.667468,-0.466086,0.187581,0.864625,50.00,False
61.403191,6.807715,-27.691923,-0.193110,0.597013,0.778642,50.00,False
60.630928,9.791111,-30.605317,-0.347563,0.606761,0.714871,50.00,False
61.134263,12.988328,-33.027510,-0.246896,0.614436,0.749340,50.00,False
61.903398,16.339041,-35.735743,-0.093069,0.680726,0.726602,50.00,False
62.504878,19.306400,-38.911960,0.027227,0.791729,0.610266,50.00,False
62.765380,21.495065,-42.642044,0.079328,0.920270,0.383157,50.00,False
62.587815,22.496689,-46.823429,0.043815,0.996871,0.065788,50.00,False
62.077272,22.111423,-50.940907,-0.058294,0.969318,-0.238800,50.00,False
61.495412,20.667000,-54.562773,-0.174666,0.878704,-0.444265,50.00,False
60.990736,18.606429,-57.712929,-0.275601,0.784594,-0.555389,50.00,False
60.584512,16.188806,-60.567786,-0.356846,0.709692,-0.607452,50.00,False
60.260021,13.553909,-63.258194,-0.421744,0.655341,-0.626626,50.00,False
59.999042,10.795403,-65.858416,-0.473940,0.617491,-0.627763,50.00,False
59.788094,7.984867,-68.409155,-0.516129,0.591985,-0.619003,50.00,False
59.617698,5.177359,-70.933439,-0.550209,0.575590,-0.604952,50.00,False
59.481001,2.413239,-73.444911,-0.577548,0.565947,-0.588338,50.00,False
59.372804,-0.280040,-75.951986,-0.599187,0.561347,-0.570845,50.00,False
59.288959,-2.885773,-78.459967,-0.615956,0.560534,-0.553534,50.00,False
59.226025,-5.395709,-80.972202,-0.628543,0.562571,-0.537073,50.00,False
59.181052,-7.807886,-83.490718,-0.637538,0.566744,-0.521868,50.00,False
59.151469,-10.124738,-86.016628,-0.643454,0.572501,-0.508143,50.00,False
59.135012,-12.351549,-88.550394,-0.646746,0.579410,-0.495988,50.00,False
63.243423,-7.942823,-88.621785,-0.625064,0.590698,-0.510266,200.00,True
63.243423,-7.942823,-88.621785,-0.625064,0.590698,-0.510266,50.00,False
63.269575,-5.689361,-86.077175,-0.619833,0.587490,-0.520252,50.00,False
63.308659,-3.371984,-83.537069,-0.612016,0.585942,-0.531139,50.00,False
63.362685,-0.991943,-81.000332,-0.601211,0.586534,-0.542699,50.00,False
63.433947,1.446083,-78.465023,-0.586959,0.589881,-0.554545,50.00,False
63.525092,3.932764,-75.928038,-0.568730,0.596764,-0.566056,50.00,False
63.639239,6.452771,-73.384580,-0.545900,0.608197,-0.576272,50.00,False
63.780161,8.983367,-70.827280,-0.517716,0.625493,-0.583720,50.00,False
63.952558,11.493047,-68.244716,-0.483237,0.650347,-0.586115,50.00,False
64.162424,13.940231,-65.618859,-0.441263,0.684879,-0.579851,50.00,False
64.417402,16.271620,-62.920758,-0.390268,0.731474,-0.559139,50.00,False
64.726443,18.418414,-60.103905,-0.328460,0.791974,-0.514676,50.00,False
65.096350,20.285494,-57.097564,-0.254478,0.865069,-0.432316,50.00,False
65.518810,21.726688,-53.814848,-0.169986,0.940355,-0.294680,50.00,False
65.941267,22.521667,-50.215346,-0.085495,0.991924,-0.093688,50.00,False
66.248131,22.443977,-46.427027,-0.024122,0.989128,0.145068,50.00,False
66.322457,21.455617,-42.738682,-0.009257,0.931420,0.363829,50.00,False
66.137749,19.757740,-39.367609,-0.046198,0.853442,0.519136,50.00,False
65.746550,17.623696,-36.350431,-0.124438,0.787467,0.603664,50.00,False
65.229524,15.277042,-33.618953,-0.227843,0.741526,0.631052,50.00,False
64.659532,12.762946,-31.012237,-0.341842,0.694146,0.633487,50.00,False
64.385626,9.485714,-27.955286,-0.396623,0.561835,0.725970,50.00,False
65.334244,0.462665,-24.202717,-0.206899,0.200603,0.957576,50.00,False
62.653006,-9.268674,-24.565082,-0.743147,0.560030,0.366195,50.00,False
65.038889,-10.363672,-19.138635,-0.265970,0.244052,0.932576,50.00,False
71.285845,-5.780344,-21.866057,0.983421,0.124531,-0.131816,50.00,False
64.935102,-3.169734,-23.369671,-0.286728,0.111968,-0.951446,50.00,False
71.212215,-17.698150,-14.876591,0.968695,0.097606,0.228262,50.00,False
70.953915,10.217915,-11.757960,0.917035,0.219328,0.333080,50.00,False
63.637879,-25.235085,-6.688023,-0.546172,0.125887,0.828160,50.00,False
64.914929,-23.781363,-12.860734,-0.290762,0.243506,-0.925290,50.00,False
67.406387,-3.698593,-10.497927,0.207529,0.113375,-0.971637,50.00,False
70.343407,-4.785154,-0.024714,0.794933,0.056096,0.604098,50.00,False
71.326253,-20.498949,-0.375791,0.991502,0.129223,0.014975,50.00,False
68.456198,3.755153,-2.379917,0.417491,0.084342,-0.904758,50.00,False
69.968093,10.029931,8.149997,0.719870,0.127399,0.682317,50.00,False
70.536397,-6.564950,4.612957,0.833531,0.096388,-0.543999,50.00,False
70.961339,4.236904,11.868572,0.918520,0.074901,0.388216,50.00,False
70.373055,-14.066916,15.474349,0.800863,0.099857,0.590464,50.00,False
61.655761,-21.248306,13.571180,-0.942596,0.126427,-0.309078,50.00,False
61.757122,1.281373,15.817965,-0.922324,0.077195,-0.378629,50.00,False
70.256970,-13.663275,23.366789,0.777646,0.142980,0.612228,50.00,False
69.633114,-6.080964,22.847720,0.652875,0.757393,-0.010493,50.00,False
71.187153,-12.398646,24.332809,0.963682,0.131584,-0.232383,50.00,False
71.245934,-1.097843,27.064440,0.975439,0.080678,-0.204965,50.00,False
67.462042,4.803625,26.257711,0.218660,0.410580,-0.885218,50.00,False
67.218436,-10.347800,37.962771,0.169939,0.305558,0.936886,50.00,False
66.790551,-1.521308,31.063405,0.084362,0.260077,-0.961895,50.00,False
63.087561,4.914646,36.430921,-0.656236,0.635186,-0.407300,50.00,False
63.460329,6.596498,39.270405,-0.581682,0.730246,-0.358311,50.00,False
64.737924,8.378919,41.082597,-0.326163,0.792855,-0.514780,50.00,False
65.982642,10.184074,43.104925,-0.077220,0.773380,-0.629222,50.00,False
66.924101,12.218565,45.425161,0.111072,0.720898,-0.684083,50.00,False
67.580775,14.564350,47.933128,0.242407,0.670284,-0.701398,50.00,False
68.041968,17.172234,50.533301,0.334646,0.630582,-0.700271,50.00,False
68.374519,19.963193,53.173892,0.401156,0.601257,-0.691060,50.00,False
68.619482,22.870416,55.828781,0.450148,0.579947,-0.678990,50.00,False
68.802338,25.846514,58.484980,0.486719,0.564509,-0.666658,50.00,False
68.939870,28.860401,61.136420,0.514226,0.553337,-0.655278,50.00,False
69.043764,31.892514,63.780787,0.535005,0.545290,-0.645313,50.00,False
73.106484,28.047333,63.896761,0.547549,0.559607,-0.622118,200.00,True
73.106484,28.047333,63.896761,0.547549,0.559607,-0.622118,50.00,False
73.020042,25.251147,61.286284,0.530260,0.572553,-0.625305,50.00,False
72.907130,22.537483,58.678625,0.507678,0.589888,-0.627929,50.00,False
72.760588,19.937496,56.079535,0.478369,0.612963,-0.628840,50.00,False
72.572180,17.493296,53.500203,0.440688,0.643561,-0.625798,50.00,False
72.333334,15.261615,50.961454,0.392919,0.683983,-0.614640,50.00,False
72.037013,13.317130,48.500766,0.333655,0.736942,-0.587870,50.00,False
71.682215,11.750409,46.182068,0.262695,0.804500,-0.532702,50.00,False
71.287693,10.642025,44.094905,0.183790,0.883326,-0.431226,50.00,False
70.942229,9.976247,42.252112,0.114698,0.952865,-0.280877,50.00,False
70.938646,9.508659,40.097179,0.113981,0.974565,-0.192956,50.00,False
71.829741,7.808030,35.845757,0.292200,0.799809,-0.524333,50.00,False
73.144288,1.220199,31.958131,0.555109,0.280790,-0.782950,50.00,False
74.259816,-8.021816,31.312094,0.778215,0.489628,-0.393250,50.00,False
73.962036,-3.972157,27.250094,0.718659,0.109155,-0.686742,50.00,False
74.865583,-18.608389,30.000221,0.899368,0.212288,0.382191,50.00,False
71.152258,-8.656155,30.393821,0.156703,0.124091,0.979819,50.00,False
69.216154,17.744426,27.262795,-0.230517,0.430775,0.872522,50.00,False
70.142228,-0.145858,15.354439,-0.045303,0.131791,-0.990242,50.00,False
70.287634,-4.925188,22.602883,-0.016221,0.206297,0.978355,50.00,False
67.454767,11.934621,11.126165,-0.582795,0.153026,-0.798081,50.00,False
65.420469,-0.281160,13.114957,-0.989654,0.080756,0.118585,50.00,False
66.165786,-15.463005,7.244142,-0.840591,0.073432,-0.536670,50.00,False
73.340682,12.344723,11.338584,0.594388,0.069995,0.801126,50.00,False
65.378081,2.807260,4.837385,-0.998132,0.057798,0.019794,50.00,False
68.639717,-1.437028,-2.514010,-0.345805,0.112177,-0.931577,50.00,False
71.952110,-3.746290,4.245682,0.316674,0.132252,0.939270,50.00,False
66.871138,-1.273628,0.344441,-0.699521,0.226016,0.677929,50.00,False
67.705821,13.102979,-9.833409,-0.532584,0.113495,-0.838733,50.00,False
69.786224,0.737801,-3.294612,-0.116503,0.102045,0.987934,50.00,False
73.062937,6.019184,-14.986124,0.538839,0.135372,-0.831461,50.00,False
74.876058,-3.743177,-15.561504,0.901464,0.067061,-0.427629,50.00,False
72.522179,-18.609078,-11.656702,0.430688,0.231747,0.872240,50.00,False
65.420609,8.265916,-18.758975,-0.989626,0.140644,-0.029307,50.00,False
66.794575,8.776364,-17.738431,-0.714833,0.088211,0.693709,50.00,False
69.779848,-3.946212,-28.745889,-0.117779,0.090859,-0.988875,50.00,False
66.468171,5.287859,-23.327183,-0.780114,0.121256,0.613774,50.00,False
72.476110,6.420315,-27.891499,0.421474,0.879795,0.219819,50.00,False
71.679434,8.772300,-27.535023,0.262139,0.524545,0.810022,50.00,False
71.429765,12.794798,-30.638606,0.212205,0.673352,0.708213,50.00,False
70.966824,15.631369,-33.571498,0.119617,0.758549,0.640543,50.00,False
70.677536,17.916883,-36.459643,0.061759,0.810968,0.581822,50.00,False
70.527954,19.878994,-39.469925,0.031843,0.866205,0.498673,50.00,False
70.398082,21.462216,-42.684049,0.005868,0.927105,0.374756,50.00,False
70.197841,22.518230,-46.110851,-0.034180,0.977467,0.208303,50.00,False
69.897622,22.906418,-49.658845,-0.094224,0.995395,0.017612,50.00,False
69.531577,22.590372,-53.161067,-0.167433,0.972160,-0.163924,50.00,False
69.159127,21.666251,-56.483397,-0.241923,0.919616,-0.309482,50.00,False
68.821048,20.285570,-59.590895,-0.309539,0.856960,-0.412074,50.00,False
68.530973,18.579683,-62.516617,-0.367553,0.797573,-0.478311,50.00,False
68.287527,16.642923,-65.310642,-0.416243,0.747129,-0.518208,50.00,False
68.084662,14.542978,-68.015650,-0.456816,0.706678,-0.540302,50.00,False
67.916106,12.331344,-70.662325,-0.490527,0.675338,-0.550729,50.00,False
67.776561,10.048784,-73.271483,-0.518436,0.651685,-0.553653,50.00,False
67.661774,7.727754,-75.857035,-0.541393,0.634310,-0.551855,50.00,False
67.568319,5.393656,-78.428297,-0.560084,0.621995,-0.547200,50.00,False
67.493391,3.065767,-80.991545,-0.575070,0.613740,-0.540942,50.00,False
67.434625,0.758138,-83.551001,-0.586823,0.608738,-0.533925,50.00,False
67.389995,-1.519517,-86.109491,-0.595749,0.606345,-0.526715,50.00,False
67.357740,-3.760950,-88.668860,-0.602200,0.606042,-0.519681,50.00,False
71.475424,0.171493,-88.694893,-0.578663,0.624213,-0.524888,200.00,True
71.475424,0.171493,-88.694893,-0.578663,0.624213,-0.524888,50.00,False
71.510688,2.372963,-86.117830,-0.571611,0.627752,-0.528383,50.00,False
71.557506,4.583670,-83.537845,-0.562247,0.633723,-0.531294,50.00,False
71.617428,6.793806,-80.952386,-0.550263,0.642655,-0.533110,50.00,False
71.692247,8.990352,-78.357758,-0.535299,0.655186,-0.533092,50.00,False
71.784092,11.156489,-75.748666,-0.516930,0.672080,-0.530182,50.00,False
71.895535,13.270993,-73.117528,-0.494641,0.694223,-0.522862,50.00,False
72.029761,15.307564,-70.453511,-0.467796,0.722579,-0.508966,50.00,False
72.190742,17.233910,-67.741212,-0.435600,0.758041,-0.485414,50.00,False
72.383335,19.010152,-64.959173,-0.397081,0.801062,-0.447914,50.00,False
72.612942,20.585731,-62.079017,-0.351160,0.850864,-0.390791,50.00,False
72.883922,21.894036,-59.067762,-0.296964,0.904040,-0.307448,50.00,False
73.195468,22.846336,-55.898327,-0.234655,0.952834,-0.192468,50.00,False
73.534997,23.334018,-52.572505,-0.166749,0.984916,-0.046212,50.00,False
73.874943,23.254635,-49.145458,-0.098760,0.987814,0.120290,50.00,False
74.184387,22.557067,-45.718020,-0.036871,0.957260,0.286870,50.00,False
74.453684,21.259095,-42.384671,0.016989,0.900448,0.434632,50.00,False
74.708666,19.408891,-39.188299,0.067985,0.829069,0.554998,50.00,False
74.998871,17.031773,-36.126755,0.126026,0.750797,0.648399,50.00,False
75.365727,14.122464,-33.197916,0.199397,0.669810,0.715259,50.00,False
75.829067,10.774383,-30.468440,0.292065,0.603132,0.742246,50.00,False
76.557148,7.708260,-28.319886,0.437681,0.618030,0.653050,50.00,False
77.420770,6.346626,-27.203086,0.610406,0.706822,0.357502,50.00,False
76.230253,-0.138992,-22.180220,0.372302,0.387892,0.843167,50.00,False
69.389013,-1.002581,-23.766979,-0.995946,0.089693,0.006908,50.00,False
77.384104,8.392441,-24.980612,0.603073,0.258245,-0.754727,50.00,False
70.434284,-1.225872,-21.551062,-0.786891,0.188100,-0.587725,50.00,False
69.476251,0.679233,-15.169542,-0.978498,0.117275,0.169672,50.00,False
69.389927,1.278971,-13.760515,-0.995763,0.062526,-0.067431,50.00,False
70.957195,9.156971,-14.352358,-0.682309,0.194530,-0.704707,50.00,False
77.914142,5.314846,-4.749058,0.709080,0.106460,0.697045,50.00,False
78.907284,-15.214784,-7.693586,0.907709,0.085640,-0.410768,50.00,False
70.489343,4.352142,-5.791062,-0.775880,0.310518,-0.549171,50.00,False
70.339431,4.369407,2.456061,-0.805862,0.112358,0.581345,50.00,False
78.154058,-6.134484,-1.081578,0.757063,0.103505,-0.645090,50.00,False
78.688778,14.054478,7.210716,0.864007,0.094868,0.494461,50.00,False
77.758028,-14.569705,10.969333,0.677857,0.107604,0.727276,50.00,False
73.193218,1.401838,5.079398,-0.235105,0.067569,-0.969619,50.00,False
76.986413,-16.680872,16.724152,0.523534,0.139995,0.840424,50.00,False
79.331740,-6.161320,15.541698,0.992600,0.086696,0.085026,50.00,False
70.518790,-18.034422,20.857445,-0.769990,0.105535,0.629267,50.00,False
70.350762,-6.723536,17.344356,-0.803596,0.058854,-0.592258,50.00,False
79.242880,-9.039424,23.926780,0.974828,0.086918,0.205319,50.00,False
77.234678,5.177823,29.542008,0.573187,0.127421,0.809457,50.00,False
77.422991,-3.991881,24.241959,0.610850,0.186526,-0.769461,50.00,False
71.013458,3.474744,34.331926,-0.671057,0.131648,0.729624,50.00,False
71.813116,-6.655645,29.127072,-0.511125,0.222327,-0.830254,50.00,False
77.680355,3.074453,33.386580,0.662323,0.560411,-0.497260,50.00,False
77.648007,4.909886,37.002594,0.655853,0.695721,-0.292965,50.00,False
77.415622,6.186172,39.623950,0.609376,0.738881,-0.287602,50.00,False
76.964521,7.461978,42.076299,0.519156,0.794101,-0.316040,50.00,False
76.632952,8.640879,44.362326,0.452842,0.807617,-0.377742,50.00,False
76.534251,9.863763,46.634652,0.433102,0.785427,-0.442185,50.00,False
76.591710,11.261196,48.968368,0.444594,0.746964,-0.494350,50.00,False
76.711606,12.892677,51.375434,0.468573,0.705394,-0.531844,50.00,False
76.839526,14.766958,53.842831,0.494157,0.667275,-0.557273,50.00,False
76.953117,16.865372,56.353261,0.516875,0.635024,-0.574094,50.00,False
77.046499,19.157522,58.892526,0.535552,0.608921,-0.585149,50.00,False
77.120475,21.610418,61.450688,0.550347,0.588346,-0.592425,50.00,False
77.177957,24.192996,64.021252,0.561843,0.572417,-0.597220,50.00,False
81.241909,20.310112,64.135077,0.574634,0.582922,-0.574455,200.00,True
81.241909,20.310112,64.135077,0.574634,0.582922,-0.574455,50.00,False
81.216114,17.899621,61.603519,0.569475,0.600012,-0.561858,50.00,False
81.181410,15.651133,59.091904,0.562534,0.621476,-0.545274,50.00,False
81.134323,13.593062,56.604587,0.553116,0.647816,-0.523829,50.00,False
81.070346,11.748714,54.144168,0.540321,0.678999,-0.497005,50.00,False
80.984883,10.126927,51.706666,0.523228,0.713758,-0.465598,50.00,False
80.876820,8.706977,49.271956,0.501616,0.748562,-0.433632,50.00,False
80.756482,7.418777,46.791302,0.477548,0.776625,-0.410855,50.00,False
80.655576,6.125738,44.189542,0.457367,0.787924,-0.412299,50.00,False
80.628293,4.638404,41.427569,0.451910,0.772691,-0.445786,50.00,False
80.740381,2.860062,38.660489,0.474328,0.737788,-0.480294,50.00,False
81.050293,1.296701,36.554230,0.536310,0.752303,-0.382638,50.00,False
80.437124,1.341639,37.853021,0.413677,0.819777,0.396028,50.00,False
82.987610,0.248220,34.840391,0.923774,0.221454,0.312410,50.00,False
81.378285,4.893247,34.637102,0.601909,0.112084,0.790660,50.00,False
78.819827,12.499601,23.503575,0.090217,0.388226,-0.917138,50.00,False
74.059895,16.532573,27.573640,-0.861769,0.290652,0.415783,50.00,False
74.531465,-10.489075,19.713958,-0.767455,0.070218,-0.637246,50.00,False
77.799443,13.704517,25.226639,-0.113860,0.135608,0.984198,50.00,False
83.317951,13.493517,17.193800,0.989842,0.097511,-0.103462,50.00,False
78.617417,15.666732,19.046441,0.049735,0.616255,0.785974,50.00,False
73.520012,15.746772,11.726625,-0.969746,0.185166,-0.159081,50.00,False
82.847991,0.359610,7.739034,0.895850,0.076675,-0.437691,50.00,False
82.200883,2.922313,4.254564,0.766428,0.183108,-0.615678,50.00,False
79.154818,-13.762702,9.641695,0.157215,0.116603,0.980656,50.00,False
80.753656,13.525002,-2.159942,0.476983,0.177690,-0.860763,50.00,False
82.405730,-15.421565,-3.330588,0.807398,0.127870,-0.575985,50.00,False
81.880645,-22.246155,-6.481297,0.702381,0.185451,-0.687219,50.00,False
74.017520,-24.926082,-3.646787,-0.870244,0.289482,0.398591,50.00,False
75.782104,-6.956072,-3.990138,-0.517327,0.108913,0.848829,50.00,False
73.930123,-7.667899,-9.121937,-0.887723,0.308883,0.341377,50.00,False
82.281252,12.155381,-10.350063,0.782502,0.099419,0.614659,50.00,False
80.811768,-8.644846,-20.368353,0.488605,0.064859,-0.870091,50.00,False
74.474668,-21.719586,-15.529727,-0.778815,0.115427,0.616542,50.00,False
73.394024,-7.413011,-21.156276,-0.994943,0.099923,0.010140,50.00,False
80.773449,5.986933,-19.467350,0.480942,0.131511,0.866833,50.00,False
77.251018,-5.557666,-31.221047,-0.223545,0.137135,-0.964998,50.00,False
77.483525,-3.856038,-24.335607,-0.177043,0.319217,0.930997,50.00,False
78.021310,3.649527,-27.033884,-0.069486,0.408187,0.910250,50.00,False
78.287680,9.091652,-29.957244,-0.016212,0.535333,0.844486,50.00,False
78.430386,13.168930,-32.903035,0.012329,0.632778,0.774235,50.00,False
78.457652,16.424327,-35.893116,0.017782,0.718667,0.695127,50.00,False
78.394166,19.048752,-38.956619,0.005085,0.798981,0.601334,50.00,False
78.257184,21.112896,-42.112886,-0.022311,0.872005,0.488989,50.00,False
78.054652,22.634123,-45.368661,-0.062818,0.932089,0.356741,50.00,False
77.796303,23.602515,-48.702809,-0.114488,0.971230,0.208820,50.00,False
77.502641,24.013079,-52.059259,-0.173220,0.983265,0.056437,50.00,False
77.202193,23.895703,-55.365434,-0.233310,0.968602,-0.085890,50.00,False
76.920193,23.318783,-58.565276,-0.289710,0.934473,-0.206950,50.00,False
76.670689,22.367357,-61.637364,-0.339610,0.890608,-0.302460,50.00,False
76.457162,21.120510,-64.589013,-0.382316,0.845013,-0.373882,50.00,False
76.277180,19.642292,-67.441080,-0.418312,0.802534,-0.425388,50.00,False
76.126330,17.982602,-70.216580,-0.448482,0.765381,-0.461580,50.00,False
76.000189,16.180868,-72.935482,-0.473710,0.734141,-0.486453,50.00,False
75.894998,14.269125,-75.613432,-0.494749,0.708576,-0.503135,50.00,False
75.807730,12.273899,-78.262129,-0.512202,0.688104,-0.513966,50.00,False
75.735973,10.217303,-80.890134,-0.526554,0.672053,-0.520659,50.00,False
75.677772,8.117687,-83.503656,-0.538194,0.659768,-0.524456,50.00,False
75.631515,5.990126,-86.107182,-0.547445,0.650662,-0.526253,50.00,False
75.595832,3.846851,-88.703932,-0.554582,0.644229,-0.526696,50.00,False
79.719722,7.265885,-88.700409,-0.529804,0.665313,-0.525991,200.00,True
79.719722,7.265885,-88.700409,-0.529804,0.665313,-0.525991,50.00,False
79.753732,9.340836,-86.082881,-0.523002,0.674254,-0.521393,50.00,False
79.797248,11.377773,-83.454804,-0.514299,0.686000,-0.514686,50.00,False
79.851488,13.362868,-80.812356,-0.503451,0.701005,-0.505104,50.00,False
79.917940,15.279791,-78.150401,-0.490160,0.719758,-0.491621,50.00,False
79.998430,17.109340,-75.462068,-0.474062,0.742743,-0.472862,50.00,False
80.095267,18.828976,-72.738262,-0.454695,0.770348,-0.447009,50.00,False
80.211345,20.412074,-69.967207,-0.431479,0.802698,-0.411705,50.00,False
80.350187,21.826728,-67.134286,-0.403711,0.839345,-0.364029,50.00,False
80.515679,23.033884,-64.222863,-0.370612,0.878780,-0.300652,50.00,False
80.711103,23.985107,-61.217223,-0.331528,0.917811,-0.218432,50.00,False
80.936914,24.621472,-58.108968,-0.286365,0.951110,-0.115689,50.00,False
81.187228,24.877162,-54.906522,-0.236303,0.971662,0.005893,50.00,False
81.446579,24.691414,-51.642577,-0.184432,0.972856,0.139774,50.00,False
81.690205,24.025998,-48.370203,-0.135707,0.951720,0.275341,50.00,False
81.888985,22.875645,-45.144841,-0.095951,0.910817,0.401505,50.00,False
82.014419,21.261579,-42.004561,-0.070864,0.856861,0.510654,50.00,False
82.037693,19.215559,-38.964598,-0.066210,0.797452,0.599738,50.00,False
81.922926,16.772473,-36.029678,-0.089163,0.738968,0.667815,50.00,False
81.618681,13.994141,-33.223874,-0.150012,0.687968,0.710068,50.00,False
81.040906,11.089878,-30.668344,-0.265567,0.660528,0.702266,50.00,False
80.049452,8.837105,-28.940486,-0.463858,0.710682,0.528930,50.00,False
79.797822,8.624127,-28.366422,-0.514184,0.848547,0.124834,50.00,False
80.982863,2.019276,-21.795615,-0.277175,0.276788,0.920088,50.00,False
80.783611,-4.289501,-19.113490,-0.317026,0.142797,0.937605,50.00,False
85.921198,-9.487874,-24.698333,0.710491,0.087289,-0.698271,50.00,False
86.811524,13.951825,-20.548846,0.888557,0.245927,-0.387282,50.00,False
77.406829,-0.416834,-15.518650,-0.992382,0.072160,0.099850,50.00,False
82.554412,10.649208,-8.471273,0.037134,0.133020,0.990417,50.00,False
78.088874,-12.215169,-13.387943,-0.855973,0.073113,-0.511824,50.00,False
77.770152,13.664822,-10.123348,-0.919718,0.106660,-0.377813,50.00,False
87.184291,7.423265,-4.334778,0.963110,0.065587,0.260993,50.00,False
84.883397,-17.589419,1.242188,0.502931,0.108586,0.857478,50.00,False
85.008753,-0.846563,-4.623507,0.528002,0.157191,-0.834568,50.00,False
80.627748,-10.242579,-2.527999,-0.348199,0.075511,-0.934375,50.00,False
77.386667,11.698261,4.899520,-0.996415,0.078227,0.032221,50.00,False
83.997922,-0.188938,12.045929,0.325836,0.073107,0.942595,50.00,False
78.437705,7.456311,6.848379,-0.786207,0.051390,-0.615822,50.00,False
83.607836,7.175167,17.345067,0.247819,0.090102,0.964607,50.00,False
77.385203,-21.387343,14.951189,-0.996708,0.074028,-0.033076,50.00,False
87.125021,-5.577419,16.310693,0.951256,0.129094,-0.280083,50.00,False
87.045852,-8.075249,18.889787,0.935422,0.211657,-0.283172,50.00,False
86.241370,-10.069009,25.919444,0.774526,0.188343,0.603851,50.00,False
87.163618,-0.661844,24.166538,0.958975,0.099009,-0.265637,50.00,False
77.441829,-7.293113,27.885033,-0.985382,0.165388,-0.040846,50.00,False
80.757788,-5.082390,26.020863,-0.322191,0.162704,-0.932588,50.00,False
86.933508,3.495628,34.941528,0.912953,0.236366,0.332637,50.00,False
80.183905,-0.167726,39.052309,-0.436967,0.636168,0.635886,50.00,False
80.101325,0.989552,36.610662,-0.453483,0.810217,-0.371352,50.00,False
81.535342,2.694152,38.993321,-0.166680,0.895012,-0.413728,50.00,False
83.125710,3.922512,41.926812,0.151394,0.925963,-0.345937,50.00,False
84.201480,4.602306,44.724934,0.366548,0.878910,-0.305221,50.00,False
84.772509,5.235106,47.276678,0.480754,0.818791,-0.313780,50.00,False
85.058151,6.057325,49.686251,0.537882,0.766578,-0.350773,50.00,False
85.196006,7.142629,52.049345,0.565453,0.722914,-0.397062,50.00,False
85.257847,8.507474,54.419599,0.577821,0.686171,-0.441919,50.00,False
85.281589,10.142708,56.819801,0.582570,0.655330,-0.480786,50.00,False
85.287355,12.025274,59.255494,0.583723,0.629726,-0.512556,50.00,False
85.285537,14.125279,61.724354,0.583359,0.608753,-0.537692,50.00,False
85.281251,16.410794,64.221365,0.582502,0.591796,-0.557197,50.00,False
89.279896,12.540693,64.267308,0.582231,0.600578,-0.548008,200.00,True
89.279896,12.540693,64.267308,0.582231,0.600578,-0.548008,50.00,False
89.310267,10.332322,61.796537,0.588305,0.616524,-0.523255,50.00,False
89.346197,8.322218,59.363099,0.595491,0.635826,-0.491035,50.00,False
89.384487,6.547755,56.977089,0.603149,0.659026,-0.449329,50.00,False
89.417016,5.050687,54.650896,0.609655,0.686858,-0.395660,50.00,False
89.426038,3.878437,52.399779,0.611459,0.720559,-0.326975,50.00,False
89.374724,3.086990,50.243910,0.601197,0.762448,-0.239241,50.00,False
89.185719,2.743916,48.214258,0.563396,0.816482,-0.126264,50.00,False
88.688588,2.915195,46.360388,0.463969,0.885581,0.021870,50.00,False
87.528852,3.552106,44.703186,0.232022,0.949918,0.209337,50.00,False
85.402878,4.180612,42.873716,-0.193173,0.911804,0.362351,50.00,False
83.216522,4.371392,39.812401,-0.630444,0.728136,0.268996,50.00,False
82.970794,4.520767,34.839447,-0.679589,0.703874,-0.206687,50.00,False
88.943275,-2.410968,29.064958,0.514907,0.157374,-0.842677,50.00,False
84.853250,-0.929772,35.360828,-0.303098,0.182069,0.935405,50.00,False
86.170596,-16.684806,23.157402,-0.039629,0.159684,-0.986372,50.00,False
87.270824,-10.644533,30.400143,0.180417,0.070179,0.981083,50.00,False
85.405770,14.312945,18.025388,-0.192594,0.111180,-0.974960,50.00,False
81.728525,-21.007972,18.518323,-0.928043,0.104665,-0.357465,50.00,False
83.869614,-21.942141,21.759025,-0.499825,0.307814,0.809583,50.00,False
81.383697,-11.038915,15.142895,-0.997009,0.077109,0.005265,50.00,False
81.971688,-21.563527,13.949410,-0.879411,0.380973,0.285476,50.00,False
82.356207,8.721042,7.563094,-0.802507,0.363824,-0.472879,50.00,False
82.550279,-19.344688,4.377890,-0.763692,0.259766,-0.591012,50.00,False
91.185072,-16.264956,5.991370,0.963266,0.096551,0.250591,50.00,False
89.759466,-11.148020,5.141747,0.678145,0.425006,0.599575,50.00,False
91.180619,1.271892,-1.701313,0.962376,0.106153,-0.250130,50.00,False
81.574090,-18.484595,-4.245510,-0.958930,0.151075,-0.240061,50.00,False
83.469683,-24.606853,-9.090693,-0.579812,0.432962,-0.690190,50.00,False
90.671647,-16.480889,-5.732502,0.860581,0.095099,0.500356,50.00,False
91.342260,-17.788881,-10.983946,0.994704,0.097988,-0.031025,50.00,False
90.352373,3.607785,-16.411724,0.796726,0.089523,-0.597673,50.00,False
89.031642,-10.511753,-11.820011,0.532580,0.107088,0.839578,50.00,False
83.468544,15.558577,-18.632769,-0.580039,0.814578,-0.004066,50.00,False
81.499598,4.100306,-20.202175,-0.973829,0.106173,0.200960,50.00,False
85.885630,11.159552,-28.601753,-0.096622,0.262628,-0.960047,50.00,False
83.567408,-0.199902,-28.416861,-0.560267,0.723018,-0.404161,50.00,False
84.866933,4.546529,-24.806011,-0.300362,0.457552,0.836917,50.00,False
85.598814,9.182298,-27.746505,-0.153985,0.622001,0.767726,50.00,False
85.684677,12.405742,-30.692939,-0.136813,0.703555,0.697347,50.00,False
85.852367,15.019159,-33.441999,-0.103275,0.738369,0.666443,50.00,False
85.969111,17.415063,-36.187231,-0.079926,0.767287,0.636304,50.00,False
85.989996,19.633449,-39.015801,-0.075749,0.804210,0.589498,50.00,False
85.925727,21.607970,-41.947712,-0.088603,0.848317,0.522023,50.00,False
85.793625,23.265056,-44.984354,-0.115023,0.893733,0.433603,50.00,False
85.610398,24.545009,-48.114031,-0.151669,0.932923,0.326575,50.00,False
85.394437,25.407415,-51.308151,-0.194861,0.958812,0.206659,50.00,False
85.166083,25.837703,-54.523061,-0.240532,0.967122,0.082585,50.00,False
84.944190,25.851000,-57.711365,-0.284910,0.957872,-0.036168,50.00,False
84.742008,25.486819,-60.836235,-0.325347,0.934836,-0.142234,50.00,False
84.565732,24.796606,-63.878999,-0.360602,0.903437,-0.231879,50.00,False
84.416020,23.832032,-66.837512,-0.390544,0.868705,-0.304674,50.00,False
84.290532,22.638748,-69.719819,-0.415642,0.834286,-0.362228,50.00,False
84.185925,21.254997,-72.538114,-0.436563,0.802360,-0.406979,50.00,False
84.098942,19.712542,-75.304925,-0.453960,0.773988,-0.441433,50.00,False
84.026816,18.038095,-78.031344,-0.468385,0.749513,-0.467809,50.00,False
83.967328,16.254468,-80.726496,-0.480283,0.728870,-0.487932,50.00,False
83.918725,14.381376,-83.397608,-0.490003,0.711786,-0.503246,50.00,False
83.879625,12.435942,-86.050283,-0.497823,0.697909,-0.514874,50.00,False
83.848912,10.433045,-88.688821,-0.503966,0.686866,-0.523674,50.00,False
87.986030,13.353212,-88.673454,-0.476542,0.708437,-0.520600,200.00,True
87.986030,13.353212,-88.673454,-0.476542,0.708437,-0.520600,50.00,False
88.012256,15.285181,-86.014447,-0.471297,0.721189,-0.507706,50.00,False
88.045722,17.143051,-83.338004,-0.464604,0.736711,-0.491326,50.00,False
88.087473,18.911236,-80.639476,-0.456254,0.755272,-0.470528,50.00,False
88.138828,20.572071,-77.913002,-0.445983,0.777070,-0.444141,50.00,False
88.201484,22.105482,-75.151315,-0.433451,0.802145,-0.410711,50.00,False
88.277593,23.488435,-72.345718,-0.418230,0.830236,-0.368500,50.00,False
88.369787,24.694181,-69.486415,-0.399791,0.860580,-0.315547,50.00,False
88.481037,25.691310,-66.563586,-0.377541,0.891638,-0.249889,50.00,False
88.614160,26.442982,-63.569698,-0.350916,0.920843,-0.170019,50.00,False
88.770803,26.907283,-60.503313,-0.319588,0.944532,-0.075650,50.00,False
88.949928,27.040169,-57.373689,-0.283763,0.958381,0.031367,50.00,False
89.146434,26.802146,-54.203818,-0.244461,0.958538,0.146433,50.00,False
89.351259,26.167387,-51.028428,-0.203496,0.943201,0.262604,50.00,False
89.553967,25.130984,-47.885959,-0.162955,0.913740,0.372190,50.00,False
89.747280,23.710470,-44.808494,-0.124292,0.874529,0.468775,50.00,False
89.931721,21.942915,-41.815988,-0.087404,0.831657,0.548368,50.00,False
90.118764,19.883557,-38.917905,-0.049995,0.791534,0.609077,50.00,False
90.330625,17.611407,-36.120955,-0.007623,0.760273,0.649559,50.00,False
90.586274,15.244357,-33.440723,0.043507,0.744057,0.666698,50.00,False
90.834982,12.956978,-30.903764,0.093248,0.749694,0.655182,50.00,False
90.771333,10.852966,-28.400830,0.080518,0.766763,0.636861,50.00,False
89.725235,7.371196,-24.916446,-0.128701,0.565233,0.814830,50.00,False
89.679582,-6.490178,-21.503059,-0.137832,0.152793,0.978599,50.00,False
90.633027,6.616968,-28.774103,0.052857,0.090230,-0.994517,50.00,False
90.075725,9.922994,-16.248340,-0.058603,0.114202,0.991728,50.00,False
93.840049,-0.049685,-22.172576,0.694262,0.104966,-0.712027,50.00,False
93.333985,-4.596423,-12.012270,0.593049,0.080564,0.801126,50.00,False
93.122265,-3.093696,-17.586345,0.550705,0.059216,-0.832597,50.00,False
94.982610,16.358461,-12.360842,0.922774,0.233677,-0.306404,50.00,False
88.583063,9.777393,-3.577696,-0.357136,0.071430,0.931317,50.00,False
89.850408,-3.735983,-10.599884,-0.103667,0.071648,-0.992028,50.00,False
90.162254,17.486663,1.915093,-0.041297,0.118796,0.992060,50.00,False
87.879720,1.482349,-4.774793,-0.497804,0.065327,-0.864826,50.00,False
85.827549,21.577839,4.030945,-0.908238,0.180725,0.377414,50.00,False
85.517227,4.353638,5.909180,-0.970303,0.060703,0.234153,50.00,False
88.325115,23.088229,2.835667,-0.408725,0.154664,-0.899457,50.00,False
91.607245,8.131687,14.761432,0.247701,0.062968,0.966788,50.00,False
86.676244,-15.286830,9.191549,-0.738499,0.104568,-0.666096,50.00,False
91.778588,-17.321894,19.892477,0.281969,0.090120,0.955181,50.00,False
87.057300,-17.276045,14.005500,-0.662288,0.110059,-0.741122,50.00,False
95.197187,-8.177554,21.565570,0.965689,0.062834,0.251985,50.00,False
95.326094,-24.270971,22.640123,0.991471,0.119501,-0.052013,50.00,False
87.373970,-0.613538,21.533963,-0.598954,0.117253,-0.792152,50.00,False
93.803169,-19.802418,31.669668,0.686886,0.124164,0.716081,50.00,False
90.890119,-19.623714,25.905191,0.104276,0.275175,-0.955722,50.00,False
90.844340,-6.165239,28.356921,0.095120,0.148784,-0.984284,50.00,False
94.899283,4.087355,36.027659,0.906108,0.421911,0.030956,50.00,False
94.085605,2.704990,40.628247,0.743373,0.510519,0.432165,50.00,False
93.666100,1.041118,43.293063,0.659472,0.604966,0.446221,50.00,False
93.670288,-0.160221,45.244528,0.660309,0.680528,0.317606,50.00,False
93.750194,-0.781002,46.924605,0.676291,0.724212,0.134713,50.00,False
93.754671,-0.884754,48.639889,0.677186,0.734661,-0.041138,50.00,False
93.689904,-0.521725,50.518433,0.664233,0.724441,-0.184337,50.00,False
93.594913,0.261779,52.565807,0.645234,0.705246,-0.293770,50.00,False
93.496212,1.414669,54.748648,0.625494,0.683593,-0.376109,50.00,False
93.406534,2.886511,57.032903,0.607559,0.662483,-0.438166,50.00,False
93.330661,4.631261,59.392366,0.592384,0.643180,-0.485181,50.00,False
93.269412,6.607950,61.808067,0.580134,0.626144,-0.520949,50.00,False
93.221784,8.780307,64.266331,0.570609,0.611456,-0.548204,50.00,False
97.093050,5.242414,64.223459,0.544862,0.626996,-0.556778,200.00,True
97.093050,5.242414,64.223459,0.544862,0.626996,-0.556778,50.00,False
97.142610,3.086414,61.762363,0.554774,0.641273,-0.530090,50.00,False
97.209577,1.112544,59.341953,0.568167,0.657191,-0.495264,50.00,False
97.297449,-0.649848,56.974300,0.585742,0.674173,-0.449887,50.00,False
97.409756,-2.170639,54.674752,0.608203,0.690866,-0.390888,50.00,False
97.549242,-3.421257,52.461016,0.636100,0.704502,-0.314728,50.00,False
97.715773,-4.378013,50.348038,0.669406,0.710063,-0.218416,50.00,False
97.902246,-5.023273,48.333287,0.706701,0.700054,-0.102458,50.00,False
98.089820,-5.334639,46.369019,0.744216,0.667522,0.023596,50.00,False
98.249116,-5.256609,44.335494,0.776075,0.615846,0.135799,50.00,False
98.344765,-4.700762,42.034228,0.795205,0.574315,0.194454,50.00,False
98.182301,-3.591367,39.054105,0.762712,0.636005,0.117337,50.00,False
92.737646,-3.829770,32.591639,-0.326219,0.680382,-0.656249,50.00,False
92.425836,-1.720598,37.822559,-0.388581,0.151686,0.908843,50.00,False
94.273309,-2.239195,35.426213,-0.019086,0.316256,0.948482,50.00,False
97.432231,-14.069606,24.162322,0.612698,0.088125,-0.785389,50.00,False
94.543204,-12.032812,30.457258,0.034893,0.117104,0.992507,50.00,False
97.971097,-7.152413,19.453830,0.720471,0.076330,-0.689271,50.00,False
92.934076,1.176982,25.089199,-0.286933,0.048733,0.956710,50.00,False
96.947012,8.119129,13.441149,0.515654,0.069272,-0.853992,50.00,False
98.695532,-19.341693,12.766802,0.865358,0.174065,-0.469954,50.00,False
94.777984,-24.422144,17.413393,0.081849,0.190483,0.978273,50.00,False
90.474214,2.392025,6.849238,-0.778905,0.119502,-0.615651,50.00,False
97.607625,3.195454,11.073069,0.647777,0.144382,0.748023,50.00,False
98.746768,-13.013606,2.350563,0.875605,0.072403,-0.477570,50.00,False
98.855755,-20.419905,0.023320,0.897403,0.121648,-0.424111,50.00,False
97.491630,-18.353122,3.433242,0.624578,0.080704,0.776781,50.00,False
97.523863,-4.029245,-6.321570,0.631024,0.415241,-0.655273,50.00,False
99.225257,8.115717,-4.610662,0.971303,0.119205,0.205816,50.00,False
96.629362,-20.277646,-12.680920,0.452124,0.068411,-0.889328,50.00,False
95.773801,-22.887412,-6.109751,0.281012,0.173918,0.943814,50.00,False
90.044212,-4.242939,-10.933376,-0.864906,0.062748,0.497997,50.00,False
90.355169,15.252312,-13.148866,-0.802714,0.162467,0.573807,50.00,False
96.269116,-8.465065,-23.226280,0.380075,0.063575,-0.922768,50.00,False
96.099880,-8.512035,-16.536177,0.346228,0.086436,0.934160,50.00,False
92.182445,1.602583,-28.264831,-0.437259,0.109350,-0.892663,50.00,False
97.840232,-0.994220,-23.250714,0.694298,0.349604,0.629068,50.00,False
96.577385,4.021213,-25.394663,0.441729,0.536327,0.719186,50.00,False
96.488573,7.360417,-28.002876,0.423967,0.554030,0.716451,50.00,False
95.410838,10.988878,-30.357640,0.208419,0.610118,0.764407,50.00,False
94.721971,14.343229,-33.042118,0.070646,0.661716,0.746419,50.00,False
94.316974,17.334169,-35.846362,-0.010353,0.709651,0.704478,50.00,False
94.050902,19.973372,-38.713645,-0.063568,0.757332,0.649929,50.00,False
93.846359,22.266538,-41.640365,-0.104476,0.805370,0.583493,50.00,False
93.664643,24.207049,-44.631459,-0.140820,0.852039,0.504182,50.00,False
93.487371,25.781573,-47.687230,-0.176274,0.894000,0.411935,50.00,False
93.308695,26.976335,-50.798136,-0.212009,0.927243,0.308662,50.00,False
93.130956,27.783719,-53.943473,-0.247557,0.948321,0.198502,50.00,False
92.960695,28.208140,-57.094584,-0.281609,0.955560,0.087188,50.00,False
92.804837,28.268483,-60.221818,-0.312781,0.949628,-0.019351,50.00,False
92.668018,27.995624,-63.301732,-0.340145,0.933138,-0.116426,50.00,False
92.551777,27.426730,-66.320947,-0.363393,0.909615,-0.201361,50.00,False
92.455169,26.599621,-69.275800,-0.382714,0.882479,-0.273424,50.00,False
92.375901,25.549240,-72.169503,-0.398568,0.854449,-0.333257,50.00,False
92.311290,24.306359,-75.008948,-0.411490,0.827387,-0.382238,50.00,False
92.258822,22.897670,-77.802258,-0.421984,0.802404,-0.421992,50.00,False
92.216387,21.346388,-80.557342,-0.430471,0.780056,-0.454101,50.00,False
92.182307,19.672890,-83.281237,-0.437287,0.760531,-0.479972,50.00,False
92.155292,17.895240,-85.979877,-0.442690,0.743796,-0.500792,50.00,False
92.134354,16.029547,-88.658130,-0.446877,0.729697,-0.517535,50.00,False
96.297696,18.462098,-88.646016,-0.414209,0.750393,-0.515112,200.00,True
96.297696,18.462098,-88.646016,-0.414209,0.750393,-0.515112,50.00,False
96.312917,20.268607,-85.950317,-0.411165,0.765530,-0.494880,50.00,False
96.333006,21.975660,-83.231652,-0.407147,0.783122,-0.470055,50.00,False
96.358915,23.566742,-80.485024,-0.401965,0.803208,-0.439638,50.00,False
96.391936,25.023436,-77.704563,-0.395361,0.825664,-0.402453,50.00,False
96.433769,26.325069,-74.883639,-0.386994,0.850094,-0.357176,50.00,False
96.486551,27.448262,-72.015316,-0.376438,0.875692,-0.302419,50.00,False
96.552766,28.366464,-69.093291,-0.363195,0.901087,-0.236922,50.00,False
96.634929,29.049748,-66.113566,-0.346762,0.924225,-0.159885,50.00,False
96.734931,29.465372,-63.076762,-0.326762,0.942403,-0.071432,50.00,False
96.853049,29.579730,-59.990556,-0.303138,0.952567,0.026901,50.00,False
96.986930,29.361958,-56.870947,-0.276362,0.951957,0.131916,50.00,False
97.131174,28.788331,-53.740818,-0.247513,0.938936,0.239033,50.00,False
97.278066,27.845287,-50.625397,-0.218135,0.913578,0.343210,50.00,False
97.419467,26.529035,-47.546388,-0.189855,0.877647,0.440104,50.00,False
97.548747,24.841595,-44.517726,-0.163999,0.833937,0.526928,50.00,False
97.661151,22.785334,-41.544802,-0.141518,0.785391,0.602605,50.00,False
97.750212,20.358330,-38.626741,-0.123706,0.734435,0.667310,50.00,False
97.795985,17.551281,-35.760062,-0.114551,0.682622,0.721738,50.00,False
97.736858,14.344013,-32.944021,-0.126377,0.630249,0.766038,50.00,False
97.417931,10.701221,-30.202706,-0.190162,0.575489,0.795393,50.00,False
96.541774,6.607436,-27.702581,-0.365393,0.513341,0.776511,50.00,False
94.580418,2.623595,-26.779347,-0.757664,0.479958,0.442249,50.00,False
101.760363,0.668588,-22.781050,0.678324,0.130940,0.723001,50.00,False
100.966015,-4.086151,-28.039947,0.519455,0.107680,-0.847686,50.00,False
95.111337,-7.363177,-17.432778,-0.651481,0.076089,0.754840,50.00,False
95.972663,-18.122784,-22.978219,-0.479216,0.089167,-0.873156,50.00,False
101.418084,-9.161401,-12.148405,0.609869,0.170707,0.773899,50.00,False
94.517844,12.739712,-10.351402,-0.770179,0.171309,0.614392,50.00,False
93.625921,-6.516632,-12.370092,-0.948564,0.072151,-0.308254,50.00,False
93.423856,15.096717,-8.882763,-0.988977,0.071438,-0.129696,50.00,False
93.513244,15.538431,-6.730066,-0.971099,0.097025,-0.218065,50.00,False
102.538332,6.871997,-0.304458,0.833918,0.064131,0.548149,50.00,False
101.303133,-10.208491,3.560975,0.586878,0.108828,0.802328,50.00,False
101.023894,9.221191,-2.039113,0.531031,0.134578,-0.836597,50.00,False
103.355348,1.091277,4.742087,0.997321,0.073140,0.000735,50.00,False
102.790439,-12.585175,5.333425,0.884340,0.240872,-0.399905,50.00,False
96.650141,-0.115018,14.614617,-0.343720,0.055593,0.937425,50.00,False
94.449670,-26.948474,9.452584,-0.783814,0.093677,-0.613889,50.00,False
97.678730,-4.467010,20.032637,-0.138002,0.119359,0.983214,50.00,False
100.270164,8.131620,13.092419,0.380285,0.045737,-0.923738,50.00,False
97.993726,23.207253,25.245087,-0.075003,0.135838,0.987888,50.00,False
97.582532,-4.891110,27.794389,-0.157242,0.130943,0.978841,50.00,False
103.131049,-16.627216,24.041842,0.952462,0.091555,-0.290577,50.00,False
102.244913,1.166818,24.961240,0.775234,0.087351,-0.625605,50.00,False
95.486634,8.730220,34.714733,-0.576421,0.133428,0.806186,50.00,False
93.704922,1.797267,31.854328,-0.932764,0.220996,-0.284803,50.00,False
97.972860,-2.273723,40.646152,-0.079176,0.286996,0.954654,50.00,False
100.319646,-7.325163,42.283085,0.390181,0.515157,0.763133,50.00,False
101.523062,-8.658404,42.711428,0.630864,0.702268,0.329894,50.00,False
101.655760,-9.031677,43.959424,0.657404,0.751099,0.060585,50.00,False
101.565006,-8.901593,45.830872,0.639253,0.764391,-0.084033,50.00,False
101.443599,-8.425159,47.892162,0.614972,0.765147,-0.190683,50.00,False
101.321001,-7.659649,50.032062,0.590452,0.756348,-0.281611,50.00,False
101.207383,-6.622612,52.239702,0.567728,0.740817,-0.358990,50.00,False
101.108878,-5.326124,54.515680,0.548027,0.721795,-0.422703,50.00,False
101.028242,-3.787088,56.854880,0.531900,0.701872,-0.473771,50.00,False
100.965529,-2.027486,59.248132,0.519358,0.682673,-0.514028,50.00,False
100.919214,-0.071950,61.685554,0.510095,0.665046,-0.545452,50.00,False
100.887105,2.054486,64.158312,0.503673,0.649333,-0.569808,50.00,False
104.608488,-0.672924,64.100557,0.447949,0.679237,-0.581359,200.00,True
104.608488,-0.672924,64.100557,0.447949,0.679237,-0.581359,50.00,False
104.604822,-2.727896,61.618907,0.447216,0.698399,-0.558781,50.00,False
104.606030,-4.610298,59.170749,0.447458,0.720699,-0.529505,50.00,False
104.609982,-6.291462,56.765661,0.448248,0.746585,-0.491614,50.00,False
104.610742,-7.738605,54.416534,0.448400,0.776597,-0.442532,50.00,False
104.594386,-8.913433,52.141154,0.445129,0.811447,-0.378700,50.00,False
104.530439,-9.769935,49.965517,0.432340,0.852118,-0.294920,50.00,False
104.354690,-10.253732,47.931283,0.397190,0.899335,-0.182859,50.00,False
103.939503,-10.318902,46.106904,0.314152,0.948935,-0.028827,50.00,False
103.093751,-10.012400,44.558884,0.145002,0.972832,0.180477,50.00,False
101.870682,-9.539711,43.146157,-0.099612,0.903506,0.416839,50.00,False
101.271019,-8.743433,41.698402,-0.219544,0.730911,0.646196,50.00,False
102.181264,-7.078200,40.614054,-0.037495,0.315350,0.948235,50.00,False
107.249719,4.765485,33.028174,0.976196,0.211042,-0.050034,50.00,False
99.059962,-7.118935,34.333283,-0.661756,0.171263,0.729896,50.00,False
105.531497,-17.521706,24.258082,0.632551,0.112962,-0.766237,50.00,False
105.376985,-20.684140,21.849543,0.601649,0.326381,-0.729036,50.00,False
99.811626,-21.615180,26.325676,-0.511423,0.518736,0.685098,50.00,False
105.316281,-11.716680,24.319670,0.589508,0.089361,0.802804,50.00,False
97.901337,1.256501,15.662943,-0.893481,0.184100,-0.409633,50.00,False
106.816784,-11.345516,13.112673,0.889609,0.219026,-0.400779,50.00,False
106.303024,13.305991,15.500610,0.786857,0.161180,0.595716,50.00,False
107.326266,5.857478,9.339365,0.991505,0.055517,-0.117625,50.00,False
97.738093,2.627731,5.478557,-0.926130,0.068795,-0.370879,50.00,False
101.314814,-29.800748,-0.050373,-0.210785,0.195629,-0.957757,50.00,False
106.822397,-22.635137,4.389929,0.890731,0.069336,0.449211,50.00,False
104.267239,8.897386,4.162875,0.379700,0.066620,0.922708,50.00,False
106.544137,20.203353,-5.621092,0.835079,0.192963,-0.515178,50.00,False
105.910442,-1.154156,-9.144943,0.708340,0.082444,-0.701040,50.00,False
107.352314,-12.473876,-8.254321,0.996715,0.080895,-0.004008,50.00,False
105.590374,2.726873,-7.020726,0.644327,0.069135,0.761619,50.00,False
107.289868,22.045402,-13.560902,0.984225,0.174767,-0.027508,50.00,False
105.200889,10.047330,-20.075678,0.566430,0.143299,-0.811556,50.00,False
106.965267,-14.322459,-20.466544,0.919305,0.131794,-0.370821,50.00,False
100.355166,17.011323,-16.750660,-0.402715,0.208494,0.891264,50.00,False
99.066875,-3.303146,-27.519559,-0.660373,0.104659,-0.743609,50.00,False
104.057311,-3.500312,-22.327897,0.337714,0.473236,0.813632,50.00,False
101.352085,6.969477,-25.265617,-0.203331,0.635325,0.744995,50.00,False
101.855968,10.262239,-28.113437,-0.102555,0.712303,0.694339,50.00,False
101.663793,12.708021,-30.547236,-0.140990,0.672561,0.726487,50.00,False
101.617895,15.538196,-33.117653,-0.150169,0.665306,0.731312,50.00,False
101.615049,18.438980,-35.841838,-0.150738,0.692613,0.705383,50.00,False
101.604366,21.141554,-38.655152,-0.152875,0.734083,0.661628,50.00,False
101.568022,23.546955,-41.532702,-0.160144,0.779935,0.605025,50.00,False
101.501427,25.624702,-44.467339,-0.173463,0.825552,0.537006,50.00,False
101.407261,27.364247,-47.457454,-0.192296,0.867962,0.457891,50.00,False
101.292711,28.758517,-50.499500,-0.215206,0.904420,0.368389,50.00,False
101.167458,29.801595,-53.583500,-0.240257,0.932260,0.270497,50.00,False
101.041771,30.491931,-56.691925,-0.265394,0.949440,0.167720,50.00,False
100.924568,30.836231,-59.802149,-0.288835,0.955198,0.064583,50.00,False
100.821920,30.851085,-62.891356,-0.309364,0.950323,-0.034351,50.00,False
100.736517,30.561384,-65.941339,-0.326445,0.936856,-0.125439,50.00,False
100.668209,29.996731,-68.941071,-0.340106,0.917439,-0.206478,50.00,False
100.615055,29.187743,-71.886609,-0.350737,0.894669,-0.276678,50.00,False
100.574382,28.163538,-74.779364,-0.358872,0.870689,-0.336321,50.00,False
100.543540,26.950591,-77.623919,-0.365040,0.847053,-0.386324,50.00,False
100.520258,25.572528,-80.426246,-0.369697,0.824768,-0.427882,50.00,False
100.502765,24.050365,-83.192541,-0.373195,0.804404,-0.462233,50.00,False
100.489757,22.402875,-85.928575,-0.375797,0.786228,-0.490532,50.00,False
100.480307,20.646929,-88.639420,-0.377687,0.770305,-0.513793,50.00,False
104.686808,22.575555,-88.639631,-0.336387,0.789188,-0.513836,200.00,True
104.686808,22.575555,-88.639631,-0.336387,0.789188,-0.513836,50.00,False
104.690843,24.290313,-85.916388,-0.335580,0.805698,-0.488095,50.00,False
104.696972,25.889963,-83.166097,-0.334354,0.824263,-0.456944,50.00,False
104.706032,27.357314,-80.383586,-0.332542,0.844726,-0.419350,50.00,False
104.719320,28.673197,-77.563130,-0.329884,0.866704,-0.374166,50.00,False
104.738683,29.816134,-74.698824,-0.326012,0.889483,-0.320213,50.00,False
104.766607,30.762037,-71.785405,-0.320427,0.911903,-0.256437,50.00,False
104.806142,31.484165,-68.819589,-0.312520,0.932277,-0.182182,50.00,False
104.860559,31.953664,-65.801976,-0.301636,0.948418,-0.097567,50.00,False
104.932604,32.141247,-62.739088,-0.287227,0.957855,-0.003897,50.00,False
105.023434,32.020208,-59.644678,-0.269061,0.958319,0.096077,50.00,False
105.131415,31.570350,-56.539044,-0.247465,0.948388,0.198296,50.00,False
105.251451,30.781364,-53.445710,-0.223458,0.928025,0.298055,50.00,False
105.375130,29.653820,-50.386334,-0.198722,0.898672,0.391023,50.00,False
105.491799,28.196893,-47.375945,-0.175388,0.862775,0.474192,50.00,False
105.590400,26.423269,-44.420346,-0.155668,0.822927,0.546404,50.00,False
105.662756,24.342010,-41.515795,-0.141197,0.780964,0.608407,50.00,False
105.711197,21.948694,-38.649489,-0.131509,0.737194,0.662760,50.00,False
105.766504,19.209130,-35.798708,-0.120447,0.689699,0.714009,50.00,False
105.922587,16.024491,-32.928868,-0.089231,0.632907,0.769069,50.00,False
106.372258,12.138226,-30.012159,0.000703,0.552515,0.833503,50.00,False
107.358249,6.933276,-27.162882,0.197902,0.422590,0.884450,50.00,False
109.527378,-0.042073,-25.426775,0.631727,0.304775,0.712764,50.00,False
102.543586,2.182370,-29.536991,-0.765031,0.141805,-0.628187,50.00,False
110.232622,9.328602,-20.821900,0.772776,0.218386,0.595923,50.00,False
111.271350,-2.103078,-21.994449,0.980522,0.117357,-0.157494,50.00,False
110.510020,-4.508072,-15.834337,0.828256,0.072652,0.555620,50.00,False
109.359371,-28.172385,-12.058026,0.598126,0.122562,0.791975,50.00,False
109.135744,-29.680389,-17.562045,0.553401,0.092733,-0.827737,50.00,False
104.890885,17.567051,-15.582203,-0.295571,0.094086,-0.950676,50.00,False
102.270842,14.778410,-5.451295,-0.819580,0.135971,0.556597,50.00,False
111.246882,1.027286,-4.577474,0.975628,0.054892,0.212454,50.00,False
104.066490,8.390508,-7.464036,-0.460450,0.083322,-0.883766,50.00,False
110.676006,12.259591,2.060140,0.861453,0.075716,0.502161,50.00,False
101.565446,4.193383,0.845440,-0.960659,0.098473,-0.259687,50.00,False
107.345959,3.503463,9.615791,0.195444,0.101238,0.975476,50.00,False
106.463217,0.670108,2.364614,0.018895,0.110760,-0.993668,50.00,False
101.619504,-0.293872,11.465478,-0.949847,0.056336,0.307597,50.00,False
101.490354,6.473870,11.922495,-0.975677,0.183510,-0.119907,50.00,False
105.691667,-19.501446,20.052510,-0.135415,0.084393,0.987188,50.00,False
111.122441,-31.704172,18.357923,0.950740,0.281706,0.129363,50.00,False
108.949208,-27.571878,16.075587,0.516093,0.133832,-0.846012,50.00,False
105.604502,1.033211,18.009956,-0.152848,0.141646,-0.978046,50.00,False
101.984696,0.667652,27.867563,-0.876809,0.077405,0.474567,50.00,False
102.626040,-17.053950,29.821135,-0.748540,0.565431,0.346374,50.00,False
107.127555,-16.321790,35.157192,0.151763,0.420143,0.894678,50.00,False
105.842091,-12.961334,28.385222,-0.105330,0.176637,-0.978624,50.00,False
110.133923,-0.484644,34.505582,0.753036,0.598461,-0.273460,50.00,False
105.075654,-5.908645,42.750590,-0.258617,0.446425,0.856634,50.00,False
105.169053,-9.142948,44.808591,-0.239938,0.617203,0.749326,50.00,False
105.803566,-10.388741,46.332063,-0.113035,0.837184,0.535113,50.00,False
106.610618,-10.823840,47.427661,0.048375,0.970712,0.235325,50.00,False
107.240697,-10.999050,48.670424,0.174391,0.984053,-0.035031,50.00,False
107.626627,-10.839959,50.321535,0.251577,0.941626,-0.223716,50.00,False
107.853540,-10.275035,52.296879,0.296960,0.889393,-0.347555,50.00,False
107.994510,-9.334557,54.475435,0.325154,0.841860,-0.430752,50.00,False
108.090287,-8.075872,56.779115,0.344309,0.801502,-0.488924,50.00,False
108.162080,-6.552045,59.163347,0.358668,0.767732,-0.530985,50.00,False
108.221034,-4.806755,61.602320,0.370459,0.739463,-0.562098,50.00,False
108.273106,-2.875600,64.080310,0.380873,0.715705,-0.585408,50.00,False
111.905670,-4.547110,64.119712,0.307386,0.756291,-0.577528,200.00,True
111.905670,-4.547110,64.119712,0.307386,0.756291,-0.577528,50.00,False
111.800464,-6.310521,61.661498,0.286345,0.784358,-0.550263,50.00,False
111.677957,-7.872826,59.253243,0.261843,0.817474,-0.513006,50.00,False
111.531488,-9.196923,56.916988,0.232549,0.856200,-0.461349,50.00,False
111.353019,-10.241368,54.687365,0.196856,0.900233,-0.388366,50.00,False
111.136162,-10.965372,52.617522,0.153484,0.946632,-0.283426,50.00,False
110.886633,-11.342772,50.779285,0.103578,0.985801,-0.132166,50.00,False
110.647811,-11.383099,49.230943,0.055814,0.995462,0.077073,50.00,False
110.533535,-11.109507,47.909079,0.032959,0.942841,0.331608,50.00,False
110.694493,-10.392023,46.518023,0.065150,0.817449,0.572305,50.00,False
111.146466,-8.802050,44.682944,0.155545,0.671822,0.724197,50.00,False
111.634438,-6.026602,42.250686,0.253139,0.602824,0.756653,50.00,False
112.867198,-1.618382,38.844758,0.499691,0.630100,0.594375,50.00,False
113.202135,-13.807058,29.388896,0.566679,0.271594,-0.777889,50.00,False
111.929725,4.481501,35.409743,0.312197,0.095672,0.945188,50.00,False
105.748288,15.580411,27.029213,-0.924091,0.317975,-0.212010,50.00,False
105.817856,11.941653,23.806960,-0.910177,0.240074,-0.337553,50.00,False
114.379236,12.577062,20.272229,0.802099,0.283532,-0.525591,50.00,False
112.145010,-23.884641,15.695641,0.355254,0.153975,-0.922001,50.00,False
109.796497,10.093565,22.653316,-0.114449,0.099422,0.988442,50.00,False
108.162925,-6.438307,10.685770,-0.441163,0.141760,-0.886160,50.00,False
115.326694,-0.850749,12.074660,0.991591,0.093502,-0.089474,50.00,False
115.147524,-7.459729,8.477501,0.955757,0.049301,-0.289998,50.00,False
114.890542,-7.489834,9.414519,0.904360,0.093892,0.416313,50.00,False
105.670017,-11.076309,6.410812,-0.939745,0.070731,0.334480,50.00,False
113.467049,3.022286,-1.758911,0.619662,0.082160,-0.780557,50.00,False
106.376522,-38.329423,-3.320439,-0.798444,0.181833,-0.573955,50.00,False
110.808621,-3.518260,1.928976,0.087976,0.050612,0.994836,50.00,False
105.408807,13.731840,-5.482215,-0.991987,0.122350,0.031506,50.00,False
105.659953,11.423673,-9.851932,-0.941758,0.091767,-0.323530,50.00,False
114.032930,-3.271597,-14.218942,0.732838,0.056850,-0.678024,50.00,False
110.195859,-18.207240,-14.832115,-0.034576,0.958864,-0.281751,50.00,False
106.487435,-26.139078,-13.167835,-0.776261,0.269266,0.570013,50.00,False
108.745804,7.145922,-13.900123,-0.324587,0.080040,0.942463,50.00,False
111.117427,-4.426476,-26.118302,0.149737,0.112847,-0.982265,50.00,False
106.845231,-5.441543,-20.397414,-0.704702,0.199696,0.680821,50.00,False
110.359152,1.902328,-21.583450,-0.001918,0.271200,0.962521,50.00,False
109.738683,6.950636,-26.861002,-0.126012,0.895943,0.425918,50.00,False
108.943468,8.725833,-27.508389,-0.285055,0.503935,0.815349,50.00,False
109.477377,13.042541,-30.166156,-0.178273,0.569110,0.802703,50.00,False
109.847070,16.751521,-32.986390,-0.104334,0.644368,0.757564,50.00,False
110.000809,19.852645,-35.812780,-0.073586,0.699134,0.711194,50.00,False
110.005776,22.543633,-38.625310,-0.072593,0.740976,0.667596,50.00,False
109.925163,24.935267,-41.453887,-0.088716,0.778942,0.620788,50.00,False
109.800152,27.058265,-44.326080,-0.113718,0.817039,0.565258,50.00,False
109.655850,28.904101,-47.257317,-0.142578,0.855423,0.497918,50.00,False
109.508397,30.450829,-50.251819,-0.172069,0.892037,0.417925,50.00,False
109.369093,31.676042,-53.303509,-0.199930,0.923812,0.326495,50.00,False
109.246027,32.563854,-56.396847,-0.224543,0.947719,0.226735,50.00,False
109.144247,33.109131,-59.509311,-0.244899,0.961696,0.123150,50.00,False
109.065544,33.319224,-62.615982,-0.260639,0.965214,0.020724,50.00,False
109.008718,33.212725,-65.694756,-0.272005,0.959280,-0.076123,50.00,False
108.970463,32.815909,-68.730027,-0.279656,0.945943,-0.164269,50.00,False
108.946527,32.158445,-71.713726,-0.284443,0.927620,-0.242101,50.00,False
108.932738,31.269982,-74.644198,-0.287201,0.906563,-0.309288,50.00,False
108.925591,30.178159,-77.524121,-0.288630,0.884573,-0.366365,50.00,False
108.922445,28.907843,-80.358522,-0.289259,0.862933,-0.414337,50.00,False
108.921491,27.481110,-83.153280,-0.289450,0.842471,-0.454381,50.00,False
108.921575,25.917535,-85.914231,-0.289433,0.823658,-0.487663,50.00,False
108.922047,24.234573,-88.646694,-0.289339,0.806723,-0.515248,50.00,False
113.190829,25.605437,-88.659102,-0.235582,0.822470,-0.517730,200.00,True
113.190829,25.605437,-88.659102,-0.235582,0.822470,-0.517730,50.00,False
113.187519,27.265209,-85.920998,-0.236244,0.839673,-0.489017,50.00,False
113.182647,28.803776,-83.153537,-0.237219,0.858614,-0.454432,50.00,False
113.176490,30.203587,-80.351206,-0.238450,0.879020,-0.412874,50.00,False
113.169808,31.444763,-77.507933,-0.239787,0.900356,-0.363127,50.00,False
113.164074,32.504627,-74.617545,-0.240933,0.921716,-0.303957,50.00,False
113.161731,33.357304,-71.674709,-0.241402,0.941716,-0.234298,50.00,False
113.166408,33.973645,-68.676482,-0.240467,0.958434,-0.153560,50.00,False
113.182975,34.321932,-65.624421,-0.237153,0.969488,-0.062056,50.00,False
113.217215,34.369901,-62.526828,-0.230305,0.972354,0.038555,50.00,False
113.275063,34.088336,-59.400001,-0.218736,0.964949,0.145012,50.00,False
113.361524,33.455588,-56.267230,-0.201443,0.946353,0.252659,50.00,False
113.479762,32.461482,-53.155008,-0.177796,0.917340,0.356195,50.00,False
113.630751,31.109022,-50.087787,-0.147598,0.880372,0.450732,50.00,False
113.813539,29.413798,-47.083723,-0.111040,0.839028,0.532637,50.00,False
114.025216,27.402671,-44.153229,-0.068705,0.797174,0.599828,50.00,False
114.259236,25.113521,-41.300044,-0.021901,0.758284,0.651557,50.00,False
114.500129,22.595967,-38.522431,0.026278,0.725072,0.688172,50.00,False
114.712719,19.908956,-35.810643,0.068796,0.699187,0.711622,50.00,False
114.827580,17.098051,-33.133887,0.091768,0.679338,0.728065,50.00,False
114.755807,14.091984,-30.407917,0.077413,0.651891,0.754351,50.00,False
114.644553,10.402195,-27.478297,0.055162,0.567726,0.821367,50.00,False
115.770418,3.449023,-24.384839,0.280335,0.269986,0.921151,50.00,False
111.170953,4.620530,-29.988978,-0.639558,0.273134,-0.718585,50.00,False
109.676590,-1.105062,-22.318052,-0.938430,0.176981,0.296693,50.00,False
110.592348,-13.978328,-17.994448,-0.755279,0.129385,0.642506,50.00,False
109.541259,-13.909538,-19.775501,-0.965496,0.117081,-0.232612,50.00,False
109.737177,-19.349092,-17.699944,-0.926313,0.169629,-0.336409,50.00,False
109.462437,-2.772497,-12.657200,-0.981261,0.116822,0.153232,50.00,False
111.976572,-9.284030,-15.140091,-0.478434,0.166190,-0.862254,50.00,False
115.355600,5.304547,-13.076298,0.197372,0.152446,-0.968403,50.00,False
109.521935,17.196667,-4.738773,-0.969361,0.166940,0.180194,50.00,False
110.323829,6.343293,-0.154068,-0.808982,0.105834,0.578227,50.00,False
109.511000,-2.382668,0.654860,-0.971548,0.084892,0.221105,50.00,False
119.214924,-13.520378,3.205170,0.969237,0.124605,0.212259,50.00,False
119.112564,-15.512300,6.294818,0.948765,0.054314,0.311281,50.00,False
112.475758,-4.623859,2.716652,-0.378597,0.065234,-0.923260,50.00,False
109.743380,-3.878866,11.813446,-0.925072,0.044367,0.377191,50.00,False
110.463725,8.082602,9.416779,-0.781003,0.065808,-0.621050,50.00,False
113.627492,-8.415219,20.052239,-0.148250,0.059903,0.987134,50.00,False
116.469670,-6.237891,13.184593,0.420186,0.062212,-0.905303,50.00,False
109.502337,13.271209,19.341066,-0.973281,0.124531,-0.192916,50.00,False
111.852568,16.116309,26.998444,-0.503235,0.273727,0.819652,50.00,False
118.943640,-9.480855,27.440712,0.914980,0.106477,0.389197,50.00,False
118.711351,-16.294672,30.540392,0.868522,0.073133,0.490226,50.00,False
113.359892,-18.523305,26.320721,-0.201770,0.444780,-0.872617,50.00,False
117.074802,-3.401888,29.097508,0.541212,0.088961,-0.836167,50.00,False
115.341825,-7.871775,40.670263,0.194617,0.203788,0.959476,50.00,False
116.677754,-7.776081,41.253003,0.461803,0.690188,0.557116,50.00,False
114.833855,-9.086030,43.866795,0.093023,0.822595,0.560967,50.00,False
114.181094,-10.279556,45.902275,-0.037529,0.892665,0.449155,50.00,False
113.961711,-11.036100,47.720752,-0.081406,0.952350,0.293943,50.00,False
114.007063,-11.393722,49.424905,-0.072336,0.990627,0.115866,50.00,False
114.213162,-11.427973,51.148085,-0.031116,0.997808,-0.058406,50.00,False
114.483141,-11.169620,52.996034,0.022880,0.977920,-0.207724,50.00,False
114.752875,-10.617355,55.006498,0.076827,0.942747,-0.324539,50.00,False
114.994701,-9.774086,57.165818,0.125192,0.902733,-0.411583,50.00,False
115.203187,-8.658691,59.442081,0.166889,0.863885,-0.475238,50.00,False
115.381895,-7.300392,61.804432,0.202631,0.828731,-0.521676,50.00,False
115.536457,-5.731223,64.228900,0.233543,0.797914,-0.555690,50.00,False
119.197488,-6.505676,64.405119,0.165749,0.837653,-0.520446,200.00,True
119.197488,-6.505676,64.405119,0.165749,0.837653,-0.520446,50.00,False
119.005930,-7.871992,62.022150,0.127438,0.868993,-0.478132,50.00,False
118.789707,-9.024876,59.711632,0.084193,0.902992,-0.421328,50.00,False
118.545461,-9.938405,57.496714,0.035344,0.937788,-0.345404,50.00,False
118.271840,-10.592756,55.401550,-0.019380,0.969196,-0.245529,50.00,False
117.972844,-10.979814,53.439810,-0.079179,0.989736,-0.118969,50.00,False
117.660917,-11.101815,51.593385,-0.141565,0.989454,0.030654,50.00,False
117.353195,-10.953402,49.795200,-0.203109,0.960560,0.189925,50.00,False
117.054736,-10.499775,47.951379,-0.262801,0.902934,0.340068,50.00,False
116.741857,-9.693842,46.021045,-0.325377,0.818833,0.472909,50.00,False
116.402660,-8.520656,44.132110,-0.393216,0.684360,0.614030,50.00,False
116.279261,-6.526438,42.442966,-0.417896,0.439505,0.795109,50.00,False
116.851487,-0.055469,40.357137,-0.303451,0.321832,0.896851,50.00,False
121.735643,-2.611360,36.407259,0.673380,0.393642,0.625783,50.00,False
120.710667,-12.288587,26.636580,0.468385,0.354139,-0.809445,50.00,False
122.367229,4.470508,31.064592,0.799698,0.079879,0.595066,50.00,False
122.111048,11.537046,22.234627,0.748461,0.121144,-0.652020,50.00,False
121.040436,-20.258927,18.685457,0.534339,0.062642,-0.842946,50.00,False
123.201910,-25.830389,21.392296,0.966634,0.135598,0.217330,50.00,False
117.043058,-22.688564,22.511513,-0.265137,0.089147,0.960081,50.00,False
122.410580,1.744374,12.201356,0.808368,0.081257,-0.583043,50.00,False
123.268454,-10.038046,13.497312,0.979943,0.040812,0.195056,50.00,False
121.866915,5.686210,13.485994,0.699635,0.063193,0.711701,50.00,False
115.779044,9.912762,3.079751,-0.517939,0.090277,-0.850640,50.00,False
115.441806,3.316185,8.772930,-0.585387,0.078924,0.806903,50.00,False
114.077951,11.553453,-0.393674,-0.858158,0.077452,-0.507510,50.00,False
116.641639,-18.321871,-5.110316,-0.345420,0.110412,-0.931930,50.00,False
123.228104,-22.858853,-2.081768,0.971873,0.135408,0.192687,50.00,False
122.878500,-8.347236,-3.505897,0.901952,0.065963,0.426769,50.00,False
123.197161,-1.785860,-9.410122,0.965684,0.110229,-0.235168,50.00,False
115.463624,-14.023097,-14.860067,-0.581023,0.111238,-0.806249,50.00,False
119.919742,-0.852689,-8.689381,0.310200,0.085753,0.946796,50.00,False
118.853921,-0.451134,-20.972272,0.097036,0.093550,-0.990875,50.00,False
114.002598,-2.038276,-20.264265,-0.873229,0.358233,-0.330365,50.00,False
115.412383,-11.465236,-17.258820,-0.591272,0.163951,0.789631,50.00,False
115.889664,-5.771427,-27.874633,-0.495815,0.300926,-0.814623,50.00,False
122.962960,0.495500,-25.122767,0.918844,0.301456,0.254658,50.00,False
117.131559,5.087124,-24.982512,-0.247436,0.544230,0.801617,50.00,False
120.217088,8.592796,-27.896160,0.369669,0.564804,0.737795,50.00,False
120.238327,11.973428,-30.526416,0.373917,0.571257,0.730651,50.00,False
119.715960,15.409780,-33.004728,0.269444,0.599199,0.753897,50.00,False
119.179348,18.772642,-35.574558,0.162121,0.630778,0.758839,50.00,False
118.725310,21.968316,-38.261633,0.071314,0.668449,0.740331,50.00,False
118.358853,24.909272,-41.051166,-0.001978,0.712831,0.701333,50.00,False
118.067731,27.532482,-43.930906,-0.060202,0.762406,0.644292,50.00,False
117.839976,29.798063,-46.893551,-0.105753,0.814341,0.570671,50.00,False
117.666711,31.681884,-49.931727,-0.140406,0.864879,0.481944,50.00,False
117.541389,33.170447,-53.032959,-0.165470,0.909813,0.380605,50.00,False
117.458179,34.259825,-56.177154,-0.182112,0.945289,0.270674,50.00,False
117.410624,34.957058,-59.337934,-0.191623,0.968761,0.157426,50.00,False
117.391155,35.281071,-62.487416,-0.195517,0.979600,0.046437,50.00,False
117.391617,35.260941,-65.601954,-0.195425,0.979028,-0.057563,50.00,False
117.404303,34.931780,-68.665848,-0.192888,0.969465,-0.151433,50.00,False
117.422869,34.330108,-71.671963,-0.189174,0.953716,-0.233749,50.00,False
117.442708,33.490412,-74.619971,-0.185207,0.934352,-0.304443,50.00,False
117.460884,32.443463,-77.513861,-0.181571,0.913405,-0.364313,50.00,False
117.475804,31.215939,-80.359701,-0.178587,0.892321,-0.414573,50.00,False
117.486827,29.830792,-83.164129,-0.176383,0.872038,-0.456551,50.00,False
117.493905,28.307854,-85.933488,-0.174967,0.853112,-0.491515,50.00,False
117.497360,26.664425,-88.673432,-0.174276,0.835828,-0.520596,50.00,False
121.844244,27.383056,-88.683992,-0.104899,0.846034,-0.522708,200.00,True
121.844244,27.383056,-88.683992,-0.104899,0.846034,-0.522708,50.00,False
121.844548,29.013986,-85.945857,-0.104839,0.863125,-0.493988,50.00,False
121.839380,30.527598,-83.179280,-0.105872,0.881803,-0.459581,50.00,False
121.827672,31.907354,-80.378686,-0.108214,0.901807,-0.418370,50.00,False
121.808452,33.134137,-77.537643,-0.112058,0.922622,-0.369069,50.00,False
121.781057,34.185514,-74.649164,-0.117537,0.943351,-0.310281,50.00,False
121.745456,35.034925,-71.706349,-0.124657,0.962580,-0.240626,50.00,False
121.702737,35.650919,-68.703777,-0.133201,0.978249,-0.159019,50.00,False
121.655695,35.996936,-65.639671,-0.142609,0.987635,-0.065106,50.00,False
121.609340,36.032316,-62.518718,-0.151880,0.987582,0.040177,50.00,False
121.571083,35.715202,-59.354586,-0.159532,0.975092,0.154095,50.00,False
121.550191,35.007185,-56.170333,-0.163710,0.948259,0.272038,50.00,False
121.556533,33.877959,-52.995210,-0.162442,0.907165,0.388155,50.00,False
121.599165,32.307375,-49.858268,-0.153915,0.854203,0.496636,50.00,False
121.685617,30.283615,-46.781841,-0.136625,0.793517,0.593013,50.00,False
121.822397,27.799489,-43.778452,-0.109269,0.729882,0.674783,50.00,False
122.016326,24.850971,-40.852382,-0.070483,0.667697,0.741089,50.00,False
122.275554,21.442319,-38.004659,-0.018637,0.610592,0.791726,50.00,False
122.607974,17.603401,-35.239834,0.047847,0.561954,0.825783,50.00,False
123.011146,13.433611,-32.573961,0.128481,0.527075,0.840050,50.00,False
123.430868,9.216668,-30.044314,0.212425,0.520411,0.827072,50.00,False
123.544337,5.827679,-27.799277,0.235119,0.609435,0.757171,50.00,False
123.529223,6.104729,-28.220298,0.232096,0.960415,0.154059,50.00,False
125.579688,-2.348945,-30.135231,0.642189,0.168331,-0.747835,50.00,False
121.428743,-10.914480,-18.911314,-0.188000,0.089960,0.978041,50.00,False
120.052333,-14.077691,-25.504752,-0.463282,0.215721,-0.859555,50.00,False
124.075401,6.692001,-23.286505,0.341332,0.098063,-0.934813,50.00,False
126.699045,11.950542,-13.608254,0.866061,0.132977,0.481929,50.00,False
121.612563,-0.085209,-8.500573,-0.151236,0.088171,0.984558,50.00,False
126.698967,-2.354754,-13.314651,0.866045,0.052836,-0.497166,50.00,False
117.421349,-8.837168,-8.725231,-0.989478,0.106261,-0.098190,50.00,False
117.601670,11.769735,-4.162038,-0.953414,0.060471,0.295541,50.00,False
126.911754,-17.965612,-5.050525,0.908603,0.116571,-0.401064,50.00,False
127.232810,-8.599374,0.631437,0.972814,0.082436,0.216420,50.00,False
124.948162,-2.012016,-2.121607,0.515884,0.078040,-0.853096,50.00,False
117.420499,4.073742,4.101684,-0.989648,0.066176,-0.127346,50.00,False
125.942017,-7.859118,10.811721,0.714655,0.072073,0.695754,50.00,False
125.769293,1.514861,6.271700,0.680110,0.053456,-0.731158,50.00,False
120.972710,5.232131,17.296440,-0.279206,0.101214,0.954882,50.00,False
118.840333,-21.210506,11.592382,-0.705682,0.072234,-0.704837,50.00,False
121.324007,1.523488,22.589795,-0.208947,0.065406,0.975737,50.00,False
120.423975,-27.595188,16.009847,-0.388953,0.332505,-0.859160,50.00,False
117.777989,5.545472,20.944529,-0.918150,0.063372,-0.391131,50.00,False
117.456486,-4.874258,26.365688,-0.982451,0.066686,0.174193,50.00,False
118.566791,-1.034586,24.863067,-0.760390,0.073981,-0.645239,50.00,False
120.483479,9.419778,35.274313,-0.377052,0.122148,0.918102,50.00,False
117.423400,-3.068622,32.745201,-0.989068,0.101856,-0.106628,50.00,False
124.579167,-2.276561,40.091029,0.442085,0.304713,0.843629,50.00,False
120.986234,-4.040986,42.041892,-0.276501,0.642241,0.714894,50.00,False
120.894650,-6.425881,44.340141,-0.294818,0.695143,0.655636,50.00,False
120.917440,-8.257823,46.506738,-0.290260,0.768632,0.570048,50.00,False
121.078835,-9.450071,48.478861,-0.257981,0.857274,0.445565,50.00,False
121.279804,-10.150582,50.298605,-0.217787,0.931728,0.290606,50.00,False
121.500741,-10.488597,52.065258,-0.173600,0.976847,0.125028,50.00,False
121.739406,-10.533804,53.879624,-0.125867,0.991562,-0.031006,50.00,False
121.988470,-10.310565,55.803580,-0.076054,0.983336,-0.165123,50.00,False
122.237726,-9.827663,57.854916,-0.026203,0.961440,-0.273763,50.00,False
122.478649,-9.096533,60.023958,0.021982,0.933131,-0.358863,50.00,False
122.705829,-8.135081,62.290654,0.067418,0.902947,-0.424431,50.00,False
122.916550,-6.965198,64.634278,0.109562,0.873348,-0.474615,50.00,False
126.711540,-7.206171,64.897289,0.068560,0.903994,-0.422012,200.00,True
126.711540,-7.206171,64.897289,0.068560,0.903994,-0.422012,50.00,False
126.496725,-8.194915,62.580833,0.025597,0.930107,-0.366396,50.00,False
126.278856,-8.988517,60.335164,-0.017977,0.954826,-0.296622,50.00,False
126.069359,-9.568837,58.174649,-0.059876,0.975906,-0.209817,50.00,False
125.885038,-9.917567,56.112828,-0.096741,0.989937,-0.103273,50.00,False
125.748211,-10.016347,54.157539,-0.124106,0.991965,0.024577,50.00,False
125.684775,-9.844437,52.301039,-0.136793,0.975520,0.172185,50.00,False
125.717728,-9.368859,50.504992,-0.130203,0.934292,0.331883,50.00,False
125.851687,-8.522517,48.688572,-0.103411,0.866974,0.487507,50.00,False
126.034770,-7.179119,46.726805,-0.066794,0.786427,0.614061,50.00,False
126.051921,-5.133272,44.364503,-0.063364,0.748140,0.660509,50.00,False
125.481305,-2.225497,39.327248,-0.177487,0.968982,0.171966,50.00,False
125.539121,-5.180115,40.275952,-0.165924,0.443833,0.880614,50.00,False
130.406691,4.134085,30.375398,0.807590,0.103512,-0.580589,50.00,False
124.293744,-13.206773,35.213623,-0.414999,0.083695,0.905964,50.00,False
125.866694,-17.499974,23.162084,-0.100409,0.137235,-0.985436,50.00,False
130.807903,-26.160856,23.221911,0.887832,0.071599,-0.454563,50.00,False
131.152557,-31.959800,24.293679,0.956763,0.083255,0.278698,50.00,False
122.758964,-16.215462,23.753852,-0.721955,0.056355,0.689641,50.00,False
130.790921,-11.585190,15.412469,0.884436,0.080146,-0.459728,50.00,False
131.260574,-12.085485,14.168095,0.978367,0.082551,-0.189695,50.00,False
128.399351,-23.978902,8.392445,0.406122,0.391057,-0.825917,50.00,False
126.217275,-4.145883,14.912296,-0.030293,0.071773,0.996961,50.00,False
122.773956,7.140920,3.987891,-0.718957,0.188476,-0.669012,50.00,False
125.813257,-21.662878,-0.219129,-0.111097,0.067591,-0.991508,50.00,False
128.835592,-32.946755,6.481034,0.493370,0.064402,0.867432,50.00,False
121.869797,-7.093844,-2.568753,-0.899789,0.104538,-0.423618,50.00,False
121.455911,-17.811356,-3.891760,-0.982566,0.076797,-0.169311,50.00,False
130.640991,-1.749751,-3.076727,0.854450,0.084577,0.512603,50.00,False
128.822962,10.967053,-3.966763,0.490844,0.174938,0.853504,50.00,False
128.015674,-4.079232,-15.519971,0.329387,0.105967,-0.938230,50.00,False
130.677501,2.289630,-15.894127,0.861752,0.114874,-0.494153,50.00,False
122.347244,-27.621380,-18.782067,-0.804299,0.217893,-0.552834,50.00,False
127.413862,-19.939757,-13.739939,0.209024,0.081601,0.974500,50.00,False
130.496368,8.616333,-23.997242,0.825525,0.084171,-0.558053,50.00,False
122.599831,-15.057692,-20.684618,-0.753782,0.207871,0.623380,50.00,False
124.781220,-1.897473,-21.724341,-0.317504,0.161847,0.934343,50.00,False
128.898280,4.294642,-32.311461,0.505908,0.550392,-0.664173,50.00,False
125.973479,5.568640,-27.741321,-0.079052,0.634630,0.768762,50.00,False
125.543548,8.904334,-29.918771,-0.165039,0.496539,0.852180,50.00,False
125.506824,13.432157,-32.511907,-0.172383,0.493553,0.852461,50.00,False
125.481160,17.910814,-35.220181,-0.177516,0.529209,0.829714,50.00,False
125.451884,21.981241,-38.007619,-0.183371,0.583508,0.791134,50.00,False
125.432019,25.539940,-40.870017,-0.187344,0.648771,0.737562,50.00,False
125.433086,28.571001,-43.811244,-0.187131,0.720040,0.668225,50.00,False
125.461932,31.085186,-46.834063,-0.181362,0.792289,0.582569,50.00,False
125.520151,33.098364,-49.933547,-0.169718,0.859812,0.481580,50.00,False
125.603961,34.627338,-53.092949,-0.152956,0.916915,0.368607,50.00,False
125.705067,35.693578,-56.284288,-0.132735,0.959300,0.249247,50.00,False
125.812790,36.327847,-59.474440,-0.111190,0.985243,0.130125,50.00,False
125.916903,36.570754,-62.633542,-0.090368,0.995760,0.017212,50.00,False
126.009739,36.468640,-65.741053,-0.071800,0.993758,-0.085382,50.00,False
126.086979,36.067883,-68.787174,-0.056352,0.982830,-0.175699,50.00,False
126.147221,35.410640,-71.770720,-0.044304,0.966320,-0.253500,50.00,False
126.191028,34.532994,-74.695860,-0.035543,0.946879,-0.319620,50.00,False
126.220096,33.464963,-77.569248,-0.029729,0.926390,-0.375390,50.00,False
126.236537,32.231366,-80.398164,-0.026441,0.906086,-0.422266,50.00,False
126.242538,30.852913,-83.189499,-0.025240,0.886716,-0.461625,50.00,False
126.240122,29.347161,-85.949335,-0.025724,0.868692,-0.494684,50.00,False
126.231080,27.729272,-88.682827,-0.027532,0.852210,-0.522475,50.00,False
130.652940,27.669775,-88.660373,0.056840,0.853500,-0.517984,200.00,True
130.652940,27.669775,-88.660373,0.056840,0.853500,-0.517984,50.00,False
130.676066,29.268456,-85.932801,0.061465,0.868775,-0.491377,50.00,False
130.692559,30.761248,-83.181897,0.064764,0.885500,-0.460104,50.00,False
130.700195,32.134864,-80.403306,0.066291,0.903564,-0.423294,50.00,False
130.696222,33.374070,-77.591832,0.065496,0.922703,-0.379907,50.00,False
130.677311,34.461042,-74.741420,0.061714,0.942405,-0.328732,50.00,False
130.639543,35.374497,-71.845280,0.054161,0.961780,-0.268412,50.00,False
130.578538,36.088536,-68.896486,0.041959,0.979392,-0.197561,50.00,False
130.489849,36.571383,-65.889159,0.024222,0.993070,-0.115003,50.00,False
130.369814,36.784369,-62.820732,0.000215,0.999795,-0.020226,50.00,False
130.216939,36.682108,-59.695242,-0.030360,0.995836,0.085964,50.00,False
130.033679,36.215041,-56.526961,-0.067012,0.977355,0.200713,50.00,False
129.827747,35.335056,-53.342114,-0.108199,0.941635,0.318774,50.00,False
129.611535,34.002605,-50.175876,-0.151441,0.888526,0.433114,50.00,False
129.398902,32.191268,-47.064116,-0.193968,0.821268,0.536558,50.00,False
129.200213,29.886641,-44.033756,-0.233706,0.745890,0.623722,50.00,False
129.018212,27.082181,-41.097840,-0.270106,0.669464,0.691998,50.00,False
128.846798,23.779652,-38.257638,-0.304389,0.598392,0.741130,50.00,False
128.674269,20.001722,-35.508637,-0.338894,0.537710,0.772023,50.00,False
128.496118,15.823374,-32.844889,-0.374525,0.492086,0.785865,50.00,False
128.352364,11.459171,-30.262312,-0.403275,0.472800,0.783472,50.00,False
128.433694,7.816134,-27.917879,-0.387009,0.558814,0.733451,50.00,False
132.382971,4.143981,-24.700054,0.402846,0.318380,0.858108,50.00,False
133.398692,-1.900249,-29.851025,0.605990,0.394085,-0.690994,50.00,False
132.877786,-0.700254,-28.073217,0.501809,0.135243,-0.854340,50.00,False
129.802447,9.840167,-16.271726,-0.113259,0.113596,0.987050,50.00,False
130.841487,-21.848425,-13.717177,0.094549,0.180324,0.979052,50.00,False
127.778925,-5.102039,-20.284851,-0.517963,0.058643,-0.853390,50.00,False
134.297836,17.268563,-14.401543,0.785819,0.586698,-0.195637,50.00,False
129.372947,1.994460,-5.942931,-0.199159,0.073885,0.977178,50.00,False
128.970372,-25.162273,-3.496559,-0.279674,0.154730,0.947545,50.00,False
133.515968,-31.011229,-9.501698,0.629445,0.084916,-0.772391,50.00,False
133.159598,10.878519,-7.180434,0.558171,0.066632,-0.827046,50.00,False
128.163366,19.945051,3.976241,-0.441075,0.146810,0.885381,50.00,False
126.032062,-12.195069,4.604758,-0.867336,0.074098,0.492177,50.00,False
127.483465,11.226322,0.666102,-0.577055,0.060488,-0.814462,50.00,False
128.741326,2.472863,12.053576,-0.325483,0.051858,0.944125,50.00,False
135.299859,12.500700,9.959678,0.986224,0.165292,0.006437,50.00,False
130.340400,-21.290965,17.492205,-0.005668,0.108914,0.994035,50.00,False
126.471425,-25.523071,12.010046,-0.779463,0.080109,-0.621305,50.00,False
128.081599,8.564533,13.287520,-0.457428,0.089631,-0.884718,50.00,False
135.342169,14.994009,20.168757,0.994686,0.099252,-0.027378,50.00,False
129.124910,18.574335,27.699332,-0.248766,0.129782,0.959829,50.00,False
132.045801,-23.172685,30.174144,0.335412,0.107799,0.935884,50.00,False
135.200677,-19.867431,26.982789,0.966387,0.130860,-0.221295,50.00,False
127.595732,-14.710910,26.537021,-0.554602,0.067710,-0.829357,50.00,False
127.783423,-4.882297,37.449022,-0.517064,0.191996,0.834136,50.00,False
129.723719,-0.615747,36.897305,-0.129004,0.970247,0.204885,50.00,False
133.763404,-4.872187,40.995722,0.678933,0.532314,0.505660,50.00,False
132.027031,-5.893927,43.848795,0.331658,0.761147,0.557367,50.00,False
131.021204,-7.113177,46.150790,0.130493,0.856803,0.498858,50.00,False
130.419126,-8.136802,48.249785,0.010077,0.916569,0.399749,50.00,False
130.037633,-8.872210,50.242781,-0.066222,0.957877,0.279441,50.00,False
129.836917,-9.332427,52.220811,-0.106365,0.981991,0.156139,50.00,False
129.786322,-9.535272,54.235079,-0.116484,0.992383,0.040085,50.00,False
129.848375,-9.499204,56.304833,-0.104073,0.992452,-0.064872,50.00,False
129.986857,-9.243401,58.435141,-0.076377,0.984526,-0.157718,50.00,False
130.171433,-8.785242,60.626139,-0.039462,0.970358,-0.238427,50.00,False
130.378777,-8.139171,62.875654,0.002007,0.951568,-0.307431,50.00,False
130.592251,-7.317287,65.179688,0.044702,0.929725,-0.365532,50.00,False
134.570463,-7.382981,65.475488,0.040344,0.951056,-0.306373,200.00,True
134.570463,-7.382981,65.475488,0.040344,0.951056,-0.306373,50.00,False
134.357642,-8.043458,63.176896,-0.002220,0.968966,-0.247183,50.00,False
134.149122,-8.546348,60.914168,-0.043924,0.982535,-0.180821,50.00,False
133.959340,-8.887146,58.681128,-0.081880,0.990716,-0.108521,50.00,False
133.807686,-9.059622,56.468533,-0.112211,0.993165,-0.032132,50.00,False
133.718306,-9.055050,54.266880,-0.130087,0.990414,0.046445,50.00,False
133.718602,-8.863348,52.071980,-0.130028,0.983424,0.126373,50.00,False
133.831668,-8.477164,49.893972,-0.107415,0.971852,0.209679,50.00,False
134.042653,-7.896949,47.770872,-0.065218,0.950448,0.303967,50.00,False
134.185869,-7.123991,45.787063,-0.036574,0.903930,0.426113,50.00,False
133.781746,-6.165028,44.081362,-0.117399,0.788382,0.603880,50.00,False
133.206089,-4.655587,42.539279,-0.232530,0.531722,0.814372,50.00,False
139.114474,-0.461792,34.669430,0.949147,0.202951,-0.240690,50.00,False
137.557669,-18.587546,29.505656,0.637786,0.154606,-0.754537,50.00,False
137.831476,2.404817,34.281778,0.692547,0.050615,0.719595,50.00,False
130.591590,7.185266,24.843205,-0.755430,0.088595,-0.649212,50.00,False
129.902532,-2.511162,27.646825,-0.893242,0.129838,0.430420,50.00,False
129.452988,11.559364,22.379105,-0.983151,0.150180,-0.104216,50.00,False
129.412130,-0.136828,19.696040,-0.991322,0.049147,-0.121922,50.00,False
139.082382,4.173807,18.643529,0.942728,0.276563,0.186484,50.00,False
139.329843,2.451693,14.562821,0.992220,0.056861,-0.110750,50.00,False
134.156617,-36.150535,7.546479,-0.042425,0.089194,-0.995110,50.00,False
130.897069,-31.759045,13.457899,-0.694334,0.139099,0.706082,50.00,False
138.103832,-20.270739,10.632672,0.747018,0.080235,0.659944,50.00,False
138.168026,12.821001,7.970596,0.759857,0.068827,0.646437,50.00,False
129.822395,15.447464,0.137353,-0.909269,0.110385,-0.401304,50.00,False
138.052996,7.982764,-3.807642,0.736851,0.079239,-0.671395,50.00,False
131.871004,-19.479142,-7.212248,-0.499547,0.236394,-0.833409,50.00,False
129.400617,10.461750,-6.092956,-0.993625,0.067034,-0.090643,50.00,False
130.632345,2.354663,-4.940490,-0.747279,0.087243,0.658758,50.00,False
131.665946,-18.541998,-15.022987,-0.540559,0.064459,-0.838833,50.00,False
134.342271,-10.113040,-8.434500,-0.005294,0.066506,0.997772,50.00,False
138.520726,2.663154,-18.780093,0.830397,0.072473,-0.552439,50.00,False
130.613418,-26.362825,-21.849796,-0.751065,0.129161,-0.647471,50.00,False
133.518801,11.434441,-16.287624,-0.169988,0.055699,0.983871,50.00,False
133.911238,-2.714681,-28.768950,-0.091501,0.067911,-0.993487,50.00,False
132.290602,-7.344904,-21.895408,-0.415628,0.130462,0.900130,50.00,False
133.043992,0.237736,-24.396077,-0.264950,0.292263,0.918904,50.00,False
132.974518,9.431937,-27.202859,-0.278845,0.392521,0.876455,50.00,False
132.814351,14.755359,-30.100483,-0.310878,0.487610,0.815838,50.00,False
132.695167,19.018838,-32.904043,-0.334715,0.537436,0.774034,50.00,False
132.743964,22.773971,-35.680909,-0.324955,0.591943,0.737568,50.00,False
132.904208,26.088096,-38.494818,-0.292907,0.658023,0.693694,50.00,False
133.142108,28.950601,-41.383126,-0.245327,0.732574,0.634941,50.00,False
133.435235,31.346328,-44.362082,-0.186701,0.808526,0.558057,50.00,False
133.758769,33.267799,-47.427738,-0.121994,0.877482,0.463834,50.00,False
134.084109,34.720276,-50.556584,-0.056926,0.932379,0.356973,50.00,False
134.384481,35.726341,-53.712853,0.003148,0.969612,0.244626,50.00,False
134.641222,36.325054,-56.860462,0.054496,0.989480,0.134012,50.00,False
134.846103,36.564793,-59.972489,0.095472,0.994964,0.030515,50.00,False
134.999573,36.494631,-63.034119,0.126166,0.990013,-0.062903,50.00,False
135.107138,36.158577,-66.040623,0.147679,0.978305,-0.145296,50.00,False
135.176297,35.593461,-68.993621,0.161511,0.962720,-0.216988,50.00,False
135.214604,34.829213,-71.897919,0.169173,0.945290,-0.278940,50.00,False
135.228781,33.890105,-74.759380,0.172008,0.927348,-0.332324,50.00,False
135.224440,32.796075,-77.583833,0.171140,0.909722,-0.378307,50.00,False
135.206104,31.563873,-80.376569,0.167473,0.892902,-0.417946,50.00,False
135.177358,30.207878,-83.142187,0.161723,0.877152,-0.452162,50.00,False
135.141029,28.740713,-85.884573,0.154458,0.862599,-0.481732,50.00,False
135.099328,27.173642,-88.607013,0.146117,0.849285,-0.507312,50.00,False
139.554542,26.216797,-88.515281,0.237160,0.839445,-0.488965,200.00,True
139.554542,26.216797,-88.515281,0.237160,0.839445,-0.488965,50.00,False
139.617039,27.734124,-85.795207,0.249660,0.850003,-0.463858,50.00,False
139.676275,29.155864,-83.058293,0.261507,0.861426,-0.435383,50.00,False
139.730470,30.472475,-80.302344,0.272346,0.873692,-0.403101,50.00,False
139.777337,31.673597,-77.524837,0.281719,0.886739,-0.366508,50.00,False
139.813952,32.747865,-74.722866,0.289042,0.900453,-0.325022,50.00,False
139.836584,33.682632,-71.893124,0.293569,0.914628,-0.277981,50.00,False
139.840471,34.463587,-69.031853,0.294346,0.928924,-0.224634,50.00,False
139.819633,35.074148,-66.134956,0.290179,0.942787,-0.164163,50.00,False
139.766661,35.494621,-63.198181,0.279584,0.955338,-0.095716,50.00,False
139.672759,35.700987,-60.217673,0.260804,0.965214,-0.018522,50.00,False
139.528281,35.663339,-57.191043,0.231908,0.970365,0.067896,50.00,False
139.324355,35.344167,-54.119281,0.191123,0.967880,0.163341,50.00,False
139.056529,34.697229,-51.009517,0.137558,0.954000,0.266386,50.00,False
138.731008,33.668448,-47.877774,0.072453,0.924664,0.373827,50.00,False
138.372658,32.200109,-44.749034,0.000783,0.876903,0.480667,50.00,False
138.030781,30.236675,-41.651058,-0.067592,0.810838,0.581354,50.00,False
137.777159,27.724628,-38.602343,-0.118316,0.730864,0.672189,50.00,False
137.693991,24.595868,-35.603661,-0.134950,0.644013,0.753018,50.00,False
137.847993,20.725971,-32.646390,-0.104150,0.554614,0.825564,50.00,False
138.216914,15.836547,-29.733548,-0.030365,0.456461,0.889225,50.00,False
138.404548,9.346620,-26.897558,0.007161,0.347871,0.937515,50.00,False
137.138437,0.835082,-24.351796,-0.246061,0.280564,0.927760,50.00,False
141.359591,-1.762652,-22.442083,0.598170,0.129756,0.790795,50.00,False
135.023750,-8.151913,-20.196736,-0.668998,0.180731,0.720956,50.00,False
143.251095,-19.839807,-22.101084,0.976471,0.120530,-0.178821,50.00,False
142.155573,-18.020052,-15.562887,0.757366,0.233250,0.609910,50.00,False
143.005147,-26.253397,-17.459690,0.927281,0.238745,-0.288358,50.00,False
139.871108,-11.455578,-11.197968,0.300473,0.843576,0.445078,50.00,False
139.619692,-20.704806,-15.657699,0.250190,0.068427,-0.965776,50.00,False
135.103717,2.952453,-4.459441,-0.653005,0.060065,0.754968,50.00,False
138.263490,-14.581733,-10.525248,-0.021050,0.211733,-0.977101,50.00,False
142.601941,-13.355211,-0.416769,0.846640,0.082788,0.525687,50.00,False
133.735434,-7.721783,-2.303712,-0.926661,0.062828,-0.370609,50.00,False
137.315708,11.172990,-2.719513,-0.210607,0.097692,-0.972677,50.00,False
142.329900,15.624980,7.661014,0.792232,0.175228,0.584520,50.00,False
133.422504,-8.311041,6.787636,-0.989247,0.097441,-0.109063,50.00,False
140.197646,-20.545760,14.448101,0.365781,0.220834,0.904122,50.00,False
137.922108,17.673402,7.564208,-0.089327,0.093918,-0.991564,50.00,False
138.946162,-1.796855,20.075965,0.115484,0.053282,0.991879,50.00,False
141.175896,3.906187,13.607429,0.561431,0.105772,-0.820736,50.00,False
141.042237,-23.564234,24.392420,0.534699,0.214542,0.817355,50.00,False
142.913035,-31.032338,24.900669,0.908859,0.117892,0.400097,50.00,False
141.684855,-25.944312,21.844316,0.663223,0.164670,-0.730082,50.00,False
143.250506,-24.494076,29.021405,0.976353,0.109450,0.186428,50.00,False
137.705653,-22.124330,25.762395,-0.132618,0.116629,-0.984282,50.00,False
139.227173,-8.476723,38.104711,0.171686,0.196903,0.965274,50.00,False
140.932645,0.768264,38.708025,0.512781,0.644620,0.567029,50.00,False
137.989603,-4.622558,42.119406,-0.075828,0.678801,0.730397,50.00,False
138.800453,-5.910316,43.639786,0.086342,0.852489,0.515565,50.00,False
137.800993,-6.688055,45.339606,-0.113550,0.934769,0.336622,50.00,False
137.442393,-7.380627,47.470321,-0.185270,0.951950,0.243857,50.00,False
137.408565,-7.904052,49.783962,-0.192035,0.963276,0.187677,50.00,False
137.500651,-8.279068,52.123718,-0.173618,0.975277,0.136720,50.00,False
137.651282,-8.512489,54.435864,-0.143492,0.986393,0.080242,50.00,False
137.834629,-8.602839,56.714247,-0.106822,0.994133,0.017011,50.00,False
138.037028,-8.548031,58.971259,-0.066343,0.996518,-0.050495,50.00,False
138.248457,-8.346546,61.224368,-0.024057,0.992629,-0.118781,50.00,False
138.460608,-7.997085,63.489641,0.018373,0.982636,-0.184634,50.00,False
138.666879,-7.498746,65.778890,0.059628,0.967512,-0.245692,50.00,False
142.901727,-7.784566,66.069906,0.106597,0.976466,-0.187489,200.00,True
142.901727,-7.784566,66.069906,0.106597,0.976466,-0.187489,50.00,False
142.724646,-8.129325,63.796273,0.071181,0.989812,-0.123308,50.00,False
142.534087,-8.321767,61.545060,0.033069,0.997958,-0.054642,50.00,False
142.328705,-8.362416,59.305164,-0.008007,0.999835,0.016286,50.00,False
142.105344,-8.253029,57.061242,-0.052679,0.994866,0.086410,50.00,False
141.858047,-7.997485,54.794470,-0.102139,0.983095,0.151963,50.00,False
141.578016,-7.604137,52.483699,-0.158145,0.965105,0.208717,50.00,False
141.255928,-7.089611,50.107159,-0.222563,0.941702,0.252317,50.00,False
140.884291,-6.483930,47.648072,-0.296890,0.913120,0.279407,50.00,False
140.432781,-5.845005,45.111895,-0.387192,0.874846,0.291079,50.00,False
139.698986,-5.332950,42.453764,-0.533951,0.798381,0.278361,50.00,False
138.652266,-5.382516,37.782737,-0.743295,0.654798,-0.136937,50.00,False
146.159203,-3.377510,39.048269,0.758092,0.148231,0.635078,50.00,False
139.888476,-14.112145,28.975701,-0.496053,0.115855,-0.860528,50.00,False
139.009572,-6.505292,27.028425,-0.671834,0.119028,-0.731076,50.00,False
138.049478,-1.517845,30.596124,-0.863853,0.048837,0.501372,50.00,False
147.043515,8.895448,23.778996,0.934955,0.090058,-0.343146,50.00,False
144.302992,-24.128636,18.334646,0.386850,0.128765,-0.913108,50.00,False
142.409214,15.503026,25.282389,0.008095,0.096001,0.995348,50.00,False
138.765796,-19.543251,14.254253,-0.720589,0.052514,-0.691371,50.00,False
140.981665,3.862578,19.913185,-0.277415,0.052345,0.959323,50.00,False
145.696029,21.857688,9.366534,0.665458,0.398597,-0.631099,50.00,False
137.632063,18.219754,10.867639,-0.947336,0.259230,0.188030,50.00,False
143.731628,-21.398670,2.527355,0.272577,0.044170,-0.961119,50.00,False
140.339777,-13.350402,9.302298,-0.405793,0.046586,0.912777,50.00,False
145.397199,1.606944,-1.829817,0.605692,0.039101,-0.794738,50.00,False
147.301802,-26.842664,-0.767802,0.986612,0.150244,-0.063427,50.00,False
140.800281,-29.858236,1.661768,-0.313692,0.123992,0.941394,50.00,False
144.938703,16.226802,-1.809348,0.513992,0.385921,0.766079,50.00,False
139.932078,-22.070070,-12.482143,-0.487333,0.201827,-0.849572,50.00,False
137.542331,-25.884321,-11.485897,-0.965282,0.225745,-0.131415,50.00,False
143.051277,-0.515994,-8.481941,0.136507,0.068269,0.988284,50.00,False
137.526451,20.412713,-15.015198,-0.968458,0.147895,0.200540,50.00,False
144.578320,7.297583,-23.069246,0.441916,0.100922,-0.891361,50.00,False
146.956702,0.278445,-21.780834,0.917592,0.380594,-0.114771,50.00,False
146.838150,-3.118154,-25.984109,0.893882,0.102113,-0.436518,50.00,False
138.982077,-11.008217,-22.869377,-0.677333,0.209097,0.705336,50.00,False
142.352275,3.477137,-24.232601,-0.003293,0.307326,0.951599,50.00,False
143.512185,9.345650,-27.145104,0.228689,0.398932,0.888006,50.00,False
142.888057,15.366381,-29.691459,0.103863,0.428310,0.897643,50.00,False
142.767813,20.661571,-32.570438,0.079814,0.535501,0.840755,50.00,False
142.950434,24.737728,-35.646742,0.116339,0.657519,0.744402,50.00,False
143.271325,27.751642,-38.835832,0.180517,0.759061,0.625492,50.00,False
143.611875,29.933206,-42.046038,0.248627,0.828143,0.502358,50.00,False
143.909980,31.490638,-45.219818,0.308248,0.869249,0.386510,50.00,False
144.145515,32.580376,-48.338206,0.355355,0.891261,0.281740,50.00,False
144.318843,33.307063,-51.402175,0.390020,0.901440,0.187854,50.00,False
144.437532,33.737881,-54.418501,0.413758,0.904485,0.103497,50.00,False
144.510614,33.916712,-57.393966,0.428375,0.903188,0.027312,50.00,False
144.546531,33.873807,-60.333943,0.435558,0.899191,-0.041776,50.00,False
144.552606,33.631544,-63.242446,0.436773,0.893473,-0.104569,50.00,False
144.535000,33.207671,-66.122540,0.433252,0.886652,-0.161680,50.00,False
144.498825,32.617103,-68.976677,0.426017,0.879139,-0.213599,50.00,False
144.448300,31.872924,-71.806936,0.415912,0.871223,-0.260743,50.00,False
144.386901,30.986945,-74.615174,0.403632,0.863122,-0.303483,50.00,False
144.317475,29.970036,-77.403085,0.389747,0.855000,-0.342157,50.00,False
144.242338,28.832313,-80.172267,0.374719,0.846990,-0.377086,50.00,False
144.163378,27.583259,-82.924218,0.358927,0.839192,-0.408569,50.00,False
144.082124,26.231807,-85.660351,0.342677,0.831686,-0.436887,50.00,False
143.999805,24.786393,-88.381983,0.326213,0.824535,-0.462306,50.00,False
148.416616,22.883907,-88.209263,0.409575,0.805772,-0.427762,200.00,True
148.416616,22.883907,-88.209263,0.409575,0.805772,-0.427762,50.00,False
148.514731,24.233718,-85.482196,0.429198,0.809186,-0.401256,50.00,False
148.613287,25.488112,-82.742102,0.448909,0.812397,-0.372145,50.00,False
148.711450,26.639063,-79.988236,0.468542,0.815278,-0.340280,50.00,False
148.808260,27.678126,-77.219902,0.487904,0.817684,-0.305521,50.00,False
148.902588,28.596443,-74.436508,0.506769,0.819448,-0.267750,50.00,False
148.993180,29.384675,-71.637548,0.524888,0.820381,-0.226866,50.00,False
149.078628,30.032975,-68.822657,0.541977,0.820272,-0.182795,50.00,False
149.157404,30.530857,-65.991555,0.557733,0.818889,-0.135483,50.00,False
149.227874,30.867030,-63.144006,0.571827,0.815972,-0.084881,50.00,False
149.288283,31.029065,-60.279676,0.583908,0.811230,-0.030923,50.00,False
149.336674,31.002823,-57.397853,0.593587,0.804333,0.026534,50.00,False
149.370649,30.771473,-54.496990,0.600382,0.794879,0.087799,50.00,False
149.386758,30.313786,-51.573934,0.603603,0.782368,0.153503,50.00,False
149.379102,29.601257,-48.622793,0.602072,0.766136,0.224823,50.00,False
149.336409,28.593189,-45.633336,0.593534,0.745265,0.303806,50.00,False
149.235979,27.228309,-42.589158,0.573448,0.718423,0.393734,50.00,False
149.031625,25.409488,-39.466797,0.532577,0.683420,0.499298,50.00,False
148.630798,22.972480,-36.241431,0.452411,0.635703,0.625464,50.00,False
147.865006,19.612996,-32.924700,0.299253,0.563647,0.769902,50.00,False
146.567711,14.737511,-29.704613,0.039794,0.444264,0.895012,50.00,False
145.110653,7.473520,-26.984392,-0.251618,0.300026,0.920148,50.00,False
147.544867,3.300919,-26.481057,0.235225,0.832321,0.501908,50.00,False
141.582009,0.404832,-26.173298,-0.957346,0.285487,0.044552,50.00,False
141.476313,3.467700,-23.066119,-0.978486,0.144685,0.147080,50.00,False
142.296279,3.691261,-18.517991,-0.814492,0.217661,0.537797,50.00,False
148.510196,-17.463982,-23.017706,0.428291,0.200778,-0.881053,50.00,False
141.852939,-6.180442,-13.909995,-0.903160,0.081060,0.421581,50.00,False
150.218842,-24.910663,-10.382113,0.770020,0.192618,0.608249,50.00,False
147.356626,-2.456249,-15.708544,0.197577,0.092171,-0.975945,50.00,False
141.499704,-3.937456,-9.322696,-0.973807,0.065675,-0.217683,50.00,False
144.609015,1.284695,-0.970742,-0.351945,0.064435,0.933800,50.00,False
151.194504,-27.395203,-3.500164,0.965153,0.245358,-0.090992,50.00,False
150.396928,4.074121,-3.395691,0.805638,0.063412,-0.589005,50.00,False
142.657891,13.257946,-1.002939,-0.742170,0.230405,-0.629363,50.00,False
142.548665,21.937895,1.779818,-0.764015,0.257195,-0.591719,50.00,False
144.448030,17.105664,11.913506,-0.384142,0.114785,0.916111,50.00,False
150.720055,-5.887938,12.372169,0.870263,0.059871,0.488936,50.00,False
149.663997,-12.023476,8.822041,0.659051,0.134368,-0.739998,50.00,False
143.628893,-23.975590,19.221478,-0.547970,0.160369,0.820982,50.00,False
147.438130,3.989060,12.841298,0.213878,0.075195,-0.973962,50.00,False
149.065045,-0.154471,24.504254,0.539261,0.063765,0.839721,50.00,False
150.983687,-26.080578,24.081824,0.922989,0.303711,0.236328,50.00,False
141.421502,-7.539575,24.847006,-0.989448,0.064897,-0.129544,50.00,False
145.877537,-11.828214,23.133021,-0.098241,0.088176,-0.991249,50.00,False
142.537561,10.158745,33.770926,-0.766236,0.177959,0.617424,50.00,False
151.080169,-1.521382,31.743834,0.942286,0.133825,-0.306902,50.00,False
142.460189,-8.256979,38.896102,-0.781710,0.152756,0.604644,50.00,False
147.430430,-1.671827,38.973628,0.212338,0.971938,0.101241,50.00,False
145.530361,-2.855601,43.058384,-0.167676,0.901364,0.399285,50.00,False
145.436293,-4.315604,45.925912,-0.186490,0.871328,0.453883,50.00,False
145.782278,-5.492683,48.379097,-0.117293,0.897272,0.425612,50.00,False
146.113313,-6.474166,50.691499,-0.051086,0.927951,0.369184,50.00,False
146.376110,-7.270952,52.943589,0.001474,0.953719,0.300695,50.00,False
146.583770,-7.884575,55.166526,0.043006,0.973091,0.226374,50.00,False
146.754461,-8.319314,57.376932,0.077144,0.985740,0.149548,50.00,False
146.901561,-8.580838,59.586894,0.106564,0.991649,0.072632,50.00,False
147.033547,-8.674629,61.806739,0.132961,0.991119,-0.002307,50.00,False
147.155308,-8.605358,64.045176,0.157313,0.984808,-0.073527,50.00,False
147.269418,-8.377037,66.308837,0.180135,0.973671,-0.139703,50.00,False
