X,Y,Z,Normal_X,Normal_Y,Normal_Z,Feed_Rate,Is_Rapid
-143.241996,12.266094,-90.824812,-0.291945,0.147460,-0.944999,50.00,False
-143.241996,12.266094,-88.228855,-0.291945,0.147460,-0.944999,50.00,False
-143.241996,12.266094,-85.632897,-0.291945,0.147460,-0.944999,50.00,False
-143.732655,12.300948,-82.850642,-0.390077,0.154431,-0.907740,50.00,False
-143.732655,12.300948,-80.254684,-0.390077,0.154431,-0.907740,50.00,False
-144.108577,12.182156,-77.497405,-0.465261,0.130672,-0.875475,50.00,False
-144.108577,12.182156,-74.901447,-0.465261,0.130672,-0.875475,50.00,False
-144.086398,12.542391,-72.248255,-0.460825,0.202719,-0.864028,50.00,False
-144.086398,12.542391,-69.652298,-0.460825,0.202719,-0.864028,50.00,False
-144.449075,12.662679,-66.810811,-0.533361,0.226777,-0.814922,50.00,False
-144.449075,12.662679,-64.214853,-0.533361,0.226777,-0.814922,50.00,False
-145.133202,12.077854,-61.214406,-0.670186,0.109812,-0.734025,50.00,False
-145.133202,12.077854,-58.618449,-0.670186,0.109812,-0.734025,50.00,False
-145.133202,12.077854,-56.022492,-0.670186,0.109812,-0.734025,50.00,False
-145.133202,12.077854,-53.426534,-0.670186,0.109812,-0.734025,50.00,False
-146.059554,12.235580,-49.651499,-0.855457,0.141357,-0.498209,50.00,False
-146.263905,12.631412,-46.487825,-0.896327,0.220524,-0.384666,50.00,False
-146.342851,12.689242,-43.658059,-0.912116,0.232089,-0.337904,50.00,False
-146.593239,11.989789,-40.654015,-0.962194,0.092199,-0.256287,50.00,False
-146.683107,12.470056,-37.086195,-0.980167,0.188252,-0.061914,50.00,False
-146.683107,12.069346,-34.490238,-0.980167,0.188252,-0.061914,50.00,False
-146.441359,12.911199,-31.247948,-0.931817,0.356623,0.067352,50.00,False
-146.339699,12.772640,-27.753725,-0.911485,0.328911,0.247005,50.00,False
-146.193074,12.800151,-24.734779,-0.882160,0.334413,0.331603,50.00,False
-145.839205,13.622549,-24.545883,-0.811387,0.564986,-0.149809,50.00,False
-137.703374,12.635570,-19.249451,0.815780,0.426827,0.390286,50.00,False
-140.676327,13.153460,-17.524329,0.221189,0.950983,0.216118,50.00,False
-143.031290,9.295755,-20.749333,-0.249804,0.196861,-0.948074,50.00,False
-143.579205,9.432247,-17.942338,-0.359387,0.224159,-0.905866,50.00,False
-143.563479,11.258408,-14.442341,-0.356241,0.589391,-0.725058,50.00,False
-143.673120,11.545807,-11.532229,-0.378170,0.646871,-0.662227,50.00,False
-144.352454,11.765722,-8.167215,-0.514036,0.690854,-0.508416,50.00,False
-144.811948,11.997331,-4.524284,-0.605935,0.737176,-0.299021,50.00,False
-144.770063,12.281412,-0.992241,-0.597558,0.793992,-0.111804,50.00,False
-144.547959,12.421977,2.762180,-0.553137,0.824418,0.119888,50.00,False
-144.891902,11.895517,6.308413,-0.621926,0.719127,0.309943,50.00,False
-144.909931,10.756198,10.158139,-0.625532,0.542520,0.560697,50.00,False
-144.471467,10.193131,13.576590,-0.537839,0.429907,0.725196,50.00,False
-143.815698,9.865989,16.725635,-0.406685,0.368813,0.835813,50.00,False
-143.690821,9.873813,19.478121,-0.381710,0.320003,0.867119,50.00,False
-143.427789,9.307406,22.173893,-0.329104,0.323692,0.887082,50.00,False
-145.253891,10.569497,22.490896,-0.694324,0.576110,0.431291,50.00,False
-146.217281,7.099595,25.174586,-0.887002,0.108502,0.448838,50.00,False
-145.638324,9.300687,27.384326,-0.771211,0.516868,0.371594,50.00,False
-146.650099,8.307202,27.527825,-0.973566,0.195022,-0.118898,50.00,False
-146.637991,8.511710,30.543646,-0.971144,0.235923,-0.034925,50.00,False
-146.562599,8.771030,33.593392,-0.956065,0.287787,0.055833,50.00,False
-146.479233,8.911399,36.576777,-0.939392,0.315861,0.133318,50.00,False
-146.443616,8.692926,39.697782,-0.932269,0.272167,0.238328,50.00,False
-146.140488,8.163285,43.320064,-0.871643,0.208479,0.443593,50.00,False
-145.692121,8.243313,46.605505,-0.781970,0.224484,0.581489,50.00,False
-145.692121,8.243313,49.201462,-0.781970,0.224484,0.581489,50.00,False
-145.692121,8.677552,51.797419,-0.781970,0.224484,0.581489,50.00,False
-145.692121,8.243313,54.393377,-0.781970,0.224484,0.581489,50.00,False
-145.394626,8.797816,57.104935,-0.722471,0.335385,0.604609,50.00,False
-145.394626,9.232056,59.700892,-0.722471,0.335385,0.604609,50.00,False
-145.394626,9.232056,62.296850,-0.722471,0.335385,0.604609,50.00,False
-144.735025,9.330731,65.493086,-0.590551,0.355120,0.724665,50.00,False
-144.137038,9.412747,68.466260,-0.470953,0.371523,0.800108,50.00,False
-144.031426,9.286900,71.177775,-0.449831,0.346354,0.823220,50.00,False
-139.769054,8.562599,71.417610,-0.397356,0.288342,0.871187,200.00,True
-139.769054,8.562599,71.417610,-0.397356,0.288342,0.871187,50.00,False
-139.769054,8.562599,68.821653,-0.397356,0.288342,0.871187,50.00,False
-140.031426,9.286900,65.985860,-0.449831,0.346354,0.823220,50.00,False
-140.137038,9.412747,63.274345,-0.470953,0.371523,0.800108,50.00,False
-140.137038,9.412747,60.678387,-0.470953,0.371523,0.800108,50.00,False
-141.394626,9.232056,57.104935,-0.722471,0.335385,0.604609,50.00,False
-141.394626,8.797816,54.508978,-0.722471,0.335385,0.604609,50.00,False
-141.394626,9.232056,51.913020,-0.722471,0.335385,0.604609,50.00,False
-141.394626,9.232056,49.317063,-0.722471,0.335385,0.604609,50.00,False
-141.692121,8.243313,46.605505,-0.781970,0.224484,0.581489,50.00,False
-141.692121,8.243313,44.009547,-0.781970,0.224484,0.581489,50.00,False
-142.219589,8.553743,40.310902,-0.887463,0.286570,0.360952,50.00,False
-142.395297,8.979944,36.912473,-0.922605,0.329570,0.200458,50.00,False
-142.544395,8.833262,33.576276,-0.952425,0.300234,0.052410,50.00,False
-142.484836,9.030864,30.726289,-0.940513,0.339754,0.001604,50.00,False
-142.515573,8.722427,27.308167,-0.946660,0.278067,-0.162829,50.00,False
-142.453390,8.724535,24.412011,-0.934224,0.278488,-0.222869,50.00,False
-141.740132,9.241838,24.650062,-0.791572,0.505098,0.343933,50.00,False
-140.362082,11.051780,21.666011,-0.515962,0.814162,0.266314,50.00,False
-138.893966,9.373375,22.313069,-0.222339,0.336885,0.914917,50.00,False
-138.594217,10.431363,19.579377,-0.162389,0.431513,0.887370,50.00,False
-138.840802,10.739462,16.765573,-0.211706,0.493133,0.843801,50.00,False
-138.977102,11.086294,13.908164,-0.238966,0.562500,0.791511,50.00,False
-139.053813,11.902212,10.240227,-0.254308,0.776058,0.577115,50.00,False
-138.904196,12.595543,6.438957,-0.224385,0.914724,0.336052,50.00,False
-139.136823,12.791365,2.952603,-0.270910,0.949554,0.157973,50.00,False
-139.067700,13.081438,-1.129223,-0.257086,0.956311,-0.139201,50.00,False
-139.053129,12.725934,-5.003324,-0.254171,0.882897,-0.394830,50.00,False
-138.771844,12.164056,-8.654685,-0.197914,0.770521,-0.605910,50.00,False
-138.835608,11.537826,-12.071827,-0.210667,0.602074,-0.770147,50.00,False
-138.673022,11.082690,-15.021494,-0.178150,0.511046,-0.840889,50.00,False
-138.541507,10.437720,-17.970908,-0.151847,0.382052,-0.911580,50.00,False
-138.567100,9.757922,-20.791223,-0.156966,0.246093,-0.956452,50.00,False
-138.220838,13.359812,-18.165027,-0.087713,0.992253,0.087979,50.00,False
-133.363745,11.178861,-18.960852,0.883705,0.135485,0.448005,50.00,False
-141.238896,12.077824,-20.418549,-0.691325,0.256041,0.675657,50.00,False
-141.848983,13.356341,-24.249417,-0.813342,0.393334,0.428675,50.00,False
-142.093082,13.275341,-27.644802,-0.862162,0.429452,0.268790,50.00,False
-142.113559,13.520671,-30.866740,-0.866257,0.478517,0.143594,50.00,False
-142.500153,12.783592,-34.150757,-0.943576,0.331102,0.005982,50.00,False
-142.542738,12.399037,-37.626707,-0.952093,0.254191,-0.170017,50.00,False
-141.931536,13.772506,-41.030701,-0.829853,0.448742,-0.331624,50.00,False
-141.994133,13.238466,-44.051143,-0.842372,0.341934,-0.416521,50.00,False
-141.282488,13.402939,-47.603586,-0.700043,0.374829,-0.607818,50.00,False
-141.119257,12.745432,-50.679590,-0.667397,0.243328,-0.703827,50.00,False
-141.133202,12.077854,-53.426534,-0.670186,0.109812,-0.734025,50.00,False
-141.133202,12.077854,-56.022492,-0.670186,0.109812,-0.734025,50.00,False
-140.449075,12.662679,-59.022938,-0.533361,0.226777,-0.814922,50.00,False
-140.449075,12.662679,-61.618896,-0.533361,0.226777,-0.814922,50.00,False
-140.086398,12.542391,-64.460383,-0.460825,0.202719,-0.864028,50.00,False
-140.086398,12.542391,-67.056340,-0.460825,0.202719,-0.864028,50.00,False
-140.086398,12.542391,-69.652298,-0.460825,0.202719,-0.864028,50.00,False
-139.713583,12.390142,-72.458910,-0.386262,0.172270,-0.906159,50.00,False
-139.713583,12.390142,-75.054868,-0.386262,0.172270,-0.906159,50.00,False
-139.241996,12.266094,-77.845025,-0.291945,0.147460,-0.944999,50.00,False
-139.241996,12.266094,-80.440982,-0.291945,0.147460,-0.944999,50.00,False
-138.972129,12.533992,-83.063134,-0.237971,0.201040,-0.950238,50.00,False
-138.972129,12.533992,-85.659092,-0.237971,0.201040,-0.950238,50.00,False
-138.972129,12.408425,-88.255049,-0.237971,0.201040,-0.950238,50.00,False
-138.972129,12.229254,-90.851007,-0.237971,0.201040,-0.950238,50.00,False
-134.826450,12.117428,-90.907266,-0.208836,0.178674,-0.961490,200.00,True
-134.826450,12.117428,-90.907266,-0.208836,0.178674,-0.961490,50.00,False
-134.826450,12.117428,-88.311308,-0.208836,0.178674,-0.961490,50.00,False
-134.826450,12.117428,-85.715351,-0.208836,0.178674,-0.961490,50.00,False
-134.826450,12.117428,-83.119393,-0.208836,0.178674,-0.961490,50.00,False
-134.972129,12.408425,-80.467177,-0.237971,0.201040,-0.950238,50.00,False
-134.972129,12.229254,-77.871220,-0.237971,0.201040,-0.950238,50.00,False
-134.972129,12.533992,-75.275262,-0.237971,0.201040,-0.950238,50.00,False
-134.972129,12.533992,-72.679305,-0.237971,0.201040,-0.950238,50.00,False
-134.972129,12.229254,-70.083347,-0.237971,0.201040,-0.950238,50.00,False
-135.241996,11.961356,-67.461195,-0.291945,0.147460,-0.944999,50.00,False
-135.820685,12.353220,-64.564024,-0.407683,0.225833,-0.884757,50.00,False
-136.086398,12.237653,-61.864425,-0.460825,0.202719,-0.864028,50.00,False
-136.086398,12.542391,-59.268468,-0.460825,0.202719,-0.864028,50.00,False
-136.096561,13.213267,-56.451956,-0.462858,0.336895,-0.819918,50.00,False
-136.096561,13.213267,-53.855999,-0.462858,0.336895,-0.819918,50.00,False
-135.991671,14.079625,-50.849873,-0.441880,0.510166,-0.737884,50.00,False
-137.282488,13.402939,-47.603586,-0.700043,0.374829,-0.607818,50.00,False
-137.282488,13.002229,-45.007629,-0.700043,0.374829,-0.607818,50.00,False
-137.931536,13.371796,-41.030701,-0.829853,0.448742,-0.331624,50.00,False
-138.141910,13.456881,-37.531776,-0.871928,0.465759,-0.151030,50.00,False
-137.761661,14.154838,-34.123929,-0.795878,0.605351,0.011347,50.00,False
-137.478295,14.378957,-30.706508,-0.739205,0.650175,0.175640,50.00,False
-137.635205,13.680199,-27.080449,-0.770587,0.510423,0.381660,50.00,False
-136.847643,13.984427,-23.414416,-0.613074,0.518951,0.595676,50.00,False
-135.833881,12.620415,-19.617324,-0.410322,0.364559,0.835902,50.00,False
-135.833881,12.620415,-17.021367,-0.410322,0.364559,0.835902,50.00,False
-137.174500,12.053612,-18.969996,-0.678446,0.731013,-0.073015,50.00,False
-134.281266,9.829211,-20.675277,-0.099799,0.345052,-0.933263,50.00,False
-134.137757,10.631618,-17.934748,-0.071097,0.420832,-0.904348,50.00,False
-134.137757,10.631618,-15.338790,-0.071097,0.420832,-0.904348,50.00,False
-134.803642,11.645587,-11.993898,-0.204274,0.623626,-0.754561,50.00,False
-135.110475,12.093433,-8.868543,-0.265641,0.713195,-0.648682,50.00,False
-134.641143,13.613340,-4.273892,-0.171774,0.953164,-0.248943,50.00,False
-134.406916,13.801255,-0.698449,-0.124929,0.990747,-0.053046,50.00,False
-134.510210,13.197714,2.637216,-0.145588,0.984784,0.094896,50.00,False
-134.692358,12.843324,6.572848,-0.182017,0.913906,0.362830,50.00,False
-134.454504,12.317044,10.218260,-0.134447,0.808650,0.572721,50.00,False
-134.441305,12.000696,13.429946,-0.131807,0.705972,0.695867,50.00,False
-134.582970,11.056100,16.750769,-0.160140,0.517052,0.840840,50.00,False
-134.445093,10.726752,19.448762,-0.132564,0.490591,0.861247,50.00,False
-134.645471,12.130422,18.101408,-0.172640,0.982307,0.072585,50.00,False
-136.874179,10.526733,21.294175,-0.618381,0.762077,0.191947,50.00,False
-137.859624,9.491734,21.003964,-0.815470,0.431928,-0.385287,50.00,False
-138.278696,8.774786,23.882944,-0.899285,0.288539,-0.328682,50.00,False
-138.342822,9.295506,27.533761,-0.912110,0.392683,-0.117710,50.00,False
-138.337300,9.386867,30.546165,-0.911006,0.410955,-0.034421,50.00,False
-138.306774,9.380033,33.892868,-0.904900,0.409588,0.115728,50.00,False
-137.749917,9.854708,37.245863,-0.793529,0.546763,0.267136,50.00,False
-137.374747,9.631134,40.912968,-0.718495,0.502049,0.481365,50.00,False
-137.394626,8.797816,44.125148,-0.722471,0.335385,0.604609,50.00,False
-137.394626,8.797816,46.721105,-0.722471,0.335385,0.604609,50.00,False
-137.394626,8.797816,49.317063,-0.722471,0.335385,0.604609,50.00,False
-136.488446,9.705340,52.502897,-0.541235,0.430042,0.722585,50.00,False
-136.137038,9.412747,55.486472,-0.470953,0.371523,0.800108,50.00,False
-136.137038,9.412747,58.082430,-0.470953,0.371523,0.800108,50.00,False
-136.031426,9.286900,60.793945,-0.449831,0.346354,0.823220,50.00,False
-135.769054,8.562599,63.629738,-0.397356,0.288342,0.871187,50.00,False
-135.769054,8.562599,66.225696,-0.397356,0.288342,0.871187,50.00,False
-135.318513,9.047163,68.983881,-0.307248,0.298406,0.903633,50.00,False
-135.039019,8.322186,71.749689,-0.251349,0.240259,0.937603,50.00,False
-130.823133,8.285858,71.798769,-0.208172,0.243026,0.947419,200.00,True
-130.823133,8.285858,71.798769,-0.208172,0.243026,0.947419,50.00,False
-130.823133,8.336024,69.202812,-0.208172,0.243026,0.947419,50.00,False
-131.039019,8.322186,66.557774,-0.251349,0.240259,0.937603,50.00,False
-131.039019,8.756426,63.961817,-0.251349,0.240259,0.937603,50.00,False
-131.039019,8.322186,61.365859,-0.251349,0.240259,0.937603,50.00,False
-131.513822,9.405271,58.392191,-0.346310,0.370028,0.862061,50.00,False
-131.696369,9.159422,55.630882,-0.382819,0.407706,0.828990,50.00,False
-131.974437,9.696662,52.840701,-0.438433,0.428306,0.790146,50.00,False
-131.974437,9.696662,50.244744,-0.438433,0.428306,0.790146,50.00,False
-132.188781,10.025580,47.318223,-0.481302,0.494090,0.724033,50.00,False
-132.188781,10.025580,44.722265,-0.481302,0.494090,0.724033,50.00,False
-133.265212,9.317058,41.342687,-0.696588,0.439233,0.567309,50.00,False
-133.364264,10.102224,37.721535,-0.716398,0.596266,0.362270,50.00,False
-133.572531,10.425742,34.345378,-0.758052,0.618730,0.206230,50.00,False
-133.877695,10.195735,30.553753,-0.819085,0.572728,-0.032904,50.00,False
-133.737759,10.282318,27.315906,-0.791097,0.590045,-0.161281,50.00,False
-133.434780,10.504829,23.410105,-0.730502,0.535935,-0.423250,50.00,False
-132.724904,9.043383,19.198143,-0.588526,0.310560,-0.746451,50.00,False
-132.761189,10.656073,21.112019,-0.595783,0.787945,0.155516,50.00,False
-130.053397,12.199056,18.091197,-0.054225,0.996034,0.070543,50.00,False
-130.519423,11.563352,19.117788,-0.147430,0.588350,0.795053,50.00,False
-130.567711,11.824094,16.305175,-0.157088,0.640498,0.751721,50.00,False
-130.686513,12.755341,13.403871,-0.180848,0.700210,0.690652,50.00,False
-130.664420,13.438631,9.945623,-0.176430,0.836868,0.518194,50.00,False
-130.682922,13.648893,6.431095,-0.180130,0.925028,0.334480,50.00,False
-130.724419,13.917568,2.566401,-0.188429,0.978763,0.080732,50.00,False
-130.825602,13.759056,-0.750600,-0.208666,0.975925,-0.063476,50.00,False
-130.894615,13.864848,-4.146324,-0.222469,0.948993,-0.223430,50.00,False
-131.496282,13.074381,-8.159721,-0.342802,0.790899,-0.506917,50.00,False
-130.961994,11.696670,-12.340368,-0.235945,0.515357,-0.823855,50.00,False
-130.961994,11.696670,-14.936325,-0.235945,0.515357,-0.823855,50.00,False
-130.868853,11.377401,-17.746569,-0.217316,0.448980,-0.866712,50.00,False
-131.292501,13.731698,-16.506441,-0.302046,0.948087,-0.099495,50.00,False
-128.770538,14.441020,-18.598599,0.202347,0.979313,0.001265,50.00,False
-131.859133,12.214460,-16.878933,-0.415372,0.283368,0.864389,50.00,False
-131.779583,13.597473,-19.779828,-0.399462,0.441560,0.803402,50.00,False
-131.779583,13.005424,-22.375786,-0.399462,0.441560,0.803402,50.00,False
-132.592207,13.996174,-26.367012,-0.561987,0.639711,0.524348,50.00,False
-132.753522,14.618216,-30.329829,-0.594250,0.764119,0.250976,50.00,False
-132.556666,15.265280,-33.748990,-0.554879,0.827439,0.086335,50.00,False
-132.946256,14.938198,-37.463815,-0.632797,0.762023,-0.137438,50.00,False
-132.153164,14.411365,-42.304975,-0.474178,0.656656,-0.586479,50.00,False
-131.799835,14.107503,-45.440210,-0.403513,0.595884,-0.694334,50.00,False
-131.991671,14.079625,-48.253916,-0.441880,0.510166,-0.737884,50.00,False
-131.884518,14.008292,-50.959487,-0.420449,0.495899,-0.759807,50.00,False
-131.884518,14.008292,-53.555445,-0.420449,0.495899,-0.759807,50.00,False
-131.820685,12.353220,-56.776152,-0.407683,0.225833,-0.884757,50.00,False
-130.972129,12.229254,-59.699517,-0.237971,0.201040,-0.950238,50.00,False
-130.972129,12.229254,-62.295475,-0.237971,0.201040,-0.950238,50.00,False
-130.972129,12.229254,-64.891432,-0.237971,0.201040,-0.950238,50.00,False
-130.972129,12.229254,-67.487390,-0.237971,0.201040,-0.950238,50.00,False
-130.826450,12.117428,-70.139606,-0.208836,0.178674,-0.961490,50.00,False
-130.826450,12.296599,-72.735564,-0.208836,0.178674,-0.961490,50.00,False
-130.826450,12.117428,-75.331521,-0.208836,0.178674,-0.961490,50.00,False
-130.624872,12.154084,-77.959974,-0.168520,0.186006,-0.967989,50.00,False
-130.455385,12.240187,-80.565150,-0.134623,0.203226,-0.969833,50.00,False
-130.455385,12.240187,-83.161108,-0.134623,0.203226,-0.969833,50.00,False
-130.314421,12.058843,-85.808916,-0.106430,0.166957,-0.980203,50.00,False
-130.314421,12.058843,-88.404873,-0.106430,0.166957,-0.980203,50.00,False
-130.123530,11.805334,-91.054173,-0.068252,0.116256,-0.990872,50.00,False
-125.994285,11.947899,-91.065537,-0.042403,0.108934,-0.993144,200.00,True
-125.994285,11.947899,-91.065537,-0.042403,0.108934,-0.993144,50.00,False
-126.123530,11.984504,-88.458216,-0.068252,0.116256,-0.990872,50.00,False
-126.123530,11.984504,-85.862258,-0.068252,0.116256,-0.990872,50.00,False
-126.123530,11.984504,-83.266301,-0.068252,0.116256,-0.990872,50.00,False
-126.123530,11.984504,-80.670343,-0.068252,0.116256,-0.990872,50.00,False
-126.123530,11.984504,-78.074386,-0.068252,0.116256,-0.990872,50.00,False
-126.123530,11.805334,-75.478429,-0.068252,0.116256,-0.990872,50.00,False
-126.314421,12.058843,-72.829129,-0.106430,0.166957,-0.980203,50.00,False
-126.314421,12.238014,-70.233171,-0.106430,0.166957,-0.980203,50.00,False
-126.455385,12.240187,-67.585363,-0.134623,0.203226,-0.969833,50.00,False
-126.455385,12.240187,-64.989406,-0.134623,0.203226,-0.969833,50.00,False
-126.455385,12.240187,-62.393448,-0.134623,0.203226,-0.969833,50.00,False
-126.523101,12.601387,-59.697445,-0.148166,0.275466,-0.949824,50.00,False
-126.641263,12.618510,-57.076523,-0.171798,0.278891,-0.944831,50.00,False
-126.737404,12.059620,-54.413397,-0.191026,0.309852,-0.931397,50.00,False
-126.964180,13.609997,-51.392519,-0.236382,0.477188,-0.846413,50.00,False
-127.416988,14.239375,-48.202566,-0.326943,0.603064,-0.727614,50.00,False
-127.457839,14.423913,-45.425907,-0.335113,0.639971,-0.691474,50.00,False
-127.726559,13.827034,-42.569364,-0.388857,0.663335,-0.639356,50.00,False
-127.834263,13.923759,-38.673566,-0.410398,0.829239,-0.379388,50.00,False
-128.370543,12.512878,-33.793541,-0.517654,0.852079,0.077425,50.00,False
-127.765985,13.696023,-29.627834,-0.396743,0.830314,0.391375,50.00,False
-127.461896,14.736749,-26.407640,-0.335925,0.787826,0.516222,50.00,False
-127.390063,13.587272,-22.567503,-0.321558,0.557930,0.765058,50.00,False
-127.286918,13.330581,-19.757016,-0.300929,0.506592,0.807964,50.00,False
-127.171651,12.207924,-16.609510,-0.277876,0.282061,0.918274,50.00,False
-128.328477,13.845494,-18.471123,-0.509241,0.860208,0.026760,50.00,False
-123.419298,13.536977,-15.878843,0.472595,0.880896,0.026024,50.00,False
-126.658508,11.072001,-18.057153,-0.175247,0.326442,-0.928829,50.00,False
-126.180242,11.889249,-15.157761,-0.079594,0.489892,-0.868142,50.00,False
-126.242584,12.886267,-11.814129,-0.092062,0.689295,-0.718607,50.00,False
-126.242584,12.578975,-9.218172,-0.092062,0.689295,-0.718607,50.00,False
-126.651086,13.054446,-4.833229,-0.173763,0.916309,-0.360811,50.00,False
-126.700209,13.778071,-0.834119,-0.183588,0.979728,-0.080180,50.00,False
-126.632780,14.135751,2.832060,-0.170102,0.976292,0.133864,50.00,False
-126.764686,13.837776,6.498391,-0.196483,0.916697,0.347939,50.00,False
-126.591343,13.377715,10.064411,-0.161814,0.824685,0.541952,50.00,False
-126.777582,12.295565,13.789789,-0.199062,0.608936,0.767836,50.00,False
-126.583430,12.007097,16.640643,-0.160232,0.551242,0.818815,50.00,False
-126.413753,10.918633,19.538533,-0.126296,0.459406,0.879201,50.00,False
-127.027852,11.844372,18.058664,-0.249116,0.966354,0.064036,50.00,False
-127.249385,9.583748,16.118088,-0.293423,0.450331,-0.843270,50.00,False
-127.374660,10.457857,18.989184,-0.318478,0.526541,-0.788243,50.00,False
-127.660190,10.349912,21.640611,-0.375584,0.504952,-0.777149,50.00,False
-128.130646,11.993114,26.668617,-0.469675,0.833592,-0.290739,50.00,False
-128.428412,11.572631,30.592645,-0.529228,0.848108,-0.025125,50.00,False
-128.272878,11.302301,34.459956,-0.498121,0.836282,0.229146,50.00,False
-128.218103,11.419809,37.942668,-0.487166,0.772936,0.406497,50.00,False
-127.834044,10.846604,41.661525,-0.410354,0.658295,0.631076,50.00,False
-127.780994,10.813828,44.513597,-0.399744,0.612105,0.682299,50.00,False
-127.607265,10.176130,47.545104,-0.364999,0.524200,0.769409,50.00,False
-127.304600,9.650768,50.570792,-0.304466,0.419127,0.855355,50.00,False
-127.046569,9.536828,53.302957,-0.252859,0.396339,0.882597,50.00,False
-126.952460,9.105203,56.093308,-0.234038,0.310015,0.921476,50.00,False
-126.823133,8.770263,58.818982,-0.208172,0.243026,0.947419,50.00,False
-126.556270,8.641718,61.556894,-0.154800,0.154377,0.975810,50.00,False
-126.556270,8.641718,64.152852,-0.154800,0.154377,0.975810,50.00,False
-126.556270,8.641718,66.748809,-0.154800,0.154377,0.975810,50.00,False
-126.386948,7.699234,69.389064,-0.120935,0.125702,0.984669,50.00,False
-128.092142,10.701758,69.607279,-0.461974,0.726206,0.509121,50.00,False
-124.158085,9.736630,69.979740,-0.475163,0.658495,0.583613,200.00,True
-124.158085,9.736630,69.979740,-0.475163,0.658495,0.583613,50.00,False
-123.788864,10.626622,66.938817,-0.401318,0.770905,0.494620,50.00,False
-122.358729,7.805152,66.781818,-0.115292,0.146885,0.982412,50.00,False
-122.304899,8.691317,64.178089,-0.104526,0.164297,0.980857,50.00,False
-122.451999,9.455161,61.455120,-0.133945,0.262991,0.955455,50.00,False
-122.392246,9.611425,58.821449,-0.121995,0.294244,0.947912,50.00,False
-122.570473,9.609966,56.106610,-0.157640,0.348026,0.924136,50.00,False
-122.570473,9.609966,53.510652,-0.157640,0.348026,0.924136,50.00,False
-122.570473,9.609966,50.914695,-0.157640,0.348026,0.924136,50.00,False
-122.800514,10.157352,47.844337,-0.203648,0.520444,0.829256,50.00,False
-122.594881,11.295894,44.318675,-0.162522,0.748153,0.643315,50.00,False
-122.594881,11.295894,41.722718,-0.162522,0.748153,0.643315,50.00,False
-122.423959,12.352263,37.764324,-0.128338,0.919791,0.370828,50.00,False
-122.808101,12.580781,34.116196,-0.205166,0.965495,0.160394,50.00,False
-122.785976,12.723371,30.712830,-0.200741,0.979644,-0.001088,50.00,False
-122.724673,12.590348,26.937075,-0.188480,0.953039,-0.237048,50.00,False
-122.932357,11.686094,22.564864,-0.230017,0.772188,-0.592298,50.00,False
-122.998421,11.384825,19.262456,-0.243230,0.634576,-0.733588,50.00,False
-122.923383,10.238106,16.315861,-0.228222,0.549505,-0.803716,50.00,False
-121.552165,12.006939,17.798787,0.046021,0.998868,0.012061,50.00,False
-122.549615,10.067395,19.714602,-0.153469,0.374556,0.914415,50.00,False
-122.643713,12.440163,16.506705,-0.172288,0.585670,0.792027,50.00,False
-122.518194,12.781916,13.660710,-0.147184,0.654021,0.742020,50.00,False
-122.469009,13.545881,10.227749,-0.137347,0.806814,0.574619,50.00,False
-122.528493,13.633117,6.754028,-0.149244,0.904694,0.399066,50.00,False
-122.515165,13.965218,3.104160,-0.146579,0.971115,0.188284,50.00,False
-122.597484,11.601643,-1.466713,-0.163042,0.964724,-0.206699,50.00,False
-122.712609,13.979183,-4.907579,-0.186068,0.907878,-0.375680,50.00,False
-121.763115,12.450140,-9.617306,0.003831,0.602070,-0.798434,50.00,False
-121.993709,12.481481,-12.183845,-0.042287,0.608338,-0.792551,50.00,False
-121.738108,11.415451,-15.409959,0.008833,0.395132,-0.918582,50.00,False
-121.932262,10.014698,-18.377580,-0.029998,0.114981,-0.992915,50.00,False
-121.534364,14.123458,-15.839026,0.049581,0.998192,0.033988,50.00,False
-122.719003,10.392752,-13.776374,-0.187346,0.179740,0.965710,50.00,False
-122.814845,11.934445,-16.454782,-0.206515,0.237348,0.949220,50.00,False
-122.946821,12.535017,-19.274741,-0.232910,0.357462,0.904419,50.00,False
-122.917755,13.156217,-22.166339,-0.227097,0.483643,0.845291,50.00,False
-122.600658,12.881985,-25.356792,-0.163677,0.667506,0.726392,50.00,False
-122.595591,12.389566,-28.945977,-0.162664,0.833681,0.527746,50.00,False
-126.643537,5.718839,-33.296841,-0.972253,0.153226,0.176765,50.00,False
-122.147309,13.151780,-38.129343,-0.073007,0.959935,-0.270544,50.00,False
-122.185907,13.191963,-42.574431,-0.080727,0.763813,-0.640370,50.00,False
-122.276296,13.123922,-45.742130,-0.098805,0.648566,-0.754718,50.00,False
-121.971199,12.352230,-49.026567,-0.037785,0.449632,-0.892414,50.00,False
-122.135380,12.919307,-51.851023,-0.070622,0.339050,-0.938114,50.00,False
-122.135380,12.919307,-54.446980,-0.070622,0.339050,-0.938114,50.00,False
-121.984992,12.827640,-57.083904,-0.040544,0.320717,-0.946307,50.00,False
-121.852736,12.291434,-59.868298,-0.014093,0.177641,-0.983994,50.00,False
-121.923592,12.057927,-62.499220,-0.028264,0.130940,-0.990987,50.00,False
-121.921802,12.063385,-65.094504,-0.027906,0.132032,-0.990853,50.00,False
-121.921802,12.063385,-67.690462,-0.027906,0.132032,-0.990853,50.00,False
-121.921802,12.063385,-70.286419,-0.027906,0.132032,-0.990853,50.00,False
-121.921802,12.063385,-72.882377,-0.027906,0.132032,-0.990853,50.00,False
-121.921802,12.063385,-75.478334,-0.027906,0.132032,-0.990853,50.00,False
-121.921802,12.063385,-78.074292,-0.027906,0.132032,-0.990853,50.00,False
-121.892312,11.868161,-80.693106,-0.022008,0.092987,-0.995424,50.00,False
-121.892312,11.868161,-83.289064,-0.022008,0.092987,-0.995424,50.00,False
-121.892312,11.868161,-85.885021,-0.022008,0.092987,-0.995424,50.00,False
-121.892312,11.868161,-88.480979,-0.022008,0.092987,-0.995424,50.00,False
-121.892312,11.868161,-91.076936,-0.022008,0.092987,-0.995424,50.00,False
-117.854683,11.926580,-91.093031,-0.014482,0.050023,-0.998643,200.00,True
-117.854683,11.926580,-91.093031,-0.014482,0.050023,-0.998643,50.00,False
-117.854683,11.926580,-88.497074,-0.014482,0.050023,-0.998643,50.00,False
-117.854683,11.926580,-85.901116,-0.014482,0.050023,-0.998643,50.00,False
-117.923236,12.064379,-83.294879,-0.028193,0.077583,-0.996587,50.00,False
-117.923236,12.064379,-80.698922,-0.028193,0.077583,-0.996587,50.00,False
-117.932772,12.101486,-78.099657,-0.030100,0.085005,-0.995926,50.00,False
-117.930373,12.166457,-75.497799,-0.029620,0.097999,-0.994746,50.00,False
-117.930373,12.166457,-72.901842,-0.029620,0.097999,-0.994746,50.00,False
-117.930373,12.166457,-70.305884,-0.029620,0.097999,-0.994746,50.00,False
-117.932772,11.828249,-67.715828,-0.030100,0.085005,-0.995926,50.00,False
-117.932772,11.828249,-65.119870,-0.030100,0.085005,-0.995926,50.00,False
-118.001641,12.163450,-62.481281,-0.043874,0.152045,-0.987399,50.00,False
-118.013598,12.145662,-59.887484,-0.046265,0.148487,-0.987832,50.00,False
-118.013598,12.145662,-57.291526,-0.046265,0.148487,-0.987832,50.00,False
-118.090409,12.275909,-54.670012,-0.061627,0.174536,-0.982720,50.00,False
-118.454185,12.900520,-51.883445,-0.134383,0.299459,-0.944598,50.00,False
-118.367116,12.324504,-49.006076,-0.116969,0.444087,-0.888316,50.00,False
-117.921863,12.738951,-46.215645,-0.027918,0.526976,-0.849421,50.00,False
-117.959133,13.048744,-42.757385,-0.035372,0.735169,-0.676961,50.00,False
-117.994780,9.531394,-40.636528,-0.042502,0.634223,-0.771981,50.00,False
-122.742434,5.138442,-34.797341,-0.992032,0.025692,-0.123335,50.00,False
-119.469448,11.695140,-28.677222,-0.337435,0.740269,0.581497,50.00,False
-119.019791,12.889678,-25.533570,-0.247504,0.679125,0.691036,50.00,False
-118.927812,11.708028,-22.058506,-0.229108,0.442795,0.866858,50.00,False
-118.667870,12.765034,-19.203907,-0.177120,0.353311,0.918586,50.00,False
-118.602240,12.281648,-16.438408,-0.163994,0.256634,0.952494,50.00,False
-118.602240,12.030875,-13.842451,-0.163994,0.256634,0.952494,50.00,False
-120.432849,13.127987,-15.691487,-0.530116,0.845545,0.063495,50.00,False
-118.060797,11.911423,-18.177534,-0.055705,0.298108,-0.952905,50.00,False
-117.836120,12.484986,-15.370793,-0.010770,0.412820,-0.910749,50.00,False
-117.970226,12.824281,-12.601543,-0.037591,0.480679,-0.876090,50.00,False
-118.213129,11.569616,-9.830954,-0.086171,0.533870,-0.841164,50.00,False
-118.493884,10.055614,-6.737410,-0.142322,0.655518,-0.741647,50.00,False
-119.755114,9.507734,-3.201830,-0.394568,0.733285,-0.553722,50.00,False
-117.902113,9.924462,4.257078,-0.023968,0.907731,0.418868,50.00,False
-118.176872,11.183721,7.487440,-0.078920,0.834224,0.545749,50.00,False
-118.481607,14.111498,10.209670,-0.139867,0.808945,0.571003,50.00,False
-118.434606,13.741623,13.277760,-0.130467,0.734970,0.665430,50.00,False
-118.617907,12.553469,16.547539,-0.167127,0.575984,0.800194,50.00,False
-119.816871,13.078700,17.318264,-0.406920,0.803158,0.435148,50.00,False
-118.661523,11.897639,18.341237,-0.175850,0.977008,0.120551,50.00,False
-118.829161,12.909469,18.978980,-0.209378,0.939505,-0.271092,50.00,False
-118.694987,12.084476,19.902124,-0.182543,0.774507,-0.605655,50.00,False
-118.451381,12.319197,22.754577,-0.133822,0.821451,-0.554356,50.00,False
-119.021130,12.990989,26.695492,-0.247772,0.925838,-0.285364,50.00,False
-119.012415,13.207438,30.799066,-0.246029,0.969128,0.016159,50.00,False
-118.860469,13.165845,34.185220,-0.215640,0.960809,0.174198,50.00,False
-118.289664,11.990290,38.581338,-0.101478,0.839226,0.534230,50.00,False
-118.176396,12.240437,41.340358,-0.078825,0.820046,0.566843,50.00,False
-118.521672,11.806418,44.420560,-0.147880,0.733242,0.663692,50.00,False
-118.349168,10.904086,47.825962,-0.113379,0.552776,0.825581,50.00,False
-118.238950,10.521332,50.666850,-0.091336,0.476225,0.874567,50.00,False
-118.247095,9.996681,53.509220,-0.092965,0.371295,0.923849,50.00,False
-118.247095,9.996681,56.105177,-0.092965,0.371295,0.923849,50.00,False
-118.051285,9.496134,58.886998,-0.053803,0.271186,0.961022,50.00,False
-118.051285,9.496134,61.482956,-0.053803,0.271186,0.961022,50.00,False
-118.873398,12.512150,60.776583,-0.218225,0.928463,0.300556,50.00,False
-120.743085,9.559967,64.778603,-0.592163,0.557574,0.581769,50.00,False
-121.222051,8.074819,67.707452,-0.687956,0.326133,0.648347,50.00,False
-122.612973,5.825631,68.164628,-0.966140,0.133839,0.220591,50.00,False
-118.612973,6.342960,68.164628,-0.966140,0.133839,0.220591,200.00,True
-118.612973,6.342960,68.164628,-0.966140,0.133839,0.220591,50.00,False
-118.553256,7.052100,64.973802,-0.954197,0.281394,0.101617,50.00,False
-118.687774,7.448572,61.178072,-0.981100,0.135295,-0.138338,50.00,False
-116.026152,10.443542,61.820465,-0.448776,0.734289,0.509333,50.00,False
-113.849546,12.839732,57.221530,-0.013455,0.993979,0.108737,50.00,False
-113.732673,9.043872,58.999298,0.009920,0.180733,0.983482,50.00,False
-113.732673,9.043872,56.403341,0.009920,0.180733,0.983482,50.00,False
-113.710385,9.719506,53.633457,0.014377,0.315860,0.948697,50.00,False
-113.927577,9.976289,50.942422,-0.029061,0.367217,0.929681,50.00,False
-113.927577,9.976289,48.346464,-0.029061,0.367217,0.929681,50.00,False
-113.936106,11.204644,45.049955,-0.030767,0.612888,0.789571,50.00,False
-114.509839,12.099135,41.472205,-0.145513,0.791786,0.593213,50.00,False
-114.635092,12.540325,38.520282,-0.170564,0.835705,0.522019,50.00,False
-115.180998,13.128009,33.885891,-0.279745,0.953242,0.114333,50.00,False
-115.431245,13.890214,30.984657,-0.329795,0.942548,0.053277,50.00,False
-115.370171,13.766588,27.310283,-0.317580,0.934220,-0.162406,50.00,False
-115.432912,13.847071,23.267610,-0.330128,0.828817,-0.451749,50.00,False
-115.118233,12.416873,19.439896,-0.267192,0.664277,-0.698100,50.00,False
-114.833729,11.367007,16.507092,-0.210292,0.608139,-0.765470,50.00,False
-115.325041,12.440790,18.331730,-0.308554,0.943778,0.118649,50.00,False
-115.183570,13.775281,16.678834,-0.280260,0.909420,0.307262,50.00,False
-114.355874,12.333969,16.740986,-0.114720,0.532084,0.838884,50.00,False
-114.792999,12.746269,13.763328,-0.202146,0.614544,0.762544,50.00,False
-114.566865,13.708781,10.200932,-0.156919,0.807047,0.569256,50.00,False
-114.995017,10.865313,7.487148,-0.242549,0.802117,0.545690,50.00,False
-108.795832,3.939951,2.389188,0.997288,0.058015,0.045290,50.00,False
-114.312676,10.474858,-3.211268,-0.106081,0.824648,-0.555610,50.00,False
-114.394395,12.937519,-5.914636,-0.122425,0.807451,-0.577092,50.00,False
-114.936039,12.173092,-9.224776,-0.230753,0.654566,-0.719928,50.00,False
-114.666627,13.842154,-12.003731,-0.176871,0.629589,-0.756528,50.00,False
-115.103682,13.231957,-14.917501,-0.264282,0.507550,-0.820090,50.00,False
-114.582191,12.788028,-17.882465,-0.159984,0.418764,-0.893892,50.00,False
-115.920028,13.418831,-15.896954,-0.427551,0.903713,0.022402,50.00,False
-114.412097,11.095975,-13.741228,-0.125965,0.194711,0.972739,50.00,False
-114.539972,12.539362,-16.504969,-0.151540,0.308177,0.939182,50.00,False
-114.399886,13.212582,-19.356533,-0.123523,0.442821,0.888061,50.00,False
-114.348923,12.674245,-22.130505,-0.113330,0.510365,0.852458,50.00,False
-114.553274,10.849461,-24.592324,-0.154200,0.450643,0.879285,50.00,False
-115.836173,11.729755,-28.972412,-0.410780,0.747192,0.522459,50.00,False
-109.112606,6.421453,-32.986784,0.933933,0.265998,0.238776,50.00,False
-115.588908,8.789423,-40.755985,-0.361327,0.485829,-0.795872,50.00,False
-115.383814,13.398301,-42.775977,-0.320309,0.658846,-0.680679,50.00,False
-114.448200,12.759586,-46.240588,-0.133186,0.502240,-0.854410,50.00,False
-114.448200,13.652021,-48.836545,-0.133186,0.502240,-0.854410,50.00,False
-114.354194,13.068682,-51.840108,-0.114385,0.333091,-0.935931,50.00,False
-114.104899,12.482294,-54.627913,-0.064525,0.215813,-0.974300,50.00,False
-114.078530,12.143748,-57.288345,-0.059252,0.148104,-0.987195,50.00,False
-114.078530,12.416985,-59.884302,-0.059252,0.148104,-0.987195,50.00,False
-114.078530,12.416985,-62.480260,-0.059252,0.148104,-0.987195,50.00,False
-113.951137,12.332577,-65.094129,-0.033773,0.131223,-0.990777,50.00,False
-113.937515,12.168272,-67.709530,-0.031049,0.098362,-0.994666,50.00,False
-113.863212,12.035631,-70.318582,-0.016188,0.071833,-0.997285,50.00,False
-113.863212,12.035631,-72.914540,-0.016188,0.071833,-0.997285,50.00,False
-113.863212,12.035631,-75.510497,-0.016188,0.071833,-0.997285,50.00,False
-113.856413,11.829873,-78.117124,-0.014828,0.030682,-0.999419,50.00,False
-113.856413,11.829873,-80.713082,-0.014828,0.030682,-0.999419,50.00,False
-113.856413,11.829873,-83.309039,-0.014828,0.030682,-0.999419,50.00,False
-113.856413,11.829873,-85.904997,-0.014828,0.030682,-0.999419,50.00,False
-113.888741,12.113424,-88.496965,-0.021294,0.047981,-0.998621,50.00,False
-113.888741,11.916369,-91.092922,-0.021294,0.047981,-0.998621,50.00,False
-109.837736,11.892715,-81.100160,-0.011093,0.003839,0.999931,200.00,True
-109.837736,11.892715,-81.100160,-0.011093,0.003839,0.999931,50.00,False
-109.837736,11.892715,-78.504203,-0.011093,0.003839,0.999931,50.00,False
-109.837736,11.892715,-75.908245,-0.011093,0.003839,0.999931,50.00,False
-109.778666,11.949778,-83.311361,0.000721,0.015252,-0.999883,50.00,False
-109.778666,11.949778,-80.715403,0.000721,0.015252,-0.999883,50.00,False
-109.794394,12.157436,-78.111946,-0.002425,0.056783,-0.998384,50.00,False
-109.794394,12.157436,-75.515989,-0.002425,0.056783,-0.998384,50.00,False
-109.794394,12.157436,-72.920031,-0.002425,0.056783,-0.998384,50.00,False
-109.794394,12.157436,-70.324074,-0.002425,0.056783,-0.998384,50.00,False
-109.794394,12.157436,-67.728116,-0.002425,0.056783,-0.998384,50.00,False
-109.794394,12.157436,-65.132159,-0.002425,0.056783,-0.998384,50.00,False
-109.794394,12.157436,-62.536202,-0.002425,0.056783,-0.998384,50.00,False
-109.794394,12.157436,-59.940244,-0.002425,0.056783,-0.998384,50.00,False
-109.915299,12.396517,-57.323161,-0.026606,0.104600,-0.994158,50.00,False
-110.003439,12.546016,-54.675249,-0.044234,0.173910,-0.983768,50.00,False
-110.003439,12.546016,-52.079291,-0.044234,0.173910,-0.983768,50.00,False
-109.878105,13.774814,-49.101868,-0.019167,0.419670,-0.907474,50.00,False
-109.878105,12.346734,-46.505911,-0.019167,0.419670,-0.907474,50.00,False
-109.449678,13.151266,-43.059175,0.066519,0.672262,-0.737319,50.00,False
-110.809567,10.007307,-40.856651,-0.205459,0.540298,-0.816005,50.00,False
-110.530120,9.089113,-31.296681,-0.149570,0.803078,0.576797,50.00,False
-107.106605,6.371525,-35.791557,0.535133,0.075695,-0.841370,50.00,False
-109.994363,12.616191,-25.272569,-0.042418,0.667683,0.743236,50.00,False
-110.028036,11.626392,-21.985572,-0.049153,0.469723,0.881444,50.00,False
-110.157885,12.251140,-19.288237,-0.075123,0.425744,0.901720,50.00,False
-110.270845,13.403625,-16.521046,-0.097715,0.338258,0.935967,50.00,False
-110.325509,11.147181,-13.741306,-0.108648,0.204952,0.972723,50.00,False
-108.202594,14.432710,-16.102645,0.315936,0.948596,-0.018736,50.00,False
-109.733452,11.223819,-18.171598,0.009764,0.306817,-0.951718,50.00,False
-110.129807,13.566897,-14.996578,-0.069507,0.544454,-0.835906,50.00,False
-110.206307,13.939258,-12.125378,-0.084807,0.618926,-0.780857,50.00,False
-110.087834,13.866813,-8.356182,-0.061112,0.835416,-0.546210,50.00,False
-108.105172,8.796174,-7.055525,0.335420,0.488911,-0.805270,50.00,False
-110.214489,10.663747,-2.926956,-0.086443,0.862426,-0.498747,50.00,False
-104.800502,4.235459,1.881479,0.996354,0.064144,-0.056252,50.00,False
-110.236701,9.949506,8.361379,-0.090886,0.687435,0.720537,50.00,False
-109.871421,12.393150,10.707292,-0.017830,0.741670,0.670528,50.00,False
-109.985725,12.604096,13.910438,-0.040691,0.609208,0.791966,50.00,False
-110.135040,11.967214,16.913662,-0.070554,0.481832,0.873419,50.00,False
-109.188930,13.649269,15.187107,0.118668,0.992894,0.008916,50.00,False
-109.330595,13.298819,18.003323,0.090335,0.994502,0.052968,50.00,False
-110.812943,11.486111,16.599019,-0.206134,0.631960,-0.747084,50.00,False
-110.602892,12.707136,19.571443,-0.164124,0.722330,-0.671791,50.00,False
-110.926248,13.006338,22.628673,-0.228795,0.782170,-0.579536,50.00,False
-110.997344,13.742440,26.733275,-0.243014,0.929391,-0.277807,50.00,False
-111.078318,9.526912,31.142851,-0.259209,0.962081,0.084916,50.00,False
-110.838275,13.637874,34.663948,-0.211201,0.939428,0.269944,50.00,False
-110.447030,13.000488,38.752105,-0.132952,0.811950,0.568384,50.00,False
-110.292530,12.452602,42.028419,-0.102052,0.702373,0.704455,50.00,False
-110.217075,12.185425,44.881377,-0.086961,0.648938,0.755855,50.00,False
-109.760058,10.594234,48.416685,0.004443,0.330700,0.943726,50.00,False
-109.760058,10.594234,51.012643,0.004443,0.330700,0.943726,50.00,False
-109.760058,10.594234,53.608600,0.004443,0.330700,0.943726,50.00,False
-109.760058,10.388893,56.204558,0.004443,0.330700,0.943726,50.00,False
-110.134187,11.718800,54.719292,-0.070383,0.989341,0.127481,50.00,False
-112.138073,10.553416,58.947608,-0.471160,0.756264,0.453953,50.00,False
-114.586562,5.619963,58.054585,-0.960858,0.131500,-0.243843,50.00,False
-114.595382,6.898304,61.356412,-0.962622,0.250635,-0.102670,50.00,False
-114.553256,7.080735,64.973802,-0.954197,0.281394,0.101617,50.00,False
-114.483780,7.037796,68.079144,-0.940302,0.272806,0.203494,50.00,False
-110.483780,7.037796,68.079144,-0.940302,0.272806,0.203494,200.00,True
-110.483780,7.037796,68.079144,-0.940302,0.272806,0.203494,50.00,False
-110.370391,7.460800,65.335006,-0.917624,0.357407,0.173858,50.00,False
-110.382002,7.527055,61.321270,-0.919946,0.376385,-0.109698,50.00,False
-110.312872,7.233507,57.877122,-0.906120,0.317675,-0.279336,50.00,False
-110.057012,7.368158,54.739348,-0.854948,0.344605,-0.387699,50.00,False
-107.551243,11.103069,55.846378,-0.353794,0.866194,0.352898,50.00,False
-106.963545,12.402041,52.706436,-0.236255,0.940531,0.244101,50.00,False
-105.534275,9.854057,53.756911,0.049599,0.223732,0.973388,50.00,False
-105.534275,10.059398,51.160954,0.049599,0.223732,0.973388,50.00,False
-105.548879,10.345880,48.490875,0.046679,0.281029,0.958563,50.00,False
-105.709449,10.902473,45.700609,0.014565,0.392348,0.919702,50.00,False
-106.453416,12.347535,42.103820,-0.134229,0.681360,0.719535,50.00,False
-106.704104,12.720499,39.050824,-0.184366,0.755953,0.628128,50.00,False
-106.661334,13.446249,35.296044,-0.175812,0.901103,0.396363,50.00,False
-105.972975,10.725662,32.057404,-0.038141,0.962712,0.267827,50.00,False
-106.621360,14.962164,26.789053,-0.167818,0.949070,-0.266652,50.00,False
-106.551803,14.261367,22.689206,-0.153906,0.808911,-0.567430,50.00,False
-106.644208,14.149100,19.964898,-0.172387,0.786457,-0.593100,50.00,False
-106.124781,9.936382,15.613174,-0.068502,0.322014,-0.944253,50.00,False
-106.885830,13.191589,17.404998,-0.220712,0.973056,-0.066697,50.00,False
-106.275491,13.238343,16.691138,-0.098644,0.945696,0.309723,50.00,False
-106.604628,12.407094,16.723989,-0.164471,0.524324,0.835484,50.00,False
-106.774414,12.507986,13.863864,-0.198429,0.589986,0.782651,50.00,False
-106.646084,13.107861,10.768258,-0.172763,0.709961,0.682721,50.00,False
-107.030126,10.142375,7.962700,-0.249571,0.726009,0.640801,50.00,False
-100.801885,4.065108,1.746635,0.996077,0.030074,-0.083221,50.00,False
-105.826445,9.940414,-3.144330,-0.008835,0.840189,-0.542222,50.00,False
-106.489505,8.010175,-7.435311,-0.141447,0.451034,-0.881227,50.00,False
-105.652560,13.114771,-9.201258,0.025942,0.698413,-0.715225,50.00,False
-105.833079,12.286138,-12.493807,-0.010161,0.519281,-0.854543,50.00,False
-105.957918,11.702252,-15.390769,-0.035129,0.402504,-0.914744,50.00,False
-105.936528,11.042797,-18.223976,-0.030851,0.270613,-0.962194,50.00,False
-105.162666,13.767911,-15.691797,0.123921,0.990262,0.063433,50.00,False
-106.368726,10.511113,-13.708797,-0.117291,0.165412,0.979225,50.00,False
-106.459976,11.737969,-16.451406,-0.135541,0.281654,0.949895,50.00,False
-106.201112,12.615915,-19.483246,-0.083768,0.498699,0.862718,50.00,False
-105.903082,12.186285,-22.065643,-0.024162,0.500447,0.865430,50.00,False
-105.805885,11.895110,-25.104588,-0.004723,0.629689,0.776833,50.00,False
-102.157829,6.040955,-28.140711,0.724889,0.009581,0.688800,50.00,False
-107.267861,8.889052,-31.517907,-0.297118,0.792534,0.532552,50.00,False
-105.058355,10.231682,-41.115868,0.144783,0.475264,-0.867849,50.00,False
-105.352925,11.547595,-43.871393,0.085869,0.427848,-0.899762,50.00,False
-105.620553,11.694986,-46.751967,0.032344,0.289320,-0.956686,50.00,False
-105.568619,11.060199,-49.493523,0.042730,0.162363,-0.985805,50.00,False
-105.593317,13.655133,-51.828445,0.037791,0.356323,-0.933598,50.00,False
-105.553883,12.897610,-54.645079,0.045678,0.204818,-0.977734,50.00,False
-105.617467,12.179634,-57.340267,0.032961,0.061223,-0.997580,50.00,False
-105.617467,12.179634,-59.936225,0.032961,0.061223,-0.997580,50.00,False
-105.617467,12.179634,-62.532182,0.032961,0.061223,-0.997580,50.00,False
-105.617467,12.179634,-65.128140,0.032961,0.061223,-0.997580,50.00,False
-105.713133,11.951987,-67.735105,0.013828,0.015694,-0.999781,50.00,False
-105.713133,11.951987,-70.331062,0.013828,0.015694,-0.999781,50.00,False
-105.713133,11.951987,-72.927020,0.013828,0.015694,-0.999781,50.00,False
-105.713133,11.951987,-75.522977,0.013828,0.015694,-0.999781,50.00,False
-105.713133,11.951987,-78.118935,0.013828,0.015694,-0.999781,50.00,False
-105.929413,11.971196,-70.719106,-0.029428,0.019536,0.999376,50.00,False
-105.929413,11.971196,-73.315064,-0.029428,0.019536,0.999376,50.00,False
-105.929413,11.971196,-75.911021,-0.029428,0.019536,0.999376,50.00,False
-105.929413,11.971196,-78.506978,-0.029428,0.019536,0.999376,50.00,False
-105.929413,11.971196,-81.102936,-0.029428,0.019536,0.999376,50.00,False
-101.908280,12.460006,-81.103311,-0.025202,0.027616,0.999301,200.00,True
-101.908280,12.460006,-81.103311,-0.025202,0.027616,0.999301,50.00,False
-101.908280,12.460006,-78.507354,-0.025202,0.027616,0.999301,50.00,False
-101.908280,12.460006,-75.911396,-0.025202,0.027616,0.999301,50.00,False
-101.908280,12.460006,-73.315439,-0.025202,0.027616,0.999301,50.00,False
-101.908280,12.460006,-70.719482,-0.025202,0.027616,0.999301,50.00,False
-101.620322,12.467303,-78.115290,0.032390,0.029075,-0.999052,50.00,False
-101.620322,12.467303,-75.519333,0.032390,0.029075,-0.999052,50.00,False
-101.620322,12.467303,-72.923375,0.032390,0.029075,-0.999052,50.00,False
-101.596086,12.529584,-70.324371,0.037237,0.041531,-0.998443,50.00,False
-101.580159,12.605326,-67.724068,0.040423,0.056679,-0.997574,50.00,False
-101.580159,12.605326,-65.128110,0.040423,0.056679,-0.997574,50.00,False
-101.580159,12.605326,-62.532153,0.040423,0.056679,-0.997574,50.00,False
-101.580159,12.605326,-59.936195,0.040423,0.056679,-0.997574,50.00,False
-101.475288,12.892985,-57.310156,0.061397,0.114211,-0.991557,50.00,False
-101.515200,12.970634,-54.627244,0.053414,0.219423,-0.974167,50.00,False
-101.591281,13.220191,-51.971898,0.038198,0.269335,-0.962289,50.00,False
-101.588609,13.962857,-49.102906,0.038733,0.417868,-0.907682,50.00,False
-102.012189,11.798710,-46.655735,-0.045984,0.345099,-0.937439,50.00,False
-102.012189,10.522213,-44.059777,-0.045984,0.345099,-0.937439,50.00,False
-101.981562,10.098951,-41.240544,-0.039858,0.448718,-0.892784,50.00,False
-106.595074,7.582126,-35.222376,-0.962560,0.173410,-0.208342,50.00,False
-102.144227,9.634504,-27.550688,-0.072391,0.586367,0.806804,50.00,False
-102.818404,11.217791,-25.113771,-0.207226,0.597024,0.774996,50.00,False
-102.576584,12.601937,-22.410959,-0.158862,0.583577,0.796367,50.00,False
-102.930265,12.798921,-19.603382,-0.229599,0.493844,0.838691,50.00,False
-102.526242,12.229819,-16.636225,-0.148794,0.380023,0.912931,50.00,False
-102.703860,11.881836,-13.942138,-0.184318,0.310427,0.932557,50.00,False
-101.955705,13.887701,-15.458484,-0.034687,0.993316,0.110096,50.00,False
-101.759045,10.928912,-18.241718,0.004645,0.259462,-0.965742,50.00,False
-101.421600,13.594881,-15.170043,0.072134,0.486677,-0.870599,50.00,False
-101.312816,12.107231,-12.539757,0.093891,0.495126,-0.863733,50.00,False
-101.988201,11.456178,-9.866622,-0.041186,0.527916,-0.848297,50.00,False
-101.585878,7.836096,-7.564107,0.039279,0.419325,-0.906986,50.00,False
-101.852329,9.800430,-3.349330,-0.014012,0.812192,-0.583222,50.00,False
-101.419060,7.413456,-0.319172,0.072642,0.865060,-0.496382,50.00,False
-101.987973,10.674494,7.961267,-0.041140,0.766843,0.640514,50.00,False
-102.987485,10.290878,11.273668,-0.241043,0.572321,0.783803,50.00,False
-102.602425,13.209969,13.586719,-0.164031,0.666515,0.727222,50.00,False
-102.438976,12.180698,17.091429,-0.131341,0.395625,0.908972,50.00,False
-102.286399,14.735242,15.638172,-0.100826,0.989953,0.099129,50.00,False
-103.277079,13.668424,18.026249,-0.298961,0.952528,0.057553,50.00,False
-102.125701,11.325805,15.972612,-0.068686,0.484004,-0.872366,50.00,False
-102.128683,13.563617,19.088198,-0.069282,0.636160,-0.768440,50.00,False
-102.788434,14.497274,22.869504,-0.201232,0.822892,-0.531370,50.00,False
-102.358825,10.193356,25.001161,-0.115311,0.772684,-0.624230,50.00,False
-103.030706,9.876639,31.725252,-0.249687,0.947151,0.201396,50.00,False
-101.844326,11.833695,36.125570,-0.012411,0.826862,0.562268,50.00,False
-102.003239,13.824928,38.850387,-0.044194,0.807623,0.588040,50.00,False
-102.147177,13.554952,41.772327,-0.072981,0.753628,0.653237,50.00,False
-102.224098,13.071021,44.846264,-0.088365,0.656842,0.748833,50.00,False
-101.677405,11.828716,48.260911,0.020973,0.408381,0.912571,50.00,False
-101.646876,10.581308,51.192124,0.027079,0.199017,0.979622,50.00,False
-101.528771,9.351502,53.845389,0.050700,0.123222,0.991083,50.00,False
-101.755435,11.575497,52.516752,0.005367,0.978503,0.206164,50.00,False
-105.505025,7.110289,51.082818,-0.744551,0.293032,-0.599814,50.00,False
-105.782933,7.540734,54.353755,-0.800132,0.379121,-0.464818,50.00,False
-106.057012,7.368158,57.335305,-0.854948,0.344605,-0.387699,50.00,False
-106.150249,8.001042,61.261114,-0.873596,0.471182,-0.121729,50.00,False
-106.198672,7.942060,65.057534,-0.883280,0.453659,0.118363,50.00,False
-105.626808,8.232257,68.978354,-0.768907,0.511698,0.383336,50.00,False
-100.978369,8.450463,69.721546,-0.639219,0.555340,0.531974,200.00,True
-100.978369,8.450463,69.721546,-0.639219,0.555340,0.531974,50.00,False
-101.269446,9.045544,65.678451,-0.697435,0.674356,0.242547,50.00,False
-101.637754,8.725468,61.065539,-0.771097,0.616068,-0.160844,50.00,False
-101.289307,8.790767,57.598788,-0.701407,0.629127,-0.335003,50.00,False
-101.120400,8.511693,54.303036,-0.667626,0.573313,-0.474962,50.00,False
-100.708286,8.099542,50.833188,-0.585203,0.485155,-0.649740,50.00,False
-100.261392,7.501965,47.634905,-0.495824,0.401177,-0.770205,50.00,False
-97.343828,13.436822,49.639403,0.087689,0.984807,0.149886,50.00,False
-97.585834,10.087485,51.106944,0.039287,0.268114,0.962586,50.00,False
-97.585834,11.106157,48.510987,0.039287,0.268114,0.962586,50.00,False
-97.449640,12.030593,45.547222,0.066526,0.453001,0.889024,50.00,False
-97.538936,12.749693,42.510629,0.048667,0.596821,0.800897,50.00,False
-97.687127,14.166585,38.849446,0.019029,0.808745,0.587852,50.00,False
-98.013630,14.205995,35.600987,-0.046272,0.888081,0.457352,50.00,False
-97.210943,10.727981,32.418865,0.114266,0.933414,0.340119,50.00,False
-97.992154,10.503713,25.140708,-0.041977,0.801648,-0.596321,50.00,False
-97.834914,14.637099,23.118860,-0.010529,0.876383,-0.481499,50.00,False
-98.261751,13.882293,19.522441,-0.095896,0.725422,-0.681591,50.00,False
-98.614569,11.602195,15.982333,-0.166459,0.463311,-0.870422,50.00,False
-96.574962,13.502285,17.746628,0.241462,0.970409,0.001629,50.00,False
-98.691553,14.280217,15.658379,-0.181856,0.977898,0.103171,50.00,False
-98.217427,12.316490,16.889544,-0.087031,0.487820,0.868595,50.00,False
-98.664245,13.198802,13.582464,-0.176395,0.664282,0.726371,50.00,False
-97.998544,10.993735,10.854345,-0.043254,0.712892,0.699938,50.00,False
-102.176432,7.467932,6.209031,-0.878832,0.378834,0.290067,50.00,False
-97.972705,8.083301,2.051899,-0.038087,0.999029,-0.022168,50.00,False
-99.278400,8.537236,-3.554407,-0.299226,0.721659,-0.624237,50.00,False
-98.219055,9.040223,-7.318580,-0.087357,0.506369,-0.857881,50.00,False
-98.285675,11.541915,-9.737417,-0.100681,0.559847,-0.822457,50.00,False
-98.188487,12.232668,-12.471909,-0.081243,0.520213,-0.850163,50.00,False
-98.012900,11.818138,-15.307692,-0.046126,0.437307,-0.898129,50.00,False
-98.089112,11.347064,-18.099481,-0.061368,0.343092,-0.937295,50.00,False
-99.048204,13.545475,-15.434010,-0.253186,0.960559,0.114991,50.00,False
-98.519715,11.141979,-13.726768,-0.147489,0.162456,0.975631,50.00,False
-98.605268,12.794576,-16.838781,-0.164599,0.460208,0.872420,50.00,False
-98.791893,13.112432,-19.767311,-0.201924,0.556546,0.805905,50.00,False
-98.531876,12.245271,-22.432275,-0.149921,0.591688,0.792104,50.00,False
-98.283795,12.157448,-25.210567,-0.100305,0.647265,0.755637,50.00,False
-99.590822,10.154297,-28.547089,-0.361710,0.707164,0.607524,50.00,False
-93.300004,7.904014,-36.050347,0.896454,0.237787,-0.373936,50.00,False
-97.481593,10.902978,-41.097022,0.060136,0.499750,-0.864080,50.00,False
-97.920952,13.170207,-43.295515,-0.027736,0.619398,-0.784587,50.00,False
-97.587664,11.990535,-46.582215,0.038922,0.383464,-0.922735,50.00,False
-97.846117,13.992237,-49.068592,-0.012769,0.434007,-0.900819,50.00,False
-97.765053,13.135559,-51.984850,0.003444,0.262671,-0.964879,50.00,False
-97.689574,12.210365,-54.740460,0.018539,0.077632,-0.996810,50.00,False
-97.689574,12.261679,-57.336417,0.018539,0.077632,-0.996810,50.00,False
-97.689574,12.261679,-59.932375,0.018539,0.077632,-0.996810,50.00,False
-97.689574,12.710089,-62.528332,0.018539,0.077632,-0.996810,50.00,False
-97.689574,12.710089,-65.124289,0.018539,0.077632,-0.996810,50.00,False
-97.689574,12.710089,-67.720247,0.018539,0.077632,-0.996810,50.00,False
-97.824084,12.335724,-60.332350,-0.008363,0.002759,0.999961,50.00,False
-97.824084,12.335724,-62.928307,-0.008363,0.002759,0.999961,50.00,False
-97.824084,12.335724,-65.524265,-0.008363,0.002759,0.999961,50.00,False
-97.824084,12.335724,-68.120222,-0.008363,0.002759,0.999961,50.00,False
-97.824084,12.335724,-70.716180,-0.008363,0.002759,0.999961,50.00,False
-97.824084,12.335724,-73.312137,-0.008363,0.002759,0.999961,50.00,False
-97.713056,12.409658,-85.906652,0.013843,0.017546,-0.999750,50.00,False
-97.892634,12.068413,-78.508877,-0.022072,0.038979,0.998996,50.00,False
-97.892634,12.068413,-81.104835,-0.022072,0.038979,0.998996,50.00,False
-93.848585,12.062027,-81.103811,-0.013263,0.037702,0.999201,200.00,True
-93.848585,12.062027,-81.103811,-0.013263,0.037702,0.999201,50.00,False
-93.848585,12.149531,-78.507853,-0.013263,0.037702,0.999201,50.00,False
-93.850957,12.160855,-75.912368,-0.013737,0.039966,0.999107,50.00,False
-93.841391,12.172293,-73.316759,-0.011824,0.042254,0.999037,50.00,False
-93.841391,12.172293,-70.720801,-0.011824,0.042254,0.999037,50.00,False
-93.890059,11.964280,-68.121191,-0.021557,0.000652,0.999767,50.00,False
-93.890059,11.964280,-65.525234,-0.021557,0.000652,0.999767,50.00,False
-93.890059,11.964280,-62.929277,-0.021557,0.000652,0.999767,50.00,False
-93.890059,11.964280,-60.333319,-0.021557,0.000652,0.999767,50.00,False
-93.624641,12.199163,-67.728036,0.031526,0.047628,-0.998367,50.00,False
-93.698426,12.509036,-65.109411,0.016769,0.109603,-0.993834,50.00,False
-93.698426,12.509036,-62.513454,0.016769,0.109603,-0.993834,50.00,False
-93.698426,12.370217,-59.917496,0.016769,0.109603,-0.993834,50.00,False
-93.698426,11.602402,-57.321539,0.016769,0.109603,-0.993834,50.00,False
-93.649668,11.988312,-54.666626,0.026521,0.186785,-0.982043,50.00,False
-93.649668,11.988312,-52.070668,0.026521,0.186785,-0.982043,50.00,False
-93.804668,12.535670,-49.339986,-0.004479,0.296256,-0.955098,50.00,False
-93.337828,13.455355,-46.331775,0.088889,0.480193,-0.872647,50.00,False
-93.620184,12.350328,-43.701774,0.032417,0.499272,-0.865839,50.00,False
-94.075728,11.798680,-40.919278,-0.058691,0.556859,-0.828531,50.00,False
-98.681269,6.174592,-35.092608,-0.979799,0.082021,-0.182388,50.00,False
-92.808631,8.579641,-33.096952,0.194728,0.933063,-0.302449,50.00,False
-94.376550,8.644596,-24.456459,-0.118856,0.405224,0.906459,50.00,False
-94.635335,13.187498,-22.647758,-0.170613,0.640218,0.749007,50.00,False
-94.743923,13.546955,-19.956020,-0.192330,0.610683,0.768163,50.00,False
-94.428580,13.321416,-16.779807,-0.129262,0.448839,0.884214,50.00,False
-94.343291,12.161973,-13.925009,-0.112204,0.333687,0.935983,50.00,False
-93.558341,13.677561,-15.595952,0.044786,0.995576,0.082602,50.00,False
-94.168601,9.558688,-18.330819,-0.077266,0.163202,-0.983563,50.00,False
-94.263394,13.525963,-15.341675,-0.096225,0.414550,-0.904925,50.00,False
-94.625540,10.462090,-12.839807,-0.168654,0.343882,-0.923743,50.00,False
-93.863496,11.467588,-9.609663,-0.016245,0.603885,-0.796906,50.00,False
-93.899061,9.431416,-7.169614,-0.023358,0.560112,-0.828087,50.00,False
-94.587364,6.722988,1.205587,-0.161018,0.930938,0.327761,50.00,False
-94.634776,5.338662,1.734157,-0.170501,0.981622,-0.085716,50.00,False
-93.973441,8.533904,8.938945,-0.038234,0.547320,0.836050,50.00,False
-93.887883,7.578513,12.128115,-0.021122,0.296844,0.954692,50.00,False
-94.165326,12.145636,14.105578,-0.076611,0.550982,0.830993,50.00,False
-94.065812,10.176932,17.476222,-0.056708,0.157241,0.985931,50.00,False
-93.122299,12.369452,14.743684,0.131994,0.988036,-0.079768,50.00,False
-92.558261,13.923217,18.159837,0.244802,0.965904,0.084271,50.00,False
-93.936865,12.492656,16.293422,-0.030919,0.588091,-0.808204,50.00,False
-94.260707,13.549141,19.303979,-0.095687,0.681768,-0.725284,50.00,False
-94.491835,14.017503,22.793684,-0.141913,0.825325,-0.546534,50.00,False
-93.386327,11.621025,26.252685,0.079189,0.924072,-0.373926,50.00,False
-92.907893,10.725497,32.292143,0.174876,0.932918,0.314775,50.00,False
-94.037492,14.577669,35.570233,-0.051044,0.890961,0.451201,50.00,False
-93.923809,13.894093,39.239759,-0.028307,0.745491,0.665915,50.00,False
-93.873295,13.223289,42.461975,-0.018205,0.611330,0.791166,50.00,False
-93.954930,12.381765,45.411241,-0.034532,0.506023,0.861828,50.00,False
-94.154399,11.264136,48.479940,-0.074425,0.282498,0.956376,50.00,False
-94.032014,9.787971,51.178054,-0.049948,0.208211,0.976808,50.00,False
-94.738927,11.606584,49.990783,-0.191331,0.956515,0.220162,50.00,False
-95.889356,8.063503,47.470437,-0.421417,0.421237,-0.803099,50.00,False
-95.889356,8.004219,50.066394,-0.421417,0.421237,-0.803099,50.00,False
-96.178302,9.156099,54.007192,-0.479206,0.696467,-0.534131,50.00,False
-95.886703,9.860183,57.528730,-0.420886,0.837283,-0.349015,50.00,False
-96.125735,10.039801,61.201992,-0.468693,0.873207,-0.133554,50.00,False
-95.710227,10.125381,65.676547,-0.385591,0.890323,0.242166,50.00,False
-95.930163,9.454297,69.530306,-0.429578,0.756106,0.493726,50.00,False
-91.035382,11.192821,69.312384,-0.250622,0.857065,0.450142,200.00,True
-91.035382,11.192821,69.312384,-0.250622,0.857065,0.450142,50.00,False
-91.127347,10.363886,65.558211,-0.269015,0.938024,0.218499,50.00,False
-91.221161,10.462186,61.844675,-0.287778,0.957684,-0.005017,50.00,False
-91.593722,10.120331,57.878559,-0.362290,0.889313,-0.279049,50.00,False
-91.923346,11.198593,54.667261,-0.428215,0.809280,-0.402117,50.00,False
-92.015967,10.525683,51.144172,-0.446739,0.674698,-0.587543,50.00,False
-92.107482,10.410489,48.208132,-0.465042,0.594960,-0.655560,50.00,False
-91.962135,9.189610,45.050111,-0.435973,0.469198,-0.767972,50.00,False
-91.615442,12.141744,47.426096,-0.366634,0.902394,0.226416,50.00,False
-89.879417,10.358398,48.671580,-0.019429,0.100924,0.994704,50.00,False
-89.908291,11.345921,45.872595,-0.025204,0.298429,0.954099,50.00,False
-90.629061,12.610642,42.590582,-0.169358,0.551373,0.816888,50.00,False
-89.961406,13.341365,39.486466,-0.035827,0.697943,0.715256,50.00,False
-90.267320,10.745707,37.194394,-0.097010,0.623187,0.776033,50.00,False
-91.253130,10.645610,33.100620,-0.294172,0.828516,0.476470,50.00,False
-90.368628,11.854236,26.720499,-0.117271,0.952704,-0.280363,50.00,False
-90.369715,12.590610,22.001230,-0.117489,0.699383,-0.705025,50.00,False
-90.499071,13.287207,19.135925,-0.143360,0.635238,-0.758895,50.00,False
-90.602835,11.585100,16.077729,-0.164113,0.498280,-0.851342,50.00,False
-89.147141,14.050949,17.887690,0.127026,0.991450,0.029841,50.00,False
-94.430139,9.838991,14.700542,-0.929574,0.357881,-0.088397,50.00,False
-90.683714,12.893280,16.758549,-0.180288,0.507804,0.842396,50.00,False
-90.683714,12.893280,14.162592,-0.180288,0.507804,0.842396,50.00,False
-90.612424,10.267636,11.758185,-0.166030,0.443610,0.880706,50.00,False
-90.561803,8.395421,9.128723,-0.155906,0.460226,0.874005,50.00,False
-90.942160,8.268409,1.933261,-0.231978,0.971638,-0.045895,50.00,False
-84.910210,5.877651,0.346537,0.974412,0.161864,0.155951,50.00,False
-91.198662,9.226908,-7.060845,-0.283278,0.519211,-0.806334,50.00,False
-91.030163,10.600954,-9.961983,-0.249578,0.430558,-0.867370,50.00,False
-91.122940,12.724979,-12.503172,-0.268134,0.441198,-0.856416,50.00,False
-90.881112,13.722438,-15.266172,-0.219768,0.399893,-0.889824,50.00,False
-90.326764,10.126098,-18.341290,-0.108899,0.128926,-0.985657,50.00,False
-93.239086,12.056957,-15.844532,-0.691363,0.721759,0.032886,50.00,False
-90.686909,12.267512,-13.876719,-0.180927,0.270239,0.945640,50.00,False
-90.832168,13.595424,-17.010847,-0.209979,0.503641,0.838006,50.00,False
-91.054390,13.753319,-19.881083,-0.254424,0.567401,0.783151,50.00,False
-90.020939,7.594545,-21.467457,-0.047733,0.165420,0.985067,50.00,False
-89.742840,8.641327,-24.353343,0.007886,0.374776,0.927082,50.00,False
-88.960872,8.393067,-33.650186,0.164280,0.895748,-0.413095,50.00,False
-88.249394,9.411774,-38.103046,0.306576,0.539081,-0.784476,50.00,False
-89.640386,10.215232,-41.086737,0.028377,0.506075,-0.862023,50.00,False
-89.869844,12.424119,-43.660547,-0.017514,0.514030,-0.857593,50.00,False
-89.675619,13.507720,-46.408696,0.021331,0.459288,-0.888031,50.00,False
-89.576817,14.040463,-49.210419,0.041091,0.367325,-0.929185,50.00,False
-89.471864,13.716000,-51.832038,0.062082,0.350996,-0.934317,50.00,False
-89.640526,12.895849,-54.666198,0.028349,0.186965,-0.981957,50.00,False
-89.640526,13.138665,-57.262156,0.028349,0.186965,-0.981957,50.00,False
-89.640526,13.138665,-59.858113,0.028349,0.186965,-0.981957,50.00,False
-89.610589,12.306579,-62.540279,0.034336,0.020548,-0.999199,50.00,False
-89.610589,12.063763,-65.136236,0.034336,0.020548,-0.999199,50.00,False
-89.610589,12.063763,-67.732194,0.034336,0.020548,-0.999199,50.00,False
-89.582213,12.153741,-70.324434,0.040012,0.038544,-0.998456,50.00,False
-89.582213,12.396557,-72.920391,0.040012,0.038544,-0.998456,50.00,False
-89.582213,12.153741,-75.516349,0.040012,0.038544,-0.998456,50.00,False
-89.582213,12.153741,-78.112306,0.040012,0.038544,-0.998456,50.00,False
-89.949504,12.144247,-70.722143,-0.033446,0.036645,0.998768,50.00,False
-89.949504,12.144247,-73.318101,-0.033446,0.036645,0.998768,50.00,False
-89.949504,12.144247,-75.914058,-0.033446,0.036645,0.998768,50.00,False
-89.949504,11.394507,-78.510016,-0.033446,0.036645,0.998768,50.00,False
-90.577637,15.694690,-88.165354,-0.159073,0.896682,-0.413108,50.00,False
-90.554361,7.063207,-86.802229,-0.954418,0.263346,-0.140483,200.00,True
-90.554361,7.063207,-86.802229,-0.954418,0.263346,-0.140483,50.00,False
-88.362800,12.234065,-86.927934,-0.516106,0.514454,-0.684815,50.00,False
-86.424462,15.807102,-82.769628,-0.128438,0.919164,-0.372345,50.00,False
-86.018756,12.253661,-73.318178,-0.047297,0.015973,0.998753,50.00,False
-86.018756,12.253661,-70.722220,-0.047297,0.015973,0.998753,50.00,False
-86.018756,12.253661,-68.126263,-0.047297,0.015973,0.998753,50.00,False
-86.025134,12.288565,-65.531292,-0.048572,0.022954,0.998556,50.00,False
-86.025134,12.288565,-62.935334,-0.048572,0.022954,0.998556,50.00,False
-85.597547,12.303829,-70.327050,0.036945,0.026007,-0.998979,50.00,False
-85.597547,12.303829,-67.731093,0.036945,0.026007,-0.998979,50.00,False
-85.569355,12.719440,-65.105817,0.042583,0.109129,-0.993115,50.00,False
-85.569355,12.719440,-62.509859,0.042583,0.109129,-0.993115,50.00,False
-85.569355,12.506666,-59.913902,0.042583,0.109129,-0.993115,50.00,False
-85.590000,12.965431,-57.246671,0.038454,0.200882,-0.978860,50.00,False
-85.444108,13.324178,-54.555104,0.067633,0.272631,-0.959739,50.00,False
-85.410594,12.436094,-51.993847,0.074336,0.244962,-0.966679,50.00,False
-85.505912,12.967556,-49.237732,0.055272,0.351255,-0.934647,50.00,False
-85.505912,12.967556,-46.641774,0.055272,0.351255,-0.934647,50.00,False
-85.454817,11.576501,-43.979822,0.065491,0.382941,-0.921448,50.00,False
-85.830252,11.138441,-41.134953,-0.009596,0.490007,-0.871666,50.00,False
-86.555799,10.092845,-38.459808,-0.154706,0.493583,-0.855828,50.00,False
-85.395450,8.678359,-32.787525,0.077364,0.967545,-0.240563,50.00,False
-87.001538,8.126910,-24.334158,-0.243853,0.271893,0.930919,50.00,False
-86.933709,7.610920,-21.600849,-0.230288,0.168695,0.958389,50.00,False
-86.888791,13.077943,-19.470869,-0.221304,0.449961,0.865193,50.00,False
-86.820993,12.663020,-16.632501,-0.207744,0.349341,0.913676,50.00,False
-86.767289,11.950358,-13.833092,-0.197004,0.224444,0.954366,50.00,False
-81.137493,10.211502,-15.514754,0.928956,0.356752,0.098842,50.00,False
-85.903530,9.708922,-18.406358,-0.024252,0.045491,-0.998670,50.00,False
-86.115723,12.474140,-15.592598,-0.066690,0.288648,-0.955110,50.00,False
-86.420624,12.128388,-12.911756,-0.127670,0.321880,-0.938133,50.00,False
-86.460618,11.885769,-9.956321,-0.135669,0.480860,-0.866237,50.00,False
-85.543156,11.678804,-6.820408,0.047823,0.650212,-0.758246,50.00,False
-80.797284,6.243041,-0.171491,0.996998,0.057060,0.052346,50.00,False
-85.549295,8.257992,0.960730,0.046595,0.969554,-0.240402,50.00,False
-83.150653,6.567291,0.533668,0.526324,0.094600,-0.845005,50.00,False
-87.012318,10.565844,11.715151,-0.246009,0.422992,0.872099,50.00,False
-86.149433,11.128905,14.652525,-0.073432,0.332096,0.940383,50.00,False
-85.757729,8.892100,17.527002,0.004909,0.088243,0.996087,50.00,False
-85.337198,13.318118,16.197019,0.089015,0.973447,0.210899,50.00,False
-85.940673,13.685023,18.737537,-0.031680,0.979322,0.199811,50.00,False
-86.466805,12.662802,16.332815,-0.136907,0.583726,-0.800325,50.00,False
-86.298175,13.225335,19.052915,-0.103181,0.622863,-0.775497,50.00,False
-86.607248,11.164239,22.101224,-0.164995,0.709588,-0.685026,50.00,False
-87.681832,9.967907,26.075692,-0.379912,0.829530,-0.409324,50.00,False
-85.108503,10.914784,33.404840,0.134754,0.832547,0.537314,50.00,False
-86.734545,10.950388,36.929015,-0.190455,0.664123,0.722958,50.00,False
-86.729816,13.396674,39.308720,-0.189509,0.708579,0.679707,50.00,False
-86.818633,12.765523,42.436498,-0.207272,0.582349,0.786071,50.00,False
-86.080534,12.290700,45.754977,-0.059652,0.361208,0.930575,50.00,False
-85.827696,10.366351,48.671508,-0.009085,0.102515,0.994690,50.00,False
-88.682642,11.609330,47.160605,-0.580074,0.795911,0.173318,50.00,False
-87.570045,9.727556,44.821654,-0.357555,0.458373,-0.813664,50.00,False
-87.533638,11.391942,48.372165,-0.350273,0.699634,-0.622753,50.00,False
-87.661079,12.206427,52.387455,-0.375762,0.862531,-0.338886,50.00,False
-87.677119,11.920140,55.206327,-0.378970,0.877364,-0.294304,50.00,False
-87.503271,12.174459,58.568117,-0.344200,0.928228,-0.141137,50.00,False
-87.283367,12.257558,62.524194,-0.300219,0.944848,0.130887,50.00,False
-86.809312,12.094696,66.398836,-0.205408,0.899072,0.386624,50.00,False
-86.608689,11.846004,69.568240,-0.165283,0.849333,0.501313,50.00,False
-82.209425,12.179017,69.801061,-0.085431,0.832185,0.547877,200.00,True
-82.209425,12.179017,69.801061,-0.085431,0.832185,0.547877,50.00,False
-82.361279,12.453491,66.699989,-0.115801,0.887080,0.446854,50.00,False
-82.843095,13.037909,62.645921,-0.212165,0.964826,0.155232,50.00,False
-83.173751,12.770033,58.578940,-0.278296,0.950388,-0.138972,50.00,False
-83.302839,12.611893,55.328027,-0.304113,0.913583,-0.269964,50.00,False
-83.096395,11.856867,51.126393,-0.262825,0.762578,-0.591099,50.00,False
-83.090505,10.859812,47.566798,-0.261647,0.563167,-0.783826,50.00,False
-83.233118,10.315277,44.678531,-0.290169,0.454260,-0.842288,50.00,False
-81.707430,12.871980,46.791689,0.014968,0.994921,0.099535,50.00,False
-81.591034,10.985026,48.536818,0.038248,0.248984,0.967752,50.00,False
-81.535887,12.025913,45.852241,0.049277,0.308250,0.950028,50.00,False
-81.707560,12.936341,42.863170,0.014942,0.490336,0.871405,50.00,False
-81.370600,13.107044,39.583638,0.082334,0.673388,0.734690,50.00,False
-81.808205,10.893213,37.102273,-0.005187,0.652688,0.757609,50.00,False
-83.150098,10.460207,33.591232,-0.273565,0.771366,0.574592,50.00,False
-82.061315,9.699204,25.508753,-0.055809,0.850681,-0.522712,50.00,False
-83.023567,11.249012,22.322831,-0.248259,0.726543,-0.640705,50.00,False
-83.438485,12.165967,19.336623,-0.331243,0.611285,-0.718755,50.00,False
-83.588456,12.044665,16.711908,-0.361237,0.587025,-0.724507,50.00,False
-83.331896,13.817350,17.078788,-0.309925,0.941562,-0.131939,50.00,False
-80.560994,13.224844,15.989756,0.244255,0.954792,0.169446,50.00,False
-81.685266,9.540033,17.545114,0.019401,0.014321,0.999709,50.00,False
-81.369947,10.563927,14.811667,0.082465,0.219100,0.972211,50.00,False
-80.481451,10.297430,11.815386,0.260164,0.369309,0.892147,50.00,False
-80.548125,10.169585,9.096901,0.246829,0.431595,0.867641,50.00,False
-83.327550,8.884957,0.474545,-0.309056,0.889092,-0.337639,50.00,False
-78.502026,7.398062,2.884125,0.656049,0.359734,0.663469,50.00,False
-81.895564,7.909594,-7.851614,-0.022658,0.263155,-0.964488,50.00,False
-81.821538,10.181042,-10.307484,-0.007853,0.350660,-0.936470,50.00,False
-81.930452,10.404861,-13.132852,-0.029636,0.184679,-0.982352,50.00,False
-81.680184,11.196225,-15.771210,0.020418,0.133547,-0.990832,50.00,False
-81.680184,11.196225,-18.367168,0.020418,0.133547,-0.990832,50.00,False
-85.995655,10.658107,-15.552381,-0.842677,0.530620,0.091317,50.00,False
-82.672971,11.299323,-13.736692,-0.178140,0.142408,0.973646,50.00,False
-82.742414,11.701874,-16.377181,-0.192028,0.180007,0.964740,50.00,False
-82.690940,9.524369,-18.920852,-0.181734,0.126348,0.975197,50.00,False
-81.095423,6.853986,-31.344637,0.137370,0.017308,-0.990369,50.00,False
-81.054105,7.201047,-33.740258,0.145633,0.275169,-0.950301,50.00,False
-82.470760,9.448864,-30.038386,-0.137698,0.940954,0.309265,50.00,False
-81.129871,9.123457,-38.858929,0.130480,0.327917,-0.935652,50.00,False
-82.009631,10.033595,-41.680852,-0.045472,0.189404,-0.980846,50.00,False
-81.608232,10.408966,-44.313375,0.034808,0.149435,-0.988159,50.00,False
-81.659667,10.912849,-46.891242,0.024521,0.173432,-0.984541,50.00,False
-81.689243,13.391103,-49.413157,0.018606,0.243461,-0.969732,50.00,False
-81.689243,13.754819,-52.009114,0.018606,0.243461,-0.969732,50.00,False
-81.689243,13.754819,-54.605072,0.018606,0.243461,-0.969732,50.00,False
-81.762038,13.711248,-57.212609,0.004047,0.234747,-0.972048,50.00,False
-81.658319,13.510025,-59.851270,0.024790,0.194502,-0.980589,50.00,False
-81.546475,13.240079,-62.489059,0.047159,0.140513,-0.988955,50.00,False
-81.561575,12.923815,-65.120408,0.044139,0.077261,-0.996033,50.00,False
-81.468983,12.557635,-67.726333,0.062658,0.004025,-0.998027,50.00,False
-81.468983,12.557635,-70.322291,0.062658,0.004025,-0.998027,50.00,False
-81.468983,12.557635,-72.918248,0.062658,0.004025,-0.998027,50.00,False
-81.468983,12.557635,-75.514206,0.062658,0.004025,-0.998027,50.00,False
-82.173487,12.731424,-68.139130,-0.078243,0.038782,0.996180,50.00,False
-82.173487,12.367707,-70.735087,-0.078243,0.038782,0.996180,50.00,False
-84.207778,12.812857,-81.343069,-0.485101,0.630213,-0.606225,50.00,False
-86.616434,8.747929,-80.726143,-0.966833,0.252811,0.036352,50.00,False
-86.693284,3.854422,-83.173628,-0.982202,0.175830,0.066046,50.00,False
-86.531754,4.163766,-87.114651,-0.949897,0.237699,-0.202967,50.00,False
-82.531754,4.163766,-87.114651,-0.949897,0.237699,-0.202967,200.00,True
-82.531754,4.163766,-87.114651,-0.949897,0.237699,-0.202967,50.00,False
-82.693284,3.854422,-83.173628,-0.982202,0.175830,0.066046,50.00,False
-82.693284,3.854422,-80.577670,-0.982202,0.175830,0.066046,50.00,False
-82.620034,4.025091,-77.609138,-0.967552,0.209964,0.140561,50.00,False
-79.975674,11.455671,-78.554120,-0.438680,0.696677,-0.567627,50.00,False
-78.214739,12.375220,-68.142840,-0.086493,0.040285,0.995438,50.00,False
-78.214739,12.738937,-65.546883,-0.086493,0.040285,0.995438,50.00,False
-78.214739,13.253213,-62.950926,-0.086493,0.040285,0.995438,50.00,False
-78.214739,13.253213,-60.354968,-0.086493,0.040285,0.995438,50.00,False
-78.214739,12.738937,-57.759011,-0.086493,0.040285,0.995438,50.00,False
-78.207537,12.723171,-55.161820,-0.085053,0.037132,0.995684,50.00,False
-78.207537,12.723171,-52.565862,-0.085053,0.037132,0.995684,50.00,False
-78.207537,12.723171,-49.969905,-0.085053,0.037132,0.995684,50.00,False
-77.502215,12.796536,-57.337795,0.056011,0.051805,-0.997085,50.00,False
-77.502215,12.796536,-54.741837,0.056011,0.051805,-0.997085,50.00,False
-77.638114,12.438652,-52.151352,0.028832,0.052971,-0.998180,50.00,False
-77.738812,10.992873,-49.559632,0.008692,0.043236,-0.999027,50.00,False
-77.942252,11.633489,-46.891983,-0.031996,0.171360,-0.984689,50.00,False
-78.035348,10.748040,-44.316533,-0.050615,0.140470,-0.988790,50.00,False
-77.491646,10.675874,-41.508395,0.058125,0.317860,-0.946354,50.00,False
-77.684351,9.382473,-38.851888,0.019584,0.356096,-0.934244,50.00,False
-73.414757,6.931014,-30.515975,0.873503,0.437384,0.213747,50.00,False
-78.221606,8.700462,-32.647803,-0.087867,0.675820,-0.731810,50.00,False
-78.861648,8.328379,-21.557058,-0.215875,0.134255,0.967147,50.00,False
-78.747121,11.436335,-19.014108,-0.192970,0.218593,0.956546,50.00,False
-78.582508,11.498408,-16.402389,-0.160047,0.231008,0.959698,50.00,False
-78.492985,10.343874,-13.655691,-0.142143,0.000101,0.989846,50.00,False
-74.448050,12.465162,-14.950674,0.666844,0.714506,0.211658,50.00,False
-73.339045,9.955242,-11.596690,0.888645,0.279909,0.363263,50.00,False
-78.040281,11.506515,-15.713671,-0.051602,0.195605,-0.979324,50.00,False
-77.921611,8.842898,-13.210891,-0.027868,0.057440,-0.997960,50.00,False
-78.507576,9.451421,-10.490482,-0.145061,0.179145,-0.973070,50.00,False
-78.412490,9.330890,-7.682906,-0.126044,0.343257,-0.930746,50.00,False
-73.089536,6.155223,1.200574,0.938547,0.111166,0.326759,50.00,False
-74.717640,7.591826,-0.218617,0.612926,0.630466,-0.476271,50.00,False
-77.943311,7.905046,9.642760,-0.032208,0.211658,0.976813,50.00,False
-78.248879,9.432042,12.195412,-0.093321,0.232321,0.968152,50.00,False
-77.937834,10.807904,14.783361,-0.031112,0.254584,0.966550,50.00,False
-77.208945,8.416361,7.581691,0.114665,0.029185,-0.992975,50.00,False
-74.280342,10.271876,13.769272,0.700386,0.658807,-0.274651,50.00,False
-79.220850,10.402981,13.127897,-0.287716,0.258688,-0.922117,50.00,False
-79.088954,11.248000,16.007828,-0.261336,0.427692,-0.865323,50.00,False
-79.251353,12.202446,19.286809,-0.293816,0.618581,-0.728718,50.00,False
-79.061436,9.049931,21.496191,-0.255833,0.533723,-0.806033,50.00,False
-75.437528,7.825399,29.979355,0.468949,0.801338,0.371409,50.00,False
-76.816712,9.651337,34.523203,0.193112,0.619360,0.760986,50.00,False
-78.258412,10.928756,37.479533,-0.095228,0.544923,0.833061,50.00,False
-77.517590,11.710994,40.233570,0.052936,0.499531,0.864677,50.00,False
-77.818032,12.654294,43.010742,-0.007152,0.433927,0.900920,50.00,False
-77.553669,11.847717,45.907287,0.045720,0.272611,0.961037,50.00,False
-77.498126,10.395183,48.548058,0.056829,0.236369,0.970000,50.00,False
-78.199269,12.878664,46.649817,-0.083400,0.993972,0.071160,50.00,False
-78.933956,10.772011,44.629593,-0.230337,0.470012,-0.852076,50.00,False
-78.976409,11.926022,48.125050,-0.238828,0.700814,-0.672176,50.00,False
-78.692186,12.346273,51.120175,-0.181983,0.784865,-0.592342,50.00,False
-78.629906,12.982734,54.812166,-0.169527,0.912157,-0.373136,50.00,False
-78.760145,13.116006,59.164521,-0.195575,0.980445,-0.021856,50.00,False
-78.709206,13.284570,63.228156,-0.185387,0.944363,0.271679,50.00,False
-77.789118,12.480409,67.629891,-0.001369,0.774286,0.632835,50.00,False
-77.688467,12.130864,70.563073,0.018761,0.713622,0.700280,50.00,False
-73.533556,11.400873,71.202143,0.049743,0.558378,0.828094,200.00,True
-73.533556,11.400873,71.202143,0.049743,0.558378,0.828094,50.00,False
-73.543130,12.434923,67.675854,0.047828,0.765188,0.642027,50.00,False
-73.881628,13.801518,63.761682,-0.019871,0.925435,0.378384,50.00,False
-74.095145,13.538223,59.656967,-0.062575,0.995094,0.076633,50.00,False
-74.389185,13.875657,55.794467,-0.121383,0.976756,-0.176676,50.00,False
-74.603329,13.390134,51.850027,-0.164211,0.879651,-0.446372,50.00,False
-75.232762,11.214372,47.248408,-0.290098,0.444499,-0.847505,50.00,False
-75.229176,10.540685,44.598420,-0.289381,0.423747,-0.858311,50.00,False
-74.777927,12.926851,46.783607,-0.199131,0.975069,0.097918,50.00,False
-77.041081,12.203515,44.248527,-0.651762,0.750390,0.110094,50.00,False
-73.059717,8.915525,46.027814,0.144511,0.092792,0.985143,50.00,False
-73.452809,13.844989,42.831494,0.065893,0.497304,0.865070,50.00,False
-73.264773,9.457067,40.780622,0.103500,0.201101,0.974087,50.00,False
-73.371499,10.807127,37.705422,0.082155,0.471113,0.878239,50.00,False
-74.029993,9.798203,34.993839,-0.049544,0.516068,0.855114,50.00,False
-78.754264,4.652192,28.559217,-0.994398,0.059468,0.087381,50.00,False
-72.696522,8.449694,21.360406,0.217150,0.508567,-0.833190,50.00,False
-73.327024,11.133277,18.581267,0.091049,0.484884,-0.869826,50.00,False
-74.230581,10.705413,15.772338,-0.089662,0.399311,-0.912421,50.00,False
-75.195348,9.118567,12.959848,-0.282615,0.081942,-0.955727,50.00,False
-69.977291,11.044398,15.627827,0.760996,0.641455,0.097060,50.00,False
-73.594500,12.755953,13.423985,0.037554,0.983766,0.175483,50.00,False
-73.761479,10.741228,14.802883,0.004159,0.241248,0.970454,50.00,False
-73.871027,11.329863,12.020544,-0.017751,0.358975,0.933178,50.00,False
-73.849788,9.416728,9.502143,-0.013503,0.315921,0.948689,50.00,False
-73.221152,7.283662,0.147893,0.112224,0.908307,-0.402969,50.00,False
-71.707671,7.948926,2.563143,0.414920,0.684627,0.599272,50.00,False
-73.530888,5.729536,1.962804,0.050277,0.026029,0.998396,50.00,False
-74.277344,8.965711,-10.583641,-0.099014,0.082003,-0.991701,50.00,False
-74.222526,8.898124,-13.189886,-0.088051,0.068485,-0.993759,50.00,False
-73.494490,8.605340,-5.825585,0.057556,0.009929,0.998293,50.00,False
-75.899467,12.923060,-12.211498,-0.423439,0.873473,0.240302,50.00,False
-69.484834,10.165321,-15.518165,0.859488,0.501643,0.098160,50.00,False
-74.380993,10.207907,-13.644558,-0.119744,0.038116,0.992073,50.00,False
-73.939705,12.099295,-16.341567,-0.031487,0.233435,0.971862,50.00,False
-73.960992,10.983860,-18.894401,-0.035744,0.193307,0.980487,50.00,False
-74.444333,7.741443,-21.437538,-0.132412,0.016867,0.991051,50.00,False
-73.188735,8.393904,-32.924616,0.118707,0.605200,-0.787173,50.00,False
-76.504903,8.655551,-30.351778,-0.544526,0.801677,0.246586,50.00,False
-73.674882,8.942747,-39.071747,0.021478,0.206475,-0.978216,50.00,False
-73.661883,10.085218,-41.663483,0.024078,0.210153,-0.977372,50.00,False
-73.185849,11.172677,-44.321064,0.119285,0.079197,-0.989696,50.00,False
-73.185849,11.172677,-46.917021,0.119285,0.079197,-0.989696,50.00,False
-73.241735,11.265234,-49.511126,0.108107,0.097708,-0.989326,50.00,False
-73.342726,13.207701,-52.108362,0.087909,0.114018,-0.989582,50.00,False
-73.342726,13.207701,-54.704320,0.087909,0.114018,-0.989582,50.00,False
-73.311856,12.948054,-57.327746,0.094083,0.031194,-0.995076,50.00,False
-73.311856,12.948054,-59.923704,0.094083,0.031194,-0.995076,50.00,False
-74.229084,12.868085,-52.564868,-0.089363,0.015200,0.995883,50.00,False
-74.229084,12.868085,-55.160825,-0.089363,0.015200,0.995883,50.00,False
-74.229084,13.127790,-57.756783,-0.089363,0.015200,0.995883,50.00,False
-74.229084,13.127790,-60.352740,-0.089363,0.015200,0.995883,50.00,False
-74.238740,12.657105,-62.950430,-0.091294,0.023919,0.995537,50.00,False
-76.179120,13.478912,-73.256856,-0.479370,0.686644,-0.546557,50.00,False
-78.488768,5.949271,-71.938317,-0.941299,0.241036,0.236342,50.00,False
-78.434847,3.706963,-74.037246,-0.930515,0.146338,0.335748,50.00,False
-78.488768,4.180449,-77.130232,-0.941299,0.241036,0.236342,50.00,False
-78.693284,3.854422,-80.577670,-0.982202,0.175830,0.066046,50.00,False
-78.693284,3.854422,-83.173628,-0.982202,0.175830,0.066046,50.00,False
-78.531754,4.477511,-87.114651,-0.949897,0.237699,-0.202967,50.00,False
-74.487368,4.598329,-87.171153,-0.941019,0.261863,-0.214267,200.00,True
-74.487368,4.598329,-87.171153,-0.941019,0.261863,-0.214267,50.00,False
-74.621409,4.211132,-83.739230,-0.967827,0.247172,-0.047074,50.00,False
-74.619809,4.125794,-80.383943,-0.967507,0.230105,0.104792,50.00,False
-74.488768,4.494193,-77.130232,-0.941299,0.241036,0.236342,50.00,False
-74.488768,4.494193,-74.534275,-0.941299,0.241036,0.236342,50.00,False
-74.434847,4.020707,-71.441289,-0.930515,0.146338,0.335748,50.00,False
-74.142231,6.180035,-68.615914,-0.871992,0.306574,0.381631,50.00,False
-72.015189,12.707011,-70.482792,-0.446583,0.734512,-0.510936,50.00,False
-69.262374,12.930793,-70.303118,0.103979,0.027742,-0.994192,50.00,False
-69.262374,13.190498,-67.707161,0.103979,0.027742,-0.994192,50.00,False
-69.175833,13.284945,-65.097848,0.121288,0.046631,-0.991521,50.00,False
-69.175833,13.284945,-62.501891,0.121288,0.046631,-0.991521,50.00,False
-69.175833,13.193040,-59.905934,0.121288,0.046631,-0.991521,50.00,False
-69.219666,13.260483,-57.311513,0.112521,0.060120,-0.991829,50.00,False
-69.266103,13.420939,-54.689778,0.103234,0.125771,-0.986673,50.00,False
-69.385443,13.309008,-52.099254,0.079366,0.134280,-0.987760,50.00,False
-69.385443,13.096159,-49.503297,0.079366,0.134280,-0.987760,50.00,False
-69.221378,12.616226,-46.803162,0.112179,0.229069,-0.966925,50.00,False
-69.442133,12.219299,-44.147850,0.068028,0.288522,-0.955054,50.00,False
-69.097808,10.123879,-41.608255,0.136893,0.217886,-0.966326,50.00,False
-70.239021,7.026075,-29.318663,-0.091350,0.214690,0.972401,50.00,False
-67.900730,8.847520,-29.631039,0.376308,0.840071,0.390734,50.00,False
-74.132111,6.546202,-31.154510,-0.869968,0.235660,-0.433152,50.00,False
-69.058062,7.841203,-31.218388,0.144842,0.218097,-0.965119,50.00,False
-70.658505,11.521523,-19.161337,-0.175247,0.331322,0.927100,50.00,False
-70.256842,11.093522,-16.341189,-0.094914,0.215239,0.971938,50.00,False
-70.673470,10.196059,-13.696143,-0.178240,0.066230,0.981756,50.00,False
-67.311200,13.392294,-17.160611,0.494214,0.838272,-0.230329,50.00,False
-74.678768,8.799115,-12.631795,-0.979299,0.128691,0.156242,50.00,False
-70.066183,10.794079,-15.784820,-0.056782,0.098111,-0.993554,50.00,False
-70.254933,10.669180,-13.159794,-0.094532,0.124228,-0.987740,50.00,False
-70.024052,9.089239,-10.610260,-0.048356,0.060022,-0.997025,50.00,False
-69.986199,7.974025,-8.017393,-0.040786,0.055178,-0.997643,50.00,False
-73.432814,7.973921,1.435638,-0.730108,0.572046,0.373771,50.00,False
-69.543164,8.028285,-2.427340,0.047822,0.393650,-0.918016,50.00,False
-69.547129,8.610978,9.688767,0.047028,0.159889,0.986014,50.00,False
-69.581681,8.054180,12.345910,0.040118,0.043411,0.998251,50.00,False
-69.940041,8.068261,4.958448,-0.031554,0.046227,-0.998432,50.00,False
-68.415034,12.459466,11.218179,0.273447,0.924468,-0.265678,50.00,False
-73.143573,11.492884,14.756107,-0.672260,0.736270,-0.077284,50.00,False
-71.627737,12.216557,13.957924,-0.369093,0.540431,-0.756112,50.00,False
-70.837183,11.706386,15.966103,-0.210982,0.438397,-0.873668,50.00,False
-71.253514,8.753246,18.493802,-0.294249,0.355081,-0.887319,50.00,False
-70.998035,9.493979,21.691885,-0.243153,0.593928,-0.766894,50.00,False
-74.490669,5.836124,27.567917,-0.941680,0.317719,-0.110879,50.00,False
-68.982669,8.984739,35.224535,0.159921,0.402701,0.901253,50.00,False
-68.985138,11.633313,37.888648,0.159427,0.370905,0.914884,50.00,False
-69.353994,13.951675,40.149322,0.085655,0.523309,0.847827,50.00,False
-68.981730,10.704192,43.354107,0.160108,0.185081,0.969593,50.00,False
-68.981730,10.704192,45.950065,0.160108,0.185081,0.969593,50.00,False
-68.600300,13.303127,43.953530,0.236394,0.970313,0.051095,50.00,False
-71.228922,9.975651,41.747198,-0.289330,0.298909,-0.909363,50.00,False
-71.206022,10.566341,44.574334,-0.284750,0.417047,-0.863128,50.00,False
-70.324262,11.732187,47.726046,-0.108398,0.650216,-0.751977,50.00,False
-69.959234,12.674443,51.364421,-0.035392,0.838667,-0.543493,50.00,False
-70.036906,12.978638,55.866335,-0.050927,0.985426,-0.162302,50.00,False
-69.474702,13.290740,60.434105,0.061514,0.970754,0.232061,50.00,False
-69.264291,12.914516,64.358547,0.103596,0.861107,0.497757,50.00,False
-69.362426,12.736632,67.949081,0.083969,0.712458,0.696673,50.00,False
-69.479377,11.153669,71.355020,0.060579,0.508938,0.858669,50.00,False
-64.962309,10.548135,71.519324,0.163993,0.422234,0.891530,200.00,True
-64.962309,10.548135,71.519324,0.163993,0.422234,0.891530,50.00,False
-64.926911,12.221137,67.619829,0.171072,0.756834,0.630822,50.00,False
-64.858319,12.743697,64.235853,0.184791,0.861346,0.473219,50.00,False
-65.379765,13.961917,61.161153,0.080501,0.922516,0.377470,50.00,False
-66.319831,14.190705,56.858738,-0.107512,0.993545,0.036179,50.00,False
-66.387619,14.147572,53.463884,-0.121069,0.984919,-0.123601,50.00,False
-66.564601,13.666179,49.407564,-0.156466,0.895954,-0.415673,50.00,False
-67.020438,13.126786,45.773652,-0.247633,0.741768,-0.623264,50.00,False
-67.370898,11.675794,42.259263,-0.317725,0.497877,-0.806950,50.00,False
-69.593316,10.060315,44.664242,-0.762209,0.617817,0.193237,50.00,False
-70.190196,9.659856,43.362513,-0.881585,0.135755,0.452083,50.00,False
-65.182525,10.968601,43.325339,0.119949,0.237962,0.963839,50.00,False
-65.127144,11.056555,40.699561,0.131025,0.255553,0.957875,50.00,False
-65.075687,10.888305,38.007989,0.141317,0.314283,0.938752,50.00,False
-64.935888,8.857196,35.270937,0.169277,0.377193,0.910533,50.00,False
-64.540729,6.941938,32.734782,0.248308,0.295547,0.922494,50.00,False
-63.957646,6.136413,29.569335,0.364925,0.461522,0.808596,50.00,False
-67.420921,11.897872,19.725664,-0.327730,0.694104,-0.640947,50.00,False
-66.641873,12.275912,16.301455,-0.171920,0.565548,-0.806597,50.00,False
-67.266551,13.303649,14.922065,-0.296856,0.771095,-0.563284,50.00,False
-65.276544,12.164087,12.848225,0.101145,0.882733,-0.458860,50.00,False
-62.881747,9.861863,9.027604,0.580105,0.410066,-0.703793,50.00,False
-65.642002,8.113026,4.961680,0.028054,0.060298,-0.997786,50.00,False
-65.642002,8.113026,2.365723,0.028054,0.060298,-0.997786,50.00,False
-65.591855,8.178676,9.741561,0.038083,0.073428,0.996573,50.00,False
-65.367575,7.881523,-2.428055,0.082939,0.387435,-0.918159,50.00,False
-70.688959,4.646426,0.472854,-0.981338,0.064327,0.181215,50.00,False
-66.078374,8.736498,-7.922310,-0.059220,0.196933,-0.978627,50.00,False
-66.498824,9.021679,-10.568056,-0.143310,0.046510,-0.988584,50.00,False
-65.964501,11.103080,-13.153383,-0.036446,0.159911,-0.986458,50.00,False
-65.125827,8.842404,-5.860615,0.131289,0.010655,0.991287,50.00,False
-63.630621,12.223430,-11.457587,0.430330,0.813554,0.391084,50.00,False
-64.022073,12.498753,-16.561952,0.352040,0.929428,-0.110598,50.00,False
-66.952662,9.391285,-13.747561,-0.234078,0.038071,0.971472,50.00,False
-66.802934,9.945307,-16.363095,-0.204133,0.148875,0.967557,50.00,False
-66.665598,8.751279,-18.958414,-0.176665,0.179933,0.967685,50.00,False
-64.827091,8.039094,-30.550889,0.191036,0.521455,-0.831619,50.00,False
-65.590106,9.703048,-30.622859,0.038433,0.944304,-0.326821,50.00,False
-65.800326,8.550180,-28.614203,-0.003611,0.804382,0.594101,50.00,False
-65.812984,9.681651,-38.907849,-0.006143,0.325748,-0.945437,50.00,False
-65.209097,10.365468,-41.551803,0.114635,0.273432,-0.955036,50.00,False
-65.035241,14.254299,-43.458475,0.149406,0.556684,-0.817179,50.00,False
-65.299032,12.220977,-46.888278,0.096648,0.150019,-0.983948,50.00,False
-65.264715,12.072024,-49.532845,0.103511,0.043658,-0.993670,50.00,False
-65.264715,12.340538,-52.128802,0.103511,0.043658,-0.993670,50.00,False
-65.311646,13.126483,-54.722450,0.094125,0.068402,-0.993208,50.00,False
-65.311646,13.126483,-57.318407,0.094125,0.068402,-0.993208,50.00,False
-65.293172,13.123168,-59.912807,0.097820,0.067739,-0.992896,50.00,False
-65.293172,13.298580,-62.508764,0.097820,0.067739,-0.992896,50.00,False
-65.293172,13.298580,-65.104722,0.097820,0.067739,-0.992896,50.00,False
-65.289846,12.771832,-67.699772,0.098485,0.069414,-0.992715,50.00,False
-66.047914,13.745303,-66.986637,-0.053128,0.942170,-0.330896,50.00,False
-69.956737,4.103453,-65.366733,-0.834893,0.201312,0.512276,50.00,False
-70.034365,4.185783,-68.051116,-0.850419,0.179354,0.494591,50.00,False
-70.142231,4.821884,-71.211872,-0.871992,0.306574,0.381631,50.00,False
-70.373641,4.693087,-74.320310,-0.918274,0.280814,0.279135,50.00,False
-70.488768,4.494193,-77.130232,-0.941299,0.241036,0.236342,50.00,False
-70.542872,4.725154,-80.384273,-0.952120,0.287228,0.104726,50.00,False
-70.616434,4.553070,-83.322101,-0.966833,0.252811,0.036352,50.00,False
-70.487368,4.598329,-87.171153,-0.941019,0.261863,-0.214267,50.00,False
-66.337126,4.966303,-87.299817,-0.910971,0.335458,-0.240000,200.00,True
-66.337126,4.966303,-87.299817,-0.910971,0.335458,-0.240000,50.00,False
-66.364472,5.257413,-83.862816,-0.916440,0.393680,-0.071792,50.00,False
-66.410740,5.089057,-80.327276,-0.925694,0.360008,0.116125,50.00,False
-66.237319,5.164159,-77.032729,-0.891009,0.375029,0.255843,50.00,False
-65.987744,5.645472,-74.388917,-0.841095,0.471291,0.265414,50.00,False
-66.142231,4.821884,-71.211872,-0.871992,0.306574,0.381631,50.00,False
-65.929251,4.314744,-67.925910,-0.829396,0.205146,0.519632,50.00,False
-65.822672,4.357091,-65.183232,-0.808080,0.213615,0.548976,50.00,False
-65.426953,5.561415,-62.068889,-0.728936,0.206629,0.652653,50.00,False
-60.528418,13.735570,-63.323850,0.250771,0.960885,-0.117530,50.00,False
-61.299516,12.261632,-65.114929,0.096551,0.027877,-0.994938,50.00,False
-61.290121,12.903074,-62.518590,0.098430,0.023720,-0.994861,50.00,False
-61.299516,12.923856,-59.923014,0.096551,0.027877,-0.994938,50.00,False
-61.317079,12.498344,-57.328962,0.093039,0.026161,-0.995319,50.00,False
-61.279364,12.488089,-54.717585,0.100581,0.073168,-0.992235,50.00,False
-61.160146,12.711149,-52.086523,0.124425,0.117780,-0.985214,50.00,False
-61.191540,13.147504,-49.422468,0.118146,0.205051,-0.971594,50.00,False
-61.191540,12.878990,-46.826510,0.118146,0.205051,-0.971594,50.00,False
-61.191540,11.315781,-44.230553,0.118146,0.205051,-0.971594,50.00,False
-61.105324,10.443971,-41.514956,0.135390,0.289133,-0.947666,50.00,False
-61.995940,7.467515,-29.251185,-0.042734,0.161809,0.985896,50.00,False
-57.892136,6.977148,-28.459763,0.778027,0.063736,0.624989,50.00,False
-61.381135,7.996862,-28.016408,0.080227,0.977622,0.194469,50.00,False
-61.923506,8.393975,-30.418423,-0.028247,0.592431,-0.805126,50.00,False
-62.849424,8.813579,-19.007702,-0.213430,0.192393,0.957827,50.00,False
-63.484987,8.018137,-16.502685,-0.340543,0.033305,0.939639,50.00,False
-59.778618,8.153336,-23.175954,0.400731,0.060344,-0.914206,50.00,False
-57.745120,9.067789,-18.696403,0.807430,0.243235,-0.537488,50.00,False
-60.198761,12.057531,-12.503522,0.316702,0.930921,0.181897,50.00,False
-60.354683,7.511859,-6.026420,0.285518,0.021786,0.958126,50.00,False
-60.680178,7.625938,-3.349166,0.220419,0.044602,0.974385,50.00,False
-60.674133,7.256873,-0.756520,0.221628,0.052393,0.973723,50.00,False
-62.263126,8.116337,-7.878010,-0.096171,0.224286,-0.969767,50.00,False
-59.429666,8.152311,2.286233,0.470521,0.694833,0.543891,50.00,False
-61.012668,8.469345,-2.083684,0.153921,0.504999,-0.849284,50.00,False
-61.260387,7.608709,-0.202690,0.104377,0.067019,-0.992277,50.00,False
-61.311807,7.902196,2.401353,0.094093,0.098687,-0.990660,50.00,False
-60.609435,7.731950,5.100868,0.234567,0.064637,-0.969949,50.00,False
-60.497639,10.595785,8.914405,0.256927,0.637404,-0.726433,50.00,False
-62.806600,11.463067,11.119368,-0.204866,0.557313,-0.804632,50.00,False
-63.696250,9.176291,13.146436,-0.382796,0.099958,-0.918409,50.00,False
-62.609273,10.592086,15.790587,-0.165400,0.383117,-0.908771,50.00,False
-62.190568,6.834440,18.012034,-0.081659,0.160374,-0.983673,50.00,False
-62.954423,7.109956,27.991024,-0.234430,0.837890,0.492934,50.00,False
-61.629142,5.087218,23.247304,0.030626,0.220076,-0.975002,50.00,False
-61.771138,9.047951,35.449616,0.002227,0.323373,0.946269,50.00,False
-61.892324,10.581729,38.150349,-0.022011,0.252968,0.967224,50.00,False
-61.428936,10.524975,40.771905,0.070667,0.222606,0.972344,50.00,False
-61.422281,10.334265,43.388289,0.071998,0.203475,0.976429,50.00,False
-63.678578,12.030003,41.606085,-0.379261,0.919783,0.100797,50.00,False
-63.092729,14.054735,43.779244,-0.262092,0.964906,0.016237,50.00,False
-63.959725,13.135608,43.146966,-0.435491,0.643577,-0.629410,50.00,False
-63.980497,13.412812,46.715608,-0.439645,0.785874,-0.434873,50.00,False
-63.413630,13.877270,49.919690,-0.326272,0.891865,-0.313248,50.00,False
-62.556421,14.125282,54.172489,-0.154830,0.987775,0.018120,50.00,False
-61.956983,14.281520,57.561946,-0.034942,0.983623,0.176820,50.00,False
-61.993377,13.817009,61.015718,-0.042221,0.936401,0.348383,50.00,False
-61.711422,13.516893,64.276840,0.014170,0.876378,0.481416,50.00,False
-61.304520,12.471441,67.820012,0.095550,0.735404,0.670859,50.00,False
-60.666850,10.974372,71.280149,0.223084,0.488275,0.843695,50.00,False
-57.287324,11.906095,70.944010,0.098990,0.622334,0.776467,200.00,True
-57.287324,11.906095,70.944010,0.098990,0.622334,0.776467,50.00,False
-57.355034,12.417199,67.885215,0.085448,0.724555,0.683899,50.00,False
-57.355207,13.506390,64.196934,0.085413,0.880951,0.465435,50.00,False
-57.458264,13.717855,61.606531,0.064802,0.882120,0.466546,50.00,False
-58.062857,13.840111,58.248865,-0.056117,0.947695,0.314204,50.00,False
-62.527420,4.289653,55.547969,-0.949030,0.115616,0.293216,50.00,False
-59.334844,10.272609,48.915742,-0.310515,0.799591,-0.514038,50.00,False
-59.472415,12.356208,46.534359,-0.338029,0.814727,-0.471123,50.00,False
-60.003946,13.191524,43.236828,-0.444335,0.654760,-0.611437,50.00,False
-59.688264,11.640868,39.753962,-0.381198,0.482133,-0.788819,50.00,False
-60.531761,12.296606,42.254424,-0.549898,0.802807,0.230465,50.00,False
-58.510808,14.129761,39.993236,-0.145707,0.943563,0.297419,50.00,False
-57.595699,12.115498,40.479872,0.037314,0.404137,0.913937,50.00,False
-57.804460,12.584643,37.650155,-0.004438,0.497965,0.867185,50.00,False
-57.284279,7.985015,35.662476,0.099599,0.110785,0.988841,50.00,False
-58.335748,4.892317,23.218450,-0.110695,0.160722,-0.980773,50.00,False
-53.014728,4.195428,25.609807,0.953509,0.300903,0.016690,50.00,False
-59.122086,6.898471,18.191715,-0.267963,0.173180,-0.947737,50.00,False
-58.336869,9.986927,15.610087,-0.110919,0.308085,-0.944871,50.00,False
-59.297780,9.341420,13.004227,-0.303102,0.107714,-0.946851,50.00,False
-55.382330,8.969591,19.241806,0.479988,0.312166,0.819856,50.00,False
-56.403051,8.758760,17.159079,0.275844,0.269999,0.922502,50.00,False
-56.866399,8.645958,5.193455,0.183175,0.247439,-0.951431,50.00,False
-56.935277,7.984026,2.460608,0.169399,0.115052,-0.978809,50.00,False
-56.907600,8.264441,-0.089269,0.174934,0.171136,-0.969593,50.00,False
-57.855398,8.256516,-1.243047,-0.014625,0.731991,-0.681157,50.00,False
-57.957587,5.299702,-0.371482,-0.035063,0.999309,0.012347,50.00,False
-56.253166,7.817784,0.968642,0.305821,0.516886,0.799564,50.00,False
-59.495382,7.953437,-10.290131,-0.342622,0.110102,-0.932999,50.00,False
-59.692271,7.715398,-12.831326,-0.382000,0.062494,-0.922047,50.00,False
-60.136234,7.716324,-15.227824,-0.470793,0.012527,-0.882155,50.00,False
-54.706671,8.242809,-9.515107,0.615120,0.117824,0.779580,50.00,False
-61.688662,7.762875,-12.889958,-0.781278,0.021837,0.623801,50.00,False
-55.020136,7.923667,-22.763974,0.552427,0.053996,-0.831811,50.00,False
-55.123977,6.216276,-25.362381,0.531659,0.156891,-0.832300,50.00,False
-54.700534,7.699697,-27.015473,0.616348,0.453576,-0.643727,50.00,False
-58.243500,8.558126,-29.150541,-0.092246,0.829026,-0.551549,50.00,False
-58.540046,6.274404,-27.945277,-0.151555,0.966166,0.208695,50.00,False
-58.657781,7.884694,-27.261979,-0.175102,0.471062,0.864546,50.00,False
-57.577016,8.221087,-29.435554,0.041051,0.312524,0.949023,50.00,False
-57.110093,10.379005,-41.534969,0.134436,0.276140,-0.951669,50.00,False
-57.074119,11.707065,-44.115148,0.141631,0.283308,-0.948513,50.00,False
-56.940694,13.760217,-46.696350,0.168315,0.278536,-0.945562,50.00,False
-57.050463,13.515208,-49.375662,0.146362,0.229534,-0.962233,50.00,False
-57.048737,13.861115,-51.980797,0.146707,0.221470,-0.964069,50.00,False
-57.396437,13.453318,-54.692174,0.077167,0.139911,-0.987153,50.00,False
-57.119714,13.672504,-57.222372,0.132511,0.183748,-0.974001,50.00,False
-57.280030,13.380645,-59.883382,0.100448,0.125376,-0.987011,50.00,False
-57.280030,13.380645,-62.479339,0.100448,0.125376,-0.987011,50.00,False
-57.600766,10.431452,-65.134958,0.036301,0.028185,-0.998943,50.00,False
-60.794487,7.033688,-59.072783,-0.602443,0.316604,0.732683,50.00,False
-61.426953,4.322161,-62.068889,-0.728936,0.206629,0.652653,50.00,False
-61.426953,4.322161,-64.664847,-0.728936,0.206629,0.652653,50.00,False
-61.750336,4.689321,-67.823403,-0.793613,0.280061,0.540134,50.00,False
-62.055089,4.984274,-71.153018,-0.854563,0.339052,0.393402,50.00,False
-61.987744,5.645472,-74.388917,-0.841095,0.471291,0.265414,50.00,False
-61.987744,5.645472,-76.984875,-0.841095,0.471291,0.265414,50.00,False
-61.831602,6.196763,-80.523298,-0.809866,0.581550,0.076921,50.00,False
-61.986033,5.942840,-84.038274,-0.840752,0.530765,-0.106883,50.00,False
-62.033052,5.642609,-87.279418,-0.850156,0.470719,-0.235920,50.00,False
-58.033052,5.642609,-87.279418,-0.850156,0.470719,-0.235920,200.00,True
-58.033052,5.642609,-87.279418,-0.850156,0.470719,-0.235920,50.00,False
-57.825583,6.140243,-84.226448,-0.808662,0.570246,-0.144518,50.00,False
-57.826620,6.150185,-80.231915,-0.808870,0.572234,0.135197,50.00,False
-57.987744,5.645472,-76.984875,-0.841095,0.471291,0.265414,50.00,False
-57.694629,6.088633,-74.353784,-0.782471,0.559924,0.272440,50.00,False
-57.664238,5.725594,-70.961401,-0.776393,0.459159,0.431726,50.00,False
-57.543068,4.722887,-67.493503,-0.752159,0.258617,0.606114,50.00,False
-57.202872,4.725954,-64.519377,-0.684120,0.259230,0.681747,50.00,False
-56.794487,5.012821,-61.668741,-0.602443,0.316604,0.732683,50.00,False
-56.648926,5.016328,-58.959265,-0.573331,0.317305,0.755387,50.00,False
-51.363480,11.283935,-60.245817,0.483758,0.874947,-0.021115,50.00,False
-53.778839,9.128814,-62.542579,0.000687,0.026102,-0.999659,50.00,False
-53.715545,13.313283,-59.916473,0.013345,0.111903,-0.993629,50.00,False
-53.715545,13.313283,-57.320516,0.013345,0.111903,-0.993629,50.00,False
-53.760960,11.819180,-54.736115,0.004262,0.089909,-0.995941,50.00,False
-53.821358,11.947665,-52.126775,-0.007817,0.115606,-0.993264,50.00,False
-53.869635,10.802111,-49.537488,-0.017473,0.102317,-0.994598,50.00,False
-53.793303,9.341389,-46.956742,-0.002206,0.068617,-0.997641,50.00,False
-53.837485,9.525676,-44.344385,-0.011043,0.105474,-0.994361,50.00,False
-53.778821,9.669667,-41.670083,0.000690,0.205334,-0.978692,50.00,False
-53.932037,9.350886,-29.819962,-0.029953,0.488337,0.872141,50.00,False
-54.626959,8.578087,-27.687958,-0.168938,0.603385,0.779350,50.00,False
-53.129230,6.964086,-27.034707,0.130608,0.911159,0.390809,50.00,False
-52.867046,7.190478,-24.750932,0.183045,0.926642,0.328372,50.00,False
-52.213396,8.663968,-26.419316,0.313775,0.791486,-0.524496,50.00,False
-50.685067,6.337161,-25.089767,0.619441,0.106559,-0.777778,50.00,False
-57.450627,7.697236,-15.207677,-0.733671,0.008709,0.679449,50.00,False
-49.883072,7.692105,-19.138623,0.779840,0.007683,-0.625932,50.00,False
-58.772809,7.945959,-13.317530,-0.998107,0.058454,0.019095,50.00,False
-56.157481,7.410648,-15.216858,-0.475042,0.001544,-0.879962,50.00,False
-56.075725,7.642548,-12.657606,-0.458691,0.047924,-0.887303,50.00,False
-55.695890,6.209269,-10.226669,-0.382724,0.080981,-0.920307,50.00,False
-51.379225,7.766781,-0.060635,0.480609,0.645388,0.593708,50.00,False
-53.277225,4.280205,-0.899198,0.101009,0.990511,-0.093196,50.00,False
-52.973970,7.425921,0.858149,0.161660,0.951729,-0.260918,50.00,False
-53.583966,9.083808,0.202942,0.039661,0.410160,-0.911151,50.00,False
-52.708351,7.817950,2.474891,0.214784,0.037210,-0.975952,50.00,False
-53.222670,8.652421,5.028355,0.111920,0.135387,-0.984451,50.00,False
-54.944997,8.795114,7.753211,-0.232545,0.163926,-0.958671,50.00,False
-55.260694,8.653667,10.414489,-0.295685,0.135637,-0.945607,50.00,False
-55.890452,8.103905,13.221751,-0.421636,0.078667,-0.903346,50.00,False
-56.229012,9.058250,16.017123,-0.489348,0.122349,-0.863463,50.00,False
-52.306847,7.350894,27.559091,0.295085,0.236502,0.925739,50.00,False
-48.962326,4.811299,24.410118,0.963989,0.144519,-0.223248,50.00,False
-52.475781,7.752123,32.903642,0.261298,0.131450,0.956266,50.00,False
-52.521506,8.215189,35.492750,0.252153,0.156820,0.954896,50.00,False
-53.641934,7.656635,38.307166,0.028067,0.045109,0.998588,50.00,False
-53.823707,7.520579,40.909213,-0.008287,0.017898,0.999805,50.00,False
-54.099366,12.004607,39.397191,-0.063419,0.981947,0.178210,50.00,False
-53.343163,12.634873,40.921695,0.087822,0.995483,-0.036081,50.00,False
-55.640473,11.494681,39.645993,-0.371640,0.452896,-0.810413,50.00,False
-55.333351,12.465138,42.811294,-0.310216,0.646987,-0.696544,50.00,False
-55.443662,12.426238,46.638346,-0.332278,0.828733,-0.450325,50.00,False
-54.888504,10.869310,49.004435,-0.221246,0.839486,-0.496299,50.00,False
-53.438376,10.557275,56.047240,0.068779,0.916932,0.393070,50.00,False
-53.556982,12.940587,59.273718,0.045058,0.853480,0.519175,50.00,False
-52.967580,12.863270,62.425904,0.162938,0.758961,0.630420,50.00,False
-52.909578,12.362247,65.599808,0.174539,0.642655,0.746010,50.00,False
-52.909578,12.362247,68.195766,0.174539,0.642655,0.746010,50.00,False
-52.686986,12.519967,70.588250,0.219057,0.674199,0.705315,50.00,False
-48.577198,10.779360,71.632192,0.241015,0.326078,0.914103,200.00,True
-48.577198,10.779360,71.632192,0.241015,0.326078,0.914103,50.00,False
-48.560088,11.358974,68.781056,0.244437,0.442001,0.863068,50.00,False
-48.413887,11.128545,66.252545,0.273677,0.395915,0.876557,50.00,False
-48.599086,12.083487,63.145324,0.236637,0.586903,0.774304,50.00,False
-49.907114,13.034975,59.821630,-0.024969,0.777201,0.628757,50.00,False
-47.927006,8.107596,57.714043,0.371053,0.578461,0.726431,50.00,False
-54.644449,4.480447,52.628595,-0.972435,0.046282,0.228533,50.00,False
-51.873796,11.029827,46.614839,-0.418305,0.786112,-0.455027,50.00,False
-52.129461,10.842007,43.236342,-0.469438,0.636909,-0.611535,50.00,False
-52.070605,11.810864,39.955374,-0.457667,0.479827,-0.748537,50.00,False
-53.037024,9.171370,37.621488,-0.650951,0.302782,-0.696122,50.00,False
-53.209362,11.535529,38.159396,-0.685418,0.724840,-0.069349,50.00,False
-53.621975,9.631540,38.611584,-0.767941,0.344042,0.540280,50.00,False
-51.007694,8.175141,38.154553,-0.245084,0.052762,0.968065,50.00,False
-51.646104,8.335485,35.338467,-0.372767,0.084831,0.924039,50.00,False
-48.957368,6.678970,23.494384,0.164981,0.340694,-0.925586,50.00,False
-45.955326,7.097264,24.384837,0.765389,0.601712,-0.228304,50.00,False
-48.438998,8.022427,27.375412,0.268655,0.370808,0.889003,50.00,False
-52.438091,8.851636,16.217343,-0.531164,0.199613,-0.823419,50.00,False
-51.688334,8.624310,13.161808,-0.381213,0.129765,-0.915335,50.00,False
-49.921881,9.179016,10.168853,-0.027922,0.098608,-0.994735,50.00,False
-49.921881,9.179016,7.572895,-0.027922,0.098608,-0.994735,50.00,False
-48.935072,8.371766,5.038868,0.169440,0.079256,-0.982348,50.00,False
-48.967394,8.462291,2.445580,0.162976,0.097361,-0.981815,50.00,False
-47.566931,7.746119,0.883603,0.443068,0.450596,-0.775018,50.00,False
-48.393891,6.367687,0.801131,0.277676,0.921269,-0.272321,50.00,False
-48.073515,3.771405,-1.298165,0.341751,0.923732,-0.172989,50.00,False
-48.075735,6.784015,-3.393783,0.341307,0.937119,-0.072921,50.00,False
-44.870429,6.147806,-4.788061,0.982369,0.083213,0.167415,50.00,False
-52.271398,6.101149,-12.547310,-0.497825,0.059357,-0.865244,50.00,False
-52.271398,6.101149,-15.143268,-0.497825,0.059357,-0.865244,50.00,False
-47.292147,7.776491,-9.078932,0.498025,0.024560,0.866815,50.00,False
-46.564289,6.048317,-19.828005,0.643596,0.048791,-0.763808,50.00,False
-46.748112,5.831417,-22.578980,0.606832,0.005411,-0.794812,50.00,False
-45.944408,8.768921,-22.418336,0.767573,0.592912,-0.243491,50.00,False
-48.298243,5.402227,-23.035311,0.296806,0.942714,0.152305,50.00,False
-48.124079,6.681672,-24.926250,0.331638,0.896653,0.293309,50.00,False
-48.644419,6.707275,-26.703133,0.227570,0.859796,0.457124,50.00,False
-49.547914,9.021818,-27.508514,0.046872,0.577225,0.815239,50.00,False
-50.859935,9.061151,-29.798001,-0.215533,0.430390,0.876533,50.00,False
-50.051345,9.170300,-41.739613,-0.053815,0.108874,-0.992598,50.00,False
-50.088683,12.166201,-44.214197,-0.061282,0.242064,-0.968323,50.00,False
-50.088683,12.579951,-46.810155,-0.061282,0.242064,-0.968323,50.00,False
-50.015534,12.286493,-49.474176,-0.046652,0.183372,-0.981936,50.00,False
-49.818789,12.110138,-52.105180,-0.007303,0.148101,-0.988945,50.00,False
-49.777917,11.934149,-54.724439,0.000871,0.112903,-0.993606,50.00,False
-49.777917,11.934149,-57.320397,0.000871,0.112903,-0.993606,50.00,False
-49.710111,11.805636,-59.928757,0.014432,0.087201,-0.996086,50.00,False
-49.874046,8.873899,-62.537288,-0.018355,0.049594,-0.998601,50.00,False
-52.059671,7.225045,-56.061366,-0.455480,0.356439,0.815775,50.00,False
-52.273373,5.215014,-58.738230,-0.498220,0.335300,0.799594,50.00,False
-52.312026,5.347864,-61.417237,-0.505951,0.361870,0.782984,50.00,False
-52.715481,5.248146,-64.257496,-0.586642,0.341927,0.734124,50.00,False
-52.717928,5.763168,-67.216909,-0.587131,0.466673,0.661432,50.00,False
-53.097047,6.210567,-70.614113,-0.662955,0.556153,0.501183,50.00,False
-53.250808,6.681977,-74.169180,-0.693707,0.650435,0.309361,50.00,False
-53.317820,6.772980,-77.161700,-0.707110,0.668636,0.230049,50.00,False
-53.555042,6.539686,-80.461429,-0.754554,0.650134,0.089294,50.00,False
-53.655738,6.400394,-84.065624,-0.774693,0.622276,-0.112353,50.00,False
-53.083311,6.480741,-88.078710,-0.660208,0.638345,-0.395779,50.00,False
-47.739654,7.034340,-88.772118,-0.391476,0.749065,-0.534460,200.00,True
-47.739654,7.034340,-88.772118,-0.391476,0.749065,-0.534460,50.00,False
-48.380580,7.600636,-84.427405,-0.519662,0.834167,-0.184709,50.00,False
-48.662744,7.503474,-80.579161,-0.576095,0.814734,0.065748,50.00,False
-48.519406,7.462128,-77.194607,-0.547427,0.806465,0.223467,50.00,False
-48.563927,7.122836,-73.614791,-0.556331,0.716865,0.420239,50.00,False
-48.505222,6.177223,-69.860772,-0.544590,0.527742,0.651851,50.00,False
-48.222070,5.557142,-66.654637,-0.487960,0.403726,0.773887,50.00,False
-48.222070,5.557142,-64.058679,-0.487960,0.403726,0.773887,50.00,False
-48.059671,5.320709,-61.253280,-0.455480,0.356439,0.815775,50.00,False
-48.029076,5.359290,-58.657395,-0.449361,0.364156,0.815761,50.00,False
-48.136046,5.223310,-56.063330,-0.470755,0.336959,0.815382,50.00,False
-45.140259,11.754250,-58.457828,0.128403,0.974746,-0.182709,50.00,False
-45.780630,11.576480,-59.909662,0.000328,0.124119,-0.992267,50.00,False
-45.733702,11.979750,-57.314767,0.009714,0.122023,-0.992480,50.00,False
-45.733702,11.979750,-54.718810,0.009714,0.122023,-0.992480,50.00,False
-45.733702,11.979750,-52.122852,0.009714,0.122023,-0.992480,50.00,False
-45.703170,12.005374,-49.523284,0.015820,0.127148,-0.991758,50.00,False
-45.703170,11.591624,-46.927327,0.015820,0.127148,-0.991758,50.00,False
-45.732162,8.237839,-44.371354,0.010022,0.019759,-0.999755,50.00,False
-45.732162,8.237839,-41.775397,0.010022,0.019759,-0.999755,50.00,False
-45.431450,8.422813,-29.428203,0.070164,0.302722,0.950493,50.00,False
-45.098384,8.693530,-26.975448,0.136778,0.362602,0.921852,50.00,False
-44.357019,6.257007,-26.439941,0.285051,0.811720,0.509762,50.00,False
-44.638268,5.922898,-25.023212,0.228801,0.934141,0.273916,50.00,False
-44.570876,5.499313,-23.172247,0.242279,0.962131,0.124918,50.00,False
-44.505384,6.321923,-20.625227,0.255377,0.959962,0.115130,50.00,False
-41.132905,6.681116,-17.029460,0.929873,0.189875,0.315092,50.00,False
-44.558303,5.834095,-11.161179,0.244794,0.005946,0.969557,50.00,False
-46.488191,6.034005,-18.357594,-0.141184,0.045928,-0.988917,50.00,False
-45.925664,5.893773,-15.814193,-0.028678,0.017882,-0.999429,50.00,False
-44.631555,5.955446,-13.084529,0.230143,0.030216,-0.972688,50.00,False
-43.979432,6.141586,-4.984643,0.360568,0.923895,0.128098,50.00,False
-44.382263,1.769803,-3.639347,0.280002,0.952211,-0.122034,50.00,False
-44.472172,2.799814,-1.170013,0.262020,0.953746,-0.147359,50.00,False
-44.335936,4.891270,0.678412,0.289267,0.910053,-0.296865,50.00,False
-42.940762,7.554330,1.398097,0.568302,0.474645,-0.672120,50.00,False
-45.633870,8.351430,2.381715,0.029680,0.099572,-0.994588,50.00,False
-45.633870,8.473343,4.977672,0.029680,0.099572,-0.994588,50.00,False
-45.680424,8.370207,7.563214,0.020370,0.078945,-0.996671,50.00,False
-46.137338,8.383380,10.171857,-0.071013,0.081579,-0.994134,50.00,False
-44.966670,7.876078,22.671463,0.163120,0.004501,0.986596,50.00,False
-44.962100,7.648460,25.039406,0.164034,0.296015,0.940993,50.00,False
-44.397008,6.199405,23.304248,0.277053,0.957941,0.074770,50.00,False
-42.843674,7.690797,23.685272,0.587720,0.720418,-0.368217,50.00,False
-43.613226,7.262339,24.240868,0.433809,0.457368,-0.776289,50.00,False
-49.027498,8.752054,34.427946,-0.649045,0.168145,0.741935,50.00,False
-49.567788,9.666585,36.434500,-0.757103,0.193263,0.624055,50.00,False
-50.480581,10.033865,36.981358,-0.939662,0.266719,0.214235,50.00,False
-49.853525,8.891398,35.609874,-0.814251,0.038226,-0.579254,50.00,False
-49.426617,11.734139,39.663240,-0.728869,0.621238,-0.287772,50.00,False
-48.091672,12.596952,41.719759,-0.461880,0.793801,-0.395660,50.00,False
-47.798295,11.203928,43.402957,-0.403205,0.709293,-0.578212,50.00,False
-41.106088,5.037243,47.135745,0.935237,0.047325,-0.350846,50.00,False
-46.584411,6.661704,56.053168,-0.160428,0.374001,0.913448,50.00,False
-45.276552,11.629543,57.551781,0.101144,0.712856,0.693979,50.00,False
-45.353196,12.026574,60.301022,0.085815,0.683768,0.724635,50.00,False
-45.260738,11.847646,63.450542,0.104307,0.539735,0.835348,50.00,False
-44.807285,11.896097,66.276114,0.194997,0.430509,0.881271,50.00,False
-44.734349,11.281172,69.106578,0.209585,0.307524,0.928172,50.00,False
-44.487243,11.258837,71.647175,0.259006,0.303057,0.917100,50.00,False
-40.717142,11.069733,71.763456,0.213026,0.265236,0.940356,200.00,True
-40.717142,11.069733,71.763456,0.213026,0.265236,0.940356,50.00,False
-40.817139,11.790293,68.924346,0.193027,0.409348,0.891726,50.00,False
-40.761840,12.088240,66.166405,0.204086,0.468938,0.859329,50.00,False
-41.131140,12.807154,63.171285,0.130226,0.612720,0.779497,50.00,False
-41.031145,13.410235,59.993150,0.150225,0.733337,0.663061,50.00,False
-41.140047,13.592919,57.207576,0.128445,0.769873,0.625138,50.00,False
-40.681973,6.139212,56.173526,0.220060,0.269502,0.937519,50.00,False
-38.611449,7.711651,51.423700,0.634165,0.583990,0.506746,50.00,False
-39.223754,6.206757,46.476425,0.511703,0.858387,0.036482,50.00,False
-43.978297,12.917305,42.364310,-0.439205,0.857872,-0.266749,50.00,False
-44.663217,12.640874,40.329718,-0.576189,0.802585,-0.154476,50.00,False
-43.728904,10.071609,42.879524,-0.389326,0.288732,0.874676,50.00,False
-43.295108,9.250941,40.643903,-0.302567,0.110135,0.946744,50.00,False
-44.001235,10.898909,37.218352,-0.443793,0.439728,0.780825,50.00,False
-43.243285,9.570479,35.202985,-0.292203,0.331830,0.896943,50.00,False
-39.890631,7.423564,24.194376,0.378328,0.489612,-0.785587,50.00,False
-39.298432,7.140620,23.614093,0.496768,0.779071,-0.382452,50.00,False
-39.993485,3.739639,23.008035,0.357757,0.933686,0.015527,50.00,False
-38.082302,8.505852,20.840672,0.739994,0.664950,0.101246,50.00,False
-40.123180,7.186708,22.007554,0.331818,0.401121,0.853814,50.00,False
-41.656363,8.037922,10.147512,0.025182,0.036870,-0.999003,50.00,False
-42.689142,7.888858,7.629624,-0.181374,0.007057,-0.983389,50.00,False
-40.005933,5.249837,14.623928,0.355268,0.013747,0.934664,50.00,False
-37.736275,6.648338,9.899675,0.809199,0.293447,0.509004,50.00,False
-40.543827,4.893701,3.103633,0.247689,0.910539,-0.331013,50.00,False
-40.593941,2.681704,0.762874,0.237666,0.930124,-0.279973,50.00,False
-40.315370,1.684466,-1.426112,0.293380,0.935144,-0.198578,50.00,False
-40.429358,-0.373495,-3.656339,0.270583,0.954490,-0.125432,50.00,False
-40.397568,0.048896,-5.679685,0.276941,0.960825,-0.010910,50.00,False
-40.359321,0.959809,-8.041287,0.284590,0.957975,0.035961,50.00,False
-39.775055,6.085451,-10.433619,0.401443,0.912668,0.076686,50.00,False
-39.660658,6.020438,-12.899366,0.424323,0.899665,0.102728,50.00,False
-39.998229,2.297551,-15.107886,0.356809,0.916630,0.180216,50.00,False
-40.129873,1.871205,-17.559644,0.330480,0.920369,0.209056,50.00,False
-40.887208,0.863611,-19.853741,0.179013,0.946236,0.269428,50.00,False
-41.050114,3.115043,-22.743962,0.146432,0.966549,0.210575,50.00,False
-41.226019,5.850463,-25.140678,0.111250,0.961723,0.250423,50.00,False
-40.790322,6.611315,-26.857485,0.198390,0.882581,0.426253,50.00,False
-42.339950,9.476623,-36.370091,-0.111536,0.267515,-0.957076,50.00,False
-42.084628,9.009440,-39.095033,-0.060471,0.174079,-0.982873,50.00,False
-41.969823,8.786813,-41.730937,-0.037510,0.129554,-0.990863,50.00,False
-41.969823,8.786813,-44.326895,-0.037510,0.129554,-0.990863,50.00,False
-41.702158,12.166463,-46.861792,0.016023,0.204905,-0.978651,50.00,False
-41.793340,12.114842,-49.468916,-0.002214,0.194581,-0.980884,50.00,False
-41.793340,12.834997,-52.064873,-0.002214,0.194581,-0.980884,50.00,False
-41.873576,12.774661,-54.671579,-0.018261,0.182514,-0.983034,50.00,False
-41.873576,12.774661,-57.267537,-0.018261,0.182514,-0.983034,50.00,False
-41.912679,8.788728,-59.904222,-0.026082,0.129937,-0.991179,50.00,False
-39.733870,9.940572,-58.365509,0.409680,0.897321,-0.164245,50.00,False
-44.159421,5.450933,-56.178952,-0.475430,0.382484,0.792258,50.00,False
-44.046039,5.490002,-58.727827,-0.452753,0.390298,0.801674,50.00,False
-43.867996,5.701137,-61.335556,-0.417145,0.432525,0.799320,50.00,False
-43.586043,6.510696,-64.179261,-0.360754,0.554708,0.749771,50.00,False
-43.582252,6.606621,-66.846266,-0.359996,0.573893,0.735561,50.00,False
-43.696776,7.090577,-69.943670,-0.382901,0.670684,0.635272,50.00,False
-43.564477,7.740212,-73.400899,-0.356441,0.811520,0.463017,50.00,False
-42.964026,8.504416,-77.717250,-0.236351,0.964361,0.118939,50.00,False
-43.115463,8.501252,-80.965438,-0.266638,0.963728,-0.011507,50.00,False
-42.386224,8.155740,-85.654758,-0.120790,0.894626,-0.430180,50.00,False
-42.105401,7.351552,-89.481304,-0.064626,0.733788,-0.676298,50.00,False
-36.333906,6.780980,-89.772636,0.289673,0.613600,-0.734564,200.00,True
-36.333906,6.780980,-89.772636,0.289673,0.613600,-0.734564,50.00,False
-36.434198,7.282140,-86.735543,0.269615,0.713832,-0.646337,50.00,False
-37.348840,8.501309,-82.362203,0.086686,0.952830,-0.290861,50.00,False
-37.941447,8.713084,-78.775434,-0.031835,0.995185,-0.092698,50.00,False
-39.068891,8.107703,-73.656145,-0.257324,0.874109,0.411968,50.00,False
-39.142687,7.582396,-70.228073,-0.272083,0.769048,0.578391,50.00,False
-39.178370,7.192282,-67.190450,-0.279220,0.691025,0.666724,50.00,False
-39.819752,6.390495,-64.212138,-0.407496,0.530668,0.743195,50.00,False
-39.834835,6.227551,-61.513135,-0.410513,0.498079,0.763804,50.00,False
-40.033011,5.695278,-58.826910,-0.450148,0.431353,0.781858,50.00,False
-39.945797,5.558341,-56.179983,-0.432705,0.430605,0.792052,50.00,False
-40.107190,5.231005,-53.532799,-0.464984,0.374313,0.802297,50.00,False
-39.991508,10.759554,-56.674409,-0.441847,0.828008,-0.345217,50.00,False
-38.339426,11.305113,-57.176490,-0.111431,0.238112,-0.964824,50.00,False
-38.086000,13.128228,-54.637357,-0.060746,0.208242,-0.976189,50.00,False
-38.086000,13.128228,-52.041399,-0.060746,0.208242,-0.976189,50.00,False
-37.983246,13.048437,-49.417556,-0.040195,0.237269,-0.970612,50.00,False
-37.983246,12.328283,-46.821599,-0.040195,0.237269,-0.970612,50.00,False
-38.105679,12.445278,-44.188877,-0.064682,0.260668,-0.963259,50.00,False
-37.736154,12.737989,-41.514819,0.009224,0.319210,-0.947639,50.00,False
-38.378197,9.549115,-38.940559,-0.119185,0.282014,-0.951978,50.00,False
-38.039249,7.135632,-36.551356,-0.051396,0.103223,-0.993329,50.00,False
-37.369718,6.491863,-27.085983,0.082511,0.921070,0.380554,50.00,False
-37.131806,5.515493,-25.121804,0.130093,0.958363,0.254198,50.00,False
-36.859369,2.332701,-22.315282,0.184581,0.937086,0.296311,50.00,False
-36.587323,-0.064605,-19.591903,0.238990,0.916151,0.321795,50.00,False
-36.560489,-0.387807,-17.257009,0.244356,0.931459,0.269582,50.00,False
-36.439949,-0.244405,-15.258859,0.268464,0.951536,0.150021,50.00,False
-36.430594,-0.199499,-13.084164,0.270336,0.960517,0.065769,50.00,False
-36.473193,0.064871,-10.586949,0.261816,0.964020,0.046020,50.00,False
-36.446223,-0.826990,-8.064034,0.267210,0.963126,0.031411,50.00,False
-36.433211,-1.472619,-5.573985,0.269812,0.962859,0.010230,50.00,False
-36.703589,-1.246389,-3.680955,0.215737,0.967711,-0.130356,50.00,False
-36.425994,0.566775,-1.426843,0.271255,0.941769,-0.198725,50.00,False
-36.459452,2.044161,0.865981,0.264564,0.928839,-0.259351,50.00,False
-36.299816,2.346204,3.657871,0.296491,0.929312,-0.220165,50.00,False
-36.018579,3.403990,6.513861,0.352738,0.920488,-0.168158,50.00,False
-35.623221,3.295906,9.577427,0.431810,0.898871,-0.074637,50.00,False
-35.693119,3.343795,12.605313,0.417830,0.908449,0.011749,50.00,False
-35.787921,3.613590,15.766513,0.398870,0.908476,0.124797,50.00,False
-35.873884,3.657173,18.310337,0.381677,0.917192,0.114371,50.00,False
-35.913431,3.411148,20.843393,0.373768,0.921920,0.101791,50.00,False
-36.013272,2.343473,22.700022,0.353800,0.934186,-0.046075,50.00,False
-36.097496,1.933150,24.537119,0.336955,0.920499,-0.197847,50.00,False
-36.055375,6.191044,25.392873,0.345379,0.763361,-0.545888,50.00,False
-37.979594,6.254420,25.888629,-0.039464,0.255784,-0.965928,50.00,False
-39.069514,9.202672,37.813656,-0.257449,0.352031,0.899886,50.00,False
-40.456691,9.688953,32.332336,-0.534884,0.449287,-0.715570,50.00,False
-40.839821,10.536814,36.041043,-0.611510,0.618859,-0.493020,50.00,False
-41.136074,11.030468,40.164756,-0.670760,0.717590,-0.187469,50.00,False
-40.069837,11.823129,42.938270,-0.457513,0.876123,-0.151958,50.00,False
-41.610248,4.412578,49.510368,-0.765595,0.008184,0.643271,50.00,False
-38.865504,9.893673,52.822384,-0.216646,0.578368,0.786482,50.00,False
-36.747990,13.659379,54.596658,0.206856,0.755080,0.622145,50.00,False
-36.576898,13.702479,57.645542,0.241075,0.658709,0.712731,50.00,False
-36.590614,12.936860,60.454070,0.238332,0.610576,0.755245,50.00,False
-36.532415,12.629980,63.260950,0.249971,0.549200,0.797430,50.00,False
-36.284921,11.333510,66.414736,0.299470,0.289906,0.908995,50.00,False
-36.194337,10.751169,69.126881,0.317587,0.173438,0.932233,50.00,False
-36.221856,10.458528,71.757834,0.312083,0.142995,0.939232,50.00,False
-32.367882,11.168731,71.682164,0.282878,0.256950,0.924098,200.00,True
-32.367882,11.168731,71.682164,0.282878,0.256950,0.924098,50.00,False
-32.423194,11.040009,69.136532,0.271816,0.231206,0.934163,50.00,False
-32.404291,12.484347,66.204945,0.275596,0.415083,0.867037,50.00,False
-32.496363,13.062921,63.311474,0.257182,0.530797,0.807534,50.00,False
-32.853054,12.997873,60.853242,0.185844,0.517788,0.835079,50.00,False
-33.139885,13.656684,57.828814,0.128477,0.649550,0.749385,50.00,False
-33.090423,13.166930,55.193164,0.138370,0.656590,0.741447,50.00,False
-33.090423,12.004982,52.597207,0.138370,0.656590,0.741447,50.00,False
-32.925760,7.466698,50.963684,0.171302,0.313725,0.933934,50.00,False
-33.212549,6.846065,40.629984,0.113945,0.781341,-0.613615,50.00,False
-31.518438,6.358831,41.456816,0.452767,0.888802,0.070943,50.00,False
-31.442451,6.768688,38.968831,0.467964,0.878889,0.092538,50.00,False
-31.273025,6.544351,34.763946,0.501849,0.834022,-0.229248,50.00,False
-31.453651,6.460053,31.616091,0.465724,0.817162,-0.339627,50.00,False
-31.551780,6.563027,29.143795,0.446098,0.837757,-0.314895,50.00,False
-31.950428,1.314699,27.093622,0.366369,0.907439,-0.205738,50.00,False
-31.833806,0.623157,24.700385,0.389693,0.906008,-0.165194,50.00,False
-31.838986,0.092076,22.503895,0.388657,0.917425,-0.085301,50.00,False
-32.023752,0.634936,20.425897,0.351704,0.935933,0.018291,50.00,False
-31.875780,2.010006,18.074342,0.381298,0.922008,0.067172,50.00,False
-31.773257,2.267098,15.462268,0.401803,0.913491,0.063949,50.00,False
-31.832745,2.303558,12.604300,0.389905,0.920783,0.011546,50.00,False
-31.813577,1.983080,9.605234,0.393739,0.916623,-0.069075,50.00,False
-31.986855,2.038587,6.845089,0.359083,0.927725,-0.101913,50.00,False
-32.053653,2.054831,4.172102,0.345724,0.930973,-0.117319,50.00,False
-32.187292,0.447853,0.984330,0.318996,0.917985,-0.235682,50.00,False
-32.293100,-1.627812,-1.368730,0.297834,0.936102,-0.187102,50.00,False
-32.448901,-1.767798,-3.518630,0.266674,0.958803,-0.097891,50.00,False
-32.455281,-2.502604,-5.602585,0.265398,0.964128,0.004510,50.00,False
-32.472005,-2.950196,-7.969997,0.262053,0.963746,0.050219,50.00,False
-32.512873,-2.234994,-10.547910,0.253880,0.965737,0.053828,50.00,False
-32.519318,-1.378289,-13.137225,0.252591,0.966000,0.055156,50.00,False
-32.388677,-1.265366,-15.471912,0.278719,0.954347,0.107410,50.00,False
-32.141731,-0.779654,-17.382567,0.328108,0.912458,0.244471,50.00,False
-32.093667,-0.433102,-19.511834,0.337721,0.878538,0.337809,50.00,False
-32.184267,1.036384,-21.950034,0.319601,0.872598,0.369360,50.00,False
-32.768741,5.568544,-24.993384,0.202706,0.938390,0.279882,50.00,False
-32.683115,6.716826,-26.213634,0.219831,0.802261,0.555023,50.00,False
-33.903545,6.756231,-36.576240,-0.024255,0.052881,-0.998306,50.00,False
-34.181088,10.356985,-39.004498,-0.079763,0.250727,-0.964766,50.00,False
-34.200669,11.818386,-41.507446,-0.083680,0.312683,-0.946164,50.00,False
-34.199469,12.338652,-44.140665,-0.083439,0.289228,-0.953617,50.00,False
-34.214022,12.287700,-46.750488,-0.086350,0.279038,-0.956390,50.00,False
-34.248230,12.246187,-49.355158,-0.093192,0.270735,-0.958132,50.00,False
-34.248230,12.670386,-51.951116,-0.093192,0.270735,-0.958132,50.00,False
-34.281158,12.749316,-54.520732,-0.099777,0.286521,-0.952864,50.00,False
-34.397529,10.209499,-57.245407,-0.123051,0.164880,-0.978608,50.00,False
-34.890999,11.082649,-56.589996,-0.221745,0.918164,-0.328334,50.00,False
-36.261367,5.431526,-53.703897,-0.495819,0.405242,0.768077,50.00,False
-36.130334,5.880686,-56.485223,-0.469612,0.495074,0.731004,50.00,False
-35.914980,6.680206,-59.013990,-0.426542,0.513682,0.744442,50.00,False
-35.659827,6.858971,-61.600156,-0.375511,0.549435,0.746400,50.00,False
-35.484531,7.324079,-64.495395,-0.340452,0.642456,0.686544,50.00,False
-35.435598,7.638301,-67.388743,-0.330665,0.705301,0.627066,50.00,False
-35.096721,8.557374,-71.246776,-0.262890,0.889115,0.374650,50.00,False
-34.611008,9.006970,-76.308005,-0.165747,0.979034,-0.118404,50.00,False
-34.014814,8.839301,-79.908496,-0.046508,0.946508,-0.319311,50.00,False
-33.280345,7.750570,-84.084329,0.100385,0.765725,-0.635286,50.00,False
-33.094749,7.397127,-87.001564,0.137504,0.701238,-0.699541,50.00,False
-32.835201,5.876225,-90.556748,0.189414,0.411767,-0.891386,50.00,False
-29.171572,6.355735,-90.484210,0.122140,0.464936,-0.876879,200.00,True
-29.171572,6.355735,-90.484210,0.122140,0.464936,-0.876879,50.00,False
-29.642864,7.046993,-87.545590,0.027881,0.588047,-0.808346,50.00,False
-29.611589,7.266027,-84.812383,0.034136,0.623727,-0.780896,50.00,False
-29.859479,8.674868,-80.432317,-0.015441,0.905496,-0.424075,50.00,False
-30.374931,9.094958,-76.128697,-0.118532,0.989513,-0.082542,50.00,False
-30.463107,9.129458,-71.823933,-0.136167,0.956172,0.259219,50.00,False
-31.279049,8.521156,-68.211185,-0.299355,0.834511,0.462577,50.00,False
-31.877234,7.748895,-64.919936,-0.418992,0.680059,0.601635,50.00,False
-32.208373,7.331078,-62.135461,-0.485220,0.596495,0.639339,50.00,False
-32.413299,6.889966,-59.327510,-0.526205,0.508273,0.681738,50.00,False
-32.557356,6.673101,-56.691947,-0.555017,0.465110,0.689659,50.00,False
-32.840383,6.150295,-54.272498,-0.611622,0.444674,0.654357,50.00,False
-33.016555,6.165631,-51.861644,-0.646857,0.447741,0.617336,50.00,False
-30.340984,9.379817,-57.228789,-0.111743,0.190616,-0.975284,50.00,False
-30.197475,11.327622,-54.558223,-0.083041,0.266098,-0.960362,50.00,False
-30.192022,13.046584,-51.833744,-0.081950,0.345975,-0.934658,50.00,False
-30.212941,13.092411,-49.218678,-0.086134,0.355140,-0.930836,50.00,False
-30.284901,11.975289,-46.636287,-0.100526,0.344063,-0.933550,50.00,False
-30.220114,12.022373,-44.029253,-0.087568,0.353480,-0.931334,50.00,False
-30.210289,12.427263,-41.259698,-0.085604,0.434458,-0.896615,50.00,False
-30.248882,11.930630,-38.458814,-0.093322,0.509106,-0.855630,50.00,False
-28.997892,6.100207,-27.998507,0.156876,0.678937,0.717240,50.00,False
-28.853975,6.548619,-25.927893,0.185659,0.768620,0.612172,50.00,False
-28.422129,5.946477,-24.533346,0.272028,0.887524,0.371890,50.00,False
-28.271853,-0.027989,-21.848771,0.302084,0.870027,0.389613,50.00,False
-28.324761,-0.339813,-19.542072,0.291502,0.897196,0.331761,50.00,False
-28.403129,-0.812960,-17.472902,0.275829,0.934163,0.226404,50.00,False
-28.427733,-1.249747,-15.562630,0.270908,0.958457,0.089267,50.00,False
-28.465862,-2.062562,-13.141033,0.263282,0.963184,0.054395,50.00,False
-28.451551,-3.584675,-10.535931,0.266144,0.962292,0.056224,50.00,False
-28.449255,-3.944756,-7.966178,0.266603,0.962457,0.050983,50.00,False
-28.420992,-3.549948,-5.660756,0.272256,0.962198,-0.007124,50.00,False
-28.246247,-2.572518,-3.296035,0.307205,0.950146,-0.053372,50.00,False
-28.250798,-2.601992,-1.036840,0.306295,0.944251,-0.120724,50.00,False
-28.229941,-1.849389,1.543591,0.310466,0.942484,-0.123829,50.00,False
-28.074245,-0.324418,4.393218,0.341605,0.936997,-0.073096,50.00,False
-27.963266,-0.339345,6.974882,0.363801,0.928375,-0.075954,50.00,False
-27.965522,-0.355123,9.757964,0.363350,0.930856,-0.038529,50.00,False
-27.797516,-0.420256,12.568756,0.396951,0.917829,0.004438,50.00,False
-27.802762,-0.421053,15.311621,0.395902,0.917670,0.033819,50.00,False
-27.846887,-1.033093,17.860775,0.387077,0.921723,0.024458,50.00,False
-27.916497,-1.305297,20.220441,0.373155,0.927489,-0.022800,50.00,False
-28.011338,-0.628870,22.335876,0.354187,0.927585,-0.118904,50.00,False
-27.869923,-0.318829,24.662822,0.382470,0.907683,-0.172707,50.00,False
-27.821109,0.274620,27.212412,0.392233,0.901686,-0.181980,50.00,False
-27.655578,0.224769,29.944793,0.425339,0.891715,-0.154696,50.00,False
-27.667321,6.402336,32.690379,0.422990,0.897503,-0.124770,50.00,False
-27.653266,6.430415,35.633157,0.425801,0.903119,-0.055406,50.00,False
-26.166345,2.465291,35.097029,0.723185,0.110094,-0.681823,50.00,False
-27.663696,6.532207,39.789675,0.423715,0.866930,-0.262485,50.00,False
-24.788918,4.761426,43.936098,0.998671,0.019756,0.047608,50.00,False
-28.266205,9.496550,50.021707,0.303213,0.593493,0.745538,50.00,False
-28.621321,12.451174,52.584503,0.232190,0.632539,0.738906,50.00,False
-28.545147,12.221729,55.341519,0.247425,0.586650,0.771118,50.00,False
-28.689956,12.437705,58.063908,0.218463,0.563928,0.796404,50.00,False
-28.738129,12.383549,60.796491,0.208829,0.527125,0.823729,50.00,False
-28.979163,11.716041,63.799455,0.160622,0.393624,0.905130,50.00,False
-28.428620,11.598784,66.367212,0.270730,0.342961,0.899490,50.00,False
-28.559037,10.771193,69.231906,0.244647,0.177443,0.953238,50.00,False
-28.299558,11.353907,71.604898,0.296543,0.293985,0.908645,50.00,False
-24.900905,11.350429,71.710506,0.176273,0.323206,0.929766,200.00,True
-24.900905,11.350429,71.710506,0.176273,0.323206,0.929766,50.00,False
-24.900905,11.234100,69.114549,0.176273,0.323206,0.929766,50.00,False
-24.896765,11.662163,66.397408,0.177101,0.385553,0.905530,50.00,False
-24.896765,11.662163,63.801450,0.177101,0.385553,0.905530,50.00,False
-24.786133,11.461751,61.263034,0.199228,0.345471,0.917038,50.00,False
-24.609772,12.283000,58.220712,0.234500,0.509721,0.827765,50.00,False
-24.479689,12.625178,55.352021,0.260517,0.578156,0.773218,50.00,False
-24.595158,12.596991,52.445884,0.237423,0.661703,0.711182,50.00,False
-24.694810,9.759865,49.951812,0.217492,0.646156,0.731559,50.00,False
-25.677763,9.486060,46.775131,0.020902,0.787926,0.615415,50.00,False
-30.074038,3.897704,43.443350,-0.858353,0.209694,0.468250,50.00,False
-23.649230,3.250492,38.070540,0.426608,0.900231,-0.087120,50.00,False
-25.800536,19.455074,37.295993,-0.003653,0.960816,0.277162,50.00,False
-23.536018,-0.048149,32.776370,0.449251,0.886906,-0.107572,50.00,False
-23.620584,-0.916296,30.020722,0.432338,0.890854,-0.139510,50.00,False
-23.791769,-0.840502,27.403698,0.398101,0.906013,-0.143723,50.00,False
-23.879197,-0.814932,24.736108,0.380615,0.911127,-0.158049,50.00,False
-23.973295,-1.629255,22.390130,0.361795,0.925974,-0.108054,50.00,False
-24.091694,-2.830890,20.272361,0.338115,0.941023,-0.012416,50.00,False
-24.116235,-2.529179,17.784438,0.333207,0.942809,0.009191,50.00,False
-24.221831,-2.081831,15.429168,0.312088,0.948322,0.057329,50.00,False
-24.262517,-2.067480,12.813365,0.303951,0.951192,0.053359,50.00,False
-24.291919,-2.051720,10.048231,0.298070,0.954344,0.019524,50.00,False
-24.376260,-2.026298,7.251939,0.281202,0.959429,-0.020543,50.00,False
-24.426544,-2.522923,4.413867,0.271146,0.960064,-0.068966,50.00,False
-24.533325,-2.523367,1.529254,0.249789,0.959976,-0.126697,50.00,False
-24.672875,-3.372931,-0.971313,0.221879,0.969117,-0.107619,50.00,False
-24.578940,-4.177937,-3.363454,0.240666,0.968303,-0.066855,50.00,False
-24.474763,-4.386538,-5.612923,0.261502,0.965200,0.002442,50.00,False
-24.409033,-5.099973,-8.043596,0.274648,0.960889,0.035499,50.00,False
-24.348229,-4.455824,-10.513741,0.286809,0.956065,0.060662,50.00,False
-24.344029,-4.458063,-13.094681,0.287649,0.955618,0.063665,50.00,False
-24.343995,-2.408104,-15.641143,0.287655,0.954905,0.073564,50.00,False
-24.114861,-1.096020,-17.557216,0.333482,0.919175,0.209541,50.00,False
-24.215177,-0.772155,-19.471752,0.313419,0.884406,0.345825,50.00,False
-24.332096,0.588797,-21.631408,0.290035,0.853415,0.433086,50.00,False
-25.145562,5.347118,-24.016939,0.127342,0.870630,0.475171,50.00,False
-24.901667,6.247980,-25.878442,0.176121,0.762903,0.622062,50.00,False
-25.165370,5.644454,-26.747312,0.123380,0.220819,0.967479,50.00,False
-26.062048,10.263927,-38.822483,-0.055955,0.367438,-0.928363,50.00,False
-26.067191,11.938030,-41.375725,-0.056984,0.388180,-0.919820,50.00,False
-26.101309,12.429494,-43.969523,-0.063808,0.388141,-0.919388,50.00,False
-26.165834,12.213586,-46.645926,-0.076713,0.344960,-0.935477,50.00,False
-26.193352,12.090694,-49.283067,-0.082216,0.320381,-0.943714,50.00,False
-26.270054,11.314821,-51.958970,-0.097557,0.263538,-0.959703,50.00,False
-26.387453,9.456203,-54.611713,-0.121036,0.205893,-0.971060,50.00,False
-26.761378,11.923065,-53.660155,-0.195821,0.945115,-0.261557,50.00,False
-29.182874,7.145305,-52.223937,-0.680121,0.490453,0.544878,50.00,False
-29.039054,7.352921,-54.839031,-0.651357,0.531976,0.541051,50.00,False
-28.838321,7.484138,-57.274231,-0.611210,0.545767,0.573202,50.00,False
-28.457384,7.742014,-59.749005,-0.535022,0.597343,0.597439,50.00,False
-28.150694,8.388028,-62.843406,-0.473684,0.726545,0.497750,50.00,False
-27.233275,9.109972,-65.945330,-0.290201,0.870934,0.396557,50.00,False
-26.695202,9.267503,-69.335161,-0.182586,0.954003,0.237782,50.00,False
-26.345949,9.441295,-72.629078,-0.112735,0.988762,0.098190,50.00,False
-26.173886,9.435217,-75.849694,-0.078323,0.996569,-0.026742,50.00,False
-25.483825,8.734826,-80.693530,0.059689,0.877245,-0.476317,50.00,False
-25.143857,7.835248,-84.223340,0.127683,0.737571,-0.663088,50.00,False
-25.049871,6.773841,-87.694962,0.146480,0.525290,-0.838221,50.00,False
-25.042391,6.678998,-90.323104,0.147976,0.514448,-0.844658,50.00,False
-21.027893,6.644505,-90.365415,0.150876,0.499423,-0.853120,200.00,True
-21.027893,6.644505,-90.365415,0.150876,0.499423,-0.853120,50.00,False
-21.068391,6.832647,-87.674776,0.142776,0.532685,-0.834183,50.00,False
-20.978822,7.734898,-84.319708,0.160690,0.713135,-0.682362,50.00,False
-21.235021,8.657884,-80.960372,0.109450,0.841103,-0.529686,50.00,False
-21.398094,9.296254,-76.894630,0.076835,0.968777,-0.235729,50.00,False
-22.156766,9.748933,-72.871452,-0.074899,0.995951,0.049715,50.00,False
-22.556727,9.686670,-70.056644,-0.154891,0.983498,0.093485,50.00,False
-23.235060,9.397820,-66.717710,-0.290558,0.925728,0.242081,50.00,False
-23.450021,9.475132,-64.244699,-0.333550,0.917301,0.217491,50.00,False
-24.171508,8.996303,-61.181036,-0.477847,0.821536,0.311033,50.00,False
-24.375529,8.612780,-57.988293,-0.518651,0.738759,0.430390,50.00,False
-24.685496,8.448213,-55.515535,-0.580645,0.705846,0.405750,50.00,False
-25.101618,7.808482,-52.574988,-0.663869,0.577900,0.474668,50.00,False
-25.377283,7.444934,-49.965851,-0.719002,0.505190,0.477304,50.00,False
-18.224380,7.887537,-48.689732,0.711578,0.669436,0.213336,50.00,False
-22.527928,9.921132,-51.927526,-0.149131,0.262222,-0.953415,50.00,False
-22.637449,10.442043,-49.297037,-0.171036,0.273622,-0.946508,50.00,False
-22.532032,10.567001,-46.681139,-0.149952,0.298614,-0.942520,50.00,False
-22.402841,10.711375,-44.055921,-0.124114,0.327489,-0.936668,50.00,False
-22.029064,10.878501,-41.433084,-0.049358,0.360914,-0.931292,50.00,False
-21.949425,11.317309,-38.646013,-0.033431,0.448675,-0.893069,50.00,False
-22.209482,9.096326,-36.190349,-0.085442,0.379767,-0.921128,50.00,False
-18.181364,5.262013,-25.595718,0.720182,0.144331,0.678607,50.00,False
-20.401216,4.492444,-23.603488,0.276211,0.782623,0.557861,50.00,False
-19.739669,0.197072,-21.386556,0.408521,0.775070,0.482056,50.00,False
-19.976517,0.081966,-19.442050,0.361151,0.863615,0.351766,50.00,False
-20.200235,-1.294039,-17.994282,0.316407,0.940729,0.122128,50.00,False
-20.312498,-2.714623,-15.724520,0.293955,0.954125,0.056889,50.00,False
-20.320523,-4.883792,-13.101714,0.292350,0.954283,0.062258,50.00,False
-20.332268,-5.722880,-10.566428,0.290001,0.955713,0.050124,50.00,False
-20.381122,-6.259273,-8.194441,0.280230,0.959918,0.005330,50.00,False
-20.527695,-5.820184,-5.934723,0.250915,0.966027,-0.061918,50.00,False
-20.637590,-5.449243,-3.558960,0.228936,0.967658,-0.105957,50.00,False
-20.688655,-4.676859,-0.999356,0.218723,0.969195,-0.113227,50.00,False
-20.747255,-4.155291,1.644386,0.207003,0.972832,-0.103670,50.00,False
-20.652442,-4.398192,4.428404,0.225966,0.971893,-0.066058,50.00,False
-20.666972,-4.384065,7.289710,0.223060,0.974718,-0.012989,50.00,False
-20.685028,-3.455028,10.040638,0.219449,0.975458,0.018005,50.00,False
-20.670136,-3.464409,12.804681,0.222427,0.973582,0.051623,50.00,False
-20.527901,-3.507127,15.522116,0.250874,0.965038,0.075918,50.00,False
-20.544929,-3.760138,18.021660,0.247469,0.967239,0.056636,50.00,False
-20.398646,-3.908746,20.409597,0.276725,0.960832,0.015031,50.00,False
-20.210876,-3.971194,22.713820,0.314279,0.948342,-0.043316,50.00,False
-20.187397,-2.822428,25.037911,0.318975,0.942715,-0.097689,50.00,False
-20.135132,-2.847031,27.574162,0.329428,0.937794,-0.109630,50.00,False
-20.040816,-1.603694,30.154289,0.348291,0.930575,-0.112796,50.00,False
-21.587025,20.214323,34.924275,0.039049,0.945931,0.322010,50.00,False
-21.641077,20.014552,37.301724,0.028239,0.960077,0.278308,50.00,False
-19.807130,5.252773,37.716681,0.395028,0.904999,-0.157892,50.00,False
-16.940347,3.458672,42.190377,0.968385,0.121888,0.217655,50.00,False
-21.364775,15.520939,45.234968,0.083499,0.947916,0.307382,50.00,False
-21.001371,15.280988,48.329586,0.156180,0.899925,0.407114,50.00,False
-21.053505,14.859439,51.689647,0.145753,0.815616,0.559935,50.00,False
-21.276854,11.994834,55.501836,0.101084,0.587096,0.803181,50.00,False
-21.165610,11.657862,58.308882,0.123332,0.519702,0.845399,50.00,False
-21.009980,11.246629,61.107223,0.154458,0.437455,0.885876,50.00,False
-20.986265,11.029232,63.892910,0.159201,0.348151,0.923821,50.00,False
-21.057342,10.426279,66.684310,0.144986,0.227560,0.962910,50.00,False
-21.057342,10.426279,69.280267,0.144986,0.227560,0.962910,50.00,False
-21.057342,10.426279,71.876225,0.144986,0.227560,0.962910,50.00,False
-17.079510,9.151044,72.011192,0.140552,0.018338,0.989903,200.00,True
-17.079510,9.151044,72.011192,0.140552,0.018338,0.989903,50.00,False
-17.011388,9.321484,69.398975,0.154177,0.052426,0.986651,50.00,False
-17.296282,10.494935,66.634518,0.097198,0.287117,0.952952,50.00,False
-17.508838,11.967896,63.331587,0.054687,0.581709,0.811557,50.00,False
-17.508838,11.967896,60.735629,0.054687,0.581709,0.811557,50.00,False
-17.413628,12.215364,57.942418,0.073729,0.631202,0.772106,50.00,False
-17.128445,12.638648,54.915385,0.130765,0.715859,0.685891,50.00,False
-16.933621,12.830704,52.061204,0.169730,0.754270,0.634246,50.00,False
-17.002318,14.288507,49.197040,0.155991,0.799102,0.580605,50.00,False
-17.224856,15.353048,45.577326,0.111483,0.919949,0.375854,50.00,False
-17.400300,15.586565,42.324267,0.076394,0.966652,0.244433,50.00,False
-17.575019,19.131335,39.506294,0.041450,0.978913,0.200030,50.00,False
-17.456811,20.140879,37.243837,0.065092,0.961571,0.266730,50.00,False
-17.382254,21.113689,34.979989,0.080004,0.939473,0.333152,50.00,False
-17.361577,21.064553,32.511867,0.084139,0.929646,0.358719,50.00,False
-17.352872,21.092912,29.838459,0.085880,0.935317,0.343229,50.00,False
-16.520748,-4.713745,25.042581,0.252305,0.962798,-0.096755,50.00,False
-16.525162,-4.702547,22.559975,0.251422,0.965038,-0.074085,50.00,False
-16.495349,-5.577313,20.485817,0.257385,0.965835,0.030275,50.00,False
-16.556808,-5.441032,18.110779,0.245093,0.966636,0.074459,50.00,False
-16.586229,-5.280325,15.599119,0.239209,0.966664,0.091319,50.00,False
-16.725843,-5.231332,12.763248,0.211286,0.976463,0.043336,50.00,False
-16.743095,-5.224212,10.066930,0.207835,0.977887,0.023264,50.00,False
-16.738468,-5.224085,7.406193,0.208761,0.977912,0.010308,50.00,False
-16.718921,-5.255843,4.479513,0.212670,0.975527,-0.055837,50.00,False
-16.696909,-5.835729,1.597878,0.217072,0.969596,-0.112972,50.00,False
-16.695944,-6.595128,-1.024542,0.217266,0.968922,-0.118265,50.00,False
-16.679014,-6.609533,-3.579650,0.220652,0.969119,-0.110095,50.00,False
-16.661773,-6.946777,-6.052494,0.224100,0.970811,-0.085472,50.00,False
-16.407190,-6.772561,-8.273468,0.275016,0.961382,-0.010475,50.00,False
-17.378581,22.611760,-11.495492,0.080738,0.987456,-0.135688,50.00,False
-17.457867,23.250071,-13.546195,0.064881,0.997537,-0.026638,50.00,False
-16.304776,-4.462615,-15.745909,0.295499,0.953893,0.052611,50.00,False
-16.237866,-1.275312,-18.422680,0.308881,0.950402,0.036448,50.00,False
-15.698454,0.747928,-20.168202,0.416764,0.885241,0.206536,50.00,False
-15.393640,1.222164,-21.519520,0.477726,0.751219,0.455463,50.00,False
-15.402258,3.844586,-23.524820,0.476003,0.666641,0.573595,50.00,False
-14.157976,4.683290,-25.578745,0.724859,0.097230,0.682001,50.00,False
-18.246955,12.600860,-35.098232,-0.092937,0.705386,-0.702705,50.00,False
-18.069862,11.731347,-38.406236,-0.057518,0.531483,-0.845114,50.00,False
-18.107471,11.437228,-41.170833,-0.065040,0.472659,-0.878842,50.00,False
-18.125011,11.030185,-43.961220,-0.068548,0.391251,-0.917728,50.00,False
-18.416411,10.851867,-46.598529,-0.126828,0.355587,-0.925998,50.00,False
-18.493976,10.253596,-49.232701,-0.142341,0.328715,-0.933641,50.00,False
-19.556344,8.610534,-51.612439,-0.354815,0.285131,-0.890397,50.00,False
-21.648600,7.452520,-51.662375,-0.773266,0.506707,-0.381193,50.00,False
-21.376645,7.613590,-50.157015,-0.718875,0.538921,0.439071,50.00,False
-20.773387,9.669175,-53.085320,-0.598223,0.709435,0.372601,50.00,False
-20.149839,10.104257,-55.663785,-0.473513,0.796451,0.376100,50.00,False
-20.074688,9.452411,-58.464782,-0.458483,0.823108,0.335092,50.00,False
-19.194272,10.081921,-62.035658,-0.282400,0.949010,0.140108,50.00,False
-18.823790,10.214189,-64.975769,-0.208304,0.975464,0.071277,50.00,False
-18.334988,9.853365,-67.713971,-0.110543,0.992948,0.042829,50.00,False
-17.681544,9.758785,-70.830130,0.020145,0.997921,-0.061212,50.00,False
-17.400958,9.678422,-73.988313,0.076263,0.981849,-0.173657,50.00,False
-16.992001,8.975565,-77.795000,0.158054,0.895615,-0.415803,50.00,False
-16.520123,8.335195,-81.198231,0.252430,0.776565,-0.577258,50.00,False
-16.569058,7.436583,-84.645950,0.242643,0.618227,-0.747610,50.00,False
-16.523442,6.744923,-87.600335,0.251766,0.515140,-0.819295,50.00,False
-16.599904,6.670389,-90.264690,0.236474,0.500233,-0.832975,50.00,False
-11.744224,5.880010,-90.319032,0.407609,0.348974,-0.843843,200.00,True
-11.744224,5.880010,-90.319032,0.407609,0.348974,-0.843843,50.00,False
-11.545011,6.266125,-87.453246,0.447452,0.419380,-0.789878,50.00,False
-11.281927,6.543876,-84.528577,0.500069,0.474931,-0.724135,50.00,False
-11.520226,7.541597,-81.527503,0.452409,0.617845,-0.643112,50.00,False
-12.162097,8.781106,-78.120327,0.324035,0.814719,-0.480868,50.00,False
-12.361523,9.292056,-74.709068,0.284150,0.904576,-0.317808,50.00,False
-13.333346,9.698184,-71.233554,0.089785,0.985801,-0.141897,50.00,False
-13.668649,10.326660,-68.226603,0.022725,0.997958,-0.059698,50.00,False
-13.897446,10.332357,-65.510654,-0.023035,0.999097,-0.035700,50.00,False
-14.762015,10.231984,-62.456950,-0.195949,0.979022,0.055850,50.00,False
-15.310525,10.791337,-59.211934,-0.305651,0.933867,0.185661,50.00,False
-16.371308,10.661319,-55.956506,-0.517807,0.794377,0.317555,50.00,False
-16.709823,10.747980,-53.573939,-0.585510,0.762640,0.274877,50.00,False
-16.945514,10.651400,-51.265804,-0.632648,0.743324,0.217313,50.00,False
-16.567915,11.005807,-50.573065,-0.557129,0.814206,-0.163331,50.00,False
-16.784258,11.844677,-49.361957,-0.600397,0.667576,-0.440301,50.00,False
-15.469156,10.766530,-48.693421,-0.337377,0.451947,-0.825785,50.00,False
-14.779498,10.995820,-46.188763,-0.199445,0.497805,-0.844045,50.00,False
-14.121488,11.367523,-43.802522,-0.067843,0.458718,-0.885988,50.00,False
-13.926645,13.408605,-40.892546,-0.028875,0.567039,-0.823184,50.00,False
-13.418242,13.885045,-37.909009,0.072806,0.662328,-0.745668,50.00,False
-13.683022,14.713669,-34.386206,0.019850,0.828052,-0.560299,50.00,False
-13.054463,11.586658,-31.245880,0.145562,0.880356,-0.451426,50.00,False
-18.176750,5.073228,-27.693043,-0.878896,0.399896,-0.260050,50.00,False
-11.559080,1.684174,-22.291848,0.444638,0.843621,0.300998,50.00,False
-12.226008,0.187382,-21.055458,0.311253,0.949882,0.029084,50.00,False
-13.474629,23.003239,-17.773466,0.061529,0.984155,0.166291,50.00,False
-13.395921,23.238315,-15.650442,0.077270,0.994428,0.071704,50.00,False
-13.226043,23.486651,-13.547409,0.111246,0.993429,-0.026880,50.00,False
-13.355097,23.431067,-11.650157,0.085435,0.982313,-0.166622,50.00,False
-13.410421,23.926498,-9.393405,0.074370,0.969276,-0.234463,50.00,False
-13.415516,23.173322,-6.818613,0.073351,0.968320,-0.238696,50.00,False
-12.694329,-7.854445,-3.611378,0.217589,0.969070,-0.116440,50.00,False
-12.697397,-7.856642,-1.038946,0.216975,0.968631,-0.121145,50.00,False
-12.709023,-7.693406,1.625629,0.214650,0.970766,-0.107422,50.00,False
-12.671203,-7.681858,4.452686,0.222214,0.973075,-0.061202,50.00,False
-13.389261,23.501189,8.289188,0.078602,0.979228,0.186907,50.00,False
-13.409044,23.636181,10.741696,0.074646,0.984579,0.158217,50.00,False
-13.394267,23.225342,12.613862,0.077601,0.996894,0.013459,50.00,False
-13.435207,23.512395,14.974471,0.069413,0.997022,-0.033611,50.00,False
-13.444868,23.877638,17.298520,0.067481,0.993833,-0.087993,50.00,False
-12.583450,-7.673789,20.293573,0.239764,0.970797,-0.008173,50.00,False
-13.240331,22.970207,23.700976,0.108388,0.982090,0.154116,50.00,False
-13.177919,22.633161,26.684092,0.120871,0.965286,0.231547,50.00,False
-13.311238,21.340712,29.865157,0.094207,0.932537,0.348569,50.00,False
-13.338951,21.330733,32.494730,0.088664,0.930541,0.355292,50.00,False
-13.345742,21.109072,34.983831,0.087306,0.938549,0.333921,50.00,False
-13.513483,20.310801,37.021346,0.053758,0.973511,0.222232,50.00,False
-13.431016,19.186977,39.663623,0.070251,0.970296,0.231496,50.00,False
-13.274991,17.307746,42.421802,0.101456,0.959188,0.263940,50.00,False
-12.908394,16.351241,45.902184,0.174775,0.880413,0.440825,50.00,False
-12.585157,14.830169,48.929559,0.239423,0.815373,0.527109,50.00,False
-12.763129,14.043144,52.036039,0.203829,0.750030,0.629213,50.00,False
-12.694067,12.729059,54.793682,0.217641,0.717623,0.661550,50.00,False
-12.598064,12.627043,57.464897,0.236842,0.697220,0.676602,50.00,False
-12.812596,12.466972,60.283016,0.193935,0.665206,0.721034,50.00,False
-12.903870,12.262609,63.011123,0.175680,0.640651,0.747464,50.00,False
-13.124444,11.924830,65.914052,0.131566,0.573096,0.808858,50.00,False
-13.084411,11.092372,68.980119,0.139572,0.406604,0.902880,50.00,False
-13.095544,9.925256,71.938007,0.137346,0.173181,0.975266,50.00,False
-8.816285,10.727641,71.518256,0.193197,0.410159,0.891316,200.00,True
-8.816285,10.727641,71.518256,0.193197,0.410159,0.891316,50.00,False
-8.643509,11.660846,68.312660,0.227752,0.596800,0.769389,50.00,False
-8.643509,11.660846,65.716703,0.227752,0.596800,0.769389,50.00,False
-8.605716,12.278453,62.984832,0.235311,0.627502,0.742206,50.00,False
-8.610624,12.317037,60.357474,0.234329,0.635219,0.735926,50.00,False
-8.596866,12.496891,57.593642,0.237081,0.671190,0.702351,50.00,False
-8.703146,13.036118,54.944967,0.215825,0.689073,0.691807,50.00,False
-8.668660,13.145376,52.225316,0.222722,0.710925,0.667069,50.00,False
-8.691461,13.328409,49.430899,0.218162,0.747532,0.627377,50.00,False
-9.014433,15.379083,46.271030,0.153568,0.843569,0.514595,50.00,False
-9.046826,15.688730,43.092305,0.147089,0.905499,0.398041,50.00,False
-9.432316,19.203099,39.594255,0.069991,0.973520,0.217622,50.00,False
-9.475889,20.427946,37.089960,0.061276,0.969830,0.235955,50.00,False
-9.457318,21.158702,34.866023,0.064991,0.948395,0.310359,50.00,False
-9.338988,21.659283,32.436389,0.088657,0.934913,0.343624,50.00,False
-9.291373,22.494990,29.789425,0.098180,0.937651,0.333422,50.00,False
-9.285819,22.962026,26.908462,0.099291,0.955894,0.276421,50.00,False
-9.368440,23.573499,23.692507,0.082766,0.984844,0.152422,50.00,False
-9.317670,23.886782,20.358782,0.092920,0.995662,0.004868,50.00,False
-9.420524,23.875204,17.290459,0.072350,0.993346,-0.089605,50.00,False
-9.420499,23.501521,14.787398,0.072354,0.994847,-0.071026,50.00,False
-9.369818,23.578983,12.846344,0.082491,0.994787,0.059955,50.00,False
-9.307423,23.532183,10.656206,0.094970,0.985427,0.141119,50.00,False
-9.345591,23.505720,8.245009,0.087336,0.980134,0.178071,50.00,False
-9.338378,23.972294,5.594632,0.088779,0.981920,0.167187,50.00,False
-9.345386,23.987574,2.907513,0.087377,0.984976,0.148955,50.00,False
-9.393467,24.066873,-0.730844,0.077761,0.995193,-0.059525,50.00,False
-9.396075,24.268618,-3.836731,0.077239,0.983844,-0.161511,50.00,False
-9.398086,24.209505,-6.734990,0.076837,0.972021,-0.221971,50.00,False
-9.418272,23.737168,-9.348498,0.072800,0.971524,-0.225481,50.00,False
-9.436615,23.216344,-11.827484,0.069131,0.976925,-0.202087,50.00,False
-9.411271,23.308610,-13.717870,0.074200,0.995378,-0.060973,50.00,False
-9.429420,23.445457,-15.422931,0.070570,0.990597,0.117207,50.00,False
-9.463427,23.787275,-17.769981,0.063769,0.983895,0.166988,50.00,False
-9.432380,23.815001,-20.566211,0.069978,0.989440,0.126934,50.00,False
-9.550970,23.860980,-23.675712,0.046260,0.998636,0.024225,50.00,False
-9.529702,16.576340,-26.713064,0.050514,0.996667,-0.064054,50.00,False
-9.550206,18.009221,-30.210770,0.046413,0.968562,-0.244404,50.00,False
-9.459313,17.890171,-33.521197,0.064592,0.919689,-0.387298,50.00,False
-9.511744,15.678872,-37.587938,0.054105,0.729858,-0.681454,50.00,False
-9.549878,15.471624,-40.395786,0.046479,0.688409,-0.723832,50.00,False
-10.031845,14.847169,-43.160474,-0.049915,0.650833,-0.757578,50.00,False
-10.917291,13.610043,-45.775188,-0.227004,0.607327,-0.761330,50.00,False
-11.318086,12.885767,-47.854716,-0.307163,0.687480,-0.658044,50.00,False
-12.187570,13.445507,-48.959731,-0.481060,0.799428,-0.359855,50.00,False
-12.455222,12.203687,-50.340410,-0.534590,0.837001,-0.116800,50.00,False
-11.824795,12.578238,-52.548651,-0.408505,0.911912,-0.039257,50.00,False
-11.813906,11.829449,-54.445009,-0.406327,0.908166,0.100663,50.00,False
-11.238251,11.911401,-57.238612,-0.291196,0.954708,0.061134,50.00,False
-10.571240,11.601995,-60.634500,-0.157794,0.982512,-0.098852,50.00,False
-9.827278,11.120227,-62.861596,-0.009001,0.999645,-0.025079,50.00,False
-9.680291,10.319621,-65.734408,0.020396,0.996550,-0.080450,50.00,False
-9.050512,10.109314,-69.227469,0.146352,0.954488,-0.259871,50.00,False
-8.189885,9.127546,-72.386578,0.318477,0.871674,-0.372501,50.00,False
-7.069351,8.402271,-75.227324,0.542584,0.726619,-0.421459,50.00,False
-6.819301,7.535169,-78.583938,0.592594,0.565532,-0.573590,50.00,False
-7.136503,6.898928,-81.759850,0.529154,0.494443,-0.689581,50.00,False
-6.986506,6.413631,-84.393059,0.559153,0.448881,-0.697032,50.00,False
-6.984100,5.951172,-87.228406,0.559634,0.363207,-0.744910,50.00,False
-7.088849,5.643081,-90.033209,0.538685,0.301588,-0.786679,50.00,False
-2.909252,5.496026,-89.959057,0.574604,0.272177,-0.771848,200.00,True
-2.909252,5.496026,-89.959057,0.574604,0.272177,-0.771848,50.00,False
-2.865519,5.670828,-87.263408,0.583351,0.307138,-0.751910,50.00,False
-2.861477,6.009575,-84.542811,0.584159,0.360909,-0.726982,50.00,False
-2.902953,6.397701,-81.893107,0.575864,0.394197,-0.716233,50.00,False
-2.973893,7.290750,-78.757698,0.561676,0.560749,-0.608342,50.00,False
-3.205278,7.867449,-75.752839,0.515399,0.676089,-0.526562,50.00,False
-3.962856,8.567423,-73.662928,0.363883,0.688108,-0.627771,50.00,False
-4.129024,9.069687,-70.814783,0.330650,0.746563,-0.577334,50.00,False
-4.811972,10.316576,-67.265884,0.194060,0.901537,-0.386746,50.00,False
-5.289176,11.393501,-63.979777,0.098619,0.963543,-0.248716,50.00,False
-5.827956,11.915888,-61.161692,-0.009137,0.978868,-0.204290,50.00,False
-6.236080,12.183682,-58.456658,-0.090762,0.979012,-0.182475,50.00,False
-6.517935,12.858038,-55.787244,-0.147133,0.974782,-0.167784,50.00,False
-6.866560,13.766854,-53.537622,-0.216858,0.946985,-0.237051,50.00,False
-7.171663,14.169697,-50.817429,-0.277878,0.936885,-0.212204,50.00,False
-7.387166,14.413343,-48.712453,-0.320979,0.894776,-0.310400,50.00,False
-6.998957,15.101440,-46.836028,-0.243337,0.856967,-0.454306,50.00,False
-6.428106,15.486408,-45.038442,-0.129167,0.778681,-0.613981,50.00,False
-6.135338,15.413751,-42.733542,-0.070613,0.737002,-0.672192,50.00,False
-5.799559,16.847811,-40.159964,-0.003457,0.736280,-0.676668,50.00,False
-5.591326,17.447556,-36.954220,0.038189,0.831166,-0.554711,50.00,False
-5.476944,20.358457,-32.924740,0.061066,0.961480,-0.268006,50.00,False
-5.478408,21.243632,-29.564424,0.060773,0.991489,-0.115134,50.00,False
-5.492536,23.779408,-26.640718,0.057947,0.997088,-0.049585,50.00,False
-5.510595,24.157745,-23.625487,0.054335,0.997934,0.034270,50.00,False
-5.500215,24.117306,-20.548546,0.056411,0.989847,0.130467,50.00,False
-5.501245,23.789877,-17.771731,0.056205,0.984415,0.166638,50.00,False
-5.375889,23.587233,-15.576372,0.081277,0.992929,0.086518,50.00,False
-5.603997,23.297176,-13.704640,0.035655,0.997661,-0.058327,50.00,False
-5.370211,23.776981,-11.736491,0.082412,0.979486,-0.183888,50.00,False
-5.416253,23.939296,-9.386911,0.073204,0.969678,-0.233164,50.00,False
-5.363405,24.257974,-6.681440,0.083773,0.973833,-0.211261,50.00,False
-5.277056,24.883714,-3.827904,0.101043,0.981973,-0.159745,50.00,False
-5.314216,24.951822,-0.459397,0.093611,0.995595,-0.005236,50.00,False
-5.312274,24.187188,2.796153,0.094000,0.987479,0.126683,50.00,False
-5.324909,23.804649,5.580985,0.091473,0.982134,0.164458,50.00,False
-5.343159,23.800629,8.210216,0.087823,0.981330,0.171112,50.00,False
-5.375028,23.639222,10.723893,0.081449,0.984605,0.154657,50.00,False
-5.682983,23.256079,12.769325,0.019858,0.998810,0.044551,50.00,False
-5.493067,23.242884,14.814713,0.057841,0.996171,-0.065563,50.00,False
-5.435012,23.722490,17.348071,0.069452,0.994525,-0.078082,50.00,False
-5.292092,23.833828,20.326454,0.098036,0.995182,-0.001597,50.00,False
-5.072990,23.635362,23.763166,0.141856,0.975775,0.166554,50.00,False
-5.151110,22.991049,26.742929,0.126232,0.961698,0.243315,50.00,False
-5.275407,22.786689,29.745918,0.101373,0.940362,0.324721,50.00,False
-5.438660,21.764800,32.341987,0.068722,0.943302,0.324743,50.00,False
-5.502466,21.185577,34.790633,0.055961,0.953770,0.295281,50.00,False
-5.436099,20.140298,37.318477,0.069235,0.957014,0.281658,50.00,False
-5.183008,17.426364,40.043896,0.119853,0.943953,0.307551,50.00,False
-5.353632,16.938552,43.181011,0.085728,0.905415,0.415782,50.00,False
-4.956104,15.259413,46.440755,0.165234,0.819636,0.548539,50.00,False
-4.751593,13.799136,49.458705,0.206136,0.746256,0.632938,50.00,False
-4.662397,13.638749,52.205786,0.223975,0.714178,0.663163,50.00,False
-4.683649,12.811127,55.048475,0.219725,0.666372,0.712509,50.00,False
-4.674026,12.714955,57.729092,0.221649,0.647138,0.729441,50.00,False
-4.601190,10.264176,60.903828,0.236216,0.479421,0.845197,50.00,False
-4.735285,9.482429,63.888392,0.209397,0.323072,0.922918,50.00,False
-4.735285,9.482429,66.484349,0.209397,0.323072,0.922918,50.00,False
-4.724478,10.645746,68.938357,0.211559,0.393780,0.894528,50.00,False
-4.923700,9.640693,71.892188,0.171714,0.192769,0.966103,50.00,False
-0.711668,9.235857,71.749983,0.214121,0.273757,0.937662,200.00,True
-0.711668,9.235857,71.749983,0.214121,0.273757,0.937662,50.00,False
-0.569098,10.066529,68.788979,0.242635,0.439892,0.864652,50.00,False
-0.569098,9.678666,66.193022,0.242635,0.439892,0.864652,50.00,False
-0.520602,10.110353,63.560512,0.252334,0.448656,0.857342,50.00,False
-0.483396,9.831188,60.894610,0.259775,0.470396,0.843353,50.00,False
-0.565638,10.326656,58.007679,0.243327,0.569490,0.785158,50.00,False
-0.738960,10.523886,55.312343,0.208662,0.608936,0.765283,50.00,False
-0.821334,12.148601,52.355097,0.192187,0.694824,0.693025,50.00,False
-0.801960,12.384016,49.500001,0.196062,0.741907,0.641197,50.00,False
-0.826220,13.886240,46.781226,0.191210,0.763676,0.616634,50.00,False
-0.871897,16.409889,43.170566,0.182075,0.892024,0.413693,50.00,False
-0.997014,17.299726,40.319024,0.157051,0.918626,0.362576,50.00,False
-1.213763,19.307956,37.372036,0.113702,0.949522,0.292370,50.00,False
-1.363835,20.690097,34.793153,0.083687,0.951582,0.295785,50.00,False
-1.311736,21.792938,32.223895,0.094107,0.948930,0.301125,50.00,False
-1.265301,21.830436,29.661965,0.103394,0.945774,0.307930,50.00,False
-1.140414,23.394626,26.765241,0.128371,0.960275,0.247777,50.00,False
-1.182602,23.695731,23.424632,0.119934,0.987849,0.098847,50.00,False
-1.239549,23.825420,20.505892,0.108545,0.993500,0.034290,50.00,False
-1.407273,23.625347,17.397317,0.075000,0.994846,-0.068233,50.00,False
-1.443461,23.245339,14.883046,0.067762,0.996351,-0.051896,50.00,False
-1.430959,23.249598,12.519167,0.070263,0.997513,-0.005480,50.00,False
-1.393894,23.677827,10.431629,0.077676,0.992326,0.096204,50.00,False
-1.339802,23.792591,8.126651,0.088494,0.984037,0.154400,50.00,False
-1.311440,23.787187,5.548145,0.094166,0.982957,0.157890,50.00,False
-1.347519,24.361059,2.747850,0.086951,0.989316,0.117022,50.00,False
-1.186102,24.378166,-0.513290,0.119234,0.992737,-0.016014,50.00,False
-1.340850,24.309167,-3.949609,0.088284,0.978937,-0.184086,50.00,False
-1.366425,24.267458,-6.648010,0.083169,0.975311,-0.204575,50.00,False
-1.366186,23.827999,-9.338441,0.083217,0.971152,-0.223470,50.00,False
-1.465655,23.202978,-11.790438,0.063323,0.978821,-0.194678,50.00,False
-1.429355,23.287689,-13.707683,0.070583,0.995763,-0.058935,50.00,False
-1.586836,23.185371,-15.623345,0.039087,0.996255,0.077124,50.00,False
-1.460622,23.567771,-17.779669,0.064330,0.984185,0.165050,50.00,False
-1.452969,23.594178,-20.556312,0.065861,0.989466,0.128913,50.00,False
-1.476003,23.775012,-23.487930,0.061254,0.996208,0.061781,50.00,False
-1.333860,23.617117,-26.701554,0.089682,0.994054,-0.061752,50.00,False
-1.359503,23.549848,-29.425720,0.084554,0.992579,-0.087394,50.00,False
-1.431853,22.687305,-32.573576,0.070084,0.977739,-0.197773,50.00,False
-1.364270,20.899176,-36.073257,0.083600,0.921811,-0.378518,50.00,False
-1.556150,18.371469,-39.699399,0.045224,0.810093,-0.584555,50.00,False
-1.661434,16.798347,-42.503460,0.024168,0.779307,-0.626176,50.00,False
-2.310538,16.449294,-44.608161,-0.105653,0.842694,-0.527924,50.00,False
-2.550560,16.234422,-46.591463,-0.153658,0.901136,-0.405393,50.00,False
-2.507309,15.428947,-49.117052,-0.145007,0.908758,-0.391320,50.00,False
-2.426809,14.731168,-51.246281,-0.128907,0.945830,-0.297974,50.00,False
-2.143371,14.094573,-53.639391,-0.072220,0.963601,-0.257405,50.00,False
-1.855239,13.616818,-56.432989,-0.014594,0.954787,-0.296933,50.00,False
-1.529438,12.161463,-58.681385,0.050567,0.972483,-0.227420,50.00,False
-1.343027,11.999889,-61.444074,0.087849,0.961397,-0.260767,50.00,False
-0.805677,11.055618,-64.633072,0.195319,0.904392,-0.379375,50.00,False
-0.304567,9.954369,-68.415366,0.295541,0.729663,-0.616642,50.00,False
0.102541,8.232724,-71.363407,0.376962,0.621168,-0.687059,50.00,False
0.377415,7.818795,-74.141995,0.431937,0.538382,-0.723585,50.00,False
0.701229,7.315381,-76.593151,0.496700,0.520371,-0.694625,50.00,False
0.821493,6.896966,-79.188437,0.520753,0.496487,-0.694490,50.00,False
1.152141,6.148678,-81.970078,0.586883,0.346830,-0.731627,50.00,False
1.112601,5.634057,-84.726886,0.578974,0.285312,-0.763797,50.00,False
1.190177,5.601337,-87.247495,0.594490,0.293240,-0.748727,50.00,False
1.196717,5.544454,-89.838722,0.595798,0.292999,-0.747781,50.00,False
5.139256,5.281731,-89.968290,0.584306,0.244915,-0.773695,200.00,True
5.139256,5.281731,-89.968290,0.584306,0.244915,-0.773695,50.00,False
5.144500,5.585035,-87.316522,0.585354,0.275507,-0.762533,50.00,False
5.200258,5.233801,-84.793936,0.596506,0.200325,-0.777207,50.00,False
5.105708,6.025392,-82.062236,0.577596,0.322172,-0.750059,50.00,False
5.005274,6.298204,-79.552441,0.557509,0.316935,-0.767291,50.00,False
4.925197,6.612850,-76.919999,0.541494,0.359435,-0.759994,50.00,False
4.228586,7.181217,-74.443339,0.402172,0.473108,-0.783854,50.00,False
4.358031,7.663385,-71.667802,0.428060,0.507300,-0.747938,50.00,False
4.028267,8.841575,-68.881641,0.362108,0.604090,-0.709897,50.00,False
3.492975,10.678810,-64.798418,0.255049,0.874551,-0.412444,50.00,False
3.329940,11.130197,-61.965031,0.222442,0.904060,-0.364958,50.00,False
2.673291,12.090820,-58.897572,0.091112,0.958354,-0.270658,50.00,False
2.626216,13.566707,-56.535346,0.081698,0.944765,-0.317404,50.00,False
2.431021,13.949985,-54.116927,0.042658,0.934684,-0.352912,50.00,False
2.449422,15.107961,-51.753350,0.046339,0.915610,-0.399388,50.00,False
1.926843,15.481791,-49.106303,-0.058177,0.919327,-0.389170,50.00,False
2.271305,16.875348,-46.427813,0.010715,0.927905,-0.372663,50.00,False
2.305837,17.294538,-44.355204,0.017622,0.878546,-0.477333,50.00,False
2.512214,19.204327,-42.139643,0.058897,0.830822,-0.553412,50.00,False
2.760329,19.818611,-39.491566,0.108520,0.832699,-0.542988,50.00,False
2.763335,20.809809,-36.301855,0.109121,0.898952,-0.424238,50.00,False
2.878455,22.865346,-32.402284,0.132145,0.977650,-0.163515,50.00,False
2.776871,23.336322,-29.432592,0.111829,0.989755,-0.088768,50.00,False
2.867833,23.601988,-26.547491,0.130021,0.991028,-0.030939,50.00,False
2.942016,23.593419,-23.714255,0.144857,0.989315,0.016516,50.00,False
2.759006,23.581637,-20.605181,0.108256,0.986958,0.119140,50.00,False
2.691974,23.561527,-17.816888,0.094849,0.982936,0.157607,50.00,False
2.704671,23.568887,-15.638496,0.097388,0.992485,0.074094,50.00,False
2.823756,23.161616,-13.649057,0.121206,0.991504,-0.047210,50.00,False
2.643281,23.364003,-11.760026,0.085111,0.978360,-0.188595,50.00,False
2.677172,23.869648,-9.313801,0.091889,0.971492,-0.218542,50.00,False
2.654520,24.268609,-6.633691,0.087358,0.975541,-0.201711,50.00,False
2.632008,24.352404,-3.696474,0.082856,0.987585,-0.133459,50.00,False
2.842986,24.374435,-0.522116,0.125051,0.991991,-0.017779,50.00,False
2.792527,24.365255,2.562036,0.114960,0.990155,0.079859,50.00,False
2.699305,24.124242,5.539671,0.096315,0.983019,0.156195,50.00,False
2.716852,23.710479,8.073430,0.099825,0.984566,0.143755,50.00,False
2.760532,23.655963,10.329365,0.108561,0.991199,0.075751,50.00,False
2.542825,23.141217,12.528825,0.065019,0.997878,-0.003549,50.00,False
2.594082,23.246445,14.970889,0.075271,0.996572,-0.034327,50.00,False
2.627030,23.242046,17.520786,0.081860,0.995692,-0.043539,50.00,False
2.575175,23.568405,20.680991,0.071489,0.995030,0.069310,50.00,False
2.641538,23.514081,23.708755,0.084762,0.984166,0.155671,50.00,False
2.657898,23.078594,26.799908,0.088034,0.963002,0.254710,50.00,False
2.739421,21.866206,29.545701,0.104339,0.952928,0.284678,50.00,False
2.761869,21.454207,32.332311,0.108828,0.940187,0.322808,50.00,False
2.885861,19.869967,34.932389,0.133626,0.936700,0.323632,50.00,False
2.979571,18.079153,37.595918,0.152369,0.929040,0.337146,50.00,False
3.029693,16.703200,40.257031,0.162393,0.922499,0.350178,50.00,False
3.196269,16.192056,43.408816,0.195708,0.865367,0.461343,50.00,False
3.214449,14.793505,46.749019,0.199344,0.766764,0.610192,50.00,False
3.237062,13.071790,49.525361,0.203867,0.735374,0.646269,50.00,False
3.303761,12.192587,52.352289,0.217207,0.687980,0.692463,50.00,False
3.254073,11.693412,55.017775,0.207269,0.676818,0.706369,50.00,False
3.354795,10.369998,57.999847,0.227413,0.578158,0.783592,50.00,False
3.254398,10.129676,60.788847,0.207334,0.530094,0.822200,50.00,False
3.321058,9.768965,63.569048,0.220666,0.461889,0.859049,50.00,False
3.223849,9.250085,66.428444,0.201224,0.358113,0.911737,50.00,False
3.201019,8.953352,69.134937,0.196658,0.298766,0.933844,50.00,False
3.159583,7.593042,71.853321,0.188371,0.214759,0.958329,50.00,False
7.454012,8.325717,71.739318,0.247257,0.252290,0.935529,200.00,True
7.454012,8.325717,71.739318,0.247257,0.252290,0.935529,50.00,False
7.519457,8.618725,69.036184,0.260346,0.310892,0.914093,50.00,False
7.647907,9.251538,66.291723,0.286036,0.368827,0.884393,50.00,False
7.635646,9.749056,63.457840,0.283584,0.468331,0.836808,50.00,False
7.635646,9.749056,60.861883,0.283584,0.468331,0.836808,50.00,False
7.247922,11.011535,58.160705,0.206039,0.540442,0.815764,50.00,False
7.210398,11.394693,55.293173,0.198534,0.617074,0.761449,50.00,False
7.143125,12.044562,52.537878,0.185079,0.658375,0.729581,50.00,False
7.119599,13.116305,49.509281,0.180374,0.744277,0.643053,50.00,False
7.169458,13.316088,46.650796,0.190346,0.784233,0.590548,50.00,False
7.158797,15.613279,43.452932,0.188214,0.862276,0.470166,50.00,False
7.002657,17.023915,40.309674,0.156986,0.919373,0.360706,50.00,False
6.922791,18.030888,37.746227,0.141012,0.919388,0.367208,50.00,False
6.782773,19.466606,35.068693,0.113009,0.929571,0.350893,50.00,False
6.699005,20.771870,32.373404,0.096255,0.938699,0.331027,50.00,False
6.699055,21.852038,29.684647,0.096265,0.945038,0.312467,50.00,False
6.638478,22.593245,26.948586,0.084150,0.954992,0.284446,50.00,False
6.704451,23.138268,23.930680,0.097345,0.974937,0.200056,50.00,False
6.489532,23.239252,20.745366,0.054361,0.995133,0.082185,50.00,False
6.550175,23.249238,17.557533,0.066489,0.997131,-0.036190,50.00,False
6.553580,23.138175,14.989056,0.067170,0.997269,-0.030694,50.00,False
6.519937,23.222278,12.624913,0.060442,0.998049,0.015669,50.00,False
6.654644,23.190197,10.425719,0.087383,0.991633,0.095022,50.00,False
6.692862,23.708469,8.035197,0.095027,0.986126,0.136109,50.00,False
6.700463,24.120222,5.563870,0.096547,0.982215,0.161035,50.00,False
6.806498,24.155640,2.593499,0.117754,0.989299,0.086152,50.00,False
6.823675,24.172234,-0.408920,0.121189,0.992618,0.004860,50.00,False
6.640076,24.121430,-3.860494,0.084470,0.982457,-0.166263,50.00,False
6.696376,24.076845,-6.662635,0.095730,0.973540,-0.207500,50.00,False
6.686831,23.881511,-9.255333,0.093821,0.973864,-0.206848,50.00,False
6.701636,23.364277,-11.729985,0.096782,0.978415,-0.182587,50.00,False
6.742873,23.289771,-13.850294,0.105029,0.990616,-0.087457,50.00,False
6.586716,23.176635,-15.725945,0.073798,0.995666,0.056604,50.00,False
6.784565,23.534655,-17.979123,0.113367,0.985638,0.125160,50.00,False
6.879957,23.583161,-20.760147,0.132446,0.987263,0.088146,50.00,False
6.900808,23.224380,-23.630839,0.136616,0.990068,0.033200,50.00,False
6.934470,23.218236,-26.595834,0.143348,0.988839,-0.040608,50.00,False
6.984398,22.872102,-29.660397,0.153334,0.979002,-0.134329,50.00,False
6.978449,22.451889,-32.889266,0.152144,0.953298,-0.260911,50.00,False
6.952848,21.833275,-36.087101,0.147024,0.912691,-0.381287,50.00,False
6.979573,19.801072,-39.465612,0.152369,0.829191,-0.537798,50.00,False
7.047878,19.164570,-42.082823,0.166030,0.823783,-0.542048,50.00,False
7.046323,17.265310,-44.264905,0.165719,0.872700,-0.459273,50.00,False
7.030942,16.772763,-46.502245,0.162643,0.907388,-0.387550,50.00,False
6.940059,15.050152,-49.171833,0.144466,0.904049,-0.402276,50.00,False
6.764350,14.588512,-51.670901,0.109324,0.917299,-0.382898,50.00,False
6.762235,13.781796,-54.087088,0.108901,0.931542,-0.346944,50.00,False
6.883321,12.418436,-56.456473,0.133119,0.944086,-0.301629,50.00,False
7.262772,11.105943,-59.466116,0.209009,0.899210,-0.384366,50.00,False
7.200885,10.925436,-62.466077,0.196631,0.863108,-0.465167,50.00,False
8.128751,9.500806,-65.958349,0.382205,0.662291,-0.644430,50.00,False
8.409577,8.111702,-69.217150,0.438370,0.451780,-0.776999,50.00,False
8.691954,6.689452,-71.886154,0.494845,0.358448,-0.791608,50.00,False
8.716289,6.612960,-74.500679,0.499712,0.343149,-0.795322,50.00,False
8.935564,6.297114,-77.076497,0.543567,0.279980,-0.791294,50.00,False
8.936302,6.087596,-79.714932,0.543715,0.254384,-0.799789,50.00,False
9.101924,5.975785,-82.189987,0.576839,0.256296,-0.775609,50.00,False
9.154875,5.412344,-84.778349,0.587429,0.236033,-0.774090,50.00,False
9.223568,5.127765,-87.397809,0.601168,0.179118,-0.778790,50.00,False
9.200258,5.233801,-89.985851,0.596506,0.200325,-0.777207,50.00,False
13.143127,5.178293,-90.042772,0.585080,0.189223,-0.788591,200.00,True
13.143127,5.178293,-90.042772,0.585080,0.189223,-0.788591,50.00,False
13.130932,5.238183,-87.441014,0.582641,0.201201,-0.787431,50.00,False
13.054874,5.710196,-84.897710,0.567429,0.203178,-0.797962,50.00,False
13.026395,5.908047,-82.323129,0.561733,0.202167,-0.802237,50.00,False
13.018132,5.891393,-79.737099,0.560081,0.198836,-0.804223,50.00,False
12.980428,6.084506,-77.114753,0.552540,0.237459,-0.798945,50.00,False
12.934446,6.221846,-74.507134,0.543344,0.264927,-0.796613,50.00,False
12.955731,6.212040,-71.899835,0.547601,0.262965,-0.794344,50.00,False
13.046406,7.245081,-69.212896,0.565736,0.278455,-0.776148,50.00,False
12.680071,9.104120,-65.967449,0.492469,0.582954,-0.646250,50.00,False
11.922731,10.604122,-62.438406,0.341001,0.820034,-0.459633,50.00,False
11.942806,10.878728,-59.493943,0.345016,0.853767,-0.389932,50.00,False
11.482669,11.607703,-56.692374,0.252988,0.902402,-0.348810,50.00,False
11.257990,13.167300,-54.016645,0.208052,0.919740,-0.332855,50.00,False
11.020637,13.708894,-51.582575,0.160582,0.916962,-0.365233,50.00,False
11.047319,15.099803,-48.965136,0.165918,0.917712,-0.360936,50.00,False
11.158485,15.567365,-46.148843,0.188151,0.929620,-0.316869,50.00,False
11.295829,16.286035,-44.258584,0.215620,0.862401,-0.458009,50.00,False
11.323741,16.673036,-42.095496,0.221203,0.809011,-0.544583,50.00,False
11.166204,19.028072,-39.847551,0.189695,0.766024,-0.614185,50.00,False
11.257439,20.925559,-35.812290,0.207942,0.922102,-0.326325,50.00,False
11.127248,22.007027,-32.759858,0.181904,0.954815,-0.235030,50.00,False
10.999876,22.247262,-29.940425,0.156430,0.969176,-0.190335,50.00,False
10.900106,22.756052,-26.415170,0.136475,0.990633,-0.004475,50.00,False
10.848419,22.832657,-23.642225,0.126138,0.991531,0.030922,50.00,False
10.774148,23.142335,-20.789864,0.111284,0.990383,0.082203,50.00,False
10.752276,22.691756,-18.151107,0.106910,0.990117,0.090763,50.00,False
10.554922,22.387792,-15.777814,0.067439,0.996652,0.046230,50.00,False
10.531129,22.641360,-13.551855,0.062680,0.997647,-0.027770,50.00,False
10.652426,22.822202,-11.751621,0.086939,0.978522,-0.186914,50.00,False
10.668858,23.218351,-9.203881,0.090226,0.976332,-0.196558,50.00,False
10.692927,23.508701,-6.673946,0.095040,0.973122,-0.209762,50.00,False
10.768978,23.585954,-3.543185,0.110250,0.988573,-0.102802,50.00,False
10.615211,23.626998,-0.381687,0.079497,0.996782,0.010306,50.00,False
10.631958,23.617777,2.447161,0.082846,0.994938,0.056884,50.00,False
10.661277,23.570821,5.480308,0.088710,0.985546,0.144323,50.00,False
10.641424,23.584642,7.988321,0.084739,0.988311,0.126734,50.00,False
10.594092,23.204823,10.310788,0.075273,0.994558,0.072035,50.00,False
10.558171,22.916155,12.530228,0.068088,0.997674,-0.003268,50.00,False
10.553736,22.801768,14.914482,0.067202,0.996696,-0.045609,50.00,False
10.543102,22.804060,17.548242,0.065075,0.997155,-0.038048,50.00,False
10.535119,22.799709,20.625453,0.063478,0.996285,0.058203,50.00,False
10.528623,22.675198,23.759370,0.062179,0.984198,0.165794,50.00,False
10.695529,22.276843,26.937933,0.095560,0.954550,0.282316,50.00,False
10.669123,21.395041,29.639968,0.090279,0.948535,0.303531,50.00,False
10.677964,20.337242,32.447529,0.092047,0.933763,0.345852,50.00,False
10.871293,19.476279,35.128821,0.130713,0.922607,0.362919,50.00,False
10.933703,17.563917,37.778003,0.143195,0.916485,0.373564,50.00,False
10.942565,16.350320,40.330393,0.144967,0.919711,0.364850,50.00,False
10.971391,15.388615,43.461730,0.150732,0.868657,0.471926,50.00,False
10.907560,13.060981,46.702482,0.137966,0.787339,0.600885,50.00,False
10.947026,12.205444,49.523773,0.145859,0.749314,0.645952,50.00,False
11.183623,11.621053,52.640662,0.193179,0.632436,0.750138,50.00,False
11.177884,11.527816,55.314728,0.192031,0.613788,0.765760,50.00,False
11.082475,10.361665,58.138471,0.172949,0.558439,0.811317,50.00,False
11.003672,9.568737,60.933420,0.157189,0.500894,0.851115,50.00,False
11.085504,9.217467,63.541450,0.173555,0.491290,0.853530,50.00,False
10.860765,8.580653,66.482289,0.128607,0.363927,0.922506,50.00,False
11.064364,8.239370,69.166534,0.169327,0.295671,0.940163,50.00,False
11.175928,7.573195,71.813004,0.191640,0.245497,0.950266,50.00,False
15.152188,7.997804,71.749951,0.186892,0.293043,0.937655,200.00,True
15.152188,7.997804,71.749951,0.186892,0.293043,0.937655,50.00,False
15.094669,8.491969,69.052301,0.175388,0.357448,0.917317,50.00,False
15.148397,9.021505,66.201781,0.186134,0.463355,0.866404,50.00,False
15.137886,9.099222,63.565621,0.184032,0.478899,0.858364,50.00,False
15.239057,10.330096,60.719608,0.204266,0.552125,0.808353,50.00,False
15.251007,10.394212,58.076031,0.206656,0.564948,0.798829,50.00,False
15.164652,11.277494,55.284055,0.189385,0.622176,0.759625,50.00,False
15.123424,11.610444,52.664535,0.181139,0.630314,0.754912,50.00,False
14.999819,12.681920,49.719154,0.156418,0.711527,0.685028,50.00,False
14.704827,13.467137,46.646453,0.097420,0.801741,0.589679,50.00,False
14.740291,14.434941,43.701507,0.104512,0.847821,0.519881,50.00,False
14.818252,15.887354,40.622490,0.120105,0.898008,0.423269,50.00,False
14.822324,16.874309,37.941478,0.120919,0.905722,0.406258,50.00,False
14.743329,17.963913,35.228692,0.105120,0.917792,0.382893,50.00,False
14.673458,19.924832,32.588982,0.091146,0.922881,0.374142,50.00,False
14.676311,20.718844,29.743549,0.091717,0.941516,0.324247,50.00,False
14.726067,22.145934,26.884110,0.101668,0.957039,0.271551,50.00,False
14.745134,22.337972,24.094634,0.105481,0.966776,0.232847,50.00,False
14.773186,22.447776,20.835896,0.111091,0.988737,0.100291,50.00,False
14.636709,22.485574,17.642091,0.083796,0.996296,-0.019278,50.00,False
14.568582,22.488242,14.955033,0.070171,0.996830,-0.037498,50.00,False
14.610780,22.710055,12.550276,0.078610,0.996905,0.000742,50.00,False
14.460499,22.874920,10.338906,0.048554,0.995797,0.077659,50.00,False
14.513690,22.896714,7.825983,0.059192,0.993786,0.094266,50.00,False
14.646310,23.586575,5.373726,0.085716,0.988697,0.123006,50.00,False
14.603727,23.613624,2.543246,0.077200,0.994107,0.076102,50.00,False
14.657146,23.623299,-0.499721,0.087883,0.996042,-0.013300,50.00,False
14.864283,23.578568,-3.501421,0.129311,0.987096,-0.094449,50.00,False
14.694343,22.826460,-6.515944,0.095323,0.979373,-0.178162,50.00,False
14.665566,22.819838,-9.161815,0.089568,0.978049,-0.188145,50.00,False
14.629125,22.681789,-11.670624,0.082279,0.981879,-0.170715,50.00,False
14.541869,21.992285,-13.849551,0.064828,0.994070,-0.087309,50.00,False
14.650681,22.024551,-15.740793,0.086591,0.994799,0.053634,50.00,False
14.866069,22.250725,-18.123265,0.129668,0.986867,0.096331,50.00,False
14.991336,22.252661,-21.014433,0.154722,0.987254,0.037289,50.00,False
14.971319,22.258805,-23.728786,0.150718,0.988483,0.013610,50.00,False
15.011853,22.078595,-26.629558,0.158825,0.986171,-0.047353,50.00,False
14.855159,21.664432,-29.819394,0.127486,0.977829,-0.166129,50.00,False
14.907317,20.844247,-33.430482,0.137918,0.919078,-0.369155,50.00,False
15.040061,19.565049,-36.472445,0.164467,0.873419,-0.458356,50.00,False
15.263591,18.081174,-39.681951,0.209172,0.786518,-0.581065,50.00,False
15.344832,16.622113,-42.161227,0.225421,0.798826,-0.557729,50.00,False
15.185871,15.018497,-43.904345,0.193629,0.901451,-0.387161,50.00,False
15.267533,15.049662,-45.984541,0.209961,0.935551,-0.284009,50.00,False
15.211023,13.468866,-49.015573,0.198659,0.907125,-0.371024,50.00,False
15.671299,12.566015,-52.110996,0.290714,0.832900,-0.470917,50.00,False
16.037254,11.863427,-54.931373,0.363905,0.775579,-0.515801,50.00,False
16.359576,10.685076,-57.692196,0.428370,0.717876,-0.548774,50.00,False
17.008809,9.899776,-59.927190,0.558216,0.679165,-0.476581,50.00,False
17.371566,8.705372,-63.067068,0.630768,0.509391,-0.585365,50.00,False
17.366428,8.097199,-66.101731,0.629740,0.387757,-0.673107,50.00,False
17.126511,7.324856,-69.174208,0.581757,0.266655,-0.768410,50.00,False
17.070200,6.140393,-71.841924,0.570494,0.248636,-0.782762,50.00,False
17.060788,6.167053,-74.436170,0.568612,0.253968,-0.782420,50.00,False
16.931617,6.178412,-77.119195,0.542778,0.256240,-0.799833,50.00,False
16.987371,5.891733,-79.758264,0.553929,0.198904,-0.808456,50.00,False
16.999492,5.892433,-82.345717,0.556353,0.199044,-0.806755,50.00,False
17.031606,5.907063,-84.915680,0.562776,0.201970,-0.801556,50.00,False
17.026395,5.705141,-87.515044,0.561733,0.202167,-0.802237,50.00,False
17.054874,5.710196,-90.089625,0.567429,0.203178,-0.797962,50.00,False
21.053378,5.623810,-90.111688,0.567130,0.185901,-0.802374,200.00,True
21.053378,5.623810,-90.111688,0.567130,0.185901,-0.802374,50.00,False
20.980456,5.908720,-87.546653,0.552546,0.202301,-0.808559,50.00,False
21.034367,5.825638,-84.933391,0.563328,0.185685,-0.805098,50.00,False
21.044241,5.858502,-82.322772,0.565303,0.192258,-0.802166,50.00,False
21.157362,5.801558,-79.658157,0.587927,0.180869,-0.788434,50.00,False
21.207634,5.961230,-76.983749,0.597981,0.212803,-0.772744,50.00,False
21.233541,6.058708,-74.339278,0.603163,0.232299,-0.763041,50.00,False
21.273552,6.102017,-71.719838,0.611165,0.226695,-0.758345,50.00,False
21.595955,7.218376,-68.785796,0.675645,0.257679,-0.690728,50.00,False
21.777592,7.528172,-65.957903,0.711973,0.279141,-0.644341,50.00,False
21.719430,7.726437,-63.333569,0.700340,0.318794,-0.638666,50.00,False
21.702014,7.410831,-60.894736,0.696857,0.255673,-0.670091,50.00,False
21.327427,9.242612,-58.222546,0.621940,0.429384,-0.654844,50.00,False
20.777464,10.405252,-55.671324,0.511947,0.545244,-0.663791,50.00,False
20.072141,11.500314,-52.790792,0.370882,0.702956,-0.606876,50.00,False
19.910728,13.101465,-49.203788,0.338600,0.847550,-0.408667,50.00,False
19.546511,13.489112,-46.138780,0.265757,0.911174,-0.314857,50.00,False
19.670965,14.100528,-43.631324,0.290647,0.897179,-0.332557,50.00,False
19.500309,14.674318,-41.776950,0.256516,0.838427,-0.480874,50.00,False
19.183058,16.839948,-39.672484,0.193066,0.792013,-0.579172,50.00,False
18.833838,18.531219,-36.507238,0.123222,0.876527,-0.465314,50.00,False
18.915993,19.816176,-33.679462,0.139653,0.897205,-0.418951,50.00,False
18.944999,21.043856,-29.925994,0.145454,0.971445,-0.187449,50.00,False
18.956020,21.438374,-26.813159,0.147658,0.985459,-0.084073,50.00,False
18.832642,21.473110,-23.784634,0.122983,0.992406,0.002440,50.00,False
18.914699,21.572925,-20.816895,0.139394,0.987255,0.076797,50.00,False
18.927998,21.979397,-18.155435,0.142054,0.985768,0.089897,50.00,False
18.937494,21.581162,-16.109994,0.143953,0.989378,-0.020206,50.00,False
18.591506,21.579973,-14.005317,0.074756,0.990141,-0.118462,50.00,False
18.584142,21.956680,-11.534026,0.073283,0.986949,-0.143395,50.00,False
18.662722,22.668670,-9.131290,0.088999,0.979255,-0.182040,50.00,False
18.671659,22.659441,-6.579451,0.090786,0.977409,-0.190863,50.00,False
18.751265,22.861931,-3.651589,0.106707,0.986467,-0.124482,50.00,False
18.604188,22.910463,-0.637176,0.077292,0.996174,-0.040791,50.00,False
18.675195,22.805378,2.496252,0.091493,0.993569,0.066703,50.00,False
18.623992,22.828816,5.316958,0.081253,0.990420,0.111652,50.00,False
18.581545,22.842710,7.809124,0.072763,0.993199,0.090894,50.00,False
18.552527,22.708014,10.201126,0.066960,0.996497,0.050103,50.00,False
18.516691,22.402184,12.479039,0.059792,0.998119,-0.013506,50.00,False
18.552139,22.346623,14.971869,0.066882,0.997177,-0.034131,50.00,False
18.555225,22.348955,17.676915,0.067499,0.997643,-0.012314,50.00,False
18.610924,22.345123,20.370562,0.078639,0.996877,0.007224,50.00,False
18.703342,22.197435,24.101100,0.097123,0.967339,0.234140,50.00,False
18.618724,21.777144,26.839080,0.080199,0.961581,0.262545,50.00,False
18.619615,20.733986,29.714290,0.080377,0.944544,0.318395,50.00,False
18.558463,19.546173,32.588087,0.068147,0.924936,0.373963,50.00,False
18.570478,17.952460,35.294627,0.070550,0.915502,0.396080,50.00,False
18.811712,16.486108,38.028965,0.118797,0.897952,0.423756,50.00,False
18.942622,15.617480,40.668169,0.144979,0.889948,0.432405,50.00,False
18.893463,14.365974,43.776671,0.135147,0.834028,0.534914,50.00,False
18.935361,13.302515,46.813831,0.143527,0.768816,0.623155,50.00,False
19.003576,12.720272,49.677996,0.157170,0.719197,0.676796,50.00,False
19.067818,11.450637,52.637147,0.170018,0.639876,0.749435,50.00,False
19.249566,10.704470,55.491258,0.206367,0.561877,0.801066,50.00,False
19.395851,9.530531,58.303785,0.235624,0.481149,0.844380,50.00,False
19.505241,9.431741,60.922874,0.257502,0.461391,0.849006,50.00,False
19.534558,9.040478,63.494020,0.263366,0.467150,0.844043,50.00,False
19.435074,8.780081,66.252793,0.243469,0.415071,0.876607,50.00,False
19.406840,8.244840,69.024406,0.237822,0.334925,0.911738,50.00,False
19.295842,7.705240,71.810294,0.215623,0.227005,0.949724,50.00,False
23.753462,7.764191,71.667751,0.307147,0.238795,0.921215,200.00,True
23.753462,7.764191,71.667751,0.307147,0.238795,0.921215,50.00,False
23.823703,7.732443,69.055932,0.321195,0.232446,0.918043,50.00,False
23.910094,7.995199,66.353655,0.338473,0.284997,0.896779,50.00,False
23.841029,8.769495,63.707743,0.324660,0.328942,0.886788,50.00,False
23.851453,9.000969,61.014997,0.326745,0.375237,0.867430,50.00,False
23.429131,10.830086,58.190676,0.242281,0.515766,0.821758,50.00,False
23.259060,10.992442,55.535811,0.208266,0.548237,0.809976,50.00,False
23.004304,11.465383,52.638398,0.157315,0.642825,0.749685,50.00,False
22.986651,12.422262,49.779702,0.153784,0.700250,0.697137,50.00,False
22.979839,12.597062,47.000458,0.152422,0.735210,0.660480,50.00,False
22.986128,13.822530,44.122746,0.153680,0.781927,0.604129,50.00,False
22.946772,14.239657,40.948766,0.145809,0.860281,0.488525,50.00,False
22.833887,15.764356,38.210264,0.123232,0.879318,0.460016,50.00,False
22.564605,18.322731,35.367782,0.069375,0.909122,0.410711,50.00,False
22.602381,19.362278,32.562150,0.076931,0.926329,0.368776,50.00,False
22.606219,20.504228,29.583998,0.077698,0.953154,0.292337,50.00,False
22.616175,21.304663,26.749981,0.079689,0.966312,0.244725,50.00,False
22.651418,21.381770,24.002922,0.086738,0.972864,0.214505,50.00,False
22.312633,21.947430,20.881103,0.018981,0.993824,0.109332,50.00,False
22.402929,21.974171,17.822582,0.037040,0.999172,0.016820,50.00,False
22.502740,22.010625,14.997770,0.057002,0.997954,-0.028951,50.00,False
22.485355,22.129689,12.506658,0.053525,0.998535,-0.007982,50.00,False
22.485467,22.405969,10.094078,0.053548,0.998153,0.028693,50.00,False
22.645031,22.669574,7.687193,0.085460,0.994119,0.066508,50.00,False
22.657029,22.659241,5.209035,0.087860,0.992053,0.090068,50.00,False
22.780757,22.689214,2.374484,0.112606,0.992737,0.042349,50.00,False
22.745231,22.670362,-0.517344,0.105501,0.994277,-0.016825,50.00,False
22.614559,22.654341,-3.564811,0.079366,0.991073,-0.107127,50.00,False
22.647590,22.613517,-6.439092,0.085972,0.982908,-0.162792,50.00,False
22.596684,22.620417,-9.018483,0.075791,0.984288,-0.159478,50.00,False
22.577994,21.858305,-11.495038,0.072053,0.988140,-0.135598,50.00,False
22.571003,21.581438,-14.005650,0.070655,0.990434,-0.118529,50.00,False
22.620713,21.151833,-16.034464,0.080597,0.996734,-0.005100,50.00,False
22.656704,21.481460,-18.284569,0.087795,0.994076,0.064071,50.00,False
22.824478,20.971907,-20.821355,0.121350,0.989703,0.075905,50.00,False
22.940866,20.938630,-23.789741,0.144628,0.989485,0.001419,50.00,False
22.984515,20.594295,-26.880845,0.153357,0.983338,-0.097610,50.00,False
23.202354,20.132882,-30.198741,0.196925,0.950083,-0.241998,50.00,False
23.223886,19.095844,-33.083808,0.201231,0.932531,-0.299820,50.00,False
23.149551,16.787525,-37.157582,0.186364,0.781529,-0.595383,50.00,False
23.348842,15.295671,-39.774223,0.226223,0.767723,-0.599520,50.00,False
23.485691,14.571743,-41.834472,0.253593,0.832619,-0.492378,50.00,False
23.681044,12.801615,-43.442933,0.292663,0.909612,-0.294879,50.00,False
23.878628,12.429510,-46.756024,0.332180,0.835191,-0.438305,50.00,False
23.933804,11.190755,-50.278605,0.343215,0.702345,-0.623630,50.00,False
24.293186,10.709309,-53.149033,0.415092,0.606056,-0.678524,50.00,False
24.615213,10.127181,-55.928423,0.479497,0.508484,-0.715211,50.00,False
25.388104,7.923273,-58.667588,0.634075,0.211264,-0.743852,50.00,False
25.261177,7.544142,-61.299353,0.608690,0.255881,-0.751014,50.00,False
25.719433,7.066911,-63.584784,0.700341,0.186889,-0.688909,50.00,False
25.843833,7.145146,-66.021116,0.725221,0.205979,-0.656983,50.00,False
25.875234,7.356500,-68.507365,0.731501,0.248250,-0.635042,50.00,False
25.694704,6.134109,-71.326950,0.695395,0.233114,-0.679767,50.00,False
25.524935,5.967013,-74.138685,0.661441,0.199695,-0.722923,50.00,False
25.300769,5.910428,-76.923745,0.616608,0.202643,-0.760743,50.00,False
25.207170,5.802451,-79.620314,0.597888,0.181048,-0.780866,50.00,False
25.207170,5.802451,-82.216272,0.597888,0.181048,-0.780866,50.00,False
25.171422,5.772067,-84.846216,0.590739,0.174971,-0.787663,50.00,False
25.046284,5.854412,-87.514225,0.565711,0.191440,-0.802073,50.00,False
25.039473,5.822567,-90.122436,0.564349,0.185071,-0.804524,50.00,False
29.137962,5.788859,-90.059261,0.584047,0.178329,-0.791889,200.00,True
29.137962,5.788859,-90.059261,0.584047,0.178329,-0.791889,50.00,False
29.207170,5.802451,-87.408187,0.597888,0.181048,-0.780866,50.00,False
29.207170,5.802451,-84.812229,0.597888,0.181048,-0.780866,50.00,False
29.237880,5.786550,-82.196241,0.604030,0.177867,-0.776859,50.00,False
29.440374,5.873144,-79.412216,0.644529,0.195186,-0.739246,50.00,False
29.662286,6.054917,-76.577601,0.688911,0.217275,-0.691515,50.00,False
29.858889,6.188586,-73.726170,0.728232,0.244009,-0.640420,50.00,False
29.901200,7.333161,-71.082275,0.736694,0.243582,-0.630832,50.00,False
29.792608,7.178613,-68.662246,0.714976,0.212672,-0.666018,50.00,False
29.628447,7.246508,-66.258006,0.682144,0.196354,-0.704361,50.00,False
29.341863,7.065950,-63.960954,0.624827,0.160242,-0.764143,50.00,False
29.095617,7.049990,-61.556905,0.575578,0.157051,-0.802524,50.00,False
28.936874,7.906132,-59.013589,0.543829,0.207835,-0.813052,50.00,False
28.926707,8.565243,-56.438943,0.541796,0.196097,-0.817315,50.00,False
28.926707,8.590028,-53.842985,0.541796,0.196097,-0.817315,50.00,False
28.760575,10.017932,-50.659463,0.508569,0.501632,-0.699802,50.00,False
27.930628,11.628521,-46.992602,0.342580,0.804246,-0.485621,50.00,False
28.120771,11.822618,-44.157013,0.380608,0.814592,-0.437695,50.00,False
27.353219,13.681004,-41.920430,0.227098,0.829919,-0.509570,50.00,False
27.245576,13.956795,-40.098784,0.205569,0.718520,-0.664432,50.00,False
27.253505,15.146593,-37.392281,0.207155,0.737908,-0.642323,50.00,False
27.200730,16.557008,-33.614351,0.196600,0.892508,-0.405928,50.00,False
27.042771,18.621505,-30.205435,0.165008,0.955803,-0.243337,50.00,False
26.990998,19.703333,-26.932900,0.154654,0.982046,-0.108021,50.00,False
26.995943,20.225677,-23.897757,0.155643,0.987607,-0.020184,50.00,False
26.722655,20.257302,-20.982895,0.100985,0.993932,0.043597,50.00,False
26.625247,20.484594,-18.322422,0.081504,0.995070,0.056500,50.00,False
26.653887,20.692700,-16.126620,0.087232,0.995910,-0.023531,50.00,False
26.545272,21.131674,-13.970023,0.065509,0.991614,-0.111403,50.00,False
26.560247,21.624426,-11.469508,0.068504,0.989080,-0.130492,50.00,False
26.590628,21.606858,-8.980970,0.074580,0.985566,-0.151976,50.00,False
26.615586,22.147513,-6.341476,0.079571,0.986480,-0.143268,50.00,False
26.650829,22.651107,-3.566613,0.086620,0.990426,-0.107487,50.00,False
26.491587,22.690373,-0.537989,0.054772,0.998279,-0.020954,50.00,False
26.584941,22.684190,2.275934,0.073442,0.997042,0.022639,50.00,False
26.586535,22.389250,5.109184,0.073761,0.994809,0.070098,50.00,False
26.540872,22.118274,7.642142,0.064629,0.996252,0.057498,50.00,False
26.497140,21.965349,10.034987,0.055882,0.998295,0.016875,50.00,False
26.512701,21.526411,12.488205,0.058994,0.998190,-0.011673,50.00,False
26.525921,21.504957,14.969918,0.061638,0.997501,-0.034521,50.00,False
26.568075,21.504708,17.805694,0.070069,0.997452,0.013442,50.00,False
26.679912,21.456758,20.958644,0.092437,0.987861,0.124841,50.00,False
26.556365,21.345166,24.001996,0.067727,0.974413,0.214320,50.00,False
26.614775,21.261987,26.810559,0.079409,0.963186,0.256841,50.00,False
26.528645,19.681666,29.780238,0.062183,0.941374,0.331585,50.00,False
26.660201,18.711816,32.537233,0.088495,0.927267,0.363792,50.00,False
26.666343,17.726464,35.623468,0.089723,0.882409,0.461848,50.00,False
26.825600,16.042743,38.348773,0.121574,0.864495,0.487718,50.00,False
26.935117,14.115354,41.118549,0.143478,0.840492,0.522481,50.00,False
27.055718,13.196575,43.962749,0.167598,0.802856,0.572130,50.00,False
27.199988,12.637989,46.996977,0.196452,0.725322,0.659784,50.00,False
27.198282,12.347646,49.800680,0.196111,0.685327,0.701333,50.00,False
27.226334,10.980781,52.774668,0.201721,0.596384,0.776939,50.00,False
27.226334,10.797678,55.370625,0.201721,0.596384,0.776939,50.00,False
27.309524,10.114451,58.385837,0.218359,0.459739,0.860790,50.00,False
27.489325,8.826721,61.204042,0.254319,0.340387,0.905239,50.00,False
27.543952,7.687847,63.949250,0.265245,0.235059,0.935089,50.00,False
27.632098,7.683153,66.520485,0.282874,0.234121,0.930145,50.00,False
27.632098,7.598533,69.116443,0.282874,0.234121,0.930145,50.00,False
27.762329,7.128588,71.765215,0.308920,0.140132,0.940708,50.00,False
31.541615,7.445255,71.792149,0.264777,0.186541,0.946095,200.00,True
31.541615,7.445255,71.792149,0.264777,0.186541,0.946095,50.00,False
31.545949,7.618481,69.157492,0.265644,0.221186,0.938355,50.00,False
31.448589,8.110422,66.444887,0.246172,0.319574,0.915025,50.00,False
31.367274,8.208076,63.834914,0.229909,0.339105,0.912222,50.00,False
31.351500,9.731760,61.016570,0.226754,0.442268,0.867745,50.00,False
31.396325,10.405563,58.303106,0.235719,0.481341,0.844244,50.00,False
31.396325,10.405563,55.707149,0.235719,0.481341,0.844244,50.00,False
31.383140,10.771835,53.046138,0.233082,0.504702,0.831233,50.00,False
31.267259,11.953107,50.198465,0.209906,0.588345,0.780890,50.00,False
31.283993,12.638704,47.150058,0.213253,0.691282,0.690400,50.00,False
31.201431,13.087329,44.302046,0.196741,0.742770,0.639989,50.00,False
30.955790,13.449907,41.305787,0.147612,0.815285,0.559929,50.00,False
30.734077,15.659433,38.423150,0.103270,0.858333,0.502593,50.00,False
30.647415,16.605952,35.755113,0.085937,0.868503,0.488177,50.00,False
30.708442,18.265836,32.731707,0.098143,0.910061,0.402687,50.00,False
30.717017,19.047440,29.943521,0.099858,0.925935,0.364242,50.00,False
30.614270,20.852070,26.834389,0.079308,0.961911,0.261607,50.00,False
30.596908,21.060700,24.042044,0.075836,0.972018,0.222329,50.00,False
30.674229,21.376953,21.025727,0.091300,0.986179,0.138257,50.00,False
30.556567,21.460682,17.642374,0.067768,0.997516,-0.019222,50.00,False
30.539188,21.462106,15.061852,0.064292,0.997801,-0.016135,50.00,False
30.511586,21.343107,12.511524,0.058772,0.998247,-0.007009,50.00,False
30.501242,21.389304,10.054115,0.056703,0.998176,0.020701,50.00,False
30.515348,21.690691,7.543720,0.059524,0.997510,0.037813,50.00,False
30.546079,21.685567,5.018688,0.065670,0.996486,0.051999,50.00,False
30.504372,21.964692,2.260646,0.057329,0.998163,0.019582,50.00,False
30.481548,22.207963,-0.476245,0.052764,0.998570,-0.008605,50.00,False
30.624213,21.942385,-3.414765,0.081297,0.993702,-0.077118,50.00,False
30.611441,21.619737,-6.284196,0.078743,0.988142,-0.131812,50.00,False
30.579172,21.617214,-8.916549,0.072289,0.987638,-0.139091,50.00,False
30.582229,21.255489,-11.472859,0.072900,0.988677,-0.131162,50.00,False
30.578687,20.899604,-13.981419,0.072192,0.990891,-0.113682,50.00,False
30.578173,20.203153,-16.288390,0.072089,0.995831,-0.055885,50.00,False
30.743056,20.259597,-18.665613,0.105066,0.994391,-0.012138,50.00,False
30.859871,20.179843,-21.365904,0.128428,0.991169,-0.033005,50.00,False
30.894085,19.735453,-24.137035,0.135271,0.988470,-0.068040,50.00,False
31.002711,18.691413,-27.254822,0.156997,0.972434,-0.172406,50.00,False
30.994886,16.769527,-30.582442,0.155431,0.935012,-0.318738,50.00,False
31.519885,15.396524,-34.089368,0.260431,0.825374,-0.500932,50.00,False
31.341253,13.888338,-37.544905,0.224705,0.704829,-0.672848,50.00,False
31.513794,12.910906,-40.226149,0.259213,0.675899,-0.689905,50.00,False
31.536541,12.455342,-42.014268,0.263763,0.807025,-0.528337,50.00,False
32.323442,11.407322,-44.649482,0.421143,0.731533,-0.536189,50.00,False
32.864354,10.071604,-47.606708,0.529325,0.591281,-0.608442,50.00,False
32.880524,9.745490,-50.475736,0.532559,0.526058,-0.663057,50.00,False
33.249507,8.202855,-53.501233,0.606356,0.267180,-0.748964,50.00,False
33.033050,8.115088,-56.291420,0.563064,0.249627,-0.787810,50.00,False
32.926707,7.847438,-59.034900,0.541796,0.196097,-0.817315,50.00,False
33.044044,7.537642,-61.613942,0.565263,0.134137,-0.813932,50.00,False
33.047299,6.973538,-64.201169,0.565914,0.141760,-0.812185,50.00,False
33.176736,7.121301,-66.674545,0.591801,0.171313,-0.787669,50.00,False
33.464666,7.265547,-69.000368,0.649387,0.200162,-0.733642,50.00,False
33.691759,7.149404,-71.372187,0.694806,0.206831,-0.688815,50.00,False
33.824704,7.268088,-73.789143,0.721395,0.230567,-0.653014,50.00,False
33.896699,6.171452,-76.285179,0.735794,0.240582,-0.633030,50.00,False
33.662286,6.054917,-79.173559,0.688911,0.217275,-0.691515,50.00,False
33.563348,6.006298,-81.879840,0.669124,0.207552,-0.713579,50.00,False
33.440374,5.873144,-84.604131,0.644529,0.195186,-0.739246,50.00,False
33.237880,5.786550,-87.388156,0.604030,0.177867,-0.776859,50.00,False
33.237880,5.786550,-89.984113,0.604030,0.177867,-0.776859,50.00,False
37.272474,5.721970,-89.971289,0.610949,0.164951,-0.774295,200.00,True
37.272474,5.721970,-89.971289,0.610949,0.164951,-0.774295,50.00,False
37.403804,5.760415,-87.259361,0.637215,0.172640,-0.751101,50.00,False
37.716652,5.948700,-84.321390,0.699785,0.210297,-0.682698,50.00,False
37.716652,6.020027,-81.725433,0.699785,0.210297,-0.682698,50.00,False
37.893339,7.039314,-78.907031,0.735122,0.228658,-0.638209,50.00,False
37.746996,7.031340,-76.474924,0.705854,0.227064,-0.670979,50.00,False
37.594704,7.214526,-74.086926,0.675395,0.189958,-0.712571,50.00,False
37.307316,7.271405,-71.728254,0.617917,0.201333,-0.760028,50.00,False
37.052300,6.995868,-69.385630,0.566914,0.146226,-0.810695,50.00,False
37.096589,6.892123,-66.775821,0.575772,0.125477,-0.807925,50.00,False
37.064441,6.770182,-64.219549,0.569343,0.101089,-0.815862,50.00,False
37.130886,6.613899,-61.592937,0.582632,0.069832,-0.809731,50.00,False
37.008259,6.817087,-59.076329,0.558106,0.083073,-0.825601,50.00,False
36.989445,7.168528,-56.442551,0.554343,0.153362,-0.818037,50.00,False
36.936547,7.717921,-53.744380,0.543764,0.261084,-0.797594,50.00,False
36.925978,8.704417,-50.777870,0.541650,0.428004,-0.723483,50.00,False
36.833871,9.796400,-48.031702,0.523229,0.495350,-0.693441,50.00,False
36.134390,10.758676,-45.471711,0.383332,0.601804,-0.700634,50.00,False
35.389126,11.425499,-43.193067,0.234280,0.601056,-0.764097,50.00,False
35.275888,11.481331,-40.585808,0.211632,0.612223,-0.761837,50.00,False
35.173970,13.765455,-37.805935,0.191248,0.661605,-0.725054,50.00,False
35.259091,15.024792,-34.424121,0.208272,0.796324,-0.567882,50.00,False
35.379939,15.564882,-30.778555,0.232442,0.904342,-0.357961,50.00,False
35.116690,17.719133,-27.469127,0.179792,0.959862,-0.215267,50.00,False
35.026206,18.749592,-24.390550,0.161696,0.979671,-0.118743,50.00,False
34.704134,19.279455,-21.536102,0.097281,0.992996,-0.067045,50.00,False
34.618379,19.841502,-18.940339,0.080130,0.994524,-0.067084,50.00,False
34.574727,20.000665,-16.463933,0.071400,0.993289,-0.090994,50.00,False
34.540784,20.403675,-14.013554,0.064611,0.990656,-0.120109,50.00,False
34.557509,20.762333,-11.468430,0.067956,0.989146,-0.130276,50.00,False
34.556953,21.267023,-8.912153,0.067845,0.988076,-0.138212,50.00,False
34.579091,21.334090,-6.338294,0.072273,0.987134,-0.142632,50.00,False
34.638992,21.362437,-3.454717,0.084253,0.992803,-0.085108,50.00,False
34.575994,21.385522,-0.455073,0.071653,0.997420,-0.004371,50.00,False
34.553070,21.383096,2.364143,0.067068,0.996935,0.040281,50.00,False
34.530884,21.381155,5.031275,0.062631,0.996547,0.054516,50.00,False
34.482918,21.388527,7.523526,0.053038,0.998021,0.033774,50.00,False
34.496698,21.318054,10.039977,0.055794,0.998282,0.017873,50.00,False
34.492328,21.099007,12.536899,0.054920,0.998489,-0.001934,50.00,False
34.493072,21.192917,15.109903,0.055069,0.998461,-0.006525,50.00,False
34.598379,21.185936,17.778972,0.076130,0.997065,0.008098,50.00,False
34.614982,21.043175,21.021494,0.079451,0.987323,0.137411,50.00,False
34.675391,20.929189,23.940482,0.091533,0.975095,0.202017,50.00,False
34.625634,20.303451,26.878762,0.081581,0.959262,0.270481,50.00,False
34.711305,18.791786,29.979740,0.098715,0.923176,0.371486,50.00,False
34.700616,17.350443,32.936213,0.096578,0.891012,0.443589,50.00,False
34.675652,15.557839,35.924261,0.091585,0.848010,0.522007,50.00,False
34.755780,15.111019,38.545347,0.107610,0.843005,0.527032,50.00,False
34.942718,13.628446,41.360814,0.144998,0.808090,0.570934,50.00,False
35.006883,13.150186,44.282309,0.157831,0.755341,0.636042,50.00,False
35.244801,10.915745,47.800495,0.205415,0.533484,0.820487,50.00,False
35.237978,10.809729,50.465142,0.204050,0.512281,0.834225,50.00,False
35.380367,10.615124,53.138094,0.232528,0.473360,0.849624,50.00,False
35.380367,10.365657,55.734052,0.232528,0.473360,0.849624,50.00,False
35.380367,10.365657,58.330009,0.232528,0.473360,0.849624,50.00,False
35.384130,9.775325,60.985386,0.233280,0.450981,0.861508,50.00,False
35.379672,9.788842,63.575448,0.232389,0.453684,0.860329,50.00,False
35.479813,9.181216,66.142298,0.252417,0.453985,0.854508,50.00,False
35.407130,7.761091,69.158954,0.237880,0.249708,0.938647,50.00,False
35.403077,7.743702,71.760527,0.237070,0.246230,0.939770,50.00,False
39.606072,8.941162,71.415079,0.277669,0.405974,0.870681,200.00,True
39.606072,8.941162,71.415079,0.277669,0.405974,0.870681,50.00,False
39.606072,8.941162,68.819122,0.277669,0.405974,0.870681,50.00,False
39.606072,9.427224,66.223164,0.277669,0.405974,0.870681,50.00,False
39.626071,9.336224,63.662122,0.281669,0.387774,0.877664,50.00,False
39.558249,9.510554,61.006516,0.268104,0.422640,0.865734,50.00,False
39.514645,9.615859,58.426352,0.259383,0.421599,0.868893,50.00,False
39.514645,9.615859,55.830395,0.259383,0.421599,0.868893,50.00,False
39.446127,9.860425,53.185035,0.245680,0.449154,0.859012,50.00,False
39.415324,9.872931,50.591219,0.239519,0.451655,0.859441,50.00,False
39.400380,10.224729,47.795478,0.236530,0.522015,0.819484,50.00,False
38.941303,13.306720,44.365154,0.144715,0.743745,0.652611,50.00,False
38.721875,13.603797,41.441985,0.100829,0.803160,0.587168,50.00,False
38.708236,13.635758,38.804148,0.098101,0.809553,0.578792,50.00,False
38.711507,15.517986,35.981534,0.098756,0.840040,0.533461,50.00,False
38.706572,16.279373,33.107458,0.097769,0.872991,0.477838,50.00,False
38.689525,18.595302,30.051560,0.094359,0.917724,0.385849,50.00,False
38.531603,19.429078,27.064655,0.062775,0.949423,0.307660,50.00,False
38.380455,20.411554,23.889685,0.032545,0.980883,0.191857,50.00,False
38.367927,20.724610,21.040190,0.030040,0.989532,0.141150,50.00,False
38.479785,21.038998,18.018211,0.052411,0.997057,0.055946,50.00,False
38.467302,20.854013,15.127824,0.049915,0.998749,-0.002940,50.00,False
38.435076,20.813686,12.585985,0.043470,0.999024,0.007883,50.00,False
38.406071,20.880681,10.040819,0.037669,0.999127,0.018042,50.00,False
38.418314,20.878284,7.519920,0.040117,0.998648,0.033053,50.00,False
38.420815,21.316898,4.995552,0.040617,0.998051,0.047371,50.00,False
38.424832,21.389976,2.366430,0.041421,0.998311,0.040738,50.00,False
38.441008,21.318836,-0.600995,0.044656,0.998439,-0.033555,50.00,False
38.485185,21.293467,-3.538215,0.053491,0.993365,-0.101808,50.00,False
38.456651,20.916043,-6.337114,0.047785,0.988656,-0.142396,50.00,False
38.453477,20.920416,-8.903125,0.047150,0.989530,-0.136407,50.00,False
38.451481,20.687887,-11.452227,0.046751,0.990796,-0.127036,50.00,False
38.460767,20.085851,-14.027564,0.048608,0.991227,-0.122911,50.00,False
38.482237,19.907672,-16.523282,0.052902,0.993288,-0.102864,50.00,False
38.556561,19.423281,-19.021291,0.067767,0.994220,-0.083274,50.00,False
38.577424,18.812364,-21.723591,0.071939,0.991915,-0.104542,50.00,False
38.834451,18.481508,-24.586241,0.123345,0.979724,-0.157881,50.00,False
38.862131,17.552120,-27.439613,0.128881,0.969307,-0.209364,50.00,False
38.612269,14.886305,-31.280893,0.078908,0.885221,-0.458428,50.00,False
38.898567,14.186877,-34.715709,0.136168,0.767680,-0.626200,50.00,False
39.183971,11.940253,-37.937136,0.193248,0.631041,-0.751294,50.00,False
39.241272,11.816257,-40.619036,0.204709,0.606242,-0.768482,50.00,False
39.355118,11.600624,-43.344845,0.227478,0.563115,-0.794453,50.00,False
39.667834,10.524962,-46.084236,0.290021,0.488190,-0.823139,50.00,False
39.821883,9.561305,-48.736028,0.320831,0.448331,-0.834306,50.00,False
40.952132,7.498298,-51.215345,0.546881,0.207932,-0.810978,50.00,False
41.072681,7.301072,-53.773817,0.570991,0.168487,-0.803481,50.00,False
41.053850,7.006357,-56.415204,0.567224,0.134132,-0.812567,50.00,False
40.962249,6.755986,-59.100805,0.548904,0.094769,-0.830496,50.00,False
40.918674,6.548708,-61.743550,0.540189,0.053313,-0.839853,50.00,False
41.008259,6.680105,-64.268244,0.558106,0.083073,-0.825601,50.00,False
41.051870,6.738730,-66.828016,0.566828,0.094799,-0.818364,50.00,False
41.134465,6.760332,-69.362917,0.583347,0.099119,-0.806152,50.00,False
41.096589,6.892123,-71.967736,0.575772,0.125477,-0.807925,50.00,False
41.092355,6.919340,-74.562390,0.574925,0.130920,-0.807664,50.00,False
41.595532,7.129438,-76.703705,0.675561,0.172940,-0.716735,50.00,False
41.686999,6.849559,-79.188007,0.693854,0.190707,-0.694404,50.00,False
41.826072,5.947964,-81.631671,0.721669,0.195885,-0.663945,50.00,False
41.819748,6.043754,-84.204774,0.720404,0.215043,-0.659375,50.00,False
41.750973,5.904754,-86.888049,0.706649,0.206246,-0.676838,50.00,False
41.632253,5.847153,-89.620194,0.682905,0.194726,-0.704076,50.00,False
45.821824,5.869861,-89.419124,0.720819,0.199268,-0.663862,200.00,True
45.821824,5.869861,-89.419124,0.720819,0.199268,-0.663862,50.00,False
45.809284,5.894123,-86.842884,0.718311,0.195104,-0.667805,50.00,False
45.782861,6.848883,-84.281606,0.713026,0.190572,-0.674741,50.00,False
45.739334,6.661749,-81.777770,0.704321,0.153146,-0.693165,50.00,False
45.274118,6.495685,-79.614721,0.611278,0.135403,-0.779747,50.00,False
45.096589,6.892123,-77.159651,0.575772,0.125477,-0.807925,50.00,False
45.134465,6.760332,-74.554832,0.583347,0.099119,-0.806152,50.00,False
45.056171,6.728133,-72.018163,0.567689,0.092679,-0.818010,50.00,False
45.008259,6.680105,-69.460159,0.558106,0.083073,-0.825601,50.00,False
44.900540,6.416386,-66.952776,0.536562,0.030330,-0.843315,50.00,False
44.874156,6.401611,-64.373994,0.531285,0.027375,-0.846751,50.00,False
44.961873,6.097761,-61.714628,0.548829,0.055819,-0.834069,50.00,False
45.043337,6.416368,-59.029832,0.565122,0.119540,-0.816301,50.00,False
44.689895,7.370624,-56.601683,0.494433,0.182398,-0.849863,50.00,False
44.013331,8.076410,-54.140560,0.359121,0.319690,-0.876830,50.00,False
44.144812,7.920171,-51.542961,0.385417,0.288442,-0.876501,50.00,False
44.045570,7.953616,-48.978274,0.365568,0.295131,-0.882756,50.00,False
44.045717,8.068480,-46.342176,0.365598,0.318104,-0.874727,50.00,False
43.945794,8.086441,-43.808191,0.345613,0.305886,-0.887122,50.00,False
43.353820,11.302030,-40.944849,0.227218,0.503396,-0.833645,50.00,False
43.220810,12.059108,-38.086055,0.200616,0.591330,-0.781078,50.00,False
42.931779,14.132891,-34.901552,0.142810,0.734539,-0.663369,50.00,False
42.815529,14.685420,-31.594540,0.119560,0.845044,-0.521158,50.00,False
42.564526,16.804970,-27.660366,0.069359,0.964842,-0.253514,50.00,False
42.484953,18.075462,-24.556353,0.053445,0.986949,-0.151903,50.00,False
42.447362,18.404090,-21.867431,0.045927,0.990010,-0.133310,50.00,False
42.385183,19.210213,-19.129424,0.033491,0.993919,-0.104900,50.00,False
42.329413,19.767906,-16.605478,0.022337,0.992607,-0.119303,50.00,False
42.321499,20.012197,-14.016145,0.020754,0.992481,-0.120628,50.00,False
42.331334,20.309077,-11.462363,0.022721,0.991376,-0.129063,50.00,False
42.345989,20.603389,-8.893700,0.025652,0.990579,-0.134522,50.00,False
42.340824,20.672809,-6.323009,0.024619,0.989905,-0.139575,50.00,False
42.327988,20.762188,-3.562016,0.022052,0.994061,-0.106568,50.00,False
42.278770,20.811484,-0.539106,0.012208,0.999701,-0.021177,50.00,False
42.305335,20.881479,2.329940,0.017521,0.999287,0.033440,50.00,False
42.322577,20.879596,4.967162,0.020970,0.998910,0.041693,50.00,False
42.330620,20.808600,7.530782,0.022578,0.999124,0.035226,50.00,False
42.351693,20.766237,10.084276,0.026793,0.999283,0.026733,50.00,False
42.354882,20.665499,12.571753,0.027431,0.999611,0.005037,50.00,False
42.348331,20.656433,15.301407,0.026121,0.999154,0.031776,50.00,False
42.251796,20.506625,18.189897,0.006814,0.995893,0.090283,50.00,False
42.340402,20.371511,21.190104,0.024535,0.984942,0.171133,50.00,False
42.376759,20.169077,24.022460,0.031806,0.975338,0.218412,50.00,False
42.412502,19.412599,26.979296,0.038955,0.956055,0.290588,50.00,False
42.412759,17.966998,30.051780,0.039006,0.921718,0.385893,50.00,False
42.616886,15.613157,33.366261,0.079832,0.844484,0.529598,50.00,False
42.744582,14.324936,36.067394,0.105371,0.828070,0.550633,50.00,False
42.731497,14.272087,38.743625,0.102754,0.817500,0.566688,50.00,False
43.042820,12.983829,41.898872,0.165018,0.715782,0.678546,50.00,False
43.031232,12.533818,44.504523,0.162701,0.714471,0.680484,50.00,False
43.166422,10.632377,47.788299,0.189739,0.542951,0.818048,50.00,False
43.267462,10.308184,50.558198,0.209947,0.478113,0.852837,50.00,False
43.323730,9.740000,53.278557,0.221200,0.425069,0.877717,50.00,False
43.432153,9.752154,55.839811,0.242885,0.427500,0.870776,50.00,False
43.461047,9.343043,58.563660,0.248664,0.367035,0.896355,50.00,False
43.587146,9.275547,61.149981,0.273884,0.353536,0.894427,50.00,False
43.516337,9.186213,63.758621,0.259722,0.357772,0.896964,50.00,False
43.445709,8.759212,66.371307,0.245596,0.359340,0.900309,50.00,False
43.509559,8.749218,68.953350,0.258366,0.357342,0.897527,50.00,False
43.509559,8.697999,71.549308,0.258366,0.357342,0.897527,50.00,False
47.352781,8.674692,71.620193,0.227011,0.342436,0.911704,200.00,True
47.352781,8.674692,71.620193,0.227011,0.342436,0.911704,50.00,False
47.302994,8.824976,68.977194,0.217053,0.372493,0.902295,50.00,False
47.266196,8.975451,66.384223,0.209694,0.375251,0.902893,50.00,False
47.244389,8.909635,63.820040,0.205332,0.362088,0.909248,50.00,False
47.158677,8.930757,61.234159,0.188190,0.366312,0.911263,50.00,False
47.052838,9.487431,58.642075,0.167022,0.374555,0.912037,50.00,False
47.052838,9.487431,56.046117,0.167022,0.374555,0.912037,50.00,False
47.035171,10.080958,53.323002,0.163489,0.432668,0.886606,50.00,False
47.047011,10.340785,50.659758,0.165857,0.458370,0.873149,50.00,False
46.994669,10.326861,48.080684,0.155388,0.455585,0.876525,50.00,False
46.884968,12.166116,44.881648,0.133448,0.640931,0.755909,50.00,False
46.997380,13.143668,41.901857,0.155930,0.717252,0.679143,50.00,False
46.942194,14.062540,38.922697,0.144893,0.784855,0.602502,50.00,False
46.744597,14.252145,36.173838,0.105374,0.813512,0.571922,50.00,False
46.755835,15.422859,33.625578,0.107621,0.806424,0.581462,50.00,False
46.332998,17.441033,30.309663,0.023054,0.898937,0.437470,50.00,False
46.281334,18.827464,27.077703,0.012721,0.950563,0.310270,50.00,False
46.414163,20.061418,24.042374,0.039287,0.974165,0.222395,50.00,False
46.402207,20.226718,21.120789,0.036896,0.986866,0.157270,50.00,False
46.438320,20.271312,18.140533,0.044118,0.995785,0.080410,50.00,False
46.260021,20.445240,15.259979,0.008459,0.999688,0.023491,50.00,False
46.312623,20.478193,12.587942,0.018979,0.999786,0.008275,50.00,False
46.317370,20.601379,10.074054,0.019928,0.999497,0.024689,50.00,False
46.307591,20.692189,7.532240,0.017973,0.999207,0.035517,50.00,False
46.305763,20.718184,4.966565,0.017607,0.998980,0.041574,50.00,False
46.303082,20.719543,2.336210,0.017071,0.999252,0.034694,50.00,False
46.314825,20.716444,-0.675919,0.019419,0.998632,-0.048540,50.00,False
46.330172,20.694299,-3.554863,0.022489,0.994203,-0.105137,50.00,False
46.313999,20.677729,-6.291610,0.019254,0.990889,-0.133295,50.00,False
46.307895,20.565799,-8.877740,0.018033,0.991175,-0.131330,50.00,False
46.300552,20.022628,-11.443495,0.016565,0.991982,-0.125289,50.00,False
46.283933,19.868277,-13.999461,0.013241,0.993009,-0.117291,50.00,False
46.280146,19.578205,-16.590806,0.012484,0.993128,-0.116368,50.00,False
46.272205,18.966673,-19.233358,0.010895,0.992010,-0.125687,50.00,False
46.262354,18.231604,-21.984612,0.008925,0.987599,-0.156747,50.00,False
46.277636,17.763744,-24.638544,0.011981,0.985656,-0.168342,50.00,False
46.171924,17.107753,-27.688237,-0.009161,0.965810,-0.259089,50.00,False
46.875639,13.293749,-32.064005,0.131582,0.777431,-0.615051,50.00,False
46.937319,12.956027,-35.031986,0.143918,0.709886,-0.689456,50.00,False
47.086878,12.544327,-37.975296,0.173830,0.627546,-0.758926,50.00,False
47.123754,11.802598,-41.070607,0.181205,0.479201,-0.858797,50.00,False
47.250569,11.294730,-43.746046,0.206568,0.438454,-0.874693,50.00,False
47.609615,8.730471,-46.600193,0.278377,0.253806,-0.926331,50.00,False
47.590626,8.532968,-49.251391,0.274580,0.214305,-0.937379,50.00,False
47.764824,7.942300,-51.847992,0.309419,0.159183,-0.937508,50.00,False
47.968214,7.536295,-54.336456,0.350097,0.195857,-0.916009,50.00,False
48.164343,7.770306,-56.795184,0.389323,0.242659,-0.888563,50.00,False
48.152664,7.624961,-59.413795,0.386987,0.229400,-0.893094,50.00,False
48.463052,7.192825,-61.954214,0.449065,0.142973,-0.881986,50.00,False
48.791006,5.905582,-64.426345,0.514655,0.017383,-0.857221,50.00,False
43.741597,6.029762,-58.397511,-0.495226,0.042219,0.867738,50.00,False
48.891256,5.960156,-69.554979,0.534706,0.028297,-0.844565,50.00,False
48.896762,6.410241,-72.147309,0.535807,0.029101,-0.843839,50.00,False
48.975886,6.542197,-74.685271,0.551631,0.055492,-0.832240,50.00,False
49.035717,6.738080,-77.223062,0.563598,0.094668,-0.820607,50.00,False
49.157872,6.406575,-79.717226,0.588029,0.117581,-0.800248,50.00,False
49.107539,6.532082,-82.329410,0.577962,0.142683,-0.803493,50.00,False
49.763112,6.537754,-84.359447,0.709077,0.143817,-0.690309,50.00,False
49.779671,5.794184,-86.901787,0.712389,0.175116,-0.679586,50.00,False
49.785311,5.786556,-89.493783,0.713517,0.173590,-0.678793,50.00,False
53.754530,6.586530,-89.549660,0.707360,0.153572,-0.689969,200.00,True
53.754530,6.586530,-89.549660,0.707360,0.153572,-0.689969,50.00,False
53.144116,6.678715,-87.465749,0.585278,0.172009,-0.792378,50.00,False
53.191371,6.419493,-84.882377,0.594729,0.120165,-0.794895,50.00,False
53.049392,6.223487,-82.412895,0.566333,0.080964,-0.820190,50.00,False
53.003928,6.603373,-79.853910,0.557240,0.067727,-0.827585,50.00,False
52.896762,5.964172,-77.339224,0.535807,0.029101,-0.843839,50.00,False
47.740256,5.952609,-66.183081,-0.495494,0.026788,0.868198,50.00,False
47.920948,6.354829,-63.519335,-0.459356,0.107232,0.881756,50.00,False
52.402383,6.935576,-69.806290,0.436931,0.091523,-0.894827,50.00,False
52.100370,7.555703,-67.259281,0.376528,0.199738,-0.904616,50.00,False
51.968673,7.247938,-64.772391,0.350189,0.138185,-0.926430,50.00,False
51.886516,7.860945,-62.203098,0.333758,0.142911,-0.931763,50.00,False
51.714753,8.179486,-59.664610,0.299405,0.143609,-0.943257,50.00,False
51.601384,8.009365,-57.125761,0.276731,0.109585,-0.954679,50.00,False
51.593440,7.816643,-54.550288,0.275142,0.071040,-0.958775,50.00,False
51.294468,8.504803,-51.930362,0.215348,0.208672,-0.953982,50.00,False
51.372097,9.696410,-49.259149,0.230874,0.255160,-0.938930,50.00,False
51.297152,11.050045,-46.565703,0.215885,0.328690,-0.919433,50.00,False
51.323537,11.035706,-43.968578,0.221162,0.325822,-0.919199,50.00,False
51.210348,11.778159,-41.123746,0.198524,0.452426,-0.869424,50.00,False
51.008433,12.242833,-38.296407,0.158141,0.545361,-0.823148,50.00,False
50.885291,12.942388,-35.164432,0.133512,0.685272,-0.715945,50.00,False
50.728004,13.367010,-32.136696,0.102055,0.770196,-0.629589,50.00,False
50.907506,16.395722,-28.088737,0.137956,0.930548,-0.339189,50.00,False
50.657976,16.978674,-25.445004,0.088049,0.939994,-0.329634,50.00,False
50.298842,18.068914,-21.979158,0.016223,0.987678,-0.155656,50.00,False
50.268763,18.743434,-19.234412,0.010207,0.991991,-0.125898,50.00,False
50.269958,19.387219,-16.595210,0.010446,0.993048,-0.117249,50.00,False
50.269108,19.861598,-13.977231,0.010276,0.993559,-0.112845,50.00,False
50.277994,20.026324,-11.416201,0.012053,0.992721,-0.119830,50.00,False
50.298228,20.505284,-8.868951,0.016100,0.991439,-0.129572,50.00,False
50.302688,20.565816,-6.282351,0.016992,0.991178,-0.131443,50.00,False
50.342114,20.589194,-3.559974,0.024877,0.994038,-0.106160,50.00,False
50.454742,20.607349,-0.678669,0.047403,0.997669,-0.049090,50.00,False
50.368145,20.616495,2.113084,0.030083,0.999498,-0.009931,50.00,False
50.302762,20.614462,4.954077,0.017007,0.999091,0.039076,50.00,False
50.296255,20.606432,7.524217,0.015705,0.999301,0.033913,50.00,False
50.280988,20.546606,10.054616,0.012652,0.999704,0.020801,50.00,False
50.279072,20.410684,12.595801,0.012269,0.999876,0.009847,50.00,False
50.368879,20.197279,15.244767,0.030230,0.999334,0.020448,50.00,False
50.271522,20.167236,18.218216,0.010759,0.995328,0.095947,50.00,False
50.320690,20.112369,21.209384,0.020592,0.984355,0.174989,50.00,False
50.304830,19.972383,24.071499,0.017420,0.973454,0.228220,50.00,False
50.395513,18.732860,27.161051,0.035557,0.944376,0.326939,50.00,False
50.565185,16.962633,30.586274,0.069491,0.867368,0.492792,50.00,False
50.573048,15.708489,33.815048,0.071064,0.781888,0.619355,50.00,False
50.709291,14.647347,36.262134,0.098313,0.801704,0.589581,50.00,False
50.738884,13.723881,39.100254,0.104231,0.762938,0.638014,50.00,False
50.793732,13.217355,41.964678,0.115201,0.712931,0.691707,50.00,False
50.866145,11.909660,45.020306,0.129683,0.607527,0.783641,50.00,False
50.891825,10.451666,48.032100,0.134819,0.480070,0.866808,50.00,False
50.895096,10.102272,50.802338,0.135474,0.410668,0.901665,50.00,False
50.858512,10.093626,53.407564,0.128157,0.408938,0.903518,50.00,False
51.036939,8.941322,56.061459,0.163842,0.368425,0.915106,50.00,False
51.047371,8.894271,58.674207,0.165929,0.359015,0.918464,50.00,False
51.047371,8.894271,61.270164,0.165929,0.359015,0.918464,50.00,False
51.095764,8.737427,63.915489,0.175607,0.327646,0.928337,50.00,False
51.130080,8.482461,66.587195,0.182470,0.276653,0.943487,50.00,False
51.214897,7.460710,69.260485,0.199434,0.201579,0.958954,50.00,False
51.271495,7.678586,71.793171,0.210753,0.245154,0.946299,50.00,False
55.061514,6.555076,71.887005,0.168757,0.200421,0.965066,200.00,True
55.061514,6.555076,71.887005,0.168757,0.200421,0.965066,50.00,False
55.134765,8.433693,69.150863,0.183407,0.297217,0.937029,50.00,False
55.153362,8.357756,66.574658,0.187127,0.282030,0.940980,50.00,False
55.153362,8.357756,63.978700,0.187127,0.282030,0.940980,50.00,False
55.114323,8.703314,61.327890,0.179319,0.320824,0.930009,50.00,False
55.131688,8.711660,58.725662,0.182792,0.322493,0.928755,50.00,False
54.997003,8.848650,56.104603,0.155855,0.349891,0.923735,50.00,False
54.997003,8.848650,53.508646,0.155855,0.349891,0.923735,50.00,False
54.926651,8.927371,50.893494,0.141784,0.365635,0.919896,50.00,False
54.956934,10.376727,48.062235,0.147841,0.465082,0.872836,50.00,False
54.777963,11.075199,45.239829,0.112047,0.550103,0.827546,50.00,False
54.760098,12.489323,41.915102,0.108474,0.723459,0.681792,50.00,False
54.664480,12.511799,39.309078,0.089350,0.727954,0.679779,50.00,False
54.639558,13.843426,36.469493,0.084366,0.771138,0.631053,50.00,False
54.697989,14.359241,33.611463,0.096052,0.809908,0.578639,50.00,False
54.679575,16.923794,30.311749,0.092369,0.894272,0.437887,50.00,False
54.561820,18.311848,27.309545,0.068818,0.931705,0.356638,50.00,False
54.325209,19.467041,24.036071,0.021496,0.975006,0.221135,50.00,False
54.335530,20.012342,21.324028,0.023560,0.979935,0.197918,50.00,False
54.412588,20.118916,18.277363,0.038972,0.993411,0.107776,50.00,False
54.328002,20.196846,15.302110,0.022055,0.999247,0.031917,50.00,False
54.301179,20.226768,12.630414,0.016690,0.999720,0.016769,50.00,False
54.296659,20.350692,10.093962,0.015786,0.999464,0.028670,50.00,False
54.290508,20.545026,7.513743,0.014556,0.999388,0.031818,50.00,False
54.289659,20.605852,4.947224,0.014386,0.999185,0.037706,50.00,False
54.240289,20.609865,2.172469,0.004512,0.999988,0.001946,50.00,False
54.242982,20.607805,-0.576606,0.005051,0.999576,-0.028677,50.00,False
54.313889,20.587964,-3.487308,0.019232,0.995608,-0.091626,50.00,False
54.288417,20.505782,-6.270327,0.014138,0.991539,-0.129039,50.00,False
54.280642,20.448125,-8.841925,0.012583,0.992182,-0.124167,50.00,False
54.277522,20.031987,-11.367311,0.011959,0.993854,-0.110052,50.00,False
54.270856,19.937576,-13.963640,0.010625,0.993861,-0.110127,50.00,False
54.266158,19.159774,-16.601032,0.009686,0.992917,-0.118414,50.00,False
54.312607,18.723932,-19.318078,0.018976,0.989594,-0.142631,50.00,False
54.327598,18.051202,-21.989317,0.021974,0.987245,-0.157688,50.00,False
54.590942,17.393844,-25.250056,0.074643,0.953915,-0.290644,50.00,False
54.561289,16.145230,-28.738468,0.068712,0.880449,-0.469135,50.00,False
55.134644,13.143982,-32.304957,0.183383,0.725591,-0.663241,50.00,False
55.115299,12.467928,-35.519255,0.179514,0.590380,-0.786909,50.00,False
55.078288,12.219266,-38.297940,0.172112,0.540648,-0.823455,50.00,False
55.122703,11.429034,-41.306683,0.180995,0.382601,-0.906012,50.00,False
55.142469,11.155160,-44.004870,0.184948,0.327826,-0.926458,50.00,False
55.248756,11.362035,-46.499459,0.206206,0.369201,-0.906184,50.00,False
55.361303,10.354471,-49.196022,0.228715,0.299413,-0.926305,50.00,False
55.361303,10.354471,-51.791980,0.228715,0.299413,-0.926305,50.00,False
55.364205,9.572077,-54.485017,0.229295,0.230294,-0.945721,50.00,False
55.322693,9.352381,-57.138897,0.220993,0.186355,-0.957306,50.00,False
55.276210,8.118014,-59.790694,0.211696,0.131315,-0.968474,50.00,False
55.673591,8.064192,-62.289508,0.291173,0.120550,-0.949045,50.00,False
55.607446,7.861598,-64.926530,0.277944,0.080031,-0.957258,50.00,False
55.709352,8.135432,-67.460688,0.298325,0.134798,-0.944898,50.00,False
55.817601,8.580223,-69.935278,0.319975,0.223756,-0.920624,50.00,False
55.831276,8.281493,-72.522458,0.322710,0.227021,-0.918869,50.00,False
55.931641,7.039927,-75.196254,0.342783,0.096583,-0.934437,50.00,False
52.149665,6.467519,-68.614242,-0.413613,0.129770,0.901157,50.00,False
52.055669,6.332441,-71.236975,-0.432412,0.102755,0.895802,50.00,False
51.755125,5.926702,-73.961781,-0.492521,0.021607,0.870033,50.00,False
56.982014,6.110091,-85.064077,0.552857,0.058284,-0.831235,50.00,False
57.060759,6.423715,-87.572162,0.568606,0.121009,-0.813661,50.00,False
57.062269,6.745809,-90.105936,0.568908,0.185428,-0.801224,50.00,False
55.755125,5.926702,-81.749653,-0.492521,0.021607,0.870033,200.00,True
55.755125,5.926702,-81.749653,-0.492521,0.021607,0.870033,50.00,False
56.020673,6.098727,-79.021168,-0.439411,0.056012,0.896538,50.00,False
56.245896,6.621569,-76.339902,-0.394367,0.099048,0.913600,50.00,False
56.283759,6.605213,-73.701364,-0.386794,0.009640,0.922116,50.00,False
59.948582,7.586678,-80.386135,0.346171,0.088058,-0.934030,50.00,False
59.840296,8.132769,-77.801544,0.324514,0.134266,-0.936303,50.00,False
59.652603,7.962172,-75.287516,0.286975,0.100146,-0.952689,50.00,False
59.451463,7.884316,-72.755025,0.246747,0.084575,-0.965382,50.00,False
59.276596,7.955889,-70.193670,0.211773,0.098889,-0.972303,50.00,False
59.319007,9.256119,-67.541311,0.220256,0.167102,-0.961023,50.00,False
59.319007,9.256119,-64.945354,0.220256,0.167102,-0.961023,50.00,False
59.333034,9.307531,-62.336930,0.223061,0.177385,-0.958529,50.00,False
59.341653,9.665542,-59.658627,0.224785,0.248987,-0.942060,50.00,False
59.341653,10.102340,-57.062670,0.224785,0.248987,-0.942060,50.00,False
59.236992,10.224314,-54.456695,0.203853,0.273381,-0.940057,50.00,False
59.235821,10.747491,-51.842468,0.203619,0.285813,-0.936403,50.00,False
59.227469,10.841945,-49.218453,0.201948,0.304704,-0.930791,50.00,False
59.250363,11.106003,-46.522464,0.206527,0.357515,-0.910785,50.00,False
59.208490,11.443120,-43.878656,0.198152,0.385418,-0.901215,50.00,False
59.218100,11.537280,-41.239112,0.200074,0.404250,-0.892498,50.00,False
59.218100,11.537280,-38.643154,0.200074,0.404250,-0.892498,50.00,False
59.154090,12.238430,-35.672710,0.187272,0.544480,-0.817600,50.00,False
58.974662,12.720520,-32.751500,0.151387,0.640898,-0.752550,50.00,False
58.714356,13.418499,-29.478905,0.099325,0.780494,-0.617222,50.00,False
58.507989,16.626569,-25.586349,0.058052,0.931953,-0.357903,50.00,False
58.265111,17.893025,-22.088468,0.009477,0.984072,-0.177518,50.00,False
58.278527,18.581357,-19.336953,0.012160,0.989150,-0.146406,50.00,False
58.276990,19.122654,-16.589013,0.011852,0.993177,-0.116010,50.00,False
58.280541,19.531537,-13.954800,0.012562,0.994032,-0.108359,50.00,False
58.278887,19.938481,-11.358603,0.012232,0.994042,-0.108311,50.00,False
58.296403,20.318309,-8.806916,0.015735,0.992988,-0.117165,50.00,False
58.305848,20.453710,-6.196252,0.017624,0.993299,-0.114224,50.00,False
58.303672,20.466421,-3.476547,0.017189,0.995841,-0.089474,50.00,False
58.262342,20.485668,-0.549368,0.008923,0.999690,-0.023230,50.00,False
58.240529,20.486910,2.213163,0.004560,0.999939,0.010085,50.00,False
58.289273,20.483376,4.941110,0.014309,0.999232,0.036483,50.00,False
58.287514,20.484008,7.519588,0.013957,0.999358,0.032987,50.00,False
58.286771,20.350200,10.114698,0.013809,0.999366,0.032817,50.00,False
58.309287,20.198545,12.647759,0.018312,0.999627,0.020238,50.00,False
58.302358,20.108054,15.365803,0.016926,0.998859,0.044655,50.00,False
58.214377,20.033790,18.180808,-0.000670,0.996079,0.088465,50.00,False
58.313333,19.795975,21.297798,0.019121,0.981077,0.192671,50.00,False
58.386301,19.467632,24.030962,0.033714,0.974892,0.220113,50.00,False
58.367050,17.871126,27.169212,0.029864,0.944007,0.328571,50.00,False
58.270842,16.070899,30.419510,0.010623,0.888146,0.459439,50.00,False
58.457378,14.167999,33.889406,0.047930,0.771660,0.634227,50.00,False
58.556803,13.957131,36.717355,0.067815,0.729486,0.680625,50.00,False
58.859679,11.802521,39.444665,0.128390,0.695567,0.706896,50.00,False
59.019148,11.485718,42.296340,0.160284,0.632207,0.758039,50.00,False
58.778876,9.334742,45.491117,0.112230,0.465688,0.877803,50.00,False
58.944913,8.851559,48.287853,0.145437,0.369052,0.917959,50.00,False
58.961003,8.618542,50.968223,0.148655,0.322448,0.934842,50.00,False
59.002766,8.524308,53.588842,0.157007,0.303602,0.939774,50.00,False
58.998877,8.431174,56.214518,0.156230,0.284975,0.945718,50.00,False
58.997607,8.365928,58.812654,0.155976,0.283665,0.946153,50.00,False
59.028814,7.923975,61.436842,0.162217,0.260314,0.951799,50.00,False
59.084978,7.920500,64.023837,0.173450,0.259619,0.950007,50.00,False
59.191311,7.872199,66.612138,0.194716,0.249959,0.948476,50.00,False
59.146016,7.212514,69.218270,0.185658,0.249120,0.950511,50.00,False
59.146016,7.212514,71.814228,0.185658,0.249120,0.950511,50.00,False
63.192204,6.780650,71.897812,0.194895,0.162748,0.967227,200.00,True
63.192204,6.780650,71.897812,0.194895,0.162748,0.967227,50.00,False
63.150101,6.852397,69.297549,0.186475,0.177097,0.966366,50.00,False
63.140827,6.986294,66.676916,0.184620,0.203876,0.961431,50.00,False
63.019594,7.030846,64.093040,0.160373,0.212787,0.963848,50.00,False
63.019594,7.686339,61.497083,0.160373,0.212787,0.963848,50.00,False
62.968502,7.813596,58.879533,0.150155,0.238238,0.959529,50.00,False
62.968502,8.197492,56.283575,0.150155,0.238238,0.959529,50.00,False
62.963202,8.703526,53.533645,0.149095,0.339445,0.928734,50.00,False
62.963202,8.703526,50.937687,0.149095,0.339445,0.928734,50.00,False
62.994945,8.825278,48.290143,0.155443,0.363796,0.918417,50.00,False
63.054882,9.409310,45.406135,0.167431,0.480602,0.860807,50.00,False
63.110052,11.014565,42.613701,0.178465,0.541543,0.821512,50.00,False
62.907805,11.437533,39.747192,0.138015,0.626137,0.767401,50.00,False
62.792598,11.959627,37.015277,0.114974,0.662473,0.740210,50.00,False
62.493185,15.031484,33.963919,0.055091,0.758680,0.649130,50.00,False
62.251883,16.451677,30.733963,0.006831,0.852716,0.522330,50.00,False
62.218730,17.307732,27.170166,0.000200,0.944413,0.328762,50.00,False
62.392805,19.136065,24.088005,0.035015,0.972199,0.231521,50.00,False
62.381214,19.771873,21.266842,0.032697,0.981914,0.186480,50.00,False
62.332217,19.915027,17.982364,0.022898,0.998547,0.048776,50.00,False
62.336698,20.065301,15.278073,0.023794,0.999349,0.027110,50.00,False
62.308347,20.125743,12.674624,0.018124,0.999508,0.025611,50.00,False
62.286592,20.266195,10.106850,0.013773,0.999417,0.031248,50.00,False
62.288406,20.349983,7.524561,0.014136,0.999322,0.033982,50.00,False
62.290505,20.349716,4.935432,0.014555,0.999269,0.035347,50.00,False
62.321762,20.352287,2.160382,0.020807,0.999783,-0.000471,50.00,False
62.295611,20.347549,-0.661501,0.015576,0.998836,-0.045656,50.00,False
62.268653,20.329275,-3.516807,0.010185,0.995181,-0.097526,50.00,False
62.287833,20.321197,-6.187077,0.014021,0.993565,-0.112389,50.00,False
62.275218,20.322196,-8.775589,0.011498,0.993765,-0.110899,50.00,False
62.276258,19.905758,-11.353939,0.011706,0.994149,-0.107378,50.00,False
62.281543,19.394287,-13.958503,0.012763,0.993949,-0.109099,50.00,False
62.286863,18.960124,-16.589895,0.013827,0.993131,-0.116186,50.00,False
62.236965,18.250094,-19.414735,0.003847,0.986789,-0.161963,50.00,False
62.341241,17.449748,-22.319137,0.024703,0.974356,-0.223652,50.00,False
62.412871,15.384871,-26.050243,0.039029,0.891831,-0.450681,50.00,False
62.930787,12.820600,-29.894965,0.142612,0.699324,-0.700434,50.00,False
62.972051,12.461959,-32.807663,0.150865,0.627596,-0.763782,50.00,False
63.119571,12.084626,-35.654785,0.180369,0.552129,-0.814015,50.00,False
63.313080,11.017533,-38.755826,0.219070,0.338710,-0.915032,50.00,False
63.329410,11.019962,-41.346942,0.222336,0.339196,-0.914064,50.00,False
63.329410,11.019962,-43.942900,0.222336,0.339196,-0.914064,50.00,False
63.281553,10.903862,-46.591552,0.212765,0.315976,-0.924603,50.00,False
63.376960,10.866775,-49.177084,0.231846,0.308559,-0.922518,50.00,False
63.345590,10.443504,-51.766127,0.225572,0.317219,-0.921135,50.00,False
63.276133,10.179596,-54.460834,0.211681,0.264438,-0.940885,50.00,False
63.276133,10.179596,-57.056792,0.211681,0.264438,-0.940885,50.00,False
63.371015,9.369718,-59.720026,0.230657,0.189822,-0.954340,50.00,False
63.345226,9.802592,-62.322921,0.225500,0.189037,-0.955727,50.00,False
63.346272,9.768107,-64.925324,0.225709,0.182140,-0.957016,50.00,False
63.375210,9.922208,-67.482400,0.231496,0.212960,-0.949240,50.00,False
63.413706,9.111885,-70.137546,0.239195,0.138255,-0.961078,50.00,False
63.413706,9.111885,-72.733504,0.239195,0.138255,-0.961078,50.00,False
63.362160,9.149871,-75.336394,0.228886,0.145852,-0.962465,50.00,False
63.384414,8.484219,-77.958751,0.233337,0.094996,-0.967745,50.00,False
63.384414,7.936420,-80.554709,0.233337,0.094996,-0.967745,50.00,False
63.323299,8.062065,-83.151051,0.221114,0.120125,-0.967822,50.00,False
63.653931,7.712480,-85.690610,0.287240,0.050208,-0.956542,50.00,False
63.820968,7.278001,-88.238022,0.320648,0.026323,-0.946833,50.00,False
64.008969,7.012254,-90.745697,0.358248,0.091048,-0.929176,50.00,False
67.406527,7.829883,-90.942440,0.237760,0.073688,-0.968525,200.00,True
67.406527,7.829883,-90.942440,0.237760,0.073688,-0.968525,50.00,False
67.406527,8.377682,-88.346483,0.237760,0.073688,-0.968525,50.00,False
67.422993,8.488700,-85.736716,0.241053,0.095892,-0.965763,50.00,False
67.422993,8.488700,-83.140759,0.241053,0.095892,-0.965763,50.00,False
67.394745,9.035760,-80.536382,0.235403,0.123030,-0.964079,50.00,False
67.434503,8.616289,-77.939955,0.243355,0.107288,-0.963985,50.00,False
67.393591,8.659158,-75.349188,0.235172,0.115862,-0.965023,50.00,False
67.347827,9.462699,-72.747813,0.226020,0.140482,-0.963940,50.00,False
67.395224,9.509119,-70.133485,0.235499,0.149766,-0.960266,50.00,False
67.336197,9.922703,-67.481660,0.223694,0.221777,-0.949092,50.00,False
67.336197,9.922703,-64.885702,0.223694,0.221777,-0.949092,50.00,False
67.378086,10.085262,-62.238642,0.232071,0.254289,-0.938872,50.00,False
67.419676,10.233672,-59.589375,0.240389,0.283971,-0.928210,50.00,False
67.392956,10.237415,-56.999111,0.235046,0.284719,-0.929348,50.00,False
67.392956,10.237415,-54.403153,0.235046,0.284719,-0.929348,50.00,False
67.392956,10.237415,-51.807196,0.235046,0.284719,-0.929348,50.00,False
67.386846,10.229917,-49.215069,0.233824,0.283220,-0.930115,50.00,False
67.352794,10.228854,-46.627862,0.227013,0.283007,-0.931865,50.00,False
67.352794,10.228854,-44.031905,0.227013,0.283007,-0.931865,50.00,False
67.381557,11.077606,-41.312073,0.232766,0.350725,-0.907090,50.00,False
67.387645,11.296370,-38.623748,0.233983,0.394478,-0.888616,50.00,False
67.427512,11.489504,-35.926014,0.241957,0.433105,-0.868261,50.00,False
67.474850,12.207401,-32.875335,0.251424,0.576684,-0.777317,50.00,False
67.437691,13.903975,-29.859775,0.243993,0.677989,-0.693396,50.00,False
66.550989,14.900990,-26.172445,0.066652,0.877392,-0.475122,50.00,False
66.401268,16.576468,-22.648956,0.036708,0.956439,-0.289615,50.00,False
66.454561,17.935778,-19.622219,0.047367,0.977937,-0.203459,50.00,False
66.315851,18.715468,-16.634835,0.019625,0.991941,-0.125174,50.00,False
66.277478,19.297395,-13.949777,0.011950,0.994149,-0.107354,50.00,False
66.278224,19.904816,-11.362375,0.012099,0.993961,-0.109065,50.00,False
66.270364,20.157146,-8.789038,0.010527,0.993472,-0.113589,50.00,False
66.266170,20.321008,-6.191019,0.009688,0.993528,-0.113177,50.00,False
66.278083,20.331985,-3.487161,0.012071,0.995723,-0.091597,50.00,False
66.325918,20.345130,-0.698990,0.021638,0.998352,-0.053154,50.00,False
66.311438,20.352377,2.128828,0.018742,0.999801,-0.006782,50.00,False
66.299118,20.350914,4.892617,0.016278,0.999509,0.026784,50.00,False
66.286486,20.265870,7.520997,0.013752,0.999352,0.033269,50.00,False
66.286764,20.245392,10.114109,0.013807,0.999370,0.032700,50.00,False
66.297447,20.099897,12.691910,0.015944,0.999450,0.029068,50.00,False
66.300772,20.001145,15.297785,0.016609,0.999380,0.031052,50.00,False
66.393688,19.846677,18.191516,0.035192,0.995265,0.090607,50.00,False
66.433451,19.638248,21.180869,0.043144,0.984622,0.169286,50.00,False
66.362994,18.791078,24.127275,0.029053,0.970492,0.239375,50.00,False
66.543810,17.131849,27.487497,0.065216,0.917553,0.392228,50.00,False
66.739031,15.757480,31.168205,0.104260,0.786150,0.609178,50.00,False
66.617440,12.991601,34.102371,0.079942,0.731795,0.676820,50.00,False
66.625254,12.110185,37.062282,0.081505,0.656841,0.749611,50.00,False
66.917107,11.878723,39.807828,0.139876,0.610549,0.779528,50.00,False
67.008425,10.715993,42.636838,0.158139,0.540820,0.826139,50.00,False
67.203460,10.262116,45.456964,0.197146,0.450044,0.870973,50.00,False
67.156575,9.583032,48.215477,0.187769,0.385305,0.903484,50.00,False
67.132079,8.623706,50.935993,0.182870,0.323481,0.928396,50.00,False
67.052414,8.448934,53.604005,0.166937,0.288527,0.942807,50.00,False
67.022509,7.877416,56.298685,0.160956,0.218148,0.962551,50.00,False
67.022509,7.877416,58.894643,0.160956,0.218148,0.962551,50.00,False
67.038922,7.872948,61.488838,0.164239,0.217255,0.962199,50.00,False
67.050567,6.867200,64.121055,0.166568,0.180058,0.969451,50.00,False
67.128361,6.785716,66.717471,0.182127,0.163761,0.969542,50.00,False
67.151324,6.622183,69.333881,0.186719,0.131054,0.973633,50.00,False
67.152519,6.605774,71.931790,0.186958,0.127773,0.974023,50.00,False
71.175153,6.528608,71.936902,0.191485,0.112339,0.975045,200.00,True
71.175153,6.528608,71.936902,0.191485,0.112339,0.975045,50.00,False
71.182084,6.826140,69.325645,0.192871,0.134332,0.971985,50.00,False
71.159069,6.975770,66.711181,0.188268,0.164258,0.968284,50.00,False
71.129699,7.076488,64.102696,0.182394,0.184401,0.965779,50.00,False
71.129699,7.076488,61.506739,0.182394,0.184401,0.965779,50.00,False
71.129699,7.076488,58.910781,0.182394,0.184401,0.965779,50.00,False
71.187984,7.998371,56.238866,0.194051,0.242339,0.950587,50.00,False
71.187984,7.998371,53.642908,0.194051,0.242339,0.950587,50.00,False
71.109610,8.508822,50.902568,0.178376,0.344429,0.921711,50.00,False
71.185348,10.076207,48.042994,0.193524,0.455422,0.868987,50.00,False
71.027634,10.447322,45.393108,0.161981,0.487086,0.858201,50.00,False
70.955511,11.205537,42.738271,0.147557,0.511655,0.846426,50.00,False
70.756173,12.095540,40.042544,0.107689,0.552583,0.826472,50.00,False
70.478595,12.580113,37.107088,0.052173,0.649497,0.758572,50.00,False
70.558897,13.407851,34.118436,0.068234,0.729999,0.680033,50.00,False
70.442197,15.890250,31.027039,0.044894,0.812704,0.580945,50.00,False
70.485318,17.500002,27.623508,0.053518,0.906209,0.419430,50.00,False
70.286904,19.018742,24.179030,0.013835,0.968218,0.249726,50.00,False
70.430512,19.578771,21.086099,0.042557,0.987719,0.150332,50.00,False
70.544149,19.767018,18.204802,0.065284,0.993499,0.093264,50.00,False
70.397915,19.874730,15.459008,0.036037,0.997344,0.063297,50.00,False
70.289525,20.050137,12.706197,0.014359,0.999387,0.031926,50.00,False
70.283668,20.173840,10.117501,0.013188,0.999356,0.033378,50.00,False
70.283498,20.245458,7.517478,0.013154,0.999383,0.032565,50.00,False
70.285109,20.245346,4.924292,0.013476,0.999361,0.033119,50.00,False
70.290003,20.268519,2.189156,0.014455,0.999882,0.005284,50.00,False
70.324135,20.261043,-0.696461,0.021281,0.998386,-0.052648,50.00,False
70.313552,20.227291,-3.479609,0.019165,0.995750,-0.090086,50.00,False
70.272145,20.155706,-6.205370,0.010883,0.993184,-0.116047,50.00,False
70.275394,20.144898,-8.784361,0.011533,0.993567,-0.112654,50.00,False
70.270502,19.786250,-11.350929,0.010555,0.994227,-0.106776,50.00,False
70.260898,19.149418,-13.946790,0.008634,0.994248,-0.106757,50.00,False
70.265010,18.639182,-16.579053,0.009456,0.993434,-0.114018,50.00,False
70.473849,17.729098,-19.725423,0.051224,0.973219,-0.224100,50.00,False
70.524909,16.654950,-22.802705,0.061436,0.945300,-0.320365,50.00,False
71.042254,14.399703,-26.833561,0.164905,0.777135,-0.607345,50.00,False
71.207226,13.668174,-30.006313,0.197900,0.662220,-0.722704,50.00,False
71.136773,13.474585,-32.788289,0.183809,0.623502,-0.759908,50.00,False
71.310333,10.764086,-35.853465,0.218521,0.472607,-0.853751,50.00,False
71.343037,10.498087,-38.577952,0.225062,0.419407,-0.879457,50.00,False
71.371015,10.232111,-41.284079,0.230657,0.366212,-0.901491,50.00,False
71.325094,10.010069,-43.975276,0.221473,0.321804,-0.920539,50.00,False
71.381975,10.413261,-46.560522,0.232849,0.319889,-0.918397,50.00,False
71.386925,10.317414,-49.187502,0.233839,0.300719,-0.924601,50.00,False
71.350173,10.227986,-51.820679,0.226489,0.282834,-0.932045,50.00,False
71.350173,10.227986,-54.416636,0.226489,0.282834,-0.932045,50.00,False
71.350173,10.227986,-57.012594,0.226489,0.282834,-0.932045,50.00,False
71.360798,10.157977,-59.626641,0.228614,0.268832,-0.935663,50.00,False
71.408351,10.145777,-62.214219,0.238125,0.266392,-0.933987,50.00,False
71.408351,10.145777,-64.810177,0.238125,0.266392,-0.933987,50.00,False
71.440977,9.828137,-67.476960,0.244650,0.202864,-0.948152,50.00,False
71.487129,9.659955,-70.093739,0.253880,0.169227,-0.952317,50.00,False
71.487129,9.659955,-72.689697,0.253880,0.169227,-0.952317,50.00,False
71.464348,9.490042,-75.318720,0.249324,0.135245,-0.958930,50.00,False
71.417607,9.385249,-77.940169,0.239976,0.114286,-0.964028,50.00,False
71.370030,9.313659,-80.549823,0.230460,0.110674,-0.966768,50.00,False
71.374819,8.555812,-83.152873,0.231418,0.095192,-0.968186,50.00,False
71.374819,8.555812,-85.748831,0.231418,0.095192,-0.968186,50.00,False
71.362677,8.699088,-88.331449,0.228990,0.123848,-0.965518,50.00,False
71.407404,8.636015,-90.924269,0.237935,0.111233,-0.964891,50.00,False
75.411562,8.460079,-90.940290,0.238767,0.076046,-0.968095,200.00,True
75.411562,8.460079,-90.940290,0.238767,0.076046,-0.968095,50.00,False
75.426941,8.707885,-88.314615,0.241843,0.125607,-0.962151,50.00,False
75.459316,8.758468,-85.703517,0.248318,0.135724,-0.959123,50.00,False
75.495638,8.710568,-83.104556,0.255582,0.126144,-0.958523,50.00,False
75.495638,8.710568,-80.508599,0.255582,0.126144,-0.958523,50.00,False
75.495638,8.710568,-77.912642,0.255582,0.126144,-0.958523,50.00,False
75.509959,8.731380,-75.310056,0.258446,0.130306,-0.957197,50.00,False
75.509959,8.731380,-72.714098,0.258446,0.130306,-0.957197,50.00,False
75.466477,8.722205,-70.130907,0.249750,0.128471,-0.959750,50.00,False
75.466477,8.722205,-67.534949,0.249750,0.128471,-0.959750,50.00,False
75.265086,8.891512,-64.961470,0.209472,0.162333,-0.964246,50.00,False
75.187704,9.233838,-62.311616,0.193995,0.230798,-0.953467,50.00,False
75.210764,8.672888,-59.750504,0.198607,0.195240,-0.960436,50.00,False
75.114108,8.674851,-57.173126,0.179276,0.195633,-0.964151,50.00,False
75.071738,8.763956,-54.565944,0.170802,0.213454,-0.961907,50.00,False
75.055806,8.792928,-51.966271,0.167616,0.219248,-0.961164,50.00,False
75.088329,9.892024,-49.256943,0.174120,0.298195,-0.938489,50.00,False
75.074373,10.422165,-46.460894,0.171329,0.404223,-0.898471,50.00,False
75.115145,10.332660,-43.896245,0.179483,0.386322,-0.904733,50.00,False
75.115145,10.332660,-41.300287,0.179483,0.386322,-0.904733,50.00,False
75.115145,10.332660,-38.704330,0.179483,0.386322,-0.904733,50.00,False
75.087159,10.345220,-36.108457,0.173886,0.388834,-0.904750,50.00,False
75.145592,11.080340,-33.107062,0.185573,0.535858,-0.823662,50.00,False
75.240513,11.347858,-30.300509,0.204557,0.589361,-0.781543,50.00,False
74.900841,11.622887,-27.558901,0.136623,0.644367,-0.752413,50.00,False
74.372895,16.181610,-23.242061,0.031033,0.912349,-0.408236,50.00,False
74.441995,17.618294,-19.672826,0.044853,0.975895,-0.213581,50.00,False
74.339262,18.541291,-16.727507,0.024307,0.989322,-0.143709,50.00,False
74.234756,18.886991,-13.968892,0.003405,0.993795,-0.111177,50.00,False
74.240902,19.486817,-11.353092,0.004635,0.994226,-0.107209,50.00,False
74.244430,20.136601,-8.771888,0.005340,0.993900,-0.110159,50.00,False
74.239800,20.142195,-6.214161,0.004414,0.993027,-0.117805,50.00,False
74.234175,20.174610,-3.418094,0.003289,0.996965,-0.077784,50.00,False
74.255180,20.186000,-0.624117,0.007490,0.999243,-0.038180,50.00,False
74.237409,20.189345,2.099319,0.003936,0.999912,-0.012684,50.00,False
74.212543,20.187258,4.917596,-0.001037,0.999494,0.031780,50.00,False
74.234161,20.174678,7.508103,0.003287,0.999524,0.030690,50.00,False
74.234258,20.042547,10.098120,0.003306,0.999559,0.029502,50.00,False
74.262805,19.970788,12.724796,0.009015,0.999324,0.035646,50.00,False
74.317866,19.849258,15.451666,0.020027,0.997886,0.061828,50.00,False
74.291373,19.692694,18.238286,0.014729,0.994882,0.099961,50.00,False
74.342011,19.382022,21.199627,0.024857,0.984602,0.173037,50.00,False
74.396344,18.244777,24.308255,0.035723,0.960617,0.275571,50.00,False
74.319934,17.057374,27.428572,0.020441,0.924578,0.380443,50.00,False
74.279127,15.153591,31.039842,0.012280,0.812016,0.583506,50.00,False
74.453213,13.414544,34.120206,0.047097,0.731338,0.680387,50.00,False
74.465529,12.897728,37.197498,0.049560,0.627975,0.776654,50.00,False
74.462511,11.049786,40.147174,0.048956,0.528697,0.847398,50.00,False
74.610506,10.191396,42.879085,0.078556,0.478460,0.874588,50.00,False
74.730072,10.002116,45.561271,0.102469,0.440604,0.891834,50.00,False
74.725788,9.302354,48.329163,0.101612,0.363028,0.926221,50.00,False
74.892100,7.424725,51.082721,0.134874,0.254049,0.957741,50.00,False
74.918019,7.130088,53.743609,0.140058,0.195121,0.970727,50.00,False
75.067608,7.205161,56.299845,0.169976,0.210136,0.962783,50.00,False
75.118822,7.177602,58.892423,0.180219,0.204624,0.962107,50.00,False
75.200606,7.144852,61.479211,0.196575,0.198074,0.960273,50.00,False
75.157014,7.006513,64.110308,0.187857,0.170406,0.967301,50.00,False
75.157014,7.006513,66.706265,0.187857,0.170406,0.967301,50.00,False
75.165770,6.567052,69.300467,0.189608,0.170459,0.966950,50.00,False
75.138039,6.390280,71.929600,0.184062,0.135105,0.973585,50.00,False
78.713504,5.759195,72.000495,0.099155,0.120376,0.987764,200.00,True
78.713504,5.759195,72.000495,0.099155,0.120376,0.987764,50.00,False
78.768712,6.304139,69.400192,0.110197,0.117877,0.986895,50.00,False
78.768712,6.540159,66.804235,0.110197,0.117877,0.986895,50.00,False
78.649994,6.760728,64.188792,0.086453,0.161991,0.982998,50.00,False
78.661036,6.842487,61.577674,0.088662,0.178342,0.979966,50.00,False
78.661036,6.842487,58.981717,0.088662,0.178342,0.979966,50.00,False
78.546936,6.920736,56.379885,0.065841,0.193992,0.978791,50.00,False
78.546936,6.920736,53.783928,0.065841,0.193992,0.978791,50.00,False
78.505341,7.397004,51.128621,0.057523,0.248505,0.966921,50.00,False
78.092564,9.182336,48.400280,-0.025033,0.339025,0.940444,50.00,False
78.276082,9.205387,45.797254,0.011671,0.343635,0.939031,50.00,False
78.266150,10.693551,42.952056,0.009684,0.457450,0.889183,50.00,False
78.122629,11.502046,40.134488,-0.019020,0.534648,0.844861,50.00,False
78.373825,13.114020,37.221741,0.031219,0.623120,0.781503,50.00,False
78.284917,13.667312,34.114549,0.013438,0.733779,0.679256,50.00,False
78.219399,15.179621,31.003927,0.000334,0.817222,0.576323,50.00,False
78.420472,17.231470,27.770910,0.040549,0.892656,0.448911,50.00,False
78.288526,18.577252,24.305034,0.014160,0.961361,0.274927,50.00,False
78.331923,19.346036,21.432036,0.022839,0.975341,0.219519,50.00,False
78.246910,19.650174,18.451199,0.005836,0.989771,0.142543,50.00,False
78.252565,19.856600,15.418427,0.006967,0.998452,0.055180,50.00,False
78.243247,20.000446,12.766072,0.005104,0.999023,0.043901,50.00,False
78.228979,20.076780,10.156804,0.002250,0.999147,0.041239,50.00,False
78.193888,20.127680,7.540099,-0.004768,0.999301,0.037089,50.00,False
78.186140,20.128620,4.915425,-0.006318,0.999489,0.031346,50.00,False
78.157890,20.166713,2.180677,-0.011968,0.999922,0.003588,50.00,False
78.072682,20.160569,-0.643607,-0.029009,0.998693,-0.042078,50.00,False
78.134912,20.114718,-3.425992,-0.016563,0.996708,-0.079363,50.00,False
78.191312,20.101917,-6.164619,-0.005283,0.994148,-0.107897,50.00,False
78.186814,20.063508,-8.775014,-0.006183,0.993825,-0.110784,50.00,False
78.192992,19.487320,-11.348329,-0.004947,0.994326,-0.106256,50.00,False
78.232198,19.089478,-14.007615,0.002894,0.992899,-0.118922,50.00,False
78.307516,18.491772,-16.802196,0.017958,0.987172,-0.158646,50.00,False
78.391767,17.006444,-19.732367,0.034808,0.973624,-0.225489,50.00,False
77.794985,15.238356,-24.238300,-0.084549,0.789819,-0.607484,50.00,False
77.895487,12.973161,-27.568834,-0.064448,0.653244,-0.754399,50.00,False
78.164696,10.759790,-30.801143,-0.010607,0.471748,-0.881670,50.00,False
78.355225,10.635709,-33.459479,0.027499,0.446932,-0.894145,50.00,False
78.369210,10.472600,-36.132866,0.030296,0.414310,-0.909632,50.00,False
78.522473,10.315320,-38.789647,0.060949,0.382854,-0.921796,50.00,False
78.456560,9.074226,-41.603447,0.047766,0.256495,-0.965365,50.00,False
78.596008,9.250153,-44.140177,0.075656,0.291680,-0.953519,50.00,False
78.562020,9.510868,-46.651070,0.068858,0.343823,-0.936506,50.00,False
78.562020,9.510868,-49.247028,0.068858,0.343823,-0.936506,50.00,False
78.532679,8.507177,-51.982816,0.062990,0.256564,-0.964473,50.00,False
78.550581,8.359727,-54.614409,0.066571,0.227074,-0.971600,50.00,False
78.550581,8.359727,-57.210367,0.066571,0.227074,-0.971600,50.00,False
78.641835,8.511918,-59.803579,0.084821,0.223307,-0.971051,50.00,False
78.579977,8.162470,-62.471793,0.072450,0.153418,-0.985502,50.00,False
78.584514,8.101992,-65.076451,0.073357,0.141322,-0.987242,50.00,False
78.652944,8.206193,-67.650786,0.087043,0.162163,-0.982918,50.00,False
78.652944,8.206193,-70.246744,0.087043,0.162163,-0.982918,50.00,False
78.652944,8.206193,-72.842701,0.087043,0.162163,-0.982918,50.00,False
78.804096,8.244054,-75.416507,0.117274,0.169735,-0.978487,50.00,False
78.861066,8.282494,-77.998465,0.128668,0.177423,-0.975687,50.00,False
78.897459,8.507998,-80.500360,0.135946,0.256728,-0.956875,50.00,False
78.896532,7.881442,-83.221879,0.135761,0.131417,-0.981987,50.00,False
78.930540,7.753335,-85.828478,0.142562,0.105795,-0.984115,50.00,False
78.972730,7.945668,-88.393611,0.151000,0.144262,-0.977951,50.00,False
78.972730,7.945668,-90.989569,0.151000,0.144262,-0.977951,50.00,False
82.515694,7.353254,-91.001661,0.059593,0.187950,-0.980369,200.00,True
82.515694,7.353254,-91.001661,0.059593,0.187950,-0.980369,50.00,False
82.515694,7.309983,-88.405704,0.059593,0.187950,-0.980369,50.00,False
82.515694,7.309983,-85.809746,0.059593,0.187950,-0.980369,50.00,False
82.354171,7.039639,-83.284283,0.027288,0.101434,-0.994468,50.00,False
82.400810,7.765627,-80.644695,0.036616,0.164233,-0.985742,50.00,False
82.400810,7.765627,-78.048737,0.036616,0.164233,-0.985742,50.00,False
82.462327,7.836239,-75.437818,0.048920,0.178355,-0.982749,50.00,False
82.462327,7.836239,-72.841860,0.048920,0.178355,-0.982749,50.00,False
82.500995,8.143516,-70.177982,0.056653,0.239811,-0.969165,50.00,False
82.500995,8.890100,-67.582025,0.056653,0.239811,-0.969165,50.00,False
82.486523,8.996865,-64.959223,0.053759,0.261164,-0.963796,50.00,False
82.331112,9.005051,-62.367201,0.022677,0.262801,-0.964584,50.00,False
82.156346,8.781007,-59.827693,-0.012276,0.217992,-0.975873,50.00,False
82.156346,8.781007,-57.231735,-0.012276,0.217992,-0.975873,50.00,False
82.039050,8.879475,-54.609834,-0.035736,0.237686,-0.970685,50.00,False
82.026825,8.972476,-51.989687,-0.038181,0.256286,-0.965847,50.00,False
82.026825,8.972476,-49.393730,-0.038181,0.256286,-0.965847,50.00,False
82.026825,8.972476,-46.797772,-0.038181,0.256286,-0.965847,50.00,False
82.026825,8.972476,-44.201815,-0.038181,0.256286,-0.965847,50.00,False
82.131735,10.681824,-41.455797,-0.017199,0.352020,-0.935835,50.00,False
82.078442,11.590992,-38.810024,-0.027857,0.376810,-0.925871,50.00,False
82.021698,11.925210,-36.061410,-0.039206,0.443654,-0.895340,50.00,False
82.021698,11.925210,-33.465453,-0.039206,0.443654,-0.895340,50.00,False
82.024346,12.098915,-30.779257,-0.038677,0.478395,-0.877293,50.00,False
81.832821,14.244419,-27.516716,-0.076982,0.663757,-0.743976,50.00,False
82.218236,15.242317,-24.065528,0.000102,0.819604,-0.572930,50.00,False
82.125381,17.367140,-19.889525,-0.018470,0.966256,-0.256921,50.00,False
82.152150,18.540856,-16.952087,-0.013116,0.981962,-0.188625,50.00,False
82.156702,18.955814,-14.027538,-0.012205,0.992343,-0.122906,50.00,False
82.152370,19.744146,-11.357721,-0.013072,0.994050,-0.108134,50.00,False
82.143486,20.100437,-8.769673,-0.014849,0.993852,-0.109716,50.00,False
82.153648,20.105007,-6.131990,-0.012816,0.994766,-0.101371,50.00,False
82.095789,20.115380,-3.407128,-0.024388,0.996841,-0.075590,50.00,False
82.143299,20.181280,-0.598246,-0.014886,0.999344,-0.033005,50.00,False
82.128751,20.183740,2.146195,-0.017796,0.999836,-0.003309,50.00,False
82.173736,20.128679,4.910476,-0.008798,0.999500,0.030356,50.00,False
82.181053,20.127733,7.536525,-0.007335,0.999311,0.036374,50.00,False
82.224974,20.108892,10.195566,0.001449,0.998798,0.048991,50.00,False
82.266827,20.014201,12.801075,0.009820,0.998655,0.050901,50.00,False
82.319972,19.856310,15.406682,0.020449,0.998394,0.052831,50.00,False
82.188782,19.548642,18.180561,-0.005789,0.996067,0.088416,50.00,False
82.195712,19.310828,21.259903,-0.004403,0.982711,0.185093,50.00,False
82.264015,17.983442,24.138997,0.009257,0.970302,0.241720,50.00,False
82.448943,17.333796,27.828035,0.046243,0.886540,0.460336,50.00,False
82.401628,13.915894,31.223856,0.036780,0.783495,0.620309,50.00,False
82.174778,13.457051,34.328813,-0.008590,0.691726,0.722109,50.00,False
82.171247,12.958142,37.343853,-0.009296,0.591945,0.805925,50.00,False
82.213068,12.071271,40.135435,-0.000932,0.534686,0.845050,50.00,False
82.204410,11.508624,42.805734,-0.002664,0.510425,0.859918,50.00,False
82.171707,11.180767,45.514147,-0.009204,0.470393,0.882409,50.00,False
82.007618,8.592165,48.482526,-0.042022,0.287383,0.956894,50.00,False
82.126749,8.439462,51.125425,-0.018196,0.256842,0.966282,50.00,False
82.039499,8.379275,53.734557,-0.035646,0.244805,0.968917,50.00,False
82.096525,8.232821,56.366929,-0.024241,0.215514,0.976200,50.00,False
82.044161,6.908115,58.986311,-0.034713,0.191468,0.980885,50.00,False
82.044161,6.908115,61.582269,-0.034713,0.191468,0.980885,50.00,False
82.098610,6.827361,64.194921,-0.023824,0.175317,0.984224,50.00,False
82.082771,6.846568,66.787009,-0.026991,0.179159,0.983450,50.00,False
82.139194,6.822519,69.388511,-0.015707,0.174349,0.984559,50.00,False
82.139194,6.801810,71.984468,-0.015707,0.174349,0.984559,50.00,False
86.048882,6.778406,71.986287,-0.033769,0.169668,0.984923,200.00,True
86.048882,6.778406,71.986287,-0.033769,0.169668,0.984923,50.00,False
86.048882,6.778406,69.390330,-0.033769,0.169668,0.984923,50.00,False
86.048882,6.778406,66.794373,-0.033769,0.169668,0.984923,50.00,False
86.048882,6.778406,64.198415,-0.033769,0.169668,0.984923,50.00,False
86.114383,6.938027,61.574102,-0.020669,0.201592,0.979251,50.00,False
86.080080,8.201489,58.969263,-0.027530,0.209248,0.977475,50.00,False
86.029007,8.344196,56.338846,-0.037744,0.237789,0.970583,50.00,False
86.137391,8.474484,53.712127,-0.016068,0.263847,0.964431,50.00,False
86.137391,8.474484,51.116169,-0.016068,0.263847,0.964431,50.00,False
86.209870,8.683719,48.458701,-0.001572,0.305693,0.952129,50.00,False
86.226432,10.034895,45.558098,0.001741,0.453608,0.891200,50.00,False
86.190953,10.190783,42.879225,-0.005355,0.484786,0.874616,50.00,False
86.150565,11.969419,40.196890,-0.013433,0.514574,0.857341,50.00,False
86.150864,12.202488,37.536859,-0.013373,0.535347,0.844526,50.00,False
86.403812,13.110169,34.199265,0.037217,0.716883,0.696199,50.00,False
86.361102,13.538841,31.101333,0.028675,0.802618,0.595804,50.00,False
86.246965,17.026669,27.639222,0.005847,0.906310,0.422573,50.00,False
86.282882,18.104853,24.093746,0.013031,0.972469,0.232670,50.00,False
86.252345,19.261042,21.243128,0.006923,0.983323,0.181738,50.00,False
86.373328,19.773292,18.299787,0.031120,0.993191,0.112261,50.00,False
86.267950,19.955561,15.410899,0.010044,0.998508,0.053675,50.00,False
86.241419,20.068253,12.844258,0.004738,0.998215,0.059538,50.00,False
86.217321,20.107075,10.230257,-0.000081,0.998435,0.055929,50.00,False
86.183312,20.178596,7.596321,-0.006883,0.998808,0.048334,50.00,False
86.181610,20.182477,4.898355,-0.007224,0.999584,0.027932,50.00,False
86.199057,20.184233,2.216706,-0.003734,0.999935,0.010793,50.00,False
86.172596,20.180942,-0.617930,-0.009026,0.999277,-0.036942,50.00,False
86.241657,20.169661,-3.414121,0.004786,0.997020,-0.076989,50.00,False
86.173072,20.154919,-6.166912,-0.008931,0.994072,-0.108356,50.00,False
86.162305,20.100313,-8.773006,-0.011085,0.993827,-0.110383,50.00,False
86.155252,19.527037,-11.354461,-0.012495,0.994128,-0.107482,50.00,False
86.165179,19.142404,-14.008483,-0.010510,0.992827,-0.119095,50.00,False
86.178484,18.285923,-16.949110,-0.007849,0.982132,-0.188029,50.00,False
86.131781,16.471716,-19.997755,-0.017189,0.960263,-0.278567,50.00,False
86.124497,15.592471,-24.021316,-0.018646,0.825505,-0.564087,50.00,False
86.582586,14.169670,-27.433560,0.072971,0.682382,-0.727345,50.00,False
86.436405,13.461389,-30.593101,0.043735,0.540726,-0.840061,50.00,False
86.231640,11.980659,-33.441841,0.002782,0.454744,-0.890618,50.00,False
86.235418,11.727057,-36.158418,0.003538,0.404023,-0.914742,50.00,False
86.097332,10.687313,-38.857012,-0.024079,0.353118,-0.935269,50.00,False
86.159901,10.594357,-41.488201,-0.011566,0.334526,-0.942315,50.00,False
86.168779,10.569126,-44.093140,-0.009790,0.329480,-0.944112,50.00,False
86.132003,10.513583,-46.707594,-0.017145,0.318372,-0.947811,50.00,False
86.091691,10.361014,-49.351203,-0.025207,0.287858,-0.957341,50.00,False
86.104244,10.306425,-51.963549,-0.022697,0.276940,-0.960619,50.00,False
86.104244,10.306425,-54.559507,-0.022697,0.276940,-0.960619,50.00,False
86.128648,9.388289,-57.185428,-0.017816,0.255625,-0.966612,50.00,False
86.083519,8.796616,-59.822719,-0.026842,0.221114,-0.974879,50.00,False
86.083519,8.796616,-62.418676,-0.026842,0.221114,-0.974879,50.00,False
86.083519,8.796616,-65.014634,-0.026842,0.221114,-0.974879,50.00,False
86.083519,8.796616,-67.610591,-0.026842,0.221114,-0.974879,50.00,False
86.005367,7.789116,-70.255718,-0.042472,0.168931,-0.984712,50.00,False
86.005367,7.789116,-72.851675,-0.042472,0.168931,-0.984712,50.00,False
85.982499,7.813122,-75.442414,-0.047046,0.173732,-0.983669,50.00,False
86.011811,7.987684,-78.005649,-0.041184,0.208644,-0.977124,50.00,False
86.011811,7.987684,-80.601606,-0.041184,0.208644,-0.977124,50.00,False
86.011811,7.987684,-83.197564,-0.041184,0.208644,-0.977124,50.00,False
86.011811,7.987684,-85.793521,-0.041184,0.208644,-0.977124,50.00,False
85.973189,7.125433,-88.440444,-0.048908,0.151040,-0.987317,50.00,False
85.973189,7.125433,-91.036401,-0.048908,0.151040,-0.987317,50.00,False
90.031228,7.435334,-90.981494,-0.037300,0.213020,-0.976336,200.00,True
90.031228,7.435334,-90.981494,-0.037300,0.213020,-0.976336,50.00,False
90.031228,7.435334,-88.385536,-0.037300,0.213020,-0.976336,50.00,False
90.019753,7.579080,-85.755529,-0.039595,0.241769,-0.969526,50.00,False
90.019753,7.579080,-83.159571,-0.039595,0.241769,-0.969526,50.00,False
90.019753,7.579080,-80.563614,-0.039595,0.241769,-0.969526,50.00,False
90.019753,7.579080,-77.967657,-0.039595,0.241769,-0.969526,50.00,False
90.019753,7.579080,-75.371699,-0.039595,0.241769,-0.969526,50.00,False
90.019753,7.579080,-72.775742,-0.039595,0.241769,-0.969526,50.00,False
90.055996,7.568240,-70.183818,-0.032346,0.239601,-0.970332,50.00,False
90.024814,7.614042,-67.575178,-0.038583,0.248762,-0.967796,50.00,False
90.024814,7.614042,-64.979221,-0.038583,0.248762,-0.967796,50.00,False
90.035582,9.472279,-62.351722,-0.036429,0.272423,-0.961488,50.00,False
90.035582,9.472279,-59.755764,-0.036429,0.272423,-0.961488,50.00,False
90.035582,9.472279,-57.159807,-0.036429,0.272423,-0.961488,50.00,False
90.035582,9.472279,-54.563850,-0.036429,0.272423,-0.961488,50.00,False
90.035976,9.534331,-51.949891,-0.036351,0.284834,-0.957888,50.00,False
90.035976,9.534331,-49.353934,-0.036351,0.284834,-0.957888,50.00,False
90.078060,9.594779,-46.741002,-0.027934,0.296923,-0.954493,50.00,False
90.095570,9.658849,-44.125123,-0.024432,0.309737,-0.950508,50.00,False
90.133576,10.455887,-41.534698,-0.016830,0.306832,-0.951615,50.00,False
90.159482,10.817963,-38.806776,-0.011649,0.379248,-0.925222,50.00,False
90.116037,10.929581,-36.162719,-0.020338,0.401571,-0.915602,50.00,False
90.236071,12.482893,-33.255567,0.003669,0.521304,-0.853363,50.00,False
90.302931,13.768548,-30.383772,0.017041,0.602157,-0.798196,50.00,False
90.267420,13.981594,-27.618411,0.009938,0.644767,-0.764315,50.00,False
90.246128,16.318734,-23.042669,0.005680,0.929667,-0.368358,50.00,False
90.146631,17.766349,-19.739869,-0.014220,0.973793,-0.226990,50.00,False
90.128040,18.643660,-16.820497,-0.017938,0.986577,-0.162307,50.00,False
90.165663,19.197556,-14.005414,-0.010413,0.992902,-0.118481,50.00,False
90.166535,19.526070,-11.364507,-0.010239,0.993935,-0.109491,50.00,False
90.169807,20.155137,-8.760588,-0.009584,0.994116,-0.107899,50.00,False
90.188507,20.155984,-6.158125,-0.005844,0.994285,-0.106598,50.00,False
90.194341,20.217591,-3.467429,-0.004677,0.996140,-0.087650,50.00,False
90.210867,20.234815,-0.577098,-0.001372,0.999585,-0.028776,50.00,False
90.207372,20.236715,2.203276,-0.002071,0.999965,0.008108,50.00,False
90.172987,20.235462,4.869473,-0.008948,0.999714,0.022155,50.00,False
90.146150,20.205313,7.576271,-0.014316,0.998915,0.044324,50.00,False
90.144569,20.174549,10.258254,-0.014632,0.997998,0.061529,50.00,False
90.187036,20.065744,12.883140,-0.006138,0.997713,0.067314,50.00,False
90.264554,20.014609,15.528170,0.009365,0.996977,0.077129,50.00,False
90.318466,19.623279,18.331844,0.020148,0.992729,0.118672,50.00,False
90.387098,19.210833,21.357796,0.033874,0.978244,0.204671,50.00,False
90.341478,18.426549,24.076104,0.024750,0.973078,0.229141,50.00,False
90.090722,16.954955,27.783286,-0.025401,0.891967,0.451386,50.00,False
90.270753,13.535146,31.186590,0.010605,0.790124,0.612855,50.00,False
90.205585,12.966463,34.400980,-0.002429,0.676387,0.736542,50.00,False
90.279816,12.723703,37.157306,0.012418,0.639590,0.768616,50.00,False
90.194840,12.351236,40.035244,-0.004578,0.565097,0.825012,50.00,False
90.068828,10.197927,42.914031,-0.029780,0.471099,0.881578,50.00,False
90.068828,10.122348,45.509988,-0.029780,0.471099,0.881578,50.00,False
90.112011,9.705584,48.305676,-0.021143,0.387746,0.921524,50.00,False
90.131246,9.179388,51.089562,-0.017296,0.282507,0.959109,50.00,False
90.139499,6.941417,53.778055,-0.015646,0.209812,0.977617,50.00,False
90.139499,6.941417,56.374013,-0.015646,0.209812,0.977617,50.00,False
90.159263,6.969322,58.964175,-0.011693,0.215393,0.976457,50.00,False
90.110168,6.833217,61.587347,-0.021512,0.188172,0.981900,50.00,False
90.110168,6.833217,64.183305,-0.021512,0.188172,0.981900,50.00,False
90.103669,6.714889,66.800321,-0.022812,0.164507,0.986112,50.00,False
90.103669,6.714889,69.396278,-0.022812,0.164507,0.986112,50.00,False
90.103669,6.714889,71.992236,-0.022812,0.164507,0.986112,50.00,False
94.059268,6.749515,71.985106,-0.031692,0.171432,0.984686,200.00,True
94.059268,6.749515,71.985106,-0.031692,0.171432,0.984686,50.00,False
94.063837,6.751431,69.388959,-0.030778,0.171815,0.984648,50.00,False
94.069231,6.742917,66.794645,-0.029699,0.170112,0.984977,50.00,False
94.087029,6.868392,64.175871,-0.026140,0.195207,0.980414,50.00,False
94.087029,6.868392,61.579913,-0.026140,0.195207,0.980414,50.00,False
94.040424,7.018864,58.950105,-0.035461,0.225302,0.973644,50.00,False
94.071781,7.066794,56.343851,-0.029189,0.234888,0.971584,50.00,False
94.103827,8.314628,53.705629,-0.022780,0.268066,0.963131,50.00,False
94.135285,8.557961,51.035873,-0.016489,0.316732,0.948372,50.00,False
94.107337,10.087674,48.164231,-0.022078,0.449048,0.893235,50.00,False
94.183118,10.941730,45.434216,-0.006922,0.499262,0.866423,50.00,False
94.140551,11.067542,42.762727,-0.015435,0.524425,0.851317,50.00,False
94.234547,12.393351,40.046635,0.003364,0.561765,0.827290,50.00,False
94.241995,12.778229,37.161262,0.004853,0.638741,0.769407,50.00,False
94.179155,13.025367,34.345822,-0.007715,0.688168,0.725510,50.00,False
94.022603,14.503891,31.096422,-0.039025,0.802910,0.594822,50.00,False
94.113472,16.704850,27.938925,-0.020851,0.875640,0.482514,50.00,False
94.278302,18.417670,24.118088,0.012115,0.971303,0.237538,50.00,False
94.293998,19.132528,21.358777,0.015254,0.978671,0.204867,50.00,False
94.355889,19.876297,18.397913,0.027632,0.990880,0.131886,50.00,False
94.367666,20.014250,15.695509,0.029987,0.993413,0.110597,50.00,False
94.232349,20.107398,13.019286,0.002924,0.995516,0.094544,50.00,False
94.188131,20.218081,10.382878,-0.005920,0.996238,0.086454,50.00,False
94.210033,20.230002,7.616899,-0.001539,0.998622,0.052449,50.00,False
94.171848,20.235884,4.847842,-0.009176,0.999799,0.017829,50.00,False
94.183358,20.236744,2.146192,-0.006874,0.999971,-0.003309,50.00,False
94.186679,20.230915,-0.675594,-0.006210,0.998805,-0.048475,50.00,False
94.136828,20.217742,-3.458788,-0.016180,0.996170,-0.085922,50.00,False
94.151528,20.212724,-6.111640,-0.013240,0.995167,-0.097301,50.00,False
94.140969,20.210606,-8.727307,-0.015352,0.994743,-0.101243,50.00,False
94.134879,19.783785,-11.374253,-0.016570,0.993633,-0.111441,50.00,False
94.122849,19.306515,-14.011053,-0.018976,0.992640,-0.119609,50.00,False
94.157599,18.736822,-16.769061,-0.012026,0.988304,-0.152019,50.00,False
94.224679,16.087846,-19.864056,0.001390,0.967771,-0.251827,50.00,False
94.175703,15.933990,-22.947018,-0.008405,0.937000,-0.349228,50.00,False
94.231808,13.336141,-27.406519,0.002816,0.691954,-0.721936,50.00,False
94.119201,12.777261,-30.464052,-0.019705,0.580178,-0.814252,50.00,False
94.122280,12.104205,-33.463978,-0.019090,0.445566,-0.895045,50.00,False
94.003735,9.845185,-36.269141,-0.042799,0.347004,-0.936886,50.00,False
93.996225,9.847975,-38.863715,-0.044301,0.347562,-0.936610,50.00,False
93.996238,9.580116,-41.550530,-0.044298,0.293991,-0.954781,50.00,False
93.996238,9.580116,-44.146488,-0.044298,0.293991,-0.954781,50.00,False
93.996238,9.580116,-46.742445,-0.044298,0.293991,-0.954781,50.00,False
93.968328,9.592213,-49.333283,-0.049880,0.296410,-0.953757,50.00,False
93.996381,9.445250,-51.973825,-0.044269,0.267017,-0.962674,50.00,False
93.996381,9.445250,-54.569783,-0.044269,0.267017,-0.962674,50.00,False
94.002479,9.361248,-57.188530,-0.043050,0.250217,-0.967232,50.00,False
94.000440,9.171695,-59.829508,-0.043458,0.212306,-0.976236,50.00,False
94.020636,9.168650,-62.426984,-0.039418,0.211697,-0.976540,50.00,False
94.029071,9.007160,-65.055503,-0.037731,0.179399,-0.983052,50.00,False
94.029704,8.308926,-67.645554,-0.037605,0.185782,-0.981871,50.00,False
94.029704,8.308926,-70.241512,-0.037605,0.185782,-0.981871,50.00,False
94.029704,8.308926,-72.837469,-0.037605,0.185782,-0.981871,50.00,False
94.029704,8.308926,-75.433427,-0.037605,0.185782,-0.981871,50.00,False
94.029704,8.308926,-78.029384,-0.037605,0.185782,-0.981871,50.00,False
94.029704,8.308926,-80.625342,-0.037605,0.185782,-0.981871,50.00,False
94.029704,6.435245,-83.221299,-0.037605,0.185782,-0.981871,50.00,False
94.029704,6.435245,-85.817256,-0.037605,0.185782,-0.981871,50.00,False
94.029704,6.435245,-88.413214,-0.037605,0.185782,-0.981871,50.00,False
94.038910,6.289779,-91.034817,-0.035764,0.156689,-0.987000,50.00,False
98.015338,7.978428,-91.007246,-0.040478,0.187208,-0.981486,200.00,True
98.015338,7.978428,-91.007246,-0.040478,0.187208,-0.981486,50.00,False
98.015338,7.978428,-88.411288,-0.040478,0.187208,-0.981486,50.00,False
98.015338,7.978428,-85.815331,-0.040478,0.187208,-0.981486,50.00,False
98.015338,7.978428,-83.219373,-0.040478,0.187208,-0.981486,50.00,False
98.015338,7.978428,-80.623416,-0.040478,0.187208,-0.981486,50.00,False
98.015338,7.978428,-78.027458,-0.040478,0.187208,-0.981486,50.00,False
98.015338,8.316054,-75.431501,-0.040478,0.187208,-0.981486,50.00,False
98.015338,8.316054,-72.835544,-0.040478,0.187208,-0.981486,50.00,False
98.002170,8.491194,-70.202353,-0.043112,0.222236,-0.974039,50.00,False
98.002170,8.491194,-67.606395,-0.043112,0.222236,-0.974039,50.00,False
98.025561,8.590765,-64.987628,-0.038434,0.242150,-0.969477,50.00,False
98.025561,8.590765,-62.391670,-0.038434,0.242150,-0.969477,50.00,False
98.025561,8.590765,-59.795713,-0.038434,0.242150,-0.969477,50.00,False
98.025561,8.590765,-57.199755,-0.038434,0.242150,-0.969477,50.00,False
98.025561,8.862912,-54.603798,-0.038434,0.242150,-0.969477,50.00,False
98.025561,8.862912,-52.007840,-0.038434,0.242150,-0.969477,50.00,False
98.025174,8.966211,-49.384891,-0.038511,0.262810,-0.964079,50.00,False
98.025174,8.966211,-46.788933,-0.038511,0.262810,-0.964079,50.00,False
98.090650,9.170826,-44.134673,-0.025416,0.303733,-0.952418,50.00,False
98.090650,9.628826,-41.538715,-0.025416,0.303733,-0.952418,50.00,False
98.108448,9.880503,-38.855487,-0.021856,0.354068,-0.934964,50.00,False
98.100336,10.082920,-36.177578,-0.023478,0.394551,-0.918574,50.00,False
98.156001,12.267035,-33.379756,-0.012345,0.478132,-0.878201,50.00,False
98.107317,12.485073,-30.656887,-0.022082,0.521740,-0.852819,50.00,False
98.006172,14.881645,-26.854909,-0.042311,0.790024,-0.611614,50.00,False
98.075884,15.494984,-23.745142,-0.028369,0.860386,-0.508853,50.00,False
97.935591,17.156830,-19.913999,-0.056427,0.963467,-0.261816,50.00,False
98.092120,18.721000,-16.930468,-0.025122,0.982549,-0.184301,50.00,False
98.139994,19.299291,-14.070479,-0.015547,0.991195,-0.131495,50.00,False
98.139630,19.873770,-11.342960,-0.015620,0.994330,-0.105182,50.00,False
98.145925,20.210079,-8.733178,-0.014361,0.994638,-0.102417,50.00,False
98.162032,20.245221,-6.093785,-0.011139,0.995535,-0.093730,50.00,False
98.168851,20.245981,-3.490455,-0.009776,0.995687,-0.092256,50.00,False
98.199443,20.269011,-0.671256,-0.003657,0.998859,-0.047607,50.00,False
98.149573,20.266702,2.101241,-0.013631,0.999831,-0.012299,50.00,False
98.166697,20.273672,4.847054,-0.010206,0.999792,0.017672,50.00,False
98.188036,20.260154,7.624773,-0.005939,0.998522,0.054024,50.00,False
98.201736,20.241854,10.456569,-0.003198,0.994862,0.101192,50.00,False
98.189296,20.123824,13.108956,-0.005686,0.993638,0.112478,50.00,False
98.246928,20.098023,15.704727,0.005840,0.993641,0.112440,50.00,False
98.253851,19.952060,18.410365,0.007224,0.990904,0.134376,50.00,False
98.275179,19.121393,21.107603,0.011490,0.987905,0.154632,50.00,False
98.415109,18.735862,24.228239,0.039476,0.964918,0.259568,50.00,False
98.232070,17.449329,27.332501,0.002868,0.932473,0.361229,50.00,False
97.948057,15.521135,31.014530,-0.053934,0.813938,0.578443,50.00,False
97.938669,14.262111,33.987573,-0.055812,0.754554,0.653861,50.00,False
98.505721,11.400556,37.337189,0.057598,0.591028,0.804592,50.00,False
98.369826,11.228241,40.061421,0.030420,0.556565,0.830247,50.00,False
98.300965,10.599449,42.808706,0.016647,0.509157,0.860513,50.00,False
98.296934,10.008736,45.607748,0.015841,0.433260,0.901130,50.00,False
98.252222,8.819724,48.344908,0.006899,0.369085,0.929370,50.00,False
98.118258,8.663524,50.998973,-0.019894,0.337845,0.940992,50.00,False
98.097766,8.461890,53.662046,-0.023993,0.297518,0.954415,50.00,False
98.099293,8.070769,56.274923,-0.023687,0.286463,0.957799,50.00,False
98.045699,6.884386,58.979467,-0.034406,0.198406,0.979516,50.00,False
98.045699,6.884386,61.575424,-0.034406,0.198406,0.979516,50.00,False
98.045699,6.041412,64.171382,-0.034406,0.198406,0.979516,50.00,False
98.045699,6.041412,66.767339,-0.034406,0.198406,0.979516,50.00,False
98.055337,5.959087,69.379582,-0.032478,0.181941,0.982773,50.00,False
98.055337,5.959087,71.975540,-0.032478,0.181941,0.982773,50.00,False
102.074530,6.057942,71.969662,-0.028640,0.188802,0.981597,200.00,True
102.074530,6.057942,71.969662,-0.028640,0.188802,0.981597,50.00,False
102.085970,6.531216,69.367464,-0.026352,0.195501,0.980349,50.00,False
102.085970,6.531216,66.771506,-0.026352,0.195501,0.980349,50.00,False
102.094271,6.527747,64.176456,-0.024691,0.194808,0.980531,50.00,False
102.094271,6.548906,61.580498,-0.024691,0.194808,0.980531,50.00,False
102.094271,6.548906,58.984541,-0.024691,0.194808,0.980531,50.00,False
102.062090,7.696007,56.370330,-0.031128,0.211510,0.976880,50.00,False
102.114344,7.873343,53.733976,-0.020677,0.246977,0.968801,50.00,False
102.149591,8.014976,51.100318,-0.013628,0.275304,0.961261,50.00,False
102.116887,8.278118,48.420487,-0.020168,0.327933,0.944486,50.00,False
102.124912,8.875945,45.725425,-0.018563,0.380329,0.924665,50.00,False
102.152306,10.631352,42.789979,-0.013084,0.515537,0.856767,50.00,False
102.145703,10.746173,40.122692,-0.014405,0.538502,0.842501,50.00,False
102.195711,11.080025,37.294261,-0.004403,0.605272,0.796007,50.00,False
102.275267,14.021588,34.256622,0.011508,0.706449,0.707670,50.00,False
102.000809,15.672417,30.865946,-0.043384,0.834875,0.548727,50.00,False
102.278284,16.166017,27.505906,0.012111,0.918209,0.395910,50.00,False
102.298955,18.366470,24.231251,0.016245,0.965426,0.260171,50.00,False
102.165427,19.069371,21.108222,-0.010460,0.987897,0.154756,50.00,False
102.176730,19.778579,18.360626,-0.008200,0.992195,0.124429,50.00,False
102.259939,20.101512,15.672110,0.008442,0.994339,0.105917,50.00,False
102.288099,20.160998,13.090521,0.014074,0.993965,0.108791,50.00,False
102.301643,20.249826,10.441747,0.016783,0.995022,0.098227,50.00,False
102.206424,20.328308,7.648162,-0.002261,0.998273,0.058702,50.00,False
102.161451,20.335428,4.868156,-0.011255,0.999697,0.021892,50.00,False
102.137310,20.335797,2.092093,-0.016084,0.999771,-0.014129,50.00,False
102.157426,20.329963,-0.690353,-0.012060,0.998604,-0.051427,50.00,False
102.182193,20.319790,-3.441451,-0.007107,0.996569,-0.082455,50.00,False
102.155659,20.257050,-6.040425,-0.012414,0.996467,-0.083058,50.00,False
102.154448,20.101985,-8.659173,-0.012656,0.996074,-0.087616,50.00,False
102.128017,19.943543,-11.355577,-0.017942,0.994021,-0.107706,50.00,False
102.143877,19.449495,-14.064194,-0.014770,0.991373,-0.130237,50.00,False
102.064780,18.446371,-16.959374,-0.030590,0.981292,-0.190082,50.00,False
102.029705,16.664274,-19.827658,-0.037605,0.968908,-0.244547,50.00,False
102.210124,15.245837,-23.728063,-0.001521,0.862862,-0.505437,50.00,False
101.964701,12.743871,-27.485897,-0.050605,0.673106,-0.737812,50.00,False
101.747009,12.031032,-30.604876,-0.094144,0.530539,-0.842416,50.00,False
101.858427,11.785241,-33.356557,-0.071860,0.481380,-0.873561,50.00,False
101.953537,11.452568,-36.126490,-0.052838,0.414846,-0.908356,50.00,False
102.118127,9.292135,-38.903014,-0.019920,0.327994,-0.944470,50.00,False
102.118127,9.292135,-41.498972,-0.019920,0.327994,-0.944470,50.00,False
102.168720,9.021945,-44.181042,-0.009802,0.273957,-0.961692,50.00,False
102.168720,9.021945,-46.776999,-0.009802,0.273957,-0.961692,50.00,False
102.168720,9.021945,-49.372957,-0.009802,0.273957,-0.961692,50.00,False
102.168720,9.021945,-51.968914,-0.009802,0.273957,-0.961692,50.00,False
102.168720,9.021945,-54.564872,-0.009802,0.273957,-0.961692,50.00,False
102.219743,8.927951,-57.186866,0.000403,0.255158,-0.966899,50.00,False
102.219743,8.927951,-59.782823,0.000403,0.255158,-0.966899,50.00,False
102.207331,8.816386,-62.406842,-0.002079,0.232845,-0.972512,50.00,False
102.207331,8.816386,-65.002800,-0.002079,0.232845,-0.972512,50.00,False
102.106879,8.931521,-67.568481,-0.022170,0.255872,-0.966457,50.00,False
102.134203,8.571649,-70.187363,-0.016705,0.238327,-0.971041,50.00,False
102.134203,8.571649,-72.783320,-0.016705,0.238327,-0.971041,50.00,False
102.198654,8.311145,-75.436569,-0.003815,0.186226,-0.982500,50.00,False
102.198654,7.973519,-78.032526,-0.003815,0.186226,-0.982500,50.00,False
102.198654,7.973519,-80.628484,-0.003815,0.186226,-0.982500,50.00,False
102.198654,7.973519,-83.224441,-0.003815,0.186226,-0.982500,50.00,False
102.182629,7.883252,-85.836564,-0.007020,0.168173,-0.985733,50.00,False
102.182629,7.883252,-88.432521,-0.007020,0.168173,-0.985733,50.00,False
102.182629,7.883252,-91.028479,-0.007020,0.168173,-0.985733,50.00,False
106.154050,7.405481,-91.068520,-0.012736,0.110983,-0.993741,200.00,True
106.154050,7.405481,-91.068520,-0.012736,0.110983,-0.993741,50.00,False
106.154050,7.405481,-88.472562,-0.012736,0.110983,-0.993741,50.00,False
106.154050,7.405481,-85.876605,-0.012736,0.110983,-0.993741,50.00,False
106.154050,7.405481,-83.280647,-0.012736,0.110983,-0.993741,50.00,False
106.154050,7.405481,-80.684690,-0.012736,0.110983,-0.993741,50.00,False
106.147538,7.708168,-78.045432,-0.014038,0.171520,-0.985081,50.00,False
106.147538,7.708168,-75.449474,-0.014038,0.171520,-0.985081,50.00,False
106.147538,7.708168,-72.853517,-0.014038,0.171520,-0.985081,50.00,False
106.210792,7.814262,-70.238402,-0.001387,0.192739,-0.981249,50.00,False
106.204332,8.063091,-67.630889,-0.002679,0.204140,-0.978938,50.00,False
106.204332,8.063091,-65.034931,-0.002679,0.204140,-0.978938,50.00,False
106.206377,8.040669,-62.443601,-0.002270,0.199656,-0.979863,50.00,False
106.217718,8.840744,-59.804999,-0.000002,0.237716,-0.971335,50.00,False
106.214463,8.861601,-57.203889,-0.000653,0.241888,-0.970304,50.00,False
106.098362,9.169329,-54.519179,-0.023873,0.303433,-0.952554,50.00,False
106.080375,9.194579,-51.914619,-0.027471,0.308483,-0.950833,50.00,False
106.080375,9.194579,-49.318662,-0.027471,0.308483,-0.950833,50.00,False
106.126022,9.970354,-46.691162,-0.018341,0.327928,-0.944525,50.00,False
106.126022,9.970354,-44.095205,-0.018341,0.327928,-0.944525,50.00,False
106.139639,9.958247,-41.503678,-0.015618,0.325506,-0.945411,50.00,False
106.090703,10.084978,-38.861097,-0.025405,0.350853,-0.936086,50.00,False
106.075642,11.257444,-36.215991,-0.028417,0.375821,-0.926256,50.00,False
106.091247,11.476219,-33.525590,-0.025296,0.419576,-0.907368,50.00,False
106.125840,11.924555,-30.694926,-0.018378,0.509243,-0.860426,50.00,False
106.283167,12.898500,-27.347073,0.013088,0.704032,-0.710047,50.00,False
106.489862,15.098336,-23.616576,0.054427,0.873850,-0.483139,50.00,False
106.175930,17.572904,-19.785509,-0.008360,0.971689,-0.236118,50.00,False
106.155269,18.677561,-16.736330,-0.012492,0.989283,-0.145473,50.00,False
106.120622,19.499036,-14.083516,-0.019421,0.990777,-0.134102,50.00,False
106.180355,20.055776,-11.352487,-0.007475,0.994222,-0.107088,50.00,False
106.142233,20.242367,-8.716510,-0.015099,0.994965,-0.099084,50.00,False
106.156809,20.366200,-6.044553,-0.012184,0.996401,-0.083884,50.00,False
106.153613,20.371103,-3.385035,-0.012823,0.997382,-0.071172,50.00,False
106.052885,20.374027,-0.705993,-0.032969,0.997966,-0.054555,50.00,False
106.127386,20.382505,2.069309,-0.018069,0.999662,-0.018686,50.00,False
106.144537,20.383513,4.796916,-0.014638,0.999864,0.007644,50.00,False
106.213533,20.325133,7.698079,-0.000839,0.997638,0.068685,50.00,False
106.182990,20.265150,10.444773,-0.006948,0.995080,0.098832,50.00,False
106.231045,20.183038,13.141678,0.002663,0.992888,0.119022,50.00,False
106.237463,20.141167,15.735241,0.003947,0.992941,0.118543,50.00,False
106.302633,19.785629,18.296628,0.016981,0.993605,0.111629,50.00,False
106.285364,19.033463,21.083582,0.013527,0.988619,0.149828,50.00,False
106.343920,18.004250,24.421737,0.025238,0.954148,0.298268,50.00,False
106.480772,16.121810,27.589618,0.052609,0.909368,0.412653,50.00,False
106.484858,15.405778,31.016196,0.053426,0.813734,0.578777,50.00,False
106.428453,14.007090,34.259529,0.042145,0.704701,0.708252,50.00,False
106.099809,11.682266,37.185605,-0.023584,0.632409,0.774275,50.00,False
106.202628,11.283327,40.077320,-0.003020,0.552621,0.833427,50.00,False
106.199300,10.337771,42.842796,-0.003686,0.497719,0.867331,50.00,False
106.228185,8.888318,45.567300,0.002091,0.449973,0.893040,50.00,False
106.166530,8.502633,48.293268,-0.010240,0.394026,0.919042,50.00,False
106.178234,8.264120,50.984425,-0.007899,0.346324,0.938082,50.00,False
106.142334,8.097130,53.638263,-0.015079,0.312925,0.949658,50.00,False
106.156342,7.812153,56.287747,-0.012277,0.278481,0.960363,50.00,False
106.116263,7.588739,58.942255,-0.020293,0.233798,0.972073,50.00,False
106.077048,6.570972,61.575598,-0.028136,0.199221,0.979551,50.00,False
106.077048,6.570972,64.171556,-0.028136,0.199221,0.979551,50.00,False
106.072983,6.578169,66.765925,-0.028949,0.200660,0.979233,50.00,False
106.072802,6.564992,69.364559,-0.028985,0.198025,0.979768,50.00,False
106.072802,6.543832,71.960517,-0.028985,0.198025,0.979768,50.00,False
110.079194,6.066049,71.978319,-0.027707,0.179713,0.983329,200.00,True
110.079194,6.066049,71.978319,-0.027707,0.179713,0.983329,50.00,False
110.118057,6.109552,69.375155,-0.019934,0.188414,0.981887,50.00,False
110.106230,6.546591,66.773159,-0.022300,0.194344,0.980680,50.00,False
110.106230,6.546591,64.177202,-0.022300,0.194344,0.980680,50.00,False
110.080675,6.691172,61.549712,-0.027411,0.223261,0.974373,50.00,False
110.050999,6.926848,58.892745,-0.033346,0.270396,0.962172,50.00,False
110.126966,7.970436,56.238522,-0.018152,0.310137,0.950518,50.00,False
110.068462,8.037838,53.618557,-0.029853,0.323618,0.945717,50.00,False
110.113929,8.302236,50.969191,-0.020760,0.353947,0.935035,50.00,False
110.116653,8.501680,48.292851,-0.020215,0.393836,0.918959,50.00,False
110.111866,8.560190,45.671266,-0.021172,0.405538,0.913833,50.00,False
110.251901,10.317842,42.854076,0.006835,0.493733,0.869587,50.00,False
110.292959,11.379578,40.011210,0.015046,0.571872,0.820205,50.00,False
110.240697,11.532756,37.304729,0.004594,0.602507,0.798100,50.00,False
110.048698,14.040816,34.227906,-0.033806,0.711446,0.701927,50.00,False
110.193799,14.697783,30.895787,-0.004786,0.832040,0.554695,50.00,False
110.262036,17.401077,27.463427,0.008861,0.921863,0.387414,50.00,False
110.221313,18.651067,24.347909,0.000717,0.958971,0.283502,50.00,False
110.274860,19.007410,21.166416,0.011426,0.985993,0.166395,50.00,False
110.236237,19.854222,18.380104,0.003702,0.991725,0.128324,50.00,False
110.216466,20.141626,15.731714,-0.000252,0.993033,0.117838,50.00,False
110.270598,20.247835,13.136779,0.010574,0.992952,0.118042,50.00,False
110.255273,20.324210,10.559313,0.007509,0.992534,0.121741,50.00,False
110.200537,20.368272,7.752993,-0.003438,0.996816,0.079668,50.00,False
110.162497,20.391782,4.838699,-0.011046,0.999811,0.016001,50.00,False
110.187886,20.425506,2.109868,-0.005968,0.999926,-0.010574,50.00,False
110.222036,20.421367,-0.645434,0.000862,0.999099,-0.042443,50.00,False
110.141568,20.376877,-3.419632,-0.015232,0.996830,-0.078091,50.00,False
110.161357,20.364815,-6.061299,-0.011274,0.996124,-0.087233,50.00,False
110.163988,20.360215,-8.707234,-0.010748,0.995204,-0.097228,50.00,False
110.134326,19.963796,-11.371108,-0.016681,0.993701,-0.110812,50.00,False
110.218958,19.445898,-14.079369,0.000246,0.991079,-0.133272,50.00,False
110.190084,18.641156,-16.952901,-0.005529,0.982002,-0.188787,50.00,False
110.239112,16.475459,-19.812058,0.004277,0.970409,-0.241427,50.00,False
109.933437,15.209407,-23.705884,-0.056858,0.863577,-0.501001,50.00,False
109.670614,12.900781,-27.326352,-0.109423,0.699805,-0.705903,50.00,False
110.038855,11.705117,-30.797181,-0.035775,0.471991,-0.880877,50.00,False
110.053803,10.348025,-33.560796,-0.032785,0.403462,-0.914409,50.00,False
110.103594,10.271443,-36.191285,-0.022827,0.388146,-0.921315,50.00,False
110.086589,10.125937,-38.845426,-0.026228,0.359044,-0.932952,50.00,False
110.039621,10.023795,-41.477874,-0.035621,0.338616,-0.940250,50.00,False
110.039621,10.023795,-44.073832,-0.035621,0.338616,-0.940250,50.00,False
110.075569,8.986389,-46.784169,-0.028432,0.267544,-0.963126,50.00,False
110.075569,8.986389,-49.380126,-0.028432,0.267544,-0.963126,50.00,False
110.135167,8.987199,-51.977249,-0.016512,0.267706,-0.963359,50.00,False
110.135167,8.987199,-54.573207,-0.016512,0.267706,-0.963359,50.00,False
110.159779,8.497035,-57.211752,-0.011590,0.235205,-0.971877,50.00,False
110.103488,8.002867,-59.812394,-0.022848,0.230460,-0.972814,50.00,False
110.036279,7.982923,-62.410992,-0.036290,0.226471,-0.973342,50.00,False
110.036279,7.982923,-65.006949,-0.036290,0.226471,-0.973342,50.00,False
109.981786,7.598451,-67.610184,-0.047188,0.218046,-0.974797,50.00,False
109.981786,7.598451,-70.206141,-0.047188,0.218046,-0.974797,50.00,False
110.004978,7.551468,-72.813436,-0.042550,0.208649,-0.977064,50.00,False
110.004978,7.551468,-75.409393,-0.042550,0.208649,-0.977064,50.00,False
110.003661,7.502801,-78.015433,-0.042813,0.198916,-0.979081,50.00,False
109.999617,7.429353,-80.625563,-0.043622,0.184226,-0.981915,50.00,False
109.999617,7.429353,-83.221520,-0.043622,0.184226,-0.981915,50.00,False
109.999617,7.406647,-85.817478,-0.043622,0.184226,-0.981915,50.00,False
110.038956,6.907095,-88.425841,-0.035754,0.172294,-0.984396,50.00,False
110.040003,6.688141,-91.055175,-0.035545,0.128503,-0.991072,50.00,False
113.977478,6.996013,-91.067881,-0.048050,0.102099,-0.993613,200.00,True
113.977478,6.996013,-91.067881,-0.048050,0.102099,-0.993613,50.00,False
113.977478,6.996013,-88.471924,-0.048050,0.102099,-0.993613,50.00,False
113.977478,7.018720,-85.875966,-0.048050,0.102099,-0.993613,50.00,False
113.977478,7.018720,-83.280009,-0.048050,0.102099,-0.993613,50.00,False
113.977478,7.018720,-80.684051,-0.048050,0.102099,-0.993613,50.00,False
113.962646,7.046825,-78.084385,-0.051017,0.107720,-0.992871,50.00,False
113.962646,7.046825,-75.488428,-0.051017,0.107720,-0.992871,50.00,False
113.953059,8.098068,-72.860266,-0.052934,0.155412,-0.986431,50.00,False
113.953059,8.098068,-70.264309,-0.052934,0.155412,-0.986431,50.00,False
113.934386,8.312978,-67.628613,-0.056668,0.198394,-0.978483,50.00,False
113.934386,8.312978,-65.032655,-0.056668,0.198394,-0.978483,50.00,False
113.940878,8.723980,-62.419431,-0.055370,0.215062,-0.975029,50.00,False
113.908906,8.677530,-59.831570,-0.061764,0.205772,-0.976649,50.00,False
113.868993,8.783090,-57.209474,-0.069747,0.226884,-0.971421,50.00,False
113.868993,8.783090,-54.613516,-0.069747,0.226884,-0.971421,50.00,False
113.868993,8.783090,-52.017559,-0.069747,0.226884,-0.971421,50.00,False
113.920291,8.889503,-49.398941,-0.059488,0.248167,-0.966889,50.00,False
114.064527,9.275258,-46.694080,-0.030640,0.325318,-0.945108,50.00,False
114.097457,9.271703,-44.100297,-0.024054,0.324607,-0.945543,50.00,False
114.121938,9.690371,-41.496597,-0.019158,0.329404,-0.943995,50.00,False
114.082602,10.132667,-38.842716,-0.027025,0.360390,-0.932410,50.00,False
114.063362,10.260105,-36.194874,-0.030873,0.385878,-0.922033,50.00,False
113.942314,11.755555,-33.360726,-0.055083,0.482078,-0.874395,50.00,False
114.095055,12.457470,-30.348493,-0.024535,0.611143,-0.791140,50.00,False
113.920381,13.131666,-27.113361,-0.059470,0.745983,-0.663305,50.00,False
114.054335,14.129963,-23.810654,-0.032679,0.852347,-0.521955,50.00,False
114.353441,15.594423,-20.297350,0.027142,0.940580,-0.338486,50.00,False
114.197854,18.568422,-16.962225,-0.003975,0.981650,-0.190652,50.00,False
114.160587,19.667979,-14.088402,-0.011428,0.990769,-0.135079,50.00,False
114.146046,19.966368,-11.349248,-0.014336,0.994216,-0.106440,50.00,False
114.143369,20.359778,-8.708993,-0.014872,0.995117,-0.097580,50.00,False
114.149639,20.410072,-6.016459,-0.013618,0.996840,-0.078265,50.00,False
114.156580,20.410959,-3.410209,-0.012230,0.997017,-0.076206,50.00,False
114.130603,20.420264,-0.653408,-0.017425,0.998878,-0.044038,50.00,False
114.173489,20.425418,2.111754,-0.008848,0.999909,-0.010197,50.00,False
114.160578,20.423924,4.886105,-0.011430,0.999610,0.025482,50.00,False
114.119055,20.418787,7.601799,-0.019735,0.998583,0.049429,50.00,False
114.019326,20.357283,10.561450,-0.039681,0.991716,0.122168,50.00,False
114.110981,20.317186,13.244766,-0.021349,0.989972,0.139640,50.00,False
114.177649,20.326310,15.780383,-0.008016,0.991797,0.127571,50.00,False
114.240731,19.859429,18.338342,0.004601,0.992767,0.119972,50.00,False
114.253776,18.962404,21.237842,0.007210,0.983515,0.180680,50.00,False
114.274455,18.685339,24.159071,0.011345,0.969271,0.245735,50.00,False
114.353617,17.503057,27.330228,0.027178,0.932257,0.360775,50.00,False
114.519294,16.097852,30.781660,0.060313,0.844676,0.531869,50.00,False
114.265620,14.243658,34.074266,0.009578,0.741215,0.671199,50.00,False
114.227863,13.809254,37.095241,0.002027,0.654334,0.756203,50.00,False
114.227494,12.600640,39.933114,0.001953,0.593833,0.804586,50.00,False
114.229794,10.267000,42.882669,0.002413,0.483565,0.875305,50.00,False
114.264605,8.621636,45.685759,0.009375,0.399393,0.916732,50.00,False
114.264605,8.621636,48.281717,0.009375,0.399393,0.916732,50.00,False
114.209564,8.445909,50.950518,-0.001633,0.364248,0.931301,50.00,False
114.209564,8.445909,53.546476,-0.001633,0.364248,0.931301,50.00,False
114.217101,7.088266,56.290833,-0.000125,0.276616,0.960981,50.00,False
114.217101,7.088266,58.886791,-0.000125,0.276616,0.960981,50.00,False
114.118078,6.219889,61.564819,-0.019930,0.210481,0.977395,50.00,False
114.101760,6.073607,64.189637,-0.023194,0.181232,0.983167,50.00,False
114.101760,6.073607,66.785594,-0.023194,0.181232,0.983167,50.00,False
114.101760,6.073607,69.381552,-0.023194,0.181232,0.983167,50.00,False
114.107282,4.929081,71.976592,-0.022089,0.182362,0.982983,50.00,False
118.048846,4.861781,71.973546,-0.033776,0.183847,0.982374,200.00,True
118.048846,4.861781,71.973546,-0.033776,0.183847,0.982374,50.00,False
118.050163,5.978401,69.367426,-0.033513,0.194440,0.980342,50.00,False
118.050943,5.975275,66.772114,-0.033357,0.193815,0.980471,50.00,False
118.050943,6.136524,64.176156,-0.033357,0.193815,0.980471,50.00,False
118.104614,6.947031,61.519852,-0.022623,0.248369,0.968401,50.00,False
118.142431,7.007934,58.908603,-0.015059,0.260549,0.965343,50.00,False
118.097556,7.268803,56.233631,-0.024035,0.312723,0.949540,50.00,False
118.151592,7.517407,53.549532,-0.013227,0.362444,0.931912,50.00,False
118.066307,8.717385,50.832475,-0.030284,0.418543,0.907692,50.00,False
118.042782,8.826320,48.183828,-0.034989,0.440330,0.897154,50.00,False
118.065738,9.812523,45.479681,-0.030398,0.482232,0.875516,50.00,False
118.143498,9.909379,42.830996,-0.014846,0.501603,0.864971,50.00,False
118.128897,11.831022,40.007948,-0.017766,0.572729,0.819552,50.00,False
118.228320,12.473994,37.327862,0.002118,0.596343,0.802727,50.00,False
118.238573,14.204429,34.074333,0.004169,0.741253,0.671213,50.00,False
118.358662,14.908348,30.963658,0.028187,0.822360,0.568269,50.00,False
118.384772,17.686615,27.301710,0.033409,0.934242,0.355071,50.00,False
118.333014,18.576833,24.290568,0.023057,0.962011,0.272034,50.00,False
118.185947,19.256072,21.136078,-0.006356,0.987043,0.160328,50.00,False
118.203521,20.148725,18.493519,-0.002841,0.988529,0.151007,50.00,False
118.137967,20.305790,15.920474,-0.015952,0.987693,0.155590,50.00,False
118.068719,20.346306,13.289502,-0.029802,0.988450,0.148587,50.00,False
118.113274,20.446000,10.552908,-0.020891,0.992498,0.120459,50.00,False
118.121716,20.468942,7.723754,-0.019202,0.997087,0.073820,50.00,False
118.132140,20.483069,4.792720,-0.017118,0.999830,0.006805,50.00,False
118.182858,20.490618,2.088940,-0.006974,0.999867,-0.014760,50.00,False
118.160612,20.485423,-0.668410,-0.011423,0.998828,-0.047038,50.00,False
118.175612,20.477455,-3.398409,-0.008423,0.997234,-0.073846,50.00,False
118.149717,20.470436,-5.985692,-0.013602,0.997304,-0.072112,50.00,False
118.124619,20.404062,-8.678231,-0.018622,0.995638,-0.091428,50.00,False
118.072506,20.116600,-11.369972,-0.029045,0.993442,-0.110585,50.00,False
118.082270,19.668367,-14.074241,-0.027092,0.990847,-0.132247,50.00,False
118.140709,18.954198,-17.039245,-0.015404,0.978419,-0.206056,50.00,False
118.162199,17.051125,-19.930559,-0.011106,0.964149,-0.265127,50.00,False
118.264084,14.456464,-23.551797,0.009271,0.882520,-0.470184,50.00,False
118.218510,13.980468,-26.879554,0.000156,0.787321,-0.616543,50.00,False
118.194044,13.492934,-30.012650,-0.004737,0.689814,-0.723971,50.00,False
118.186261,10.539000,-33.535191,-0.006293,0.416120,-0.909288,50.00,False
118.087660,10.216148,-36.263747,-0.026014,0.351550,-0.935808,50.00,False
118.087660,10.216148,-38.859705,-0.026014,0.351550,-0.935808,50.00,False
118.032505,10.129797,-41.485352,-0.037045,0.334280,-0.941746,50.00,False
118.032505,10.129797,-44.081309,-0.037045,0.334280,-0.941746,50.00,False
118.069964,10.016082,-46.717411,-0.029553,0.311537,-0.949774,50.00,False
118.117963,9.548594,-49.331496,-0.019953,0.301049,-0.953400,50.00,False
118.068097,9.184539,-52.026181,-0.029926,0.228238,-0.973145,50.00,False
117.973114,7.472798,-54.651862,-0.048923,0.197456,-0.979090,50.00,False
118.018484,7.316731,-57.278765,-0.039849,0.166243,-0.985279,50.00,False
117.994944,7.263187,-59.882452,-0.044557,0.155534,-0.986825,50.00,False
117.994944,7.263187,-62.478409,-0.044557,0.155534,-0.986825,50.00,False
117.988135,7.032734,-65.104900,-0.045919,0.109443,-0.992932,50.00,False
117.951094,7.031135,-67.699182,-0.053327,0.109124,-0.992597,50.00,False
117.951094,7.031135,-70.295140,-0.053327,0.109124,-0.992597,50.00,False
117.922459,6.842526,-72.906603,-0.059054,0.071402,-0.995698,50.00,False
117.922459,6.481103,-75.502561,-0.059054,0.071402,-0.995698,50.00,False
117.922459,6.481103,-78.098518,-0.059054,0.071402,-0.995698,50.00,False
117.922459,6.481103,-80.694476,-0.059054,0.071402,-0.995698,50.00,False
117.934103,6.319204,-83.300078,-0.056725,0.039022,-0.997627,50.00,False
117.934103,6.319204,-85.896036,-0.056725,0.039022,-0.997627,50.00,False
118.001289,6.199855,-88.498597,-0.043288,0.015152,-0.998948,50.00,False
118.001289,6.199855,-91.094554,-0.043288,0.015152,-0.998948,50.00,False
122.349892,6.750770,-81.107228,0.026433,0.047582,0.998518,200.00,True
122.349892,6.750770,-81.107228,0.026433,0.047582,0.998518,50.00,False
122.073366,6.853165,-88.490175,-0.028873,0.068060,-0.997263,50.00,False
122.073366,6.853165,-85.894218,-0.028873,0.068060,-0.997263,50.00,False
122.073366,6.853165,-83.298260,-0.028873,0.068060,-0.997263,50.00,False
122.073366,6.853165,-80.702303,-0.028873,0.068060,-0.997263,50.00,False
122.068122,8.076839,-78.053510,-0.029921,0.159797,-0.986696,50.00,False
122.068122,8.076839,-75.457553,-0.029921,0.159797,-0.986696,50.00,False
122.068122,8.076839,-72.861595,-0.029921,0.159797,-0.986696,50.00,False
122.068122,8.076839,-70.265638,-0.029921,0.159797,-0.986696,50.00,False
122.105698,8.291162,-67.631161,-0.022406,0.202661,-0.978993,50.00,False
122.090626,8.509826,-64.984423,-0.025420,0.246394,-0.968836,50.00,False
122.090626,8.824583,-62.388465,-0.025420,0.246394,-0.968836,50.00,False
122.050012,9.076198,-59.720207,-0.033543,0.296717,-0.954376,50.00,False
122.073219,9.547043,-57.118712,-0.028902,0.300739,-0.953269,50.00,False
122.035195,9.571297,-54.513728,-0.036507,0.305589,-0.951463,50.00,False
122.035195,9.571297,-51.917770,-0.036507,0.305589,-0.951463,50.00,False
122.035195,9.986346,-49.321813,-0.036507,0.305589,-0.951463,50.00,False
122.055295,10.002008,-46.721526,-0.032487,0.308722,-0.950597,50.00,False
122.055295,10.002008,-44.125568,-0.032487,0.308722,-0.950597,50.00,False
122.087317,10.009084,-41.528294,-0.026082,0.310137,-0.950334,50.00,False
122.039207,10.250832,-38.844926,-0.035704,0.358487,-0.932852,50.00,False
122.075292,10.360367,-36.206638,-0.028487,0.380394,-0.924386,50.00,False
122.195695,10.519950,-33.543916,-0.004407,0.412310,-0.911033,50.00,False
122.258523,13.328625,-30.113297,0.008159,0.668018,-0.744101,50.00,False
122.289241,13.816455,-27.012722,0.014303,0.765584,-0.643177,50.00,False
122.062207,15.688380,-23.346880,-0.031104,0.902674,-0.429200,50.00,False
122.150124,17.548479,-19.799871,-0.013521,0.970928,-0.238990,50.00,False
122.149696,19.047630,-16.950396,-0.013607,0.982020,-0.188286,50.00,False
122.102945,19.835705,-14.119052,-0.022957,0.989714,-0.141209,50.00,False
122.048111,20.264590,-11.297588,-0.033923,0.994793,-0.096108,50.00,False
122.063497,20.471010,-8.643636,-0.030846,0.995945,-0.084509,50.00,False
122.128724,20.478469,-5.971640,-0.017801,0.997437,-0.069301,50.00,False
122.128783,20.479403,-3.361990,-0.017789,0.997624,-0.066563,50.00,False
122.187385,20.526635,-0.682101,-0.006069,0.998742,-0.049776,50.00,False
122.154882,20.531491,2.060794,-0.012569,0.999713,-0.020389,50.00,False
122.163586,20.527063,4.740379,-0.010829,0.999935,-0.003663,50.00,False
122.085254,20.512988,7.709981,-0.026495,0.997120,0.071066,50.00,False
122.164560,20.470444,10.563044,-0.010634,0.992413,0.122487,50.00,False
122.143757,20.420682,13.333235,-0.014794,0.987435,0.157333,50.00,False
122.259057,20.409085,16.001004,0.008266,0.985115,0.171696,50.00,False
122.277828,19.603447,18.484551,0.012020,0.988732,0.149214,50.00,False
122.342355,19.158957,21.285506,0.024925,0.981426,0.190213,50.00,False
122.269954,18.512966,24.345265,0.010445,0.959071,0.282973,50.00,False
122.167452,17.671417,27.348174,-0.010055,0.931202,0.364364,50.00,False
122.564648,15.556233,30.902975,0.069384,0.828192,0.556132,50.00,False
122.390625,14.444730,34.133073,0.034579,0.729636,0.682961,50.00,False
122.282877,13.255566,37.057572,0.013030,0.662816,0.748669,50.00,False
122.226724,12.043071,39.852271,0.001799,0.615138,0.788417,50.00,False
122.182992,10.050550,42.746497,-0.006947,0.529837,0.848071,50.00,False
122.212075,9.818802,45.478852,-0.001131,0.483488,0.875350,50.00,False
122.281742,9.512426,48.230090,0.012803,0.422212,0.906407,50.00,False
122.351113,8.375687,50.917939,0.026677,0.379554,0.924785,50.00,False
122.318875,8.224373,53.573952,0.020229,0.349291,0.936796,50.00,False
122.188563,7.345392,56.209158,-0.005833,0.328041,0.944646,50.00,False
122.157459,6.912840,58.894945,-0.012054,0.270618,0.962611,50.00,False
122.113118,6.721838,61.539801,-0.020922,0.232417,0.972391,50.00,False
122.098969,6.493740,64.135821,-0.023752,0.232093,0.972404,50.00,False
122.092920,6.482846,66.734214,-0.024962,0.229914,0.972891,50.00,False
122.095258,6.331691,69.336087,-0.024494,0.224900,0.974074,50.00,False
122.063603,5.100162,71.962727,-0.030825,0.195544,0.980210,50.00,False
126.065206,5.110666,71.960670,-0.030504,0.197645,0.979799,200.00,True
126.065206,5.110666,71.960670,-0.030504,0.197645,0.979799,50.00,False
126.065206,5.110666,69.364712,-0.030504,0.197645,0.979799,50.00,False
126.063995,5.249317,66.738694,-0.030747,0.225375,0.973787,50.00,False
126.068940,6.456167,64.143810,-0.029758,0.224578,0.974002,50.00,False
126.108066,6.810815,61.517557,-0.021932,0.250213,0.967942,50.00,False
126.108066,6.810815,58.921600,-0.021932,0.250213,0.967942,50.00,False
126.108066,6.810815,56.325642,-0.021932,0.250213,0.967942,50.00,False
126.096698,8.117918,53.611810,-0.024206,0.328000,0.944367,50.00,False
126.198007,8.406548,50.907039,-0.003944,0.385726,0.922605,50.00,False
126.340477,9.555866,48.192691,0.024550,0.437411,0.898927,50.00,False
126.375650,9.617881,45.564919,0.031584,0.449814,0.892564,50.00,False
126.244535,10.868378,42.672512,0.005361,0.552834,0.833274,50.00,False
126.252100,11.165583,39.863258,0.006874,0.612276,0.790615,50.00,False
126.201233,13.294354,37.023406,-0.003299,0.670574,0.741836,50.00,False
126.191245,13.924569,34.097037,-0.005297,0.737109,0.675753,50.00,False
126.315391,16.157953,30.743065,0.019533,0.851402,0.524150,50.00,False
126.282604,17.422131,27.313426,0.012975,0.933856,0.357414,50.00,False
126.309451,18.361647,24.381043,0.018344,0.956812,0.290129,50.00,False
126.307469,19.281339,21.384527,0.017948,0.977533,0.210017,50.00,False
126.222211,19.642516,18.646843,0.000897,0.983359,0.181672,50.00,False
126.134639,20.394694,16.077057,-0.016618,0.982237,0.186906,50.00,False
126.202438,20.499533,13.364902,-0.003058,0.986511,0.163667,50.00,False
126.176436,20.526084,10.587451,-0.008259,0.991821,0.127368,50.00,False
126.195774,20.556984,7.669862,-0.004391,0.998001,0.063042,50.00,False
126.159125,20.566570,4.784006,-0.011721,0.999918,0.005062,50.00,False
126.169556,20.569050,2.064385,-0.009634,0.999760,-0.019671,50.00,False
126.183929,20.564259,-0.675556,-0.006760,0.998802,-0.048467,50.00,False
126.162887,20.561995,-3.311078,-0.010968,0.998349,-0.056380,50.00,False
126.132514,20.555368,-5.983094,-0.017043,0.997288,-0.071592,50.00,False
126.071423,20.474160,-8.607808,-0.029261,0.996575,-0.077343,50.00,False
126.015329,20.255727,-11.370951,-0.040480,0.993020,-0.110780,50.00,False
126.142776,19.834288,-14.134167,-0.014991,0.989430,-0.144232,50.00,False
126.118382,18.546141,-17.001611,-0.019869,0.979894,-0.198529,50.00,False
126.135212,17.501095,-19.977322,-0.016503,0.961451,-0.274480,50.00,False
126.053025,15.661719,-23.527060,-0.032941,0.884573,-0.465236,50.00,False
125.926070,13.678703,-27.158027,-0.058332,0.738033,-0.672238,50.00,False
126.170498,12.189533,-30.269092,-0.009446,0.631572,-0.775260,50.00,False
126.065572,11.345091,-33.418756,-0.030431,0.462684,-0.886001,50.00,False
126.112993,11.199201,-36.089246,-0.020947,0.433506,-0.900907,50.00,False
126.096607,10.841326,-38.840118,-0.024224,0.361931,-0.931890,50.00,False
126.081160,10.804241,-41.449883,-0.027314,0.354514,-0.934652,50.00,False
126.069682,10.702565,-44.082805,-0.029609,0.334178,-0.942045,50.00,False
126.048286,9.271628,-46.675151,-0.033888,0.335803,-0.941322,50.00,False
126.087099,9.058681,-49.342946,-0.026126,0.293213,-0.955690,50.00,False
126.118854,8.906524,-51.983716,-0.019775,0.262782,-0.964653,50.00,False
126.118854,8.906524,-54.579674,-0.019775,0.262782,-0.964653,50.00,False
126.069554,8.795818,-57.203177,-0.029635,0.240641,-0.970162,50.00,False
126.069554,8.795818,-59.799135,-0.029635,0.240641,-0.970162,50.00,False
126.123101,8.589728,-62.442937,-0.018926,0.199423,-0.979731,50.00,False
126.123101,8.589728,-65.038895,-0.018926,0.199423,-0.979731,50.00,False
126.123101,8.589728,-67.634852,-0.018926,0.199423,-0.979731,50.00,False
126.048992,8.540906,-70.238506,-0.033747,0.189659,-0.981270,50.00,False
126.048992,8.540906,-72.834463,-0.033747,0.189659,-0.981270,50.00,False
126.078047,8.058042,-75.460851,-0.027936,0.156037,-0.987356,50.00,False
126.078047,8.058042,-78.056809,-0.027936,0.156037,-0.987356,50.00,False
126.078047,7.293048,-80.652766,-0.027936,0.156037,-0.987356,50.00,False
126.109525,7.085889,-83.277820,-0.021641,0.114605,-0.993175,50.00,False
126.109525,7.085889,-85.873778,-0.021641,0.114605,-0.993175,50.00,False
126.109525,7.085889,-88.469735,-0.021641,0.114605,-0.993175,50.00,False
126.109525,7.085889,-91.065693,-0.021641,0.114605,-0.993175,50.00,False
130.061092,7.270028,-91.039671,-0.031327,0.151433,-0.987971,200.00,True
130.061092,7.270028,-91.039671,-0.031327,0.151433,-0.987971,50.00,False
130.061092,7.270028,-88.443713,-0.031327,0.151433,-0.987971,50.00,False
130.087576,8.274781,-85.830111,-0.026031,0.173771,-0.984442,50.00,False
130.087576,8.274781,-83.234153,-0.026031,0.173771,-0.984442,50.00,False
130.087576,8.274781,-80.638196,-0.026031,0.173771,-0.984442,50.00,False
130.087576,8.274781,-78.042238,-0.026031,0.173771,-0.984442,50.00,False
130.087576,8.274781,-75.446281,-0.026031,0.173771,-0.984442,50.00,False
130.148000,8.349232,-72.837829,-0.013946,0.188661,-0.981943,50.00,False
130.148000,8.349232,-70.241872,-0.013946,0.188661,-0.981943,50.00,False
130.148000,8.349232,-67.645915,-0.013946,0.188661,-0.981943,50.00,False
130.148000,8.535920,-65.049957,-0.013946,0.188661,-0.981943,50.00,False
130.069808,8.634802,-62.432224,-0.029584,0.208438,-0.977588,50.00,False
130.069808,8.634802,-59.836267,-0.029584,0.208438,-0.977588,50.00,False
129.992704,8.713752,-57.219854,-0.045005,0.224228,-0.973497,50.00,False
129.875761,8.765126,-54.604944,-0.068393,0.234503,-0.969707,50.00,False
129.925234,9.011797,-51.945886,-0.058499,0.283837,-0.957087,50.00,False
129.925234,9.011797,-49.349929,-0.058499,0.283837,-0.957087,50.00,False
129.903486,9.055442,-46.739428,-0.062849,0.292566,-0.954178,50.00,False
129.989174,9.133975,-44.123578,-0.045711,0.308272,-0.950199,50.00,False
130.100764,9.478575,-41.405821,-0.023393,0.377192,-0.925839,50.00,False
130.105760,11.013981,-38.769557,-0.022394,0.396462,-0.917778,50.00,False
130.027365,11.147172,-36.111123,-0.038073,0.423100,-0.905283,50.00,False
129.958511,11.518716,-33.318581,-0.051843,0.497409,-0.865966,50.00,False
129.918256,11.877791,-30.492786,-0.059894,0.569224,-0.819998,50.00,False
129.564898,14.249975,-26.935519,-0.130566,0.767398,-0.627737,50.00,False
130.199692,15.967914,-23.159273,-0.003607,0.920095,-0.391679,50.00,False
130.236303,16.896195,-20.293041,0.003715,0.941274,-0.337624,50.00,False
130.114118,18.695542,-17.145797,-0.020722,0.973589,-0.227367,50.00,False
130.119529,19.935657,-14.260155,-0.019640,0.985347,-0.169430,50.00,False
130.103223,20.250483,-11.516873,-0.022901,0.989892,-0.139965,50.00,False
130.131060,20.554046,-8.596678,-0.017334,0.997024,-0.075117,50.00,False
130.134089,20.560837,-5.920165,-0.016728,0.998117,-0.059006,50.00,False
130.138867,20.580117,-3.276816,-0.015772,0.998648,-0.049528,50.00,False
130.140539,20.583357,-0.604160,-0.015438,0.999296,-0.034188,50.00,False
130.160235,20.621585,2.110997,-0.011499,0.999880,-0.010348,50.00,False
130.157024,20.621808,4.750660,-0.012141,0.999925,-0.001607,50.00,False
130.163303,20.617880,7.554787,-0.010885,0.999139,0.040027,50.00,False
130.083101,20.574407,10.561218,-0.026926,0.992150,0.122121,50.00,False
130.091813,20.491650,13.401990,-0.025183,0.984934,0.171084,50.00,False
130.100267,20.459974,16.164677,-0.023492,0.978599,0.204430,50.00,False
130.163667,20.016326,18.764900,-0.010812,0.978643,0.205283,50.00,False
130.249181,18.989119,21.453602,0.006291,0.974607,0.223832,50.00,False
130.343431,18.197206,24.515727,0.025140,0.948070,0.317066,50.00,False
130.334522,17.423775,27.306477,0.023359,0.934185,0.356024,50.00,False
130.188784,15.505990,30.835679,-0.005789,0.839924,0.542673,50.00,False
130.048387,14.591654,33.819938,-0.033868,0.783607,0.620333,50.00,False
130.223339,11.341236,37.124950,0.001122,0.647406,0.762144,50.00,False
130.233338,11.233416,39.809903,0.003122,0.625842,0.779943,50.00,False
130.243840,10.654043,42.614651,0.005222,0.569894,0.821702,50.00,False
130.283510,9.880698,45.424843,0.013156,0.502377,0.864548,50.00,False
130.116673,8.582939,48.232225,-0.020211,0.421004,0.906833,50.00,False
130.038668,7.847760,50.921127,-0.035812,0.377241,0.925422,50.00,False
129.999314,7.649259,53.591456,-0.043683,0.337541,0.940297,50.00,False
130.067605,7.329546,56.292807,-0.030025,0.273598,0.961375,50.00,False
130.067605,7.135387,58.888764,-0.030025,0.273598,0.961375,50.00,False
130.005764,7.042306,61.507925,-0.042393,0.254982,0.966016,50.00,False
130.055967,6.758293,64.125331,-0.032352,0.239708,0.970306,50.00,False
130.072518,5.099546,66.771207,-0.029042,0.195421,0.980289,50.00,False
130.072518,5.099546,69.367164,-0.029042,0.195421,0.980289,50.00,False
130.072518,5.099546,71.963122,-0.029042,0.195421,0.980289,50.00,False
134.089351,5.740957,71.963920,-0.025675,0.195091,0.980449,200.00,True
134.089351,5.740957,71.963920,-0.025675,0.195091,0.980449,50.00,False
134.089351,5.740957,69.367963,-0.025675,0.195091,0.980449,50.00,False
134.116437,5.898852,66.738565,-0.020258,0.226670,0.973761,50.00,False
134.116437,5.898852,64.142607,-0.020258,0.226670,0.973761,50.00,False
134.132168,6.624353,61.503024,-0.017112,0.261559,0.965036,50.00,False
134.153238,7.250878,58.912362,-0.012898,0.257865,0.966095,50.00,False
134.172407,7.655632,56.248713,-0.009064,0.304227,0.952557,50.00,False
134.200351,7.909761,53.564172,-0.003475,0.355053,0.934840,50.00,False
134.221058,8.067525,50.905240,0.000666,0.386605,0.922245,50.00,False
134.094074,10.008490,48.019861,-0.024731,0.502264,0.864361,50.00,False
134.100380,10.182644,45.318077,-0.023470,0.537095,0.843195,50.00,False
134.135405,10.682081,42.594317,-0.016465,0.575502,0.817635,50.00,False
134.208355,11.209427,39.829051,-0.001875,0.621044,0.783773,50.00,False
134.163814,12.553479,37.106746,-0.010783,0.651580,0.758504,50.00,False
134.078012,14.217919,33.790162,-0.027943,0.788517,0.614378,50.00,False
134.145055,15.561551,30.746842,-0.014535,0.851036,0.524906,50.00,False
134.345913,17.076269,27.436235,0.025637,0.923817,0.381976,50.00,False
134.310922,18.166514,24.606830,0.018639,0.941932,0.335286,50.00,False
134.255561,18.937019,21.660009,0.007566,0.964187,0.265114,50.00,False
134.155545,19.879520,18.843962,-0.012437,0.975173,0.221096,50.00,False
134.137814,20.458459,16.175497,-0.015983,0.978296,0.206594,50.00,False
134.176902,20.556709,13.352044,-0.008165,0.986905,0.161095,50.00,False
134.179603,20.603363,10.382342,-0.007625,0.996236,0.086346,50.00,False
134.162586,20.620375,7.477307,-0.011029,0.999638,0.024531,50.00,False
134.157917,20.623402,4.745555,-0.011962,0.999925,-0.002628,50.00,False
134.162345,20.623049,2.097862,-0.011077,0.999854,-0.012975,50.00,False
134.173007,20.621459,-0.578724,-0.008944,0.999536,-0.029101,50.00,False
134.159069,20.618536,-3.250408,-0.011732,0.998952,-0.044246,50.00,False
134.126633,20.616369,-5.881494,-0.018219,0.998519,-0.051272,50.00,False
134.107286,20.557504,-8.560346,-0.022088,0.997451,-0.067851,50.00,False
134.145507,20.293462,-11.435469,-0.014444,0.992217,-0.123684,50.00,False
134.168634,20.035134,-14.252711,-0.009819,0.985748,-0.167941,50.00,False
134.141689,19.067966,-16.979128,-0.015208,0.980877,-0.194033,50.00,False
134.124650,16.593007,-20.233256,-0.018616,0.945301,-0.325667,50.00,False
134.104528,16.154146,-23.092793,-0.022640,0.925372,-0.378383,50.00,False
134.424474,14.731904,-26.457626,0.041349,0.845635,-0.532158,50.00,False
134.177260,13.411813,-30.285873,-0.008094,0.627449,-0.778616,50.00,False
133.963170,13.119999,-33.092254,-0.050912,0.569086,-0.820701,50.00,False
133.960943,12.107963,-36.073442,-0.051357,0.437508,-0.897747,50.00,False
134.066285,11.856721,-38.788031,-0.030289,0.387260,-0.921473,50.00,False
134.114724,9.635232,-41.442304,-0.020601,0.358933,-0.933136,50.00,False
134.108613,9.628016,-44.040892,-0.021823,0.357490,-0.933662,50.00,False
134.108613,9.628016,-46.636849,-0.021823,0.357490,-0.933662,50.00,False
134.108613,9.628016,-49.232806,-0.021823,0.357490,-0.933662,50.00,False
134.108613,9.628016,-51.828764,-0.021823,0.357490,-0.933662,50.00,False
134.051768,9.421308,-54.497056,-0.033192,0.316148,-0.948129,50.00,False
134.042031,9.406703,-57.097508,-0.035139,0.313227,-0.949028,50.00,False
134.070541,9.337614,-59.716679,-0.029437,0.299409,-0.953671,50.00,False
134.070541,9.337614,-62.312636,-0.029437,0.299409,-0.953671,50.00,False
133.989506,9.152622,-64.959621,-0.045645,0.262411,-0.963876,50.00,False
133.966909,8.942344,-67.606843,-0.050164,0.220356,-0.974129,50.00,False
134.009241,8.714517,-70.250768,-0.041698,0.174790,-0.983722,50.00,False
134.008559,8.468504,-72.883140,-0.041834,0.127117,-0.991005,50.00,False
134.008559,8.468504,-75.479097,-0.041834,0.127117,-0.991005,50.00,False
134.025664,7.883900,-78.093423,-0.038413,0.095595,-0.994679,50.00,False
134.025664,7.883900,-80.689380,-0.038413,0.095595,-0.994679,50.00,False
134.025664,7.421695,-83.285338,-0.038413,0.095595,-0.994679,50.00,False
134.025664,7.421695,-85.881295,-0.038413,0.095595,-0.994679,50.00,False
134.025664,7.421695,-88.477253,-0.038413,0.095595,-0.994679,50.00,False
134.025664,7.421695,-91.073210,-0.038413,0.095595,-0.994679,50.00,False
138.147093,8.314880,-91.076766,-0.014127,0.094863,-0.995390,200.00,True
138.147093,8.314880,-91.076766,-0.014127,0.094863,-0.995390,50.00,False
138.147093,8.314880,-88.480809,-0.014127,0.094863,-0.995390,50.00,False
138.147093,8.314880,-85.884852,-0.014127,0.094863,-0.995390,50.00,False
138.141866,8.639179,-83.247170,-0.015172,0.159722,-0.987045,50.00,False
138.141866,8.639179,-80.651213,-0.015172,0.159722,-0.987045,50.00,False
138.157244,8.787768,-78.029117,-0.012097,0.189440,-0.981818,50.00,False
138.128336,8.877027,-75.414650,-0.017878,0.207292,-0.978116,50.00,False
138.128336,8.877027,-72.818692,-0.017878,0.207292,-0.978116,50.00,False
138.128336,8.877027,-70.222735,-0.017878,0.207292,-0.978116,50.00,False
138.183421,9.288556,-67.521818,-0.006861,0.289598,-0.957124,50.00,False
138.183421,9.288556,-64.925860,-0.006861,0.289598,-0.957124,50.00,False
138.220366,9.323860,-62.319201,0.000527,0.296659,-0.954983,50.00,False
138.220366,9.323860,-59.723244,0.000527,0.296659,-0.954983,50.00,False
138.220366,9.323860,-57.127286,0.000527,0.296659,-0.954983,50.00,False
138.220366,9.323860,-54.531329,0.000527,0.296659,-0.954983,50.00,False
138.206998,9.347916,-51.927820,-0.002146,0.301470,-0.953473,50.00,False
138.179930,9.550868,-49.262734,-0.007560,0.342060,-0.939648,50.00,False
138.107482,11.768225,-46.624166,-0.022049,0.364032,-0.931125,50.00,False
138.107482,11.768225,-44.028209,-0.022049,0.364032,-0.931125,50.00,False
138.073674,11.793418,-41.421398,-0.028811,0.369070,-0.928955,50.00,False
138.161661,12.064492,-38.794125,-0.011213,0.385375,-0.922692,50.00,False
138.067865,12.850220,-35.782246,-0.029973,0.542521,-0.839507,50.00,False
138.186169,13.330099,-33.113148,-0.006312,0.565274,-0.824879,50.00,False
138.172615,13.713204,-30.226492,-0.009023,0.641895,-0.766740,50.00,False
138.109514,15.629484,-26.568927,-0.021643,0.831957,-0.554418,50.00,False
138.205730,16.452810,-23.192266,-0.002400,0.917262,-0.398277,50.00,False
138.137176,18.199861,-20.019776,-0.016110,0.958993,-0.282971,50.00,False
138.107447,19.058336,-17.023459,-0.022056,0.978951,-0.202899,50.00,False
138.105199,20.100406,-14.217218,-0.022506,0.986724,-0.160842,50.00,False
138.111142,20.332158,-11.334458,-0.021317,0.994403,-0.103482,50.00,False
138.148936,20.560823,-8.520170,-0.013758,0.998115,-0.059816,50.00,False
138.135938,20.617482,-5.862244,-0.016358,0.998741,-0.047422,50.00,False
138.149268,20.660821,-3.273772,-0.013692,0.998709,-0.048919,50.00,False
138.149887,20.674746,-0.608505,-0.013568,0.999293,-0.035057,50.00,False
138.153437,20.713176,2.154319,-0.012858,0.999916,-0.001684,50.00,False
138.151799,20.738958,4.746813,-0.013186,0.999910,-0.002377,50.00,False
138.234367,20.743655,7.468087,0.003328,0.999737,0.022687,50.00,False
138.287797,20.729672,10.254490,0.014014,0.998053,0.060776,50.00,False
138.176996,20.669382,13.259285,-0.008147,0.989755,0.142543,50.00,False
138.169963,20.501553,16.194287,-0.009553,0.977579,0.210352,50.00,False
138.168012,20.089538,18.982268,-0.009943,0.968515,0.248757,50.00,False
138.265935,18.787112,21.791424,0.009641,0.956554,0.291397,50.00,False
138.306553,18.145106,24.553866,0.017765,0.945652,0.324694,50.00,False
138.306598,16.699377,27.527399,0.017774,0.916252,0.400209,50.00,False
138.340321,15.655030,30.378882,0.024519,0.892028,0.451314,50.00,False
138.136638,13.804281,33.970777,-0.016218,0.759332,0.650501,50.00,False
138.201557,13.334109,37.047084,-0.003234,0.665298,0.746571,50.00,False
138.212774,12.357896,39.862678,-0.000991,0.612463,0.790498,50.00,False
138.225726,11.134128,42.480205,0.001599,0.606853,0.794813,50.00,False
138.246015,10.954225,45.207197,0.005657,0.570872,0.821019,50.00,False
138.110266,8.169599,48.263889,-0.021492,0.407020,0.913166,50.00,False
138.108125,8.058524,50.907703,-0.021921,0.384805,0.922738,50.00,False
138.087419,7.849102,53.584987,-0.026062,0.342921,0.939003,50.00,False
138.105514,6.902747,56.226333,-0.022443,0.317237,0.948081,50.00,False
138.091590,6.782948,58.860360,-0.025228,0.293278,0.955694,50.00,False
138.078711,6.596934,61.509130,-0.027803,0.256075,0.966257,50.00,False
138.100108,6.444182,64.143570,-0.023524,0.225524,0.973953,50.00,False
138.100108,5.893125,66.739527,-0.023524,0.225524,0.973953,50.00,False
138.100108,5.893125,69.335485,-0.023524,0.225524,0.973953,50.00,False
138.100108,5.706567,71.931442,-0.023524,0.225524,0.973953,50.00,False
142.071359,6.512827,71.907579,-0.029274,0.244605,0.969181,200.00,True
142.071359,6.512827,71.907579,-0.029274,0.244605,0.969181,50.00,False
142.066910,6.596562,69.289578,-0.030164,0.261352,0.964772,50.00,False
142.066910,6.623319,66.693621,-0.030164,0.261352,0.964772,50.00,False
142.066910,6.623319,64.097663,-0.030164,0.261352,0.964772,50.00,False
142.066910,6.623319,61.501706,-0.030164,0.261352,0.964772,50.00,False
142.002047,6.816451,58.846739,-0.043136,0.299978,0.952970,50.00,False
142.004536,8.677559,56.113501,-0.042639,0.376305,0.925514,50.00,False
141.953990,8.733292,53.491872,-0.052748,0.387451,0.920380,50.00,False
142.022095,8.911978,50.819997,-0.039127,0.423189,0.905196,50.00,False
142.238730,10.669032,47.999927,0.004200,0.509646,0.860374,50.00,False
142.254014,10.859133,45.285427,0.007257,0.547666,0.836665,50.00,False
142.227475,12.287002,42.481433,0.001949,0.606530,0.795058,50.00,False
142.256774,12.534194,39.840825,0.007809,0.618014,0.786128,50.00,False
142.314136,13.179020,36.998500,0.019282,0.675776,0.736854,50.00,False
142.174821,14.617357,33.776777,-0.008582,0.791042,0.611701,50.00,False
142.310134,15.901761,30.294581,0.018481,0.900505,0.434454,50.00,False
142.309291,16.946300,27.525082,0.018313,0.916443,0.399745,50.00,False
142.301027,17.832889,24.824590,0.016660,0.925313,0.378838,50.00,False
142.299085,19.068615,21.749162,0.016271,0.958998,0.282944,50.00,False
142.232433,20.048862,19.034810,0.002941,0.965802,0.259265,50.00,False
142.167108,20.629855,16.330989,-0.010124,0.971288,0.237693,50.00,False
142.026682,20.700101,13.378003,-0.038209,0.985337,0.166287,50.00,False
142.025127,20.738124,10.511491,-0.038520,0.992941,0.112176,50.00,False
142.066855,20.767987,7.532164,-0.030175,0.998914,0.035502,50.00,False
142.145192,20.772800,4.728593,-0.014507,0.999877,-0.006021,50.00,False
142.163709,20.745837,2.112127,-0.010804,0.999890,-0.010122,50.00,False
142.144834,20.736746,-0.612466,-0.014579,0.999251,-0.035849,50.00,False
142.144168,20.673152,-3.243295,-0.014712,0.998974,-0.042824,50.00,False
142.131589,20.672033,-5.859673,-0.017228,0.998751,-0.046908,50.00,False
142.143047,20.613305,-8.535778,-0.014936,0.997906,-0.062937,50.00,False
142.148247,20.428069,-11.317069,-0.013896,0.994890,-0.100004,50.00,False
142.115122,20.182831,-14.278969,-0.020521,0.984674,-0.173193,50.00,False
142.132928,19.466626,-17.112494,-0.016960,0.975193,-0.220706,50.00,False
142.291506,18.544595,-20.064149,0.014756,0.956352,-0.291846,50.00,False
142.162620,17.392454,-23.144866,-0.011022,0.921257,-0.388797,50.00,False
141.982971,16.315563,-26.162908,-0.046951,0.879695,-0.473214,50.00,False
142.123068,15.383622,-29.520010,-0.018932,0.780040,-0.625443,50.00,False
142.282082,14.435831,-32.745660,0.012871,0.659742,-0.751382,50.00,False
142.199029,13.056042,-35.963014,-0.003740,0.482912,-0.875661,50.00,False
142.209338,13.030633,-38.572920,-0.001678,0.477830,-0.878451,50.00,False
142.162008,11.965591,-41.430160,-0.011144,0.365595,-0.930707,50.00,False
142.146033,11.969762,-44.024258,-0.014339,0.366430,-0.930335,50.00,False
142.097934,11.893225,-46.648654,-0.023959,0.351122,-0.936023,50.00,False
142.097934,11.893225,-49.244612,-0.023959,0.351122,-0.936023,50.00,False
142.015056,11.634504,-51.926820,-0.040534,0.299378,-0.953273,50.00,False
142.078845,11.839847,-54.455679,-0.027777,0.340447,-0.939853,50.00,False
142.067506,11.658833,-57.112970,-0.030044,0.304244,-0.952120,50.00,False
142.137981,11.454952,-59.752430,-0.015949,0.276711,-0.960821,50.00,False
142.137981,11.454952,-62.348387,-0.015949,0.276711,-0.960821,50.00,False
142.176889,11.273783,-64.993343,-0.008168,0.240478,-0.970620,50.00,False
142.192829,8.931922,-67.615576,-0.004980,0.218271,-0.975875,50.00,False
142.221822,8.790889,-70.241012,0.000819,0.190064,-0.981771,50.00,False
142.241291,8.681264,-72.856873,0.004712,0.168139,-0.985752,50.00,False
142.241291,8.681264,-75.452831,0.004712,0.168139,-0.985752,50.00,False
142.241291,8.681264,-78.048788,0.004712,0.168139,-0.985752,50.00,False
142.241291,8.681264,-80.644746,0.004712,0.168139,-0.985752,50.00,False
142.203926,8.387330,-83.281939,-0.002761,0.109353,-0.993999,50.00,False
142.203926,8.387330,-85.877897,-0.002761,0.109353,-0.993999,50.00,False
142.203926,8.387330,-88.473854,-0.002761,0.109353,-0.993999,50.00,False
142.203926,8.387330,-91.069812,-0.002761,0.109353,-0.993999,50.00,False
146.256143,10.370415,-91.015162,0.007683,0.183073,-0.983069,200.00,True
146.256143,10.370415,-91.015162,0.007683,0.183073,-0.983069,50.00,False
146.256143,10.986761,-88.419205,0.007683,0.183073,-0.983069,50.00,False
146.256143,10.986761,-85.823247,0.007683,0.183073,-0.983069,50.00,False
146.313643,11.064652,-83.211356,0.019183,0.198651,-0.979882,50.00,False
146.313643,11.064652,-80.615398,0.019183,0.198651,-0.979882,50.00,False
146.261390,11.121333,-78.008354,0.008732,0.209988,-0.977665,50.00,False
146.261390,11.121333,-75.412396,0.008732,0.209988,-0.977665,50.00,False
146.261390,11.121333,-72.816439,0.008732,0.209988,-0.977665,50.00,False
146.179905,11.141488,-70.216158,-0.007565,0.214018,-0.976800,50.00,False
146.179905,11.141488,-67.620200,-0.007565,0.214018,-0.976800,50.00,False
146.179905,11.207707,-65.024243,-0.007565,0.214018,-0.976800,50.00,False
146.179905,11.207707,-62.428285,-0.007565,0.214018,-0.976800,50.00,False
146.179905,11.480069,-59.832328,-0.007565,0.214018,-0.976800,50.00,False
146.162410,11.794177,-57.156630,-0.011064,0.276840,-0.960852,50.00,False
146.097640,12.150352,-54.521796,-0.024018,0.301774,-0.953077,50.00,False
146.186756,12.348944,-51.859775,-0.006194,0.341492,-0.939864,50.00,False
146.197989,12.415680,-49.239091,-0.003948,0.354840,-0.934919,50.00,False
146.197989,12.911318,-46.643133,-0.003948,0.354840,-0.934919,50.00,False
146.193259,13.165475,-43.942612,-0.004894,0.405671,-0.914006,50.00,False
146.299148,13.393853,-41.241023,0.016284,0.450001,-0.892880,50.00,False
146.292229,13.624580,-38.521223,0.014900,0.496146,-0.868111,50.00,False
146.407105,14.273366,-35.729627,0.037875,0.557989,-0.828984,50.00,False
146.582876,15.393536,-32.563799,0.073029,0.695290,-0.715010,50.00,False
146.449658,16.391564,-29.403510,0.046386,0.797039,-0.602143,50.00,False
146.367244,17.422684,-26.015355,0.029903,0.895675,-0.443704,50.00,False
146.269413,17.977852,-22.964712,0.010337,0.935654,-0.352767,50.00,False
146.267310,18.670394,-19.935552,0.009916,0.963887,-0.266126,50.00,False
146.307485,19.712598,-17.186120,0.017951,0.971725,-0.235431,50.00,False
146.181215,20.290196,-14.308716,-0.007303,0.983796,-0.179142,50.00,False
146.097950,20.543914,-11.359148,-0.023956,0.993817,-0.108420,50.00,False
146.129474,20.662483,-8.608301,-0.017651,0.996841,-0.077442,50.00,False
146.143456,20.670078,-5.901607,-0.014854,0.998360,-0.055295,50.00,False
146.130875,20.741642,-3.228840,-0.017371,0.999051,-0.039933,50.00,False
146.153989,20.771586,-0.552558,-0.012748,0.999634,-0.023868,50.00,False
146.168665,20.772346,2.071609,-0.009813,0.999786,-0.018226,50.00,False
146.163547,20.772925,4.714226,-0.010836,0.999902,-0.008894,50.00,False
146.087148,20.763177,7.646620,-0.026116,0.997952,0.058393,50.00,False
146.023408,20.721023,10.645905,-0.038864,0.989521,0.139059,50.00,False
146.058069,20.719730,13.259655,-0.031932,0.989263,0.142617,50.00,False
146.108302,20.672456,16.136225,-0.021885,0.979808,0.198740,50.00,False
146.223099,20.534278,19.090719,0.001074,0.962734,0.270447,50.00,False
146.363320,19.733260,21.828842,0.029118,0.953846,0.298880,50.00,False
146.429472,17.933908,24.635605,0.042349,0.939094,0.341041,50.00,False
146.331929,17.148985,27.539432,0.022840,0.915084,0.402615,50.00,False
146.342156,16.307163,30.592333,0.024886,0.869103,0.494004,50.00,False
146.493491,15.488991,33.581463,0.055153,0.817951,0.572639,50.00,False
146.538880,14.111944,36.919191,0.064230,0.689959,0.720993,50.00,False
146.313873,13.018408,39.735560,0.019229,0.643654,0.765075,50.00,False
146.304052,12.842700,42.472925,0.017265,0.608512,0.793356,50.00,False
146.318885,12.329802,45.184087,0.020231,0.577136,0.816397,50.00,False
146.219397,11.924569,47.925342,0.000334,0.534044,0.845457,50.00,False
146.403489,10.436031,50.721792,0.037152,0.463046,0.885555,50.00,False
146.343495,8.958472,53.396417,0.025153,0.432488,0.901289,50.00,False
146.223510,8.809782,56.062478,0.001156,0.402749,0.915310,50.00,False
146.126330,8.678343,58.713147,-0.018280,0.376462,0.926252,50.00,False
146.222743,8.361818,61.416524,0.001003,0.319054,0.947736,50.00,False
146.128502,7.468643,64.065306,-0.017845,0.285204,0.958301,50.00,False
146.097336,7.319818,66.702386,-0.024079,0.255439,0.966525,50.00,False
146.097336,7.319818,69.298344,-0.024079,0.255439,0.966525,50.00,False
146.084625,6.571654,71.892735,-0.026621,0.256370,0.966212,50.00,False
